"","Name","UWIN.Code","Start.Date","End.Date","Num.Days","Notes","states_abbrev","mean_income","mean_age","mean_percent_white","mean_pop_density","mean_housing_density","mean_daily_visits","median_daily_visits","mean_weekday_visits","mean_weekend_visits","restaurant_count","total_road_length","road_density","road_area","distance_to_road","imp_surf","ndvi","elev","nightlight_avg","nldc_landcover","bio_1","bio_12","human_mod","NatWalkInd","Ac_Total","Ac_Land","Ac_Water","Workers","dist2nearest_camera","buffer_size","X","BURDEN_RESCALED_AV_PCT","BURDEN_RESCALED_MAX_PCT","MAX_POLL_RAW","MEAN_POLL_RAW","OGBURDEN_AV","OGBURDEN_MAX","geometry"
"1","Ahern Home",NA,"01/25/2023","02/01/2023",7,"IOR","CA",179060.5,41.35,63.7734562761709,2050.70866988506,783.184668105247,3378,3316.5,3549.83333333333,2862.5,1,351.831881114404,0.0112042754277909,31401.5737458332,76.6925063443773,7.22222222222222,0.281796748105863,197.453959620276,2.28086785984658,"Urban and Built-up",13.9499998092651,119.5,0.74132713675499,5.83333333333333,335.2294505,335.2294505,0,904,476.719897963641,100,1,5.691056911,7.317073171,34.38327414,23.96526226,12.19512195,19.51219512,c(-122.210054, 37.838156)
"2","Ahern Home",NA,"01/25/2023","02/01/2023",7,"IOR","CA",179060.5,41.35,63.7734562761709,2050.70866988506,783.184668105247,3378,3316.5,3549.83333333333,2862.5,1,351.831881114404,0.0112042754277909,31401.5737458332,76.6925063443773,7.22222222222222,0.281796748105863,197.453959620276,2.28086785984658,"Urban and Built-up",13.9499998092651,119.5,0.74132713675499,11,168.1078133,168.1078133,0,690,476.719897963641,100,1,5.691056911,7.317073171,34.38327414,23.96526226,12.19512195,19.51219512,c(-122.210054, 37.838156)
"3","Ahern Home",NA,"01/25/2023","02/01/2023",7,"IOR","CA",179060.5,41.35,63.7734562761709,2050.70866988506,783.184668105247,3378,3316.5,3549.83333333333,2862.5,1,351.831881114404,0.0112042754277909,31401.5737458332,76.6925063443773,7.22222222222222,0.281796748105863,197.453959620276,2.28086785984658,"Urban and Built-up",13.9499998092651,119.5,0.74132713675499,12.3333333333333,125.670118,125.670118,0,458,476.719897963641,100,1,5.691056911,7.317073171,34.38327414,23.96526226,12.19512195,19.51219512,c(-122.210054, 37.838156)
"4","Ahern Home",NA,"01/25/2023","02/01/2023",7,"IOR","CA",179060.5,41.35,63.7734562761709,2050.70866988506,783.184668105247,3378,3316.5,3549.83333333333,2862.5,1,351.831881114404,0.0112042754277909,31401.5737458332,76.6925063443773,7.22222222222222,0.281796748105863,197.453959620276,2.28086785984658,"Urban and Built-up",13.9499998092651,119.5,0.74132713675499,12.5,138.296928,138.296928,0,623,476.719897963641,100,1,5.691056911,7.317073171,34.38327414,23.96526226,12.19512195,19.51219512,c(-122.210054, 37.838156)
"5","Albany Waterfront Trail-Albany Bulb","AWT-AB","11/29/2023","12/13/2023",14,"","CA",105871,34.1,36.4338193452117,669.41837526182,283.467221667584,7833.2,7103,6862.90909090909,10501.5,1,188.535150432795,0.00600400323751866,31401.5737457718,29.2830604858375,38.21875,0.145692933898097,3.60335688080106,2.48882713691629,"Urban and Built-up",14.3500003814697,122.2,0.740065306425095,12.5,433.4588664,159.3555313,274.1033351,360,908.651382165591,100,2,89.43089431,90.24390244,60.13210098,52.56645591,88.61788618,83.7398374,c(-122.312563, 37.889749)
"6","Albany Waterfront Trail-Albany Bulb","AWT-AB","11/29/2023","12/13/2023",14,"","CA",105871,34.1,36.4338193452117,669.41837526182,283.467221667584,7833.2,7103,6862.90909090909,10501.5,1,188.535150432795,0.00600400323751866,31401.5737457718,29.2830604858375,38.21875,0.145692933898097,3.60335688080106,2.48882713691629,"Urban and Built-up",14.3500003814697,122.2,0.740065306425095,17.8333333333333,677.3675699,273.9024428,403.4651271,798,908.651382165591,100,2,89.43089431,90.24390244,60.13210098,52.56645591,88.61788618,83.7398374,c(-122.312563, 37.889749)
"7","Albe Home",NA,"11/21/2022","12/06/2022",15,"IOR","CA",132540,39.4,35.0132625994695,2905.66502646255,1102.5866560721,8375.125,8460,8073,9281.5,1,620.385866762616,0.0197565214974922,31401.5737457308,63.5792309860438,63.8888888888889,0.145086155954137,41.5818581930021,2.76170764425808,"Urban and Built-up",14.3500003814697,130.1,0.821706473827362,13.1666666666667,119.9981846,119.9981846,0,824,581.992202196402,100,3,92.68292683,96.74796748,46.27273619,38.10089326,57.72357724,54.47154472,c(-122.3209, 37.942801)
"8","Alexander Home",NA,"01/27/2023","02/03/2023",7,"Sarah (Alison + Hoover) Home","CA",136710.5,43.7,45.5756979360467,3221.47278959682,1411.05393628931,21409.875,21412.5,21328.1666666667,21655,1,807.168567920018,0.0257047170455508,31401.5737457701,8.87402622153895,61.1388888888889,0.14847285587054,31.7329139275984,3.27100836282563,"Urban and Built-up",14.3500003814697,129.15,0.914944142103195,18.3333333333333,76.1305216,76.1305216,0,399,488.521859577132,100,4,91.8699187,91.8699187,56.59650758,41.71351875,69.10569106,77.23577236,c(-122.32046, 37.933188)
"9","Alexander Home",NA,"01/27/2023","02/03/2023",7,"Sarah (Alison + Hoover) Home","CA",136710.5,43.7,45.5756979360467,3221.47278959682,1411.05393628931,21409.875,21412.5,21328.1666666667,21655,1,807.168567920018,0.0257047170455508,31401.5737457701,8.87402622153895,61.1388888888889,0.14847285587054,31.7329139275984,3.27100836282563,"Urban and Built-up",14.3500003814697,129.15,0.914944142103195,13.3333333333333,81.6008214,81.6008214,0,613,488.521859577132,100,4,91.8699187,91.8699187,56.59650758,41.71351875,69.10569106,77.23577236,c(-122.32046, 37.933188)
"10","Andrews Home",NA,"01/25/2023","02/11/2023",17,"","CA",153437.5,43.6,64.9420194709364,5041.11690605293,2221.72264708614,9038.16666666667,8973.5,9255.69230769231,8472.6,1,495.50874961728,0.015779742557775,31401.5737457727,65.3584502021582,60.8378378378378,0.135294669243539,87.4635857870412,3.22915944210997,"Urban and Built-up",14.1999998092651,107.55,0.920411318540573,13.1666666666667,39.6459595,39.6459595,0,440,409.360657627075,100,5,54.47154472,36.58536585,35.33385722,32.95785471,37.39837398,26.01626016,c(-122.221358, 37.808965)
"11","Andrews Home",NA,"01/25/2023","02/11/2023",17,"","CA",153437.5,43.6,64.9420194709364,5041.11690605293,2221.72264708614,9038.16666666667,8973.5,9255.69230769231,8472.6,1,495.50874961728,0.015779742557775,31401.5737457727,65.3584502021582,60.8378378378378,0.135294669243539,87.4635857870412,3.22915944210997,"Urban and Built-up",14.1999998092651,107.55,0.920411318540573,14.1666666666667,64.7033821,64.7033821,0,690,409.360657627075,100,5,54.47154472,36.58536585,35.33385722,32.95785471,37.39837398,26.01626016,c(-122.221358, 37.808965)
"12","Bataclan Home",NA,"01/24/2023","02/11/2023",18,"Therese Home","CA",87436,42.2,56.5209446754348,7104.72845681657,4641.6812030185,47398.4736842105,48167,49770.2142857143,40757.6,14,866.759809182644,0.0276024321646834,31401.5737457962,76.592397446547,82.46875,0.0685336016678126,27.8181931631906,3.93392772869991,"Urban and Built-up",14.25,109,0.941426664590836,17.3333333333333,46.7960451,46.7960451,0,401,604.576371297946,100,6,72.35772358,74.79674797,54.72614651,41.42096796,68.29268293,71.54471545,c(-122.257263, 37.828543)
"13","Bataclan Home",NA,"01/24/2023","02/11/2023",18,"Therese Home","CA",87436,42.2,56.5209446754348,7104.72845681657,4641.6812030185,47398.4736842105,48167,49770.2142857143,40757.6,14,866.759809182644,0.0276024321646834,31401.5737457962,76.592397446547,82.46875,0.0685336016678126,27.8181931631906,3.93392772869991,"Urban and Built-up",14.25,109,0.941426664590836,18,35.8040487,35.8040487,0,482,604.576371297946,100,6,72.35772358,74.79674797,54.72614651,41.42096796,68.29268293,71.54471545,c(-122.257263, 37.828543)
"14","Bataclan Home",NA,"01/24/2023","02/11/2023",18,"Therese Home","CA",87436,42.2,56.5209446754348,7104.72845681657,4641.6812030185,47398.4736842105,48167,49770.2142857143,40757.6,14,866.759809182644,0.0276024321646834,31401.5737457962,76.592397446547,82.46875,0.0685336016678126,27.8181931631906,3.93392772869991,"Urban and Built-up",14.25,109,0.941426664590836,17,65.4874304,65.4874304,0,1163,604.576371297946,100,6,72.35772358,74.79674797,54.72614651,41.42096796,68.29268293,71.54471545,c(-122.257263, 37.828543)
"15","Bataclan Home",NA,"01/24/2023","02/11/2023",18,"Therese Home","CA",87436,42.2,56.5209446754348,7104.72845681657,4641.6812030185,47398.4736842105,48167,49770.2142857143,40757.6,14,866.759809182644,0.0276024321646834,31401.5737457962,76.592397446547,82.46875,0.0685336016678126,27.8181931631906,3.93392772869991,"Urban and Built-up",14.25,109,0.941426664590836,17.6666666666667,20.4638336,20.4638336,0,553,604.576371297946,100,6,72.35772358,74.79674797,54.72614651,41.42096796,68.29268293,71.54471545,c(-122.257263, 37.828543)
"16","Bates-Luterman Home",NA,"11/28/2023","12/05/2023",7,"","CA",51029,33.4,8.27842368947296,9306.82631730022,2520.49046695842,15974,15117,15410.8333333333,17663.5,1,616.965919119588,0.0196476114259295,31401.5737457715,93.6707809898696,69.6216216216216,0.10836408275559,42.3601188659668,3.25362336330751,"Urban and Built-up",14.25,101.7,0.938226342201233,12.1666666666667,54.9767848,54.9767848,0,898,1140.39920502624,100,7,47.15447154,66.66666667,47.93724469,39.66939932,64.22764228,59.3495935,c(-122.2123669, 37.7824258)
"17","Bates-Luterman Home",NA,"11/28/2023","12/05/2023",7,"","CA",51029,33.4,8.27842368947296,9306.82631730022,2520.49046695842,15974,15117,15410.8333333333,17663.5,1,616.965919119588,0.0196476114259295,31401.5737457715,93.6707809898696,69.6216216216216,0.10836408275559,42.3601188659668,3.25362336330751,"Urban and Built-up",14.25,101.7,0.938226342201233,13.1666666666667,36.6543198,36.6543198,0,507,1140.39920502624,100,7,47.15447154,66.66666667,47.93724469,39.66939932,64.22764228,59.3495935,c(-122.2123669, 37.7824258)
"18","Bates-Luterman Home",NA,"11/28/2023","12/05/2023",7,"","CA",51029,33.4,8.27842368947296,9306.82631730022,2520.49046695842,15974,15117,15410.8333333333,17663.5,1,616.965919119588,0.0196476114259295,31401.5737457715,93.6707809898696,69.6216216216216,0.10836408275559,42.3601188659668,3.25362336330751,"Urban and Built-up",14.25,101.7,0.938226342201233,12,31.5576352,31.5576352,0,384,1140.39920502624,100,7,47.15447154,66.66666667,47.93724469,39.66939932,64.22764228,59.3495935,c(-122.2123669, 37.7824258)
"19","Beery Home","ADH","11/22/2022","12/03/2022",11,"Annaliese and David Home","CA",190327,47.4,68.2328907048008,165.134032587485,60.1283441679575,5465,5465,5465,NA,1,269.623026584341,0.00858629025307147,31401.573745762,34.8998813446236,4.2,0.340964091937138,296.721562340146,1.07199422754048,"Urban and Built-up",13.75,133.2,0.562704712152481,6.5,3400.4955607,3400.4955607,0,875,1290.14281282517,100,8,44.71544715,12.19512195,33.62227227,33.53048262,43.08943089,12.19512195,c(-122.21029, 37.88741)
"20","Belau Home",NA,"11/30/2023","12/14/2023",14,"","CA",94696.5,36.2,40.2514884956943,5969.07664056288,2515.79918825629,15541.5333333333,15352,14905,17292,1,630.042021947761,0.0200640269512715,31401.5737457846,54.56513472745,61.1428571428571,0.111032466734609,7.65808433439673,3.07543429508528,"Urban and Built-up",14.1999998092651,103.75,0.929176568984985,12.8333333333333,52.1689875,52.1689875,0,516,561.236892201471,100,9,34.14634146,21.13821138,48.6615453,41.81316267,70.73170732,60.16260163,c(-122.2675184, 37.7744075)
"21","Belau Home",NA,"11/30/2023","12/14/2023",14,"","CA",94696.5,36.2,40.2514884956943,5969.07664056288,2515.79918825629,15541.5333333333,15352,14905,17292,1,630.042021947761,0.0200640269512715,31401.5737457846,54.56513472745,61.1428571428571,0.111032466734609,7.65808433439673,3.07543429508528,"Urban and Built-up",14.1999998092651,103.75,0.929176568984985,14.3333333333333,42.1863946,42.1863946,0,712,561.236892201471,100,9,34.14634146,21.13821138,48.6615453,41.81316267,70.73170732,60.16260163,c(-122.2675184, 37.7744075)
"22","Belgum Trail","BET","11/19/2023","12/04/2023",15,"","CA",118194,45.9,34.784889821616,235.995010178032,93.3913902837234,8436,8528,8436,NA,1,191.170794066825,0.0060879367261814,31401.5737457795,92.0189270266036,3.38235294117647,0.296297673625922,128.943599700928,1.57892556151521,"Temperate or Subpolar Needleaf Forest",14.1999998092651,132.45,0.592338383197784,10.5,2208.2724076,2208.2724076,0,966,1102.16682861699,100,10,45.52845528,69.91869919,45.74452348,25.9211051,18.69918699,53.65853659,c(-122.30955, 37.94835)
"23","Berges Home",NA,"01/28/2023","02/11/2023",14,"","CA",107888,42.6,34.5953002610966,5244.77592450753,2344.98760821664,28880.4666666667,29033,28023.1,30595.2,1,387.209563328975,0.0123308967398845,31401.5737457715,98.7093342672966,71.2972972972973,0.133948987010783,19.2090974171956,3.51998538796098,"Urban and Built-up",14.3500003814697,95.8,0.935781359672546,16.3333333333333,161.2769809,161.2769809,0,1431,2431.20375409284,100,11,61.78861789,88.61788618,56.54369788,38.28369033,59.3495935,76.42276423,c(-122.157691, 37.729005)
"24","Berges Home",NA,"01/28/2023","02/11/2023",14,"","CA",107888,42.6,34.5953002610966,5244.77592450753,2344.98760821664,28880.4666666667,29033,28023.1,30595.2,1,387.209563328975,0.0123308967398845,31401.5737457715,98.7093342672966,71.2972972972973,0.133948987010783,19.2090974171956,3.51998538796098,"Urban and Built-up",14.3500003814697,95.8,0.935781359672546,13.8333333333333,108.6911357,108.6911357,0,1273,2431.20375409284,100,11,61.78861789,88.61788618,56.54369788,38.28369033,59.3495935,76.42276423,c(-122.157691, 37.729005)
"25","Berges Studio",NA,"02/16/2023","03/03/2023",15,"","CA",65547,36.5,22.4751897256276,3519.63885538289,1271.42917367616,42079.3125,41369,41555.5833333333,43650.5,1,551.090103037349,0.017549760642533,31401.5737457834,78.4793272128783,83.3243243243243,0.0589886002714677,8.74482161658151,4.21980903181094,"Urban and Built-up",14.25,107.35,0.95480066537857,18.8333333333333,60.9580874,60.9580874,0,757,1316.9731937742,100,12,78.86178862,78.86178862,55.53451652,51.52211511,83.7398374,74.79674797,c(-122.2727, 37.816316)
"26","Blake Garden","BG","11/09/2023","11/27/2023",18,"","CA",142308,48.1,65.4827968923418,1830.88585245901,701.235675738083,3302.78947368421,3325,3641.30769230769,2569.33333333333,1,243.90008333411,0.00776712929448748,31401.5737458125,21.8745133994007,16.8648648648649,0.259210710194211,156.540392853493,1.96699007681973,"Urban and Built-up",14.1499996185303,129.9,0.843423247337341,13,112.8599598,112.8599598,0,416,782.462888361494,100,13,25.20325203,33.33333333,30.64176576,25.57915443,17.88617886,5.691056911,c(-122.28521, 37.91269)
"27","Booker T. Anderson Park","BTA","11/24/2023","12/02/2023",8,"","CA",44137.5,31.25,9.96584810538299,4866.93689739832,1788.537068031,12728.1111111111,12600,12105.5,13973.3333333333,1,470.746836415053,0.0149911861178132,31401.5737457685,43.225500589062,39,0.204312083853492,9.12460650716509,3.24232038454085,"Temperate or Subpolar Needleaf Forest",14.3500003814697,127.55,0.931463420391083,13.8333333333333,98.9222843,98.9222843,0,992,796.27405026789,100,14,79.67479675,81.30081301,56.59650758,53.31889377,90.24390244,77.23577236,c(-122.32587, 37.91948)
"28","Booker T. Anderson Park","BTA","11/24/2023","12/02/2023",8,"","CA",44137.5,31.25,9.96584810538299,4866.93689739832,1788.537068031,12728.1111111111,12600,12105.5,13973.3333333333,1,470.746836415053,0.0149911861178132,31401.5737457685,43.225500589062,39,0.204312083853492,9.12460650716509,3.24232038454085,"Temperate or Subpolar Needleaf Forest",14.3500003814697,127.55,0.931463420391083,12.3333333333333,156.6764731,156.6764731,0,1126,796.27405026789,100,14,79.67479675,81.30081301,56.59650758,53.31889377,90.24390244,77.23577236,c(-122.32587, 37.91948)
"29","Borozan Home",NA,"11/30/2023","12/14/2023",14,"Mac Home","CA",62487.6666666667,33.2666666666667,21.7392103376235,5773.04907212941,2215.13910506154,12457,12210,12879.3636363636,11295.5,1,669.926518578894,0.0213341701916706,31401.573745786,92.3476462644663,70.4594594594595,0.108911680720894,5.8948159456253,4.11850810922511,"Temperate or Subpolar Needleaf Forest",14.1499996185303,109.3,0.944469094276428,17.5,42.4347301,42.4347301,0,462,356.32067577738,100,15,83.7398374,91.05691057,60.30191483,54.50005009,91.05691057,89.43089431,c(-122.2937096, 37.8072335)
"30","Borozan Home",NA,"11/30/2023","12/14/2023",14,"Mac Home","CA",62487.6666666667,33.2666666666667,21.7392103376235,5773.04907212941,2215.13910506154,12457,12210,12879.3636363636,11295.5,1,669.926518578894,0.0213341701916706,31401.573745786,92.3476462644663,70.4594594594595,0.108911680720894,5.8948159456253,4.11850810922511,"Temperate or Subpolar Needleaf Forest",14.1499996185303,109.3,0.944469094276428,16,27.8328498,27.8328498,0,459,356.32067577738,100,15,83.7398374,91.05691057,60.30191483,54.50005009,91.05691057,89.43089431,c(-122.2937096, 37.8072335)
"31","Borozan Home",NA,"11/30/2023","12/14/2023",14,"Mac Home","CA",62487.6666666667,33.2666666666667,21.7392103376235,5773.04907212941,2215.13910506154,12457,12210,12879.3636363636,11295.5,1,669.926518578894,0.0213341701916706,31401.573745786,92.3476462644663,70.4594594594595,0.108911680720894,5.8948159456253,4.11850810922511,"Temperate or Subpolar Needleaf Forest",14.1499996185303,109.3,0.944469094276428,17.3333333333333,179.0185138,179.0185138,0,1039,356.32067577738,100,15,83.7398374,91.05691057,60.30191483,54.50005009,91.05691057,89.43089431,c(-122.2937096, 37.8072335)
"32","Briones 1 South",NA,"11/26/2023","12/11/2023",15,"","CA",179258,51.1,49.6062992125984,25.3885827431097,9.60896883885119,914.333333333333,820,914.333333333333,NA,1,NA,NA,31401.5737457743,193.882302839729,0,0.290116033855066,245.019175574893,0.500315940153953,"Temperate or Subpolar Needleaf Forest",14.1499996185303,121.8,0.394808009266853,4,17980.3370117,16534.8341347,1445.502877,977,3339.80619531761,100,16,10.56910569,8.943089431,30.66545583,21.23416899,6.504065041,6.504065041,c(-122.15976, 37.92933)
"33","Briones 2 North",NA,"11/26/2023","12/11/2023",15,"","CA",182843.5,54.2,62.1446244771306,64.4342143853149,26.3425050530934,694.333333333333,680,694.333333333333,NA,1,355.550213493171,0.0113226877216936,31401.5737457776,78.6387820861422,0.212121212121212,0.278897062790247,292.679885137649,0.559207457982145,"Urban and Built-up",14.25,120.6,0.406720757484436,4.83333333333333,5344.0188508,5344.0188508,0,955,3339.80619531761,100,17,8.943089431,0.81300813,22.27927363,20.4381594,3.25203252,0.81300813,c(-122.13504, 37.95218)
"34","Briones 2 North",NA,"11/26/2023","12/11/2023",15,"","CA",182843.5,54.2,62.1446244771306,64.4342143853149,26.3425050530934,694.333333333333,680,694.333333333333,NA,1,355.550213493171,0.0113226877216936,31401.5737457776,78.6387820861422,0.212121212121212,0.278897062790247,292.679885137649,0.559207457982145,"Urban and Built-up",14.25,120.6,0.406720757484436,4,17980.3370117,16534.8341347,1445.502877,977,3339.80619531761,100,17,8.943089431,0.81300813,22.27927363,20.4381594,3.25203252,0.81300813,c(-122.13504, 37.95218)
"35","Bushrod Community Garden",NA,"01/28/2023","02/11/2023",14,"","CA",118896.666666667,38.4666666666667,49.586957301584,6603.214705853,2744.01453207536,20259.8666666667,20253,21019.6,18740.4,1,471.67363416244,0.015020700490394,31401.5737457839,72.8782691472291,45.6875,0.201201029884497,37.7329091072083,3.34474330480045,"Urban and Built-up",14.25,112.1,0.942417800426483,17.1666666666667,89.6291004,89.6291004,0,1173,954.712446281547,100,18,66.66666667,73.17073171,54.72614651,38.86508836,62.60162602,71.54471545,c(-122.264365, 37.845006)
"36","Bushrod Community Garden",NA,"01/28/2023","02/11/2023",14,"","CA",118896.666666667,38.4666666666667,49.586957301584,6603.214705853,2744.01453207536,20259.8666666667,20253,21019.6,18740.4,1,471.67363416244,0.015020700490394,31401.5737457839,72.8782691472291,45.6875,0.201201029884497,37.7329091072083,3.34474330480045,"Urban and Built-up",14.25,112.1,0.942417800426483,14.1666666666667,33.5509909,33.5509909,0,481,954.712446281547,100,18,66.66666667,73.17073171,54.72614651,38.86508836,62.60162602,71.54471545,c(-122.264365, 37.845006)
"37","Bushrod Community Garden",NA,"01/28/2023","02/11/2023",14,"","CA",118896.666666667,38.4666666666667,49.586957301584,6603.214705853,2744.01453207536,20259.8666666667,20253,21019.6,18740.4,1,471.67363416244,0.015020700490394,31401.5737457839,72.8782691472291,45.6875,0.201201029884497,37.7329091072083,3.34474330480045,"Urban and Built-up",14.25,112.1,0.942417800426483,16.1666666666667,41.1641419,41.1641419,0,602,954.712446281547,100,18,66.66666667,73.17073171,54.72614651,38.86508836,62.60162602,71.54471545,c(-122.264365, 37.845006)
"38","Butterfly Hill","BH","11/09/2023","11/18/2023",9,"IOR","CA",118194,45.9,34.784889821616,235.995010178032,93.3913902837234,5513.1,5462.5,4885.85714285714,6976.66666666667,1,32.0759858348044,0.00102147701559478,31401.573745766,69.5622954899454,3.4,0.281474084760399,110.194408763539,2.02981310111777,"Temperate or Subpolar Needleaf Forest",14.4000000953674,132.1,0.740581929683685,10.5,2208.2724076,2208.2724076,0,966,1231.39422652807,100,19,46.34146341,71.54471545,40.83739628,27.02265329,20.32520325,44.71544715,c(-122.30917, 37.95944)
"39","Carlen Home",NA,"12/09/2023","12/24/2023",15,"IOR, pilot+","CA",130735,39.5,71.6302952503209,5638.3570881092,2753.44640183571,28038.1875,27807.5,28220.2,27734.8333333333,1,477.785777654608,0.015215344986297,31401.5737457746,51.2101918462002,54.9444444444444,0.162537740560731,60.7170235770089,3.36163377454793,"Temperate or Subpolar Needleaf Forest",14.25,114.1,0.924059152603149,17.8333333333333,65.9393763,65.9393763,0,803,1062.00011128614,100,20,57.72357724,41.46341463,38.15928234,33.50156958,42.27642276,38.21138211,c(-122.254023, 37.849935)
"40","Carquinez",NA,"11/26/2023","12/03/2023",7,"","CA",81771,51.7,63.3443163097199,88.9139049775266,36.9120388810098,1032.75,966.5,1035.2,1028.66666666667,1,247.357587934187,0.00787723538753343,31401.5737457403,25.4402913499019,0,0.307798115923853,90.5317139258752,1.24490826311729,"Temperate or Subpolar Needleaf Forest",14.8000001907349,115.625,0.550654157996178,8.66666666666667,3198.2180181,2729.9071793,468.3108388,609,7202.1564976216,100,21,60.97560976,56.09756098,37.13741402,37.00091344,56.09756098,32.5203252,c(-122.15025, 38.01594)
"41","Chabot Space Center","CSC","11/06/2023","11/20/2023",14,"","CA",152569.5,47.5,67.690040202135,359.304816123691,142.582693491423,9946.33333333333,9937,9946.33333333333,NA,1,180.86546576536,0.00575975800543153,31401.5737457722,38.9158988851593,12.8055555555556,0.310022792989208,452.972731817336,1.53142782719876,"Urban and Built-up",13.4499998092651,121.05,0.580992966890335,8.83333333333333,787.4103426,787.4103426,0,705,1265.29604530478,100,22,3.25203252,1.62601626,24.24942461,21.02200429,5.691056911,1.62601626,c(-122.18259, 37.81925)
"42","Chabot Space Center","CSC","11/06/2023","11/20/2023",14,"","CA",152569.5,47.5,67.690040202135,359.304816123691,142.582693491423,9946.33333333333,9937,9946.33333333333,NA,1,180.86546576536,0.00575975800543153,31401.5737457722,38.9158988851593,12.8055555555556,0.310022792989208,452.972731817336,1.53142782719876,"Urban and Built-up",13.4499998092651,121.05,0.580992966890335,7.83333333333333,3409.6936111,3409.6936111,0,1153,1265.29604530478,100,22,3.25203252,1.62601626,24.24942461,21.02200429,5.691056911,1.62601626,c(-122.18259, 37.81925)
"43","Chen Home","TCH","11/22/2022","12/03/2022",11,"Retired from UWIN","CA",137207,42,51.3989512018792,4116.37811300912,1655.65158811501,17674.25,18079,18311.8888888889,15761.3333333333,1,695.726566165412,0.0221557865792985,31401.5737457713,69.3929078598049,31.5625,0.217015978557491,19.6390609741211,3.50636600329219,"Urban and Built-up",14.25,105.75,0.934572577476501,16.3333333333333,93.4240622,93.4240622,0,698,879.798578668583,100,23,64.22764228,67.4796748,47.54911336,37.72895737,56.91056911,56.91056911,c(-122.239443, 37.808212)
"44","Chen Home","TCH","11/22/2022","12/03/2022",11,"Retired from UWIN","CA",137207,42,51.3989512018792,4116.37811300912,1655.65158811501,17674.25,18079,18311.8888888889,15761.3333333333,1,695.726566165412,0.0221557865792985,31401.5737457713,69.3929078598049,31.5625,0.217015978557491,19.6390609741211,3.50636600329219,"Urban and Built-up",14.25,105.75,0.934572577476501,14.3333333333333,69.8092094,69.8092094,0,429,879.798578668583,100,23,64.22764228,67.4796748,47.54911336,37.72895737,56.91056911,56.91056911,c(-122.239443, 37.808212)
"45","Chen Home","TCH","11/22/2022","12/03/2022",11,"Retired from UWIN","CA",137207,42,51.3989512018792,4116.37811300912,1655.65158811501,17674.25,18079,18311.8888888889,15761.3333333333,1,695.726566165412,0.0221557865792985,31401.5737457713,69.3929078598049,31.5625,0.217015978557491,19.6390609741211,3.50636600329219,"Urban and Built-up",14.25,105.75,0.934572577476501,13.8333333333333,80.7799552,80.7799552,0,741,879.798578668583,100,23,64.22764228,67.4796748,47.54911336,37.72895737,56.91056911,56.91056911,c(-122.239443, 37.808212)
"46","Claremont-Clark Kerr Track","CCK","11/07/2023","11/22/2023",15,"","CA",214500,35.55,60.5984407695257,3173.10434457576,749.181493827295,35702.3125,36387.5,33618.6666666667,41953.25,1,138.137471673368,0.00439906205948647,31401.5737458121,98.4033465600143,6.25714285714286,0.273288423066387,143.070354195528,2.7732382759229,"Urban and Built-up",14.1499996185303,120.2,0.814394474029541,10.1666666666667,1703.5911669,1703.5911669,0,1432,1067.81269559317,100,NA,NA,NA,NA,NA,NA,NA,c(-122.24519, 37.86408)
"47","Claremont-Clark Kerr Track","CCK","11/07/2023","11/22/2023",15,"","CA",214500,35.55,60.5984407695257,3173.10434457576,749.181493827295,35702.3125,36387.5,33618.6666666667,41953.25,1,138.137471673368,0.00439906205948647,31401.5737458121,98.4033465600143,6.25714285714286,0.273288423066387,143.070354195528,2.7732382759229,"Urban and Built-up",14.1499996185303,120.2,0.814394474029541,15,75.6501592,75.6501592,0,486,1067.81269559317,100,NA,NA,NA,NA,NA,NA,NA,c(-122.24519, 37.86408)
"48","Cleary Home",NA,"01/26/2023","02/01/2023",6,"","CA",250001,49.4,52.7374301675978,930.972124523751,366.56719052525,8054,8054,8054,NA,1,197.730012824725,0.00629681857430162,31401.5737457792,50.32963978415,23.9166666666667,0.26085968539672,374.581914390006,1.75123324051032,"Urban and Built-up",13.6499996185303,125.8,0.625804424285889,9.5,544.445314,544.445314,0,1161,507.998215745077,100,25,26.01626016,15.44715447,34.01873279,26.59387214,19.51219512,16.2601626,c(-122.212138, 37.853646)
"49","Corica Park Golf Course","CGCN","02/21/2023","02/24/2023",3,"","CA",137207,48.45,35.3173786609743,2015.02420218158,736.942231907386,2894.75,2850.5,2894.75,NA,1,1179.10222704761,0.0375491444025721,31401.5737457613,42.3856252290108,40.1351351351351,0.200052890714516,2.57363152503967,2.46016888503106,"Temperate or Subpolar Needleaf Forest",14.25,100.5,0.759837180376053,15.5,193.0001731,160.7155697,32.2846034,975,1373.73094376958,100,26,16.2601626,72.35772358,61.08829774,36.25024251,52.03252033,96.74796748,c(-122.23578, 37.74646)
"50","Corica Park Golf Course","CGCN","02/21/2023","02/24/2023",3,"","CA",137207,48.45,35.3173786609743,2015.02420218158,736.942231907386,2894.75,2850.5,2894.75,NA,1,1179.10222704761,0.0375491444025721,31401.5737457613,42.3856252290108,40.1351351351351,0.200052890714516,2.57363152503967,2.46016888503106,"Temperate or Subpolar Needleaf Forest",14.25,100.5,0.759837180376053,15.5,1243.6730796,848.9807438,394.6923358,1374,1373.73094376958,100,26,16.2601626,72.35772358,61.08829774,36.25024251,52.03252033,96.74796748,c(-122.23578, 37.74646)
"51","Crown Memorial State Beach","CMSB","11/30/2023","12/14/2023",14,"","CA",105817,46.2,41.1434405308831,3290.0365488555,1635.5641464138,12075.1333333333,11790,11599.7272727273,13382.5,1,310.612309263625,0.00989161599919453,31401.5737457781,35.8047274503649,40.6216216216216,0.184306473535932,3.52807512948679,2.75500833837794,"Temperate or Subpolar Needleaf Forest",14.1499996185303,104.55,NA,15.6666666666667,345.9946091,98.0428554,247.9517537,266,917.162186870245,100,27,26.82926829,17.07317073,47.771755,39.23386891,63.41463415,57.72357724,c(-122.27603, 37.76965)
"52","Dunn Home",NA,"11/22/2022","12/03/2022",11,"","CA",85993,36.9,37.5886524822695,2797.92925029627,1463.68540851798,22514.25,23020,22816.7777777778,21606.6666666667,1,825.164360188887,0.0262778027263661,31401.5737457741,52.0100659538219,67.9166666666667,0.109084785825783,28.1735384350731,3.80070116729187,"Urban and Built-up",14.25,110.3,0.948718696832657,12.5,50.5732157,50.5732157,0,488,1074.8315255875,100,28,85.36585366,75.6097561,54.72614651,47.37691772,76.42276423,71.54471545,c(-122.269, 37.836047)
"53","Dwyer Home",NA,"12/06/2023","12/20/2023",14,"","CA",96070,31.65,28.9111330119694,6009.13269853181,2397.74381256765,12536.6,12379,12820.4545454545,11756,1,982.217278719703,0.0312792373615203,31401.5737457853,53.4380289732114,76.7027027027027,0.0939551002713424,5.58657534917196,4.0321609804554,"Urban and Built-up",14.1499996185303,110,0.944469094276428,16.6666666666667,38.5473529,38.5473529,0,590,356.32067577738,100,29,90.24390244,92.68292683,60.30191483,56.45885128,93.49593496,89.43089431,c(-122.2944294, 37.8103926)
"54","Dwyer Home",NA,"12/06/2023","12/20/2023",14,"","CA",96070,31.65,28.9111330119694,6009.13269853181,2397.74381256765,12536.6,12379,12820.4545454545,11756,1,982.217278719703,0.0312792373615203,31401.5737457853,53.4380289732114,76.7027027027027,0.0939551002713424,5.58657534917196,4.0321609804554,"Urban and Built-up",14.1499996185303,110,0.944469094276428,17.5,42.4347301,42.4347301,0,462,356.32067577738,100,29,90.24390244,92.68292683,60.30191483,56.45885128,93.49593496,89.43089431,c(-122.2944294, 37.8103926)
"55","Ehara-Brown Home",NA,"01/27/2023","02/10/2023",14,"Alison (Hoover)","CA",68128.5,35.65,34.8801919709263,4568.67898886544,1962.36147318606,16125.6,15945,16168,16009,1,502.045150200577,0.0159878977488505,31401.5737457837,73.3292052026997,55.5555555555556,0.142816695296646,38.2955732345581,3.23891885969004,"Urban and Built-up",14.3500003814697,126.6,0.941314518451691,14.3333333333333,96.2271646,96.2271646,0,851,600.661715009413,100,30,84.55284553,76.42276423,56.59650758,50.10686565,80.48780488,77.23577236,c(-122.313391, 37.913202)
"56","Ehara-Brown Home",NA,"01/27/2023","02/10/2023",14,"Alison (Hoover)","CA",68128.5,35.65,34.8801919709263,4568.67898886544,1962.36147318606,16125.6,15945,16168,16009,1,502.045150200577,0.0159878977488505,31401.5737457837,73.3292052026997,55.5555555555556,0.142816695296646,38.2955732345581,3.23891885969004,"Urban and Built-up",14.3500003814697,126.6,0.941314518451691,17.5,87.3370008,87.3370008,0,701,600.661715009413,100,30,84.55284553,76.42276423,56.59650758,50.10686565,80.48780488,77.23577236,c(-122.313391, 37.913202)
"57","Emerson Home",NA,"11/27/2022","12/11/2022",14,"","CA",91551,35,52.8865295288653,8250.58248586755,4500.31771956412,23212.8,23389,24168,21302.4,1,394.317512056142,0.0125572531889179,31401.5737457725,69.5221024801082,62.75,0.139173223597758,46.1434308052063,3.52620479102317,"Urban and Built-up",14.25,107.8,0.93478599190712,15.3333333333333,40.4307491,40.4307491,0,782,1065.12978142131,100,31,59.3495935,65.85365854,45.16063125,38.67160619,61.78861789,52.84552846,c(-122.248616, 37.819377)
"58","Emerson Home",NA,"11/27/2022","12/11/2022",14,"","CA",91551,35,52.8865295288653,8250.58248586755,4500.31771956412,23212.8,23389,24168,21302.4,1,394.317512056142,0.0125572531889179,31401.5737457725,69.5221024801082,62.75,0.139173223597758,46.1434308052063,3.52620479102317,"Urban and Built-up",14.25,107.8,0.93478599190712,15.8333333333333,49.8880074,49.8880074,0,986,1065.12978142131,100,31,59.3495935,65.85365854,45.16063125,38.67160619,61.78861789,52.84552846,c(-122.248616, 37.819377)
"59","Estien Home",NA,"02/20/2023","03/07/2023",15,"","CA",89397.5,32.4666666666667,41.7631491194672,7785.26321476045,2875.35938207655,16524,16568,15788.5833333333,18730.25,1,715.785396194662,0.0227945708068399,31401.573745792,79.8591525147999,61.3243243243243,0.134706891833937,32.6287961560626,3.53852269779965,"Urban and Built-up",14.3500003814697,113.5,0.942283481359482,18.8333333333333,64.0997168,64.0997168,0,577,472.91913415724,100,32,65.85365854,49.59349593,49.5336294,41.01319168,66.66666667,61.78861789,c(-122.271772, 37.85129)
"60","Estien Home",NA,"02/20/2023","03/07/2023",15,"","CA",89397.5,32.4666666666667,41.7631491194672,7785.26321476045,2875.35938207655,16524,16568,15788.5833333333,18730.25,1,715.785396194662,0.0227945708068399,31401.573745792,79.8591525147999,61.3243243243243,0.134706891833937,32.6287961560626,3.53852269779965,"Urban and Built-up",14.3500003814697,113.5,0.942283481359482,13.3333333333333,21.6738823,21.6738823,0,343,472.91913415724,100,32,65.85365854,49.59349593,49.5336294,41.01319168,66.66666667,61.78861789,c(-122.271772, 37.85129)
"61","Estien Home",NA,"02/20/2023","03/07/2023",15,"","CA",89397.5,32.4666666666667,41.7631491194672,7785.26321476045,2875.35938207655,16524,16568,15788.5833333333,18730.25,1,715.785396194662,0.0227945708068399,31401.573745792,79.8591525147999,61.3243243243243,0.134706891833937,32.6287961560626,3.53852269779965,"Urban and Built-up",14.3500003814697,113.5,0.942283481359482,14,28.1056482,28.1056482,0,533,472.91913415724,100,32,65.85365854,49.59349593,49.5336294,41.01319168,66.66666667,61.78861789,c(-122.271772, 37.85129)
"62","Fahrer Home",NA,"01/26/2023","02/02/2023",7,"","CA",156404,38.55,67.7162856298425,1805.2710505567,783.185408527293,9133,9986.5,10007.5,6509.5,1,384.764424259064,0.0122530299714811,31401.5737458083,82.5220811476819,35.0571428571429,0.209354513297134,71.2272415161133,2.3509669272102,"Urban and Built-up",14.6499996185303,83.5,0.793412894010544,6.66666666666667,634.0089329,634.0089329,0,1111,9837.21438106801,100,33,38.21138211,42.27642276,30.92653848,27.31647855,21.13821138,7.317073171,c(-122.039567, 37.905962)
"63","Fahrer Home",NA,"01/26/2023","02/02/2023",7,"","CA",156404,38.55,67.7162856298425,1805.2710505567,783.185408527293,9133,9986.5,10007.5,6509.5,1,384.764424259064,0.0122530299714811,31401.5737458083,82.5220811476819,35.0571428571429,0.209354513297134,71.2272415161133,2.3509669272102,"Urban and Built-up",14.6499996185303,83.5,0.793412894010544,11.3333333333333,212.849469,209.0508007,3.7986683,919,9837.21438106801,100,33,38.21138211,42.27642276,30.92653848,27.31647855,21.13821138,7.317073171,c(-122.039567, 37.905962)
"64","Foothill Lot","FL","11/07/2023","11/22/2023",15,"","CA",NA,21.6,41.7624521072797,595.538556431486,17.2361458448235,52762,62356,54961.9166666667,46162.25,1,44.2207085236914,0.00140823223962296,31401.5737457701,82.7253980385981,1.88235294117647,0.304547187597225,200.312169756208,3.23740809693661,"Urban and Built-up",13.9499998092651,123.8,0.716037154197693,13.5,419.8940648,419.8940648,0,253,582.074104635211,100,34,18.69918699,39.83739837,35.36863185,33.45657095,40.6504065,27.64227642,c(-122.24882, 37.87326)
"65","Fortmann Home","LFH","11/23/2022","12/07/2022",14,"","CA",153437.5,43.6,64.9420194709364,5041.11690605293,2221.72264708614,5579.2,5396,5815.36363636364,4929.75,1,453.060491900958,0.0144279549671344,31401.5737457587,15.664026303322,47,0.177069528060884,98.221797034854,2.95979648103388,"Urban and Built-up",14.1499996185303,108.8,0.880030363798141,13.1666666666667,39.6459595,39.6459595,0,440,409.360657627075,100,35,43.90243902,36.58536585,35.33385722,31.6896452,34.14634146,26.01626016,c(-122.219098, 37.812188)
"66","Fortmann Home","LFH","11/23/2022","12/07/2022",14,"","CA",153437.5,43.6,64.9420194709364,5041.11690605293,2221.72264708614,5579.2,5396,5815.36363636364,4929.75,1,453.060491900958,0.0144279549671344,31401.5737457587,15.664026303322,47,0.177069528060884,98.221797034854,2.95979648103388,"Urban and Built-up",14.1499996185303,108.8,0.880030363798141,14.1666666666667,64.7033821,64.7033821,0,690,409.360657627075,100,35,43.90243902,36.58536585,35.33385722,31.6896452,34.14634146,26.01626016,c(-122.219098, 37.812188)
"67","Frey Home",NA,"02/16/2023","02/24/2023",8,"","CA",131775.5,44.4,61.811583185906,3533.26416445125,1323.70804361664,24225.6666666667,22259,24292.2857142857,23992.5,1,390.32379087143,0.0124300709904286,31401.5737457965,83.5099730745477,52.5428571428571,0.169403788326308,5.79458546638489,3.0285373865408,"Urban and Built-up",14.25,100.15,0.896468490362167,13,51.3199519,51.3199519,0,416,310.234618831539,100,36,49.59349593,65.04065041,62.31199359,45.39014777,73.17073171,99.18699187,c(-122.232617, 37.761961)
"68","Frey Home",NA,"02/16/2023","02/24/2023",8,"","CA",131775.5,44.4,61.811583185906,3533.26416445125,1323.70804361664,24225.6666666667,22259,24292.2857142857,23992.5,1,390.32379087143,0.0124300709904286,31401.5737457965,83.5099730745477,52.5428571428571,0.169403788326308,5.79458546638489,3.0285373865408,"Urban and Built-up",14.25,100.15,0.896468490362167,16.1666666666667,71.4964082,71.4964082,0,562,310.234618831539,100,36,49.59349593,65.04065041,62.31199359,45.39014777,73.17073171,99.18699187,c(-122.232617, 37.761961)
"69","Fuller Home",NA,"01/25/2023","02/01/2023",7,"","CA",192321,51.4,59.417652411283,1787.01985671726,666.702078432003,5439.75,5239.5,5587.83333333333,4995.5,1,215.136115843121,0.00685112528386682,31401.573745809,17.3344377780173,22.2162162162162,0.24829409616207,217.230529022217,3.10162334489319,NA,13.9499998092651,112.4,0.78323096036911,12,146.5984996,146.5984996,0,595,1006.76562758051,100,37,21.95121951,48.7804878,35.31514288,25.41496357,16.2601626,25.20325203,c(-122.202889, 37.813369)
"70","Getz Home",NA,"11/09/2023","11/13/2023",4,"","CA",115163,51.05,61.8772276916796,6625.92949649764,3433.79583766375,45125,33856,53194,33021.5,1,596.460107876133,0.0189945928412662,31401.5737457825,30.3641346971583,47,0.190282059680883,140.698657989502,2.96968467342658,"Urban and Built-up",14.1499996185303,122.7,0.824700891971588,15.3333333333333,45.2254775,45.2254775,0,280,646.143917277475,100,38,20.32520325,21.95121951,37.23613114,30.71184917,30.08130081,33.33333333,c(-122.260315, 37.879796)
"71","Getz Home",NA,"11/09/2023","11/13/2023",4,"","CA",115163,51.05,61.8772276916796,6625.92949649764,3433.79583766375,45125,33856,53194,33021.5,1,596.460107876133,0.0189945928412662,31401.5737457825,30.3641346971583,47,0.190282059680883,140.698657989502,2.96968467342658,"Urban and Built-up",14.1499996185303,122.7,0.824700891971588,15.3333333333333,38.377101,38.377101,0,326,646.143917277475,100,38,20.32520325,21.95121951,37.23613114,30.71184917,30.08130081,33.33333333,c(-122.260315, 37.879796)
"72","Gunther-Murphy Home",NA,"02/16/2023","03/03/2023",15,"","CA",219750,46.4,65.3422982885086,2839.03036615591,1053.8657468143,11516.5,11581,11311.5833333333,12131.25,1,482.758375869208,0.0153737000500947,31401.5737458228,95.0758233872152,44.1666666666667,0.188384765800708,41.8357169151306,2.75405696641842,"Urban and Built-up",14.25,110.25,0.858052834868431,14.8333333333333,112.5192089,112.5192089,0,775,1065.12978142131,100,39,31.70731707,46.34146341,40.13721943,34.70553882,47.15447154,43.90243902,c(-122.241171, 37.826941)
"73","Hamilton Home",NA,"01/24/2023","02/09/2023",16,"","CA",203953,48.7,52.1184510250569,555.106595019248,204.023471048959,4537,4537,4537,NA,1,394.455987586825,0.0125616630166298,31401.5737458188,84.7833928622059,20.8378378378378,0.244423450397447,212.953058878581,1.53600768308746,"Urban and Built-up",14.1499996185303,102.1,0.594230711460114,6.83333333333333,853.3430472,853.3430472,0,1102,3541.09356219568,100,40,0,0,20.33424694,20.08911244,1.62601626,0,c(-122.05723, 37.724943)
"74","Harley Home",NA,"02/16/2023","02/23/2023",7,"","CA",210833,42,68.1136543014996,2740.7247432777,1114.87108201127,14722.5,14712,14375.1666666667,15764.5,1,478.919205567009,0.0152514396075732,31401.5737458121,65.6640780965614,34.53125,0.203387101479058,91.0709283828735,2.69156174693107,"Urban and Built-up",14.1999998092651,113.875,0.856629699468613,14.5,121.637446,121.637446,0,607,697.037348118815,100,41,48.7804878,27.64227642,36.63747821,32.74203374,36.58536585,31.70731707,c(-122.241592, 37.841392)
"75","Herman Home",NA,"11/10/2023","11/18/2023",8,"","CA",69389,34.9,35.3529411764706,7451.20037767238,2844.10658605917,20565.6666666667,19606,20751.6666666667,20193.6666666667,1,492.28837697153,0.0156771880593326,31401.573745776,27.9537919128288,55.25,0.157875800422291,32.3474831692008,3.40975156627819,NA,14.3500003814697,113.5,0.940095007419586,14.8333333333333,49.4587947,49.4587947,0,599,472.91913415724,100,42,63.41463415,57.72357724,49.5336294,40.41692514,65.04065041,61.78861789,c(-122.2730761, 37.8554234)
"76","Hilltop Lake Park","HLP","11/09/2023","11/23/2023",14,"","CA",65121,30.4,13.0712008501594,1088.41353470606,723.702034903109,17384.2666666667,17922,17537.8181818182,16962,1,438.669536893808,0.013969667267182,31401.5737457359,97.2541594504869,19.0555555555556,0.282691886455848,35.4118873051235,3.60885149778405,"Urban and Built-up",14.4499998092651,129,0.868166506290436,16,173.4572812,167.0771592,6.380122,160,394.974675863384,100,43,70.73170732,83.7398374,51.87585032,38.38672356,60.16260163,65.85365854,c(-122.33052, 37.98424)
"77","Hirooka Home",NA,"01/25/2023","02/01/2023",7,"","CA",175972,48.5,64.9228705566734,517.859874053903,202.748486255413,11197.625,11221.5,11505.8333333333,10273,1,183.950977435432,0.00585801778359406,31401.573745748,32.5485418746189,2.16666666666667,0.318030491103361,192.768244425456,2.78230855411829,"Urban and Built-up",13.9499998092651,115.5,0.771844923496246,8.83333333333333,787.4103426,787.4103426,0,705,1006.76562758051,100,44,15.44715447,13.82113821,30.58372507,25.52581661,17.07317073,4.87804878,c(-122.203413, 37.82243)
"78","Hoover Home",NA,"11/21/2022","12/02/2022",11,"","CA",160625,42.8,57.0743405275779,1919.33478727127,861.061916141957,12278.5,11576.5,12784.9,9746.5,1,506.873386766052,0.0161416555383358,31401.5737457813,85.0466579844834,56.4594594594595,0.149328886064482,47.4735248202369,2.51879628524186,"Urban and Built-up",14.3000001907349,126.3,0.893882364034653,14.8333333333333,87.0958312,87.0958312,0,452,411.493166665083,100,45,27.64227642,28.45528455,44.1290947,30.96189056,30.89430894,52.03252033,c(-122.29124, 37.906637)
"79","Huckleberry Botanic Regional Preserve","HBRP","11/06/2023","11/20/2023",14,"","CA",213113,41.6,68.5822017316235,865.359343222082,287.984446478303,10270.3333333333,9663,10270.3333333333,NA,1,110.80821478801,0.00352874717951999,31401.5737458083,56.2631319043329,2.52777777777778,0.305159807644546,380.360862173685,1.62046471650036,"Urban and Built-up",13.4499998092651,126.5,0.598259061574936,5.83333333333333,335.2294505,335.2294505,0,904,1449.47673366082,100,46,22.76422764,4.06504065,31.4845626,28.05828384,24.3902439,8.943089431,c(-122.19529, 37.84394)
"80","Huckleberry Botanic Regional Preserve","HBRP","11/06/2023","11/20/2023",14,"","CA",213113,41.6,68.5822017316235,865.359343222082,287.984446478303,10270.3333333333,9663,10270.3333333333,NA,1,110.80821478801,0.00352874717951999,31401.5737458083,56.2631319043329,2.52777777777778,0.305159807644546,380.360862173685,1.62046471650036,"Urban and Built-up",13.4499998092651,126.5,0.598259061574936,11.5,2958.7697167,2958.283671,0.4860457,961,1449.47673366082,100,46,22.76422764,4.06504065,31.4845626,28.05828384,24.3902439,8.943089431,c(-122.19529, 37.84394)
"81","Huntsinger Home","LHH","11/21/2022","12/02/2022",11,"IOR (2)","CA",139544.5,50.75,48.9668540980425,1186.70542601638,574.288922714025,3589.75,3359.5,3665.8,3209.5,1,111.679512410116,0.00355649412078309,31401.5737457555,62.2267006419365,20.7714285714286,0.262254228627799,138.830554124786,2.0700903961628,"Urban and Built-up",14.0500001907349,131.5,0.831469058990479,12.5,402.8095708,402.8095708,0,930,967.770809066389,100,47,53.65853659,62.60162602,49.44739478,29.37104315,27.64227642,60.97560976,c(-122.30608, 37.92895)
"82","Huntsinger Home","LHH","11/21/2022","12/02/2022",11,"IOR (2)","CA",139544.5,50.75,48.9668540980425,1186.70542601638,574.288922714025,3589.75,3359.5,3665.8,3209.5,1,111.679512410116,0.00355649412078309,31401.5737457555,62.2267006419365,20.7714285714286,0.262254228627799,138.830554124786,2.0700903961628,"Urban and Built-up",14.0500001907349,131.5,0.831469058990479,11.3333333333333,109.0392996,109.0392996,0,389,967.770809066389,100,47,53.65853659,62.60162602,49.44739478,29.37104315,27.64227642,60.97560976,c(-122.30608, 37.92895)
"83","Jean Sweeney Park","JSP","11/30/2023","12/14/2023",14,"","CA",117951.5,35.85,36.6001519885811,3086.67383223867,1109.77270872263,10926.0666666667,10926,10531.0909090909,12012.25,1,380.22111440079,0.012108345826197,31401.5737457848,74.8195969105232,66.9428571428571,0.162896008850853,4.0840545242483,3.4537515172828,NA,14.25,103.4,0.88923579454422,12.8333333333333,52.1689875,52.1689875,0,516,561.236892201471,100,48,47.96747967,59.3495935,55.06907241,46.44264356,74.79674797,73.98373984,c(-122.26488, 37.77901)
"84","Jean Sweeney Park","JSP","11/30/2023","12/14/2023",14,"","CA",117951.5,35.85,36.6001519885811,3086.67383223867,1109.77270872263,10926.0666666667,10926,10531.0909090909,12012.25,1,380.22111440079,0.012108345826197,31401.5737457848,74.8195969105232,66.9428571428571,0.162896008850853,4.0840545242483,3.4537515172828,NA,14.25,103.4,0.88923579454422,18.8333333333333,500.3804652,287.5369266,212.8435386,758,561.236892201471,100,48,47.96747967,59.3495935,55.06907241,46.44264356,74.79674797,73.98373984,c(-122.26488, 37.77901)
"85","John Herbert Davis Park",NA,"12/04/2023","12/11/2023",7,"","CA",54378.5,29.3,4.90679659092542,6429.76431648376,1854.42272830137,16858.75,15551.5,15612.6666666667,20597,1,462.640169745234,0.0147330249588932,31401.573745789,54.1145231953706,53.3611111111111,0.175922091718357,12.4671118433883,3.33033878868615,NA,14.3500003814697,129,0.919444054365158,15.6666666666667,104.2198612,104.2198612,0,856,1064.11904416131,100,49,100,100,58.43533063,52.32013441,86.99186992,82.11382114,c(-122.3527913, 37.9613339)
"86","John Herbert Davis Park",NA,"12/04/2023","12/11/2023",7,"","CA",54378.5,29.3,4.90679659092542,6429.76431648376,1854.42272830137,16858.75,15551.5,15612.6666666667,20597,1,462.640169745234,0.0147330249588932,31401.573745789,54.1145231953706,53.3611111111111,0.175922091718357,12.4671118433883,3.33033878868615,NA,14.3500003814697,129,0.919444054365158,17,58.1777182,58.1777182,0,757,1064.11904416131,100,49,100,100,58.43533063,52.32013441,86.99186992,82.11382114,c(-122.3527913, 37.9613339)
"87","Johns Home",NA,"11/23/2022","12/03/2022",10,"Wilson Sherman #1 (LOUISE)","CA",196538,44,64.1364136413641,1480.71046484548,497.742553075854,2130.18181818182,2167,2138.125,2109,1,481.785869618782,0.0153427300656732,31401.5737457767,23.3934306000777,6.6764705882353,0.294731509869481,287.815292358398,2.081684825215,"Urban and Built-up",13.8499999046326,121.1,0.74132713675499,5.83333333333333,335.2294505,335.2294505,0,904,476.719897963641,100,50,6.504065041,3.25203252,34.38327414,22.92905925,10.56910569,19.51219512,c(-122.21216, 37.842113)
"88","Kennedy Grove","KG","11/19/2023","12/04/2023",15,"","CA",138785.5,44.7,36.8946528742731,136.398573937793,55.6940944377832,5763.33333333333,5626,5763.33333333333,NA,1,37.464086346978,0.00119306397349028,31401.5737457713,90.2320681853433,0,0.329303411103291,65.701070422218,0.980709584478243,"Urban and Built-up",14.4499998092651,137.6,0.517691731452942,8.66666666666667,1690.0696078,1690.0696078,0,858,2501.79548540458,100,NA,NA,NA,NA,NA,NA,NA,c(-122.26331, 37.94629)
"89","Kennedy Grove","KG","11/19/2023","12/04/2023",15,"","CA",138785.5,44.7,36.8946528742731,136.398573937793,55.6940944377832,5763.33333333333,5626,5763.33333333333,NA,1,37.464086346978,0.00119306397349028,31401.5737457713,90.2320681853433,0,0.329303411103291,65.701070422218,0.980709584478243,"Urban and Built-up",14.4499998092651,137.6,0.517691731452942,4,17980.3370117,16534.8341347,1445.502877,977,2501.79548540458,100,NA,NA,NA,NA,NA,NA,NA,c(-122.26331, 37.94629)
"90","Lake Chabot Dumpster",NA,"12/01/2023","12/13/2023",12,"","CA",185556,44.7,55.1316984559491,431.539534367882,161.680875319731,2451.23076923077,2310,2186.11111111111,3047.75,1,133.855850207544,0.0042627115217619,31401.5737457688,55.0119896447814,3.37837837837838,0.288787397883479,144.477032328761,1.78052304130203,"Urban and Built-up",14.1499996185303,100.5,0.76269793510437,6.33333333333333,638.256829,519.1907056,119.0661234,622,180.386897681789,100,52,4.06504065,43.90243902,38.52314613,21.69967565,8.943089431,39.83739837,c(-122.0984222, 37.7184218)
"91","Lake Chabot Valley",NA,"12/01/2023","12/15/2023",14,"","CA",185556,44.7,55.1316984559491,431.539534367882,161.680875319731,2437,2375,2234,2995.25,1,209.671052819157,0.00667708741341942,31401.5737457273,53.3086550096464,5,0.257302285019142,147.752165259385,1.90076104111349,"Urban and Built-up",14.1499996185303,100.5,0.76269793510437,6.33333333333333,638.256829,519.1907056,119.0661234,622,180.386897681789,100,53,1.62601626,43.90243902,38.52314613,20.64746895,4.06504065,39.83739837,c(-122.0967834, 37.7193948)
"92","Lawrence Hall of Science","LHS","11/07/2023","11/22/2023",15,"","CA",214500,36,53.2177268920971,446.209000333634,71.2695143066703,19347.5,22448,19967.6666666667,17487,1,103.188309747669,0.00328608720642284,31401.5737458158,29.4486751471532,34.6285714285714,0.189466717914117,326.872439575195,3.04961868862985,"Urban and Built-up",13.6499996185303,127.5,0.685577511787415,10.1666666666667,1703.5911669,1703.5911669,0,1432,641.938471830868,100,54,30.08130081,47.96747967,35.36863185,33.00206485,38.21138211,27.64227642,c(-122.24732, 37.87892)
"93","Lawrence Hall of Science","LHS","11/07/2023","11/22/2023",15,"","CA",214500,36,53.2177268920971,446.209000333634,71.2695143066703,19347.5,22448,19967.6666666667,17487,1,103.188309747669,0.00328608720642284,31401.5737458158,29.4486751471532,34.6285714285714,0.189466717914117,326.872439575195,3.04961868862985,"Urban and Built-up",13.6499996185303,127.5,0.685577511787415,13.5,419.8940648,419.8940648,0,253,641.938471830868,100,54,30.08130081,47.96747967,35.36863185,33.00206485,38.21138211,27.64227642,c(-122.24732, 37.87892)
"94","Leadingham Home",NA,"02/10/2023","02/16/2023",6,"","CA",78636,34,35.3552859618718,5157.83605007546,2071.66760467185,18342.8571428571,18797,19805.2,14687,1,230.853537292675,0.00735165502091313,31401.5737457715,10.7100333316114,61.3888888888889,0.125539701308119,13.9631450970968,3.63786638255119,"Urban and Built-up",14.25,112.25,0.934491515159607,15,52.155397,52.155397,0,627,471.976339060089,100,55,67.4796748,94.30894309,60.13210098,47.94051512,77.23577236,83.7398374,c(-122.282517, 37.845393)
"95","Lerman Home",NA,"01/24/2023","01/28/2023",4,"","CA",119808,61.8,31.5619967793881,1342.50933492104,616.0432445958,1902.6,1683,1841,2149,1,453.805846030563,0.0144516911701353,31401.5737458023,81.4752347483242,45.6756756756757,0.161437546115835,129.784342921057,2.2505180824054,NA,14.25,98.3,0.693983256816864,11,289.4971709,289.4971709,0,844,2581.25996392161,100,56,58.53658537,63.41463415,42.51147919,36.4439522,52.84552846,50.40650407,c(-122.128669, 37.725922)
"96","Lerman Home",NA,"01/24/2023","01/28/2023",4,"","CA",119808,61.8,31.5619967793881,1342.50933492104,616.0432445958,1902.6,1683,1841,2149,1,453.805846030563,0.0144516911701353,31401.5737458023,81.4752347483242,45.6756756756757,0.161437546115835,129.784342921057,2.2505180824054,NA,14.25,98.3,0.693983256816864,11.8333333333333,119.0920689,119.0920689,0,369,2581.25996392161,100,56,58.53658537,63.41463415,42.51147919,36.4439522,52.84552846,50.40650407,c(-122.128669, 37.725922)
"97","Lim Home",NA,"11/28/2023","12/05/2023",7,"","CA",105579,35.25,42.5127489964312,4275.5005321759,1913.83939786167,43467.875,44752.5,45643.1666666667,36942,1,670.963506370124,0.0213671936254659,31401.5737457657,89.3023450972779,54,0.184557243529707,22.0632663992948,4.08859473038532,"Urban and Built-up",14.25,108.1,0.954484075307846,17.3333333333333,46.7960451,46.7960451,0,401,604.576371297946,100,57,76.42276423,82.92682927,55.53451652,45.95082268,73.98373984,74.79674797,c(-122.261902, 37.8245268)
"98","Lim Home",NA,"11/28/2023","12/05/2023",7,"","CA",105579,35.25,42.5127489964312,4275.5005321759,1913.83939786167,43467.875,44752.5,45643.1666666667,36942,1,670.963506370124,0.0213671936254659,31401.5737457657,89.3023450972779,54,0.184557243529707,22.0632663992948,4.08859473038532,"Urban and Built-up",14.25,108.1,0.954484075307846,16.1666666666667,50.9814249,50.9814249,0,602,604.576371297946,100,57,76.42276423,82.92682927,55.53451652,45.95082268,73.98373984,74.79674797,c(-122.261902, 37.8245268)
"99","Maness Home",NA,"01/24/2023","01/31/2023",7,"IOR","CA",74283,34,25.6988277727683,11177.966503743,3685.48895594425,12525.625,12288.5,11970.8333333333,14190,1,516.134610997773,0.016436584203586,31401.5737457888,69.7149539200079,62.4857142857143,0.140311753639468,46.5428033873092,3.44289894643344,"Urban and Built-up",14.25,103.65,0.929625242948532,14.1666666666667,45.7347506,45.7347506,0,561,945.994840709723,100,58,65.04065041,68.29268293,41.23618129,34.78474582,47.96747967,47.96747967,c(-122.200324, 37.786196)
"100","Marcus Home",NA,"01/27/2023","02/03/2023",7,"","CA",93686.6666666667,38.3,13.2194871582042,1846.22148182128,782.862978782511,13675.25,13463,13694.5,13617.5,1,501.306080427096,0.0159643616745102,31401.5737458214,42.0975870911637,52.5714285714286,0.184308624944231,55.6750573446584,3.32964695984182,"Urban and Built-up",14.4499998092651,128.8,0.892295598983765,11,3721.2251832,2459.3638139,1261.8613693,2692,394.974675863384,100,59,69.91869919,83.7398374,51.87585032,41.80509134,69.91869919,65.85365854,c(-122.334858, 37.985175)
"101","Marcus Home",NA,"01/27/2023","02/03/2023",7,"","CA",93686.6666666667,38.3,13.2194871582042,1846.22148182128,782.862978782511,13675.25,13463,13694.5,13617.5,1,501.306080427096,0.0159643616745102,31401.5737458214,42.0975870911637,52.5714285714286,0.184308624944231,55.6750573446584,3.32964695984182,"Urban and Built-up",14.4499998092651,128.8,0.892295598983765,16,173.4572812,167.0771592,6.380122,160,394.974675863384,100,59,69.91869919,83.7398374,51.87585032,41.80509134,69.91869919,65.85365854,c(-122.334858, 37.985175)
"102","Marcus Home",NA,"01/27/2023","02/03/2023",7,"","CA",93686.6666666667,38.3,13.2194871582042,1846.22148182128,782.862978782511,13675.25,13463,13694.5,13617.5,1,501.306080427096,0.0159643616745102,31401.5737458214,42.0975870911637,52.5714285714286,0.184308624944231,55.6750573446584,3.32964695984182,"Urban and Built-up",14.4499998092651,128.8,0.892295598983765,18.1666666666667,254.4361519,254.4361519,0,754,394.974675863384,100,59,69.91869919,83.7398374,51.87585032,41.80509134,69.91869919,65.85365854,c(-122.334858, 37.985175)
"103","Marina Bay Park","MBP","11/24/2023","12/11/2023",17,"","CA",118711,45.9,47.4766844194945,822.571803040321,480.001806400797,5146.83333333333,5001,5460.25,4520,1,552.781637845154,0.0176036284779923,31401.5737457895,57.4192860724982,38.5405405405405,0.221310242503365,4.35271617912111,3.80660675406539,"Urban and Built-up",14.25,127.8,0.883501648902893,14.6666666666667,1878.5320365,490.0877618,1388.4442747,1722,1775.7334989535,100,60,62.60162602,34.14634146,51.30386555,51.30386555,82.11382114,65.04065041,c(-122.34515, 37.91472)
"104","Mason Home","BMH","11/23/2022","12/07/2022",14,"Retired from UWIN","CA",101377.5,46.6,52.1763622576102,3683.53782985051,1774.38404571647,12062.3333333333,12095,12281.8181818182,11458.75,1,357.209518170641,0.0113755291713281,31401.573745772,57.971306073303,56.6875,0.158798407373063,64.7809175763811,3.57175350603552,"Urban and Built-up",14.25,106.3,0.927829444408417,14.6666666666667,58.3934365,58.3934365,0,528,698.792370749403,100,61,56.09756098,55.28455285,39.06558591,33.22367853,39.02439024,42.27642276,c(-122.218344, 37.803141)
"105","Mason Home","BMH","11/23/2022","12/07/2022",14,"Retired from UWIN","CA",101377.5,46.6,52.1763622576102,3683.53782985051,1774.38404571647,12062.3333333333,12095,12281.8181818182,11458.75,1,357.209518170641,0.0113755291713281,31401.573745772,57.971306073303,56.6875,0.158798407373063,64.7809175763811,3.57175350603552,"Urban and Built-up",14.25,106.3,0.927829444408417,17,59.0858107,59.0858107,0,612,698.792370749403,100,61,56.09756098,55.28455285,39.06558591,33.22367853,39.02439024,42.27642276,c(-122.218344, 37.803141)
"106","McKinley Park",NA,"11/30/2023","12/07/2023",7,"Failed site","CA",95625,40,36.6156836183014,6193.28148303895,2353.40940500692,30427.75,29288,29489.6666666667,33242,1,613.055449088392,0.0195230804052103,31401.5737457487,37.0893240856269,51.1944444444444,0.174577394856265,6.75133433796111,3.49723504056626,"Urban and Built-up",14.25,101.5,0.891668051481247,18.3333333333333,51.0184899,51.0184899,0,482,1409.21361771363,100,62,55.28455285,64.22764228,59.45572381,46.47651102,75.6097561,82.92682927,c(-122.24444, 37.7706)
"107","McKinley Park",NA,"11/30/2023","12/07/2023",7,"Failed site","CA",95625,40,36.6156836183014,6193.28148303895,2353.40940500692,30427.75,29288,29489.6666666667,33242,1,613.055449088392,0.0195230804052103,31401.5737457487,37.0893240856269,51.1944444444444,0.174577394856265,6.75133433796111,3.49723504056626,"Urban and Built-up",14.25,101.5,0.891668051481247,15.1666666666667,62.4824473,62.4824473,0,877,1409.21361771363,100,62,55.28455285,64.22764228,59.45572381,46.47651102,75.6097561,82.92682927,c(-122.24444, 37.7706)
"108","McLaughlin Eastshore State Park","MESP","11/29/2023","12/13/2023",14,"","CA",125087,34.8,45.7402812241522,378.83679369384,217.813628453213,14548.6,13653,13282.3636363636,18030.75,1,NA,NA,31401.5737458055,111.348532897997,12.8055555555556,0.173091689321101,3.08966548918662,3.03495316217235,"Urban and Built-up",14.3000001907349,119.15,0.777172803878784,19.5,2268.6782265,819.5938821,1449.0843444,556,1359.22967719528,100,63,82.92682927,70.73170732,60.13210098,58.38493484,95.12195122,83.7398374,c(-122.30742, 37.87153)
"109","Merrill Home",NA,"01/26/2023","02/10/2023",15,"IOR","CA",190734.5,47.2,63.0838463171301,3093.27715061169,1103.92742971594,3861.5,3793.5,3989.33333333333,3478,1,772.018143183962,0.0245853328700378,31401.5737458174,14.5284869198311,43.1666666666667,0.195684936119442,114.285242254084,2.45942312457285,"Urban and Built-up",14.0999999046326,114.25,0.867839634418488,15.8333333333333,105.3990224,105.3990224,0,625,697.037348118815,100,64,42.27642276,18.69918699,34.38327414,32.17710731,35.77235772,19.51219512,c(-122.233913, 37.839858)
"110","Merrill Home",NA,"01/26/2023","02/10/2023",15,"IOR","CA",190734.5,47.2,63.0838463171301,3093.27715061169,1103.92742971594,3861.5,3793.5,3989.33333333333,3478,1,772.018143183962,0.0245853328700378,31401.5737458174,14.5284869198311,43.1666666666667,0.195684936119442,114.285242254084,2.45942312457285,"Urban and Built-up",14.0999999046326,114.25,0.867839634418488,15.5,102.3483258,102.3483258,0,543,697.037348118815,100,64,42.27642276,18.69918699,34.38327414,32.17710731,35.77235772,19.51219512,c(-122.233913, 37.839858)
"111","Metropolitan Golf Links",NA,"12/01/2023","12/15/2023",14,"","CA",NA,NA,NA,0,0,18828,18962,18593.0909090909,19474,1,54.6488742088147,0.00174032278290249,31401.5737458037,99.0378697527515,69.9444444444444,0.246860021498821,5.67014869054158,3.48658420876518,"Urban and Built-up",14.3500003814697,97.6,0.811660706996918,3.66666666666667,3284.5456154,2631.9503147,652.5953007,0,1438.76775247848,100,65,93.49593496,79.67479675,61.08829774,61.03340788,100,96.74796748,c(-122.1930927, 37.7197482)
"112","Middleton Home",NA,"02/20/2023","02/26/2023",6,"","CA",110875.333333333,39.4333333333333,68.2385981310163,5216.78871556024,2487.09341462545,22022.1428571429,21769,22203.2,21569.5,1,623.105112907668,0.019843117353021,31401.5737458109,66.0497671072358,54.2857142857143,0.162092183535823,97.1863446916853,2.78075676437447,"Urban and Built-up",14.1749999523163,123.425,0.916365802288055,15.3333333333333,54.4895036,54.4895036,0,310,646.143917277475,100,66,14.63414634,26.82926829,38.20798876,27.71950304,21.95121951,39.02439024,c(-122.266458, 37.882987)
"113","Middleton Home",NA,"02/20/2023","02/26/2023",6,"","CA",110875.333333333,39.4333333333333,68.2385981310163,5216.78871556024,2487.09341462545,22022.1428571429,21769,22203.2,21569.5,1,623.105112907668,0.019843117353021,31401.5737458109,66.0497671072358,54.2857142857143,0.162092183535823,97.1863446916853,2.78075676437447,"Urban and Built-up",14.1749999523163,123.425,0.916365802288055,17,71.2245982,71.2245982,0,618,646.143917277475,100,66,14.63414634,26.82926829,38.20798876,27.71950304,21.95121951,39.02439024,c(-122.266458, 37.882987)
"114","Middleton Home",NA,"02/20/2023","02/26/2023",6,"","CA",110875.333333333,39.4333333333333,68.2385981310163,5216.78871556024,2487.09341462545,22022.1428571429,21769,22203.2,21569.5,1,623.105112907668,0.019843117353021,31401.5737458109,66.0497671072358,54.2857142857143,0.162092183535823,97.1863446916853,2.78075676437447,"Urban and Built-up",14.1749999523163,123.425,0.916365802288055,19.3333333333333,35.6098281,35.6098281,0,315,646.143917277475,100,66,14.63414634,26.82926829,38.20798876,27.71950304,21.95121951,39.02439024,c(-122.266458, 37.882987)
"115","Miller Knox-Crest Trail","MK-CT","11/24/2023","12/02/2023",8,"IOR","CA",136250,56.3,65.2542372881356,348.5553639117,189.88040443155,1708.33333333333,1652,1907.5,1310,1,453.83107233965,0.0144524945155105,31401.5737458053,31.419609394705,26.9428571428571,0.222923961426751,28.4746385983058,3.48320453068598,"Urban and Built-up",NA,130.4,NA,8.33333333333333,2078.9439741,1135.9130167,943.0309574,931,1277.49029666734,100,67,86.99186992,52.03252033,60.52621317,60.52621317,96.74796748,91.8699187,c(-122.37392, 37.91637)
"116","Miller Knox-Pickleweed","MK-PW","11/24/2023","12/02/2023",8,"","CA",136250,56.3,65.2542372881356,348.5553639117,189.88040443155,7100,7100,7100,NA,1,NA,NA,31401.5737457664,111.132011156685,23.9722222222222,0.189868626495011,2.84218988058771,1.34814035469907,"Urban and Built-up",NA,132.8,NA,8.33333333333333,2078.9439741,1135.9130167,943.0309574,931,1277.49029666734,100,68,86.99186992,52.03252033,60.52621317,60.52621317,96.74796748,91.8699187,c(-122.38757, 37.91243)
"117","Mira Vista Park","MVP","11/19/2023","12/04/2023",15,"","CA",114277,52.55,53.7007982383705,2604.93810492653,1099.45811671742,18714.0625,18574,18264.1818181818,19703.8,1,468.295182951388,0.014913111895057,31401.573745759,67.3779435505059,46.6756756756757,0.208738212544977,46.1007426192121,2.92294452256356,"Urban and Built-up",14.3500003814697,129.6,0.926953881978989,18.3333333333333,76.1305216,76.1305216,0,399,488.521859577132,100,69,95.12195122,86.17886179,50.43312182,40.59100214,65.85365854,63.41463415,c(-122.3211, 37.93756)
"118","Mira Vista Park","MVP","11/19/2023","12/04/2023",15,"","CA",114277,52.55,53.7007982383705,2604.93810492653,1099.45811671742,18714.0625,18574,18264.1818181818,19703.8,1,468.295182951388,0.014913111895057,31401.573745759,67.3779435505059,46.6756756756757,0.208738212544977,46.1007426192121,2.92294452256356,"Urban and Built-up",14.3500003814697,129.6,0.926953881978989,14.6666666666667,66.0985087,66.0985087,0,351,488.521859577132,100,69,95.12195122,86.17886179,50.43312182,40.59100214,65.85365854,63.41463415,c(-122.3211, 37.93756)
"119","Mira Vista Park","MVP","11/19/2023","12/04/2023",15,"","CA",114277,52.55,53.7007982383705,2604.93810492653,1099.45811671742,18714.0625,18574,18264.1818181818,19703.8,1,468.295182951388,0.014913111895057,31401.573745759,67.3779435505059,46.6756756756757,0.208738212544977,46.1007426192121,2.92294452256356,"Urban and Built-up",14.3500003814697,129.6,0.926953881978989,13.8333333333333,50.8121614,50.8121614,0,399,488.521859577132,100,69,95.12195122,86.17886179,50.43312182,40.59100214,65.85365854,63.41463415,c(-122.3211, 37.93756)
"120","Mirmalek Home",NA,"11/23/2022","12/07/2022",14,"","CA",222313,48.45,57.0458414256651,1068.29934279111,455.6330594233,3720.2,3664,3580.09090909091,4105.5,1,855.999527420548,0.0272597652063493,31401.5737458065,69.2127140360205,45.3714285714286,0.18301455107619,162.601466785778,2.57641452989972,"Urban and Built-up",14.0500001907349,118.1,0.83075213432312,9.5,544.445314,544.445314,0,1161,504.102549711032,100,70,28.45528455,19.51219512,34.38327414,27.72027739,22.76422764,19.51219512,c(-122.226323, 37.844884)
"121","Mirmalek Home",NA,"11/23/2022","12/07/2022",14,"","CA",222313,48.45,57.0458414256651,1068.29934279111,455.6330594233,3720.2,3664,3580.09090909091,4105.5,1,855.999527420548,0.0272597652063493,31401.5737458065,69.2127140360205,45.3714285714286,0.18301455107619,162.601466785778,2.57641452989972,"Urban and Built-up",14.0500001907349,118.1,0.83075213432312,11.6666666666667,251.2329946,244.9882834,6.2447112,616,504.102549711032,100,70,28.45528455,19.51219512,34.38327414,27.72027739,22.76422764,19.51219512,c(-122.226323, 37.844884)
"122","Monarch Bay Golf Club",NA,"11/28/2023","12/05/2023",7,"IOR","CA",108659,41.4,29.8454221165279,815.17177631721,470.893294870849,8825.75,8404,7933.16666666667,11503.5,1,489.890701416398,0.0156008327921086,31401.5737457427,47.4578660188227,50.0555555555556,0.221188652763764,4.15145390033722,2.20943669906398,"Urban and Built-up",14.3500003814697,99,0.701546430587769,14.1666666666667,682.0266404,141.1316592,540.8949812,432,1569.3788958838,100,71,56.91056911,69.10569106,61.00003949,43.30442354,71.54471545,95.93495935,c(-122.185248, 37.694999)
"123","Morello-Frosch Home",NA,"11/22/2022","12/03/2022",11,"","CA",79040,34.8,41.9385993970344,5555.80825609003,2619.11713852533,20952.1666666667,22322.5,20328.2222222222,22824,2,1022.95381298111,0.0325765141983592,31401.5737458072,35.809893678594,67.1666666666667,0.128081194791989,16.8043115527131,3.53850746162893,"Urban and Built-up",14.2833334604899,116.233333333333,0.918669551610947,14.8333333333333,38.9417245,38.9417245,0,365,1550.99922500511,100,72,78.04878049,73.98373984,60.13210098,50.29299012,81.30081301,83.7398374,c(-122.291413, 37.865678)
"124","Morello-Frosch Home",NA,"11/22/2022","12/03/2022",11,"","CA",79040,34.8,41.9385993970344,5555.80825609003,2619.11713852533,20952.1666666667,22322.5,20328.2222222222,22824,2,1022.95381298111,0.0325765141983592,31401.5737458072,35.809893678594,67.1666666666667,0.128081194791989,16.8043115527131,3.53850746162893,"Urban and Built-up",14.2833334604899,116.233333333333,0.918669551610947,17.3333333333333,68.182303,68.182303,0,757,1550.99922500511,100,72,78.04878049,73.98373984,60.13210098,50.29299012,81.30081301,83.7398374,c(-122.291413, 37.865678)
"125","Morello-Frosch Home",NA,"11/22/2022","12/03/2022",11,"","CA",79040,34.8,41.9385993970344,5555.80825609003,2619.11713852533,20952.1666666667,22322.5,20328.2222222222,22824,2,1022.95381298111,0.0325765141983592,31401.5737458072,35.809893678594,67.1666666666667,0.128081194791989,16.8043115527131,3.53850746162893,"Urban and Built-up",14.2833334604899,116.233333333333,0.918669551610947,16.1666666666667,57.9417377,57.9417377,0,694,1550.99922500511,100,72,78.04878049,73.98373984,60.13210098,50.29299012,81.30081301,83.7398374,c(-122.291413, 37.865678)
"126","Neumann Home",NA,"11/06/2023","11/22/2023",16,"","CA",151393,43.5,66.9793621013133,4467.14241387732,1801.56360724271,36643.2941176471,37433,36232.5384615385,37978.25,1,396.195343410568,0.0126170537380583,31401.5737458165,28.688173659975,54.6666666666667,0.16772303009166,52.7120950005271,2.94423170744226,"Urban and Built-up",14.3000001907349,120.3,0.934234499931335,15,68.2512439,68.2512439,0,477,412.638026727045,100,73,36.58536585,32.5203252,42.70250638,35.08540885,48.7804878,51.2195122,c(-122.275755, 37.878494)
"127","Nicholl Park",NA,"11/27/2023","12/11/2023",14,"","CA",80878,37.6,8.90238239197076,3193.62215952808,1085.88075507291,15306.4,15219,14769.2727272727,16783.5,1,387.341254490802,0.0123350905157583,31401.5737457271,63.6551693644009,32.46875,0.224493393697489,15.0302062810853,3.37073226963036,"Urban and Built-up",14.3500003814697,128.1,0.92610114812851,16.8333333333333,83.7639348,83.7639348,0,349,380.390834252985,100,74,99.18699187,98.37398374,56.59650758,48.06415558,78.04878049,77.23577236,c(-122.3403681, 37.9314647)
"128","Nicholl Park",NA,"11/27/2023","12/11/2023",14,"","CA",80878,37.6,8.90238239197076,3193.62215952808,1085.88075507291,15306.4,15219,14769.2727272727,16783.5,1,387.341254490802,0.0123350905157583,31401.5737457271,63.6551693644009,32.46875,0.224493393697489,15.0302062810853,3.37073226963036,"Urban and Built-up",14.3500003814697,128.1,0.92610114812851,16,80.5691789,80.5691789,0,455,380.390834252985,100,74,99.18699187,98.37398374,56.59650758,48.06415558,78.04878049,77.23577236,c(-122.3403681, 37.9314647)
"129","North Richmond Ballpark","NRB","11/08/2023","11/22/2023",14,"","CA",47172,29.2,5.31158511083229,405.057765783948,118.094306362362,7182.6,7215,7027.45454545455,7609.25,1,384.720804608087,0.012251640880259,31401.5737457653,47.0841323206749,32.5555555555556,0.274319869420021,5.75690136886224,3.06311789789661,"Urban and Built-up",14.3500003814697,129.9,0.892365515232086,11.5,1552.7326633,1213.844156,338.8885073,874,991.851895671353,100,75,94.30894309,99.18699187,60.52621317,57.4118888,94.30894309,91.8699187,c(-122.36488, 37.96078)
"130","Ochoa Home",NA,"12/08/2023","12/22/2023",14,"","CA",119939,36.8,30.2250803858521,2952.22786712826,883.670496407468,7329,7151,6778.72727272727,8842.25,1,167.038753593844,0.00531943892195128,31401.5737457834,18.2889014311568,37.3125,0.211528763874077,17.691794450893,2.09543029353501,"Urban and Built-up",14.75,123.2,0.82755172252655,14.5,183.2824714,157.4763358,25.8061356,670,3219.41693639084,100,76,71.54471545,60.97560976,42.25086926,38.27008345,58.53658537,49.59349593,c(-122.2953581, 38.0093192)
"131","Osborne Home",NA,"12/01/2023","12/15/2023",14,"","CA",113750,48.2,25.6792275072182,1407.45267477787,497.410046874729,8565,8565,8565,NA,1,772.618705956978,0.0246044581144664,31401.5737458046,14.7221120849639,53.2,0.173814445901244,133.482208606809,2.03987205786971,"Urban and Built-up",14.0500001907349,102.6,0.643657028675079,12.8333333333333,157.7241771,157.7241771,0,396,966.264620565635,100,77,32.5203252,10.56910569,37.48539346,33.99515574,45.52845528,34.95934959,c(-122.1263676, 37.7533085)
"132","Osborne Home",NA,"12/01/2023","12/15/2023",14,"","CA",113750,48.2,25.6792275072182,1407.45267477787,497.410046874729,8565,8565,8565,NA,1,772.618705956978,0.0246044581144664,31401.5737458046,14.7221120849639,53.2,0.173814445901244,133.482208606809,2.03987205786971,"Urban and Built-up",14.0500001907349,102.6,0.643657028675079,6,609.8899961,609.8899961,0,971,966.264620565635,100,77,32.5203252,10.56910569,37.48539346,33.99515574,45.52845528,34.95934959,c(-122.1263676, 37.7533085)
"133","Oyster Bay Regional Shoreline","OBRS","11/30/2023","12/14/2023",14,"","CA",85331,33.3,13.3640552995392,487.786181007511,151.95754707783,4420.8,4532,4759.27272727273,3490,1,NA,NA,31401.5737458251,278.099123724227,6.51351351351351,0.258742082548972,14.9533791314988,2.58413982899197,"Urban and Built-up",14.3500003814697,98.9,0.770279467105865,13.5,1173.7650302,831.3644906,342.4005396,960,1438.76775247848,100,78,97.56097561,79.67479675,61.08829774,61.00135599,99.18699187,96.74796748,c(-122.194922, 37.706867)
"134","OZ Cali Trail",NA,"02/17/2023","02/24/2023",7,"","CA",NA,NA,15,0,0,4727.25,4267.5,4222.5,6241.5,1,NA,NA,31401.5737457494,260.246282263239,5.77777777777778,0.252495095540513,183.30962117513,1.93430565404922,"Urban and Built-up",14.0500001907349,101.5,0.685464024543762,8.83333333333333,384.5310896,384.5310896,0,5,832.299941069998,100,NA,NA,NA,NA,NA,NA,NA,c(-122.137289, 37.752537)
"135","OZ Creek",NA,"02/17/2023","03/11/2023",22,"","CA",NA,NA,15,0,0,7099.17391304348,7256,7534.5,6104.14285714286,1,NA,NA,31401.5737457755,186.399374631791,13.7878787878788,0.282008887631426,80.5300504593622,2.43525484955497,"Urban and Built-up",14.25,100.2,0.761401176452637,8.83333333333333,384.5310896,384.5310896,0,5,428.094479075636,100,80,50.40650407,40.6504065,37.48539346,36.53529895,53.65853659,34.95934959,c(-122.14673, 37.752737)
"136","OZ SEKI Gate",NA,"02/17/2023","03/11/2023",22,"","CA",NA,NA,15,0,0,12380.347826087,12619,12910.625,11168.2857142857,1,105.517870224642,0.00336027331237852,31401.5737457834,70.5951525393699,35.7272727272727,0.285293214151889,88.0737034025646,2.845885613973,"Urban and Built-up",14.25,98.4,0.761401176452637,8.83333333333333,384.5310896,384.5310896,0,5,428.094479075636,100,81,51.2195122,47.15447154,37.48539346,36.77394489,55.28455285,34.95934959,c(-122.146167, 37.748906)
"137","Phoenixx Home",NA,"01/27/2023","02/03/2023",7,"","CA",95864,50.55,36.0864373029633,1195.16214583008,507.450171396336,4191,4104.5,4228.5,4078.5,1,685.988592153184,0.0218456755609585,31401.5737457508,38.9938015985273,46.1142857142857,0.19854154679371,85.9607932681129,2.27379264221286,"Urban and Built-up",14.4499998092651,131.7,0.844157427549362,12.1666666666667,464.9142022,464.9142022,0,890,1588.95534929165,100,82,69.10569106,58.53658537,40.8486294,38.53451849,60.97560976,45.52845528,c(-122.291056, 37.980515)
"138","Phoenixx Home",NA,"01/27/2023","02/03/2023",7,"","CA",95864,50.55,36.0864373029633,1195.16214583008,507.450171396336,4191,4104.5,4228.5,4078.5,1,685.988592153184,0.0218456755609585,31401.5737457508,38.9938015985273,46.1142857142857,0.19854154679371,85.9607932681129,2.27379264221286,"Urban and Built-up",14.4499998092651,131.7,0.844157427549362,12.1666666666667,126.4835712,126.4835712,0,573,1588.95534929165,100,82,69.10569106,58.53658537,40.8486294,38.53451849,60.97560976,45.52845528,c(-122.291056, 37.980515)
"139","Picone Home",NA,"11/23/2022","12/07/2022",14,"","CA",34817,31.3,4.31861804222649,4683.0313973152,1763.79212174382,8781.2,8935,8790.27272727273,8756.25,1,461.524430590543,0.0146974936456022,31401.5737457823,37.415384215718,68.6857142857143,0.110477487069236,21.7617799182271,3.38236170396065,"Urban and Built-up",14.25,99.9,0.917117238044739,11.1666666666667,60.8547996,60.8547996,0,352,1798.89866675626,100,83,52.03252033,56.91056911,35.83212578,30.6057035,29.26829268,30.08130081,c(-122.16558, 37.761143)
"140","Point Isabel Regional Shoreline","PIRS","11/24/2023","12/02/2023",8,"","CA",94833,46,50.2966101694915,573.289810241531,422.051291987406,13626.1111111111,14075,12191.1666666667,16496,1,192.157849713119,0.00611937004395891,31401.5737457843,28.1247765740827,61.4594594594595,0.101925201456883,4.51737977862358,3.12598084248177,"Urban and Built-up",14.3500003814697,124.3,0.575869828462601,14.1666666666667,985.9201044,567.9798593,417.9402451,750,1319.22151078428,100,84,75.6097561,78.04878049,56.59650758,52.46078264,87.80487805,77.23577236,c(-122.32326, 37.89808)
"141","Point Molate Beach Park","PMBP","11/24/2023","12/02/2023",8,"","CA",107870,46.2,51.8557794273595,118.239006766146,67.9742409834698,1494,1494,1494,NA,1,390.304743307896,0.0124294644105395,31401.5737457632,12.0137579334374,26.3888888888889,0.123635687985838,11.6821425301688,1.49559686871338,"Urban and Built-up",NA,138.8,NA,10,4753.2687265,3046.313046,1706.9556805,864,3625.46821920173,100,85,86.99186992,52.03252033,60.52621317,60.52621317,96.74796748,91.8699187,c(-122.410266, 37.940785)
"142","Point Pinole East","PPE","11/08/2023","11/22/2023",14,"","CA",60100,38,3.42146189735614,153.463126397578,52.049577036512,2565.26666666667,2526,2768.63636363636,2006,1,NA,NA,31401.5737457664,110.801096146225,17.1875,0.263916456873157,10.4504047461918,3.29117874681459,"Urban and Built-up",NA,129.6,NA,11,3721.2251832,2459.3638139,1261.8613693,2692,958.508159360208,100,86,73.17073171,30.08130081,51.87585032,51.87585032,84.55284553,65.85365854,c(-122.35264, 38.00112)
"143","Point Pinole South","PPS","11/09/2023","11/15/2023",6,"","CA",60100,35.9,16.8838470382911,1512.66122111653,26.024788518256,2004.57142857143,1891,2147,1648.5,1,564.262519443435,0.0179692433255681,31401.5737457657,79.9344835836115,17.7714285714286,0.236616515766571,11.5838746265932,3.1201574153828,"Urban and Built-up",NA,129.5,NA,11,3721.2251832,2459.3638139,1261.8613693,2692,958.508159360208,100,87,73.17073171,30.08130081,51.87585032,51.87585032,84.55284553,65.85365854,c(-122.35696, 37.99319)
"144","Point Pinole West","PPW","11/08/2023","11/22/2023",14,"","CA",60100,38,3.42146189735614,153.463126397578,52.049577036512,1075,1075,1075,NA,1,151.920117339047,0.00483797782139288,31401.5737458069,76.1131421691193,0,0.318564331568318,14.8131804682992,0.634055260932588,"Urban and Built-up",NA,130.5,NA,11,3721.2251832,2459.3638139,1261.8613693,2692,1184.38730516924,100,88,73.17073171,30.08130081,51.87585032,51.87585032,84.55284553,65.85365854,c(-122.36557, 38.00415)
"145","Rifle Range Road Trailhead","RRR","11/19/2023","12/11/2023",22,"","CA",118194,45.9,34.784889821616,235.995010178032,93.3913902837234,5478.25,5468.5,5478.25,NA,1,106.262108989244,0.00338397399599975,31401.5737457965,80.2366395545841,1.97222222222222,0.357876599505544,171.980678279225,1.52511022941903,"Urban and Built-up",14.1499996185303,134.4,0.552838504314423,10.5,2208.2724076,2208.2724076,0,966,967.770809066389,100,89,37.39837398,45.52845528,33.35097919,25.11595866,14.63414634,11.38211382,c(-122.29759, 37.9345)
"146","Roberts Regional-Graham Trail","RR-GT","11/06/2023","11/13/2023",7,"","CA",151532,48.6,53.0748139443792,30.6590256605474,11.6819760153533,8566,8566,8566,NA,1,NA,NA,31401.5737457739,182.608420122097,0,0.345860017958113,401.205055600121,1.09638511349342,"Urban and Built-up",13.5500001907349,120.2,0.611993908882141,5.5,20001.5524954,19136.5757331,864.9767623,1180,1392.47796553475,100,90,2.43902439,11.38211382,28.7144566,21.27916939,7.317073171,4.06504065,c(-122.17278, 37.80941)
"147","Rokoff Home",NA,"02/09/2023","02/24/2023",15,"","CA",105172.666666667,41.5,28.4524090966809,5140.24174018347,2241.37191514969,11529.3125,11468,11368.3333333333,12012.25,1,627.5962223642,0.0199861391484453,31401.5737458237,20.247056681466,63.2,0.131215519410106,52.1716089248657,3.28576350629888,"Urban and Built-up",14.25,101.5,0.933779418468475,12.6666666666667,46.2647801,46.2647801,0,457,945.994840709723,100,91,52.84552846,61.78861789,47.86423727,35.74235838,50.40650407,58.53658537,c(-122.198793, 37.77776)
"148","Rokoff Home",NA,"02/09/2023","02/24/2023",15,"","CA",105172.666666667,41.5,28.4524090966809,5140.24174018347,2241.37191514969,11529.3125,11468,11368.3333333333,12012.25,1,627.5962223642,0.0199861391484453,31401.5737458237,20.247056681466,63.2,0.131215519410106,52.1716089248657,3.28576350629888,"Urban and Built-up",14.25,101.5,0.933779418468475,14,59.4579433,59.4579433,0,537,945.994840709723,100,91,52.84552846,61.78861789,47.86423727,35.74235838,50.40650407,58.53658537,c(-122.198793, 37.77776)
"149","Rokoff Home",NA,"02/09/2023","02/24/2023",15,"","CA",105172.666666667,41.5,28.4524090966809,5140.24174018347,2241.37191514969,11529.3125,11468,11368.3333333333,12012.25,1,627.5962223642,0.0199861391484453,31401.5737458237,20.247056681466,63.2,0.131215519410106,52.1716089248657,3.28576350629888,"Urban and Built-up",14.25,101.5,0.933779418468475,13.3333333333333,51.7546008,51.7546008,0,502,945.994840709723,100,91,52.84552846,61.78861789,47.86423727,35.74235838,50.40650407,58.53658537,c(-122.198793, 37.77776)
"150","Scharnagl Home","ASH","11/23/2022","12/03/2022",10,"Retired from UWIN","CA",154219,43.55,65.442820377786,1921.06134757788,787.641366070457,9212.54545454545,8962,9223.5,9183.33333333333,1,627.903930738374,0.0199959382870801,31401.5737458081,83.4061110105763,28.7777777777778,0.229664947300202,214.603768920898,2.55282409773049,"Urban and Built-up",13.9499998092651,115.45,0.830656409263611,10.5,270.0971028,268.8267617,1.2703411,872,940.064157931755,100,92,13.00813008,8.130081301,34.38327414,28.08323082,25.20325203,19.51219512,c(-122.217325, 37.831654)
"151","Schell Home","CSH","11/21/2022","12/02/2022",11,"","CA",120368,41.2,27.8276481149013,1449.03964511629,621.016990764126,4174.75,4032,4316.4,3466.5,1,175.048500474322,0.00557451361805787,31401.5737457841,21.5315324397759,33.5151515151515,0.198398319680003,54.9160562559616,2.60868485521833,"Urban and Built-up",14.5,133.85,0.832469582557678,12.3333333333333,224.4028766,224.4028766,0,716,1588.95534929165,100,93,39.83739837,50.40650407,40.8486294,25.07091916,13.82113821,45.52845528,c(-122.290044, 37.966222)
"152","Scott Home",NA,"11/27/2022","12/11/2022",14,"","CA",171000,55.4,73.9975698663426,2180.33598111742,1141.57428604847,3661,3753,3747,3489,1,503.074979500656,0.0160206932166348,31401.5737457788,97.0738942634946,36.0285714285714,0.221782961439702,163.096354529971,2.14880438897814,"Urban and Built-up",14,129.65,0.875012844800949,13.1666666666667,76.9975955,76.9975955,0,350,1129.37156077281,100,94,21.13821138,20.32520325,31.43515873,21.92927807,9.756097561,8.130081301,c(-122.275291, 37.90107)
"153","Shannon Home",NA,"11/21/2022","12/06/2022",15,"","CA",43838,31.7,10.8407871198569,4440.3154058284,1779.99896342333,10049.5,9767,9897.91666666667,10504.25,1,722.570676871399,0.0230106517183602,31401.5737457301,76.3239869499005,57.0833333333333,0.140622742354206,14.165707669607,3.13734238527462,"Urban and Built-up",14.3500003814697,126.5,0.941314518451691,12.3333333333333,156.6764731,156.6764731,0,1126,600.661715009413,100,95,81.30081301,76.42276423,56.59650758,52.96412455,89.43089431,77.23577236,c(-122.320163, 37.91391)
"154","Sherman Home",NA,"11/22/2022","12/02/2022",10,"Wilson Sherman #2","CA",198848,53.2,72.2872589293807,2577.93839454207,1079.82450714312,4074,3987,4029.77777777778,4273,1,624.301487441103,0.0198812165433263,31401.5737457811,44.7663431027878,33.9459459459459,0.207722289741927,308.413239218972,1.94969673029233,"Urban and Built-up",13.8000001907349,130.45,0.739448994398117,14.6666666666667,110.1416127,110.1416127,0,481,855.756102391557,100,96,12.19512195,38.21138211,33.62227227,20.09189324,2.43902439,12.19512195,c(-122.257487, 37.892485)
"155","Sherman Home",NA,"11/22/2022","12/02/2022",10,"Wilson Sherman #2","CA",198848,53.2,72.2872589293807,2577.93839454207,1079.82450714312,4074,3987,4029.77777777778,4273,1,624.301487441103,0.0198812165433263,31401.5737457811,44.7663431027878,33.9459459459459,0.207722289741927,308.413239218972,1.94969673029233,"Urban and Built-up",13.8000001907349,130.45,0.739448994398117,14,164.0667399,164.0667399,0,527,855.756102391557,100,96,12.19512195,38.21138211,33.62227227,20.09189324,2.43902439,12.19512195,c(-122.257487, 37.892485)
"156","Sherrer Home",NA,"02/09/2023","02/24/2023",15,"","CA",139953,53.4,38.3259911894273,2926.76446233604,1102.77134749386,5468.0625,5464,5459.75,5493,1,493.272320836551,0.0157085222807826,31401.5737457373,65.130128882512,35.0571428571429,0.127784531035308,3.48121464113856,2.5706715670096,"Urban and Built-up",NA,101.85,NA,13.8333333333333,264.9092383,179.8781747,85.0310636,1144,1373.73094376958,100,97,7.317073171,4.87804878,38.98745264,31.30182149,31.70731707,41.46341463,c(-122.249759, 37.740986)
"157","Sherrer Home",NA,"02/09/2023","02/24/2023",15,"","CA",139953,53.4,38.3259911894273,2926.76446233604,1102.77134749386,5468.0625,5464,5459.75,5493,1,493.272320836551,0.0157085222807826,31401.5737457373,65.130128882512,35.0571428571429,0.127784531035308,3.48121464113856,2.5706715670096,"Urban and Built-up",NA,101.85,NA,17.6666666666667,211.5326731,211.5326731,0,1288,1373.73094376958,100,97,7.317073171,4.87804878,38.98745264,31.30182149,31.70731707,41.46341463,c(-122.249759, 37.740986)
"158","Shunick Home",NA,"02/17/2023","02/23/2023",6,"IOR","CA",198160,40.95,61.6045132912603,1571.16324181092,553.754807534139,3540.85714285714,3525,3343.2,4035,1,170.236198951401,0.00542126328857341,31401.573745775,89.9018877106374,28.5405405405405,0.21557022037335,203.349725767624,2.27489620732409,"Urban and Built-up",14.0500001907349,113.85,0.794014573097229,14,122.4642426,122.4642426,0,500,891.603322570102,100,98,23.57723577,29.26829268,35.0516685,32.06961585,34.95934959,24.3902439,c(-122.227752, 37.833482)
"159","Shunick Home",NA,"02/17/2023","02/23/2023",6,"IOR","CA",198160,40.95,61.6045132912603,1571.16324181092,553.754807534139,3540.85714285714,3525,3343.2,4035,1,170.236198951401,0.00542126328857341,31401.573745775,89.9018877106374,28.5405405405405,0.21557022037335,203.349725767624,2.27489620732409,"Urban and Built-up",14.0500001907349,113.85,0.794014573097229,12.6666666666667,465.3552757,465.3552757,0,590,891.603322570102,100,98,23.57723577,29.26829268,35.0516685,32.06961585,34.95934959,24.3902439,c(-122.227752, 37.833482)
"160","Sibley Volcanic Regional Preserve","SVR","11/06/2023","11/20/2023",14,"","CA",198036,40.9,51.7133956386293,246.366539093404,102.474198144648,NA,NA,NA,NA,1,183.371315060374,0.00583955812357615,31401.573745802,65.2404694697624,2.22222222222222,0.33054114037221,314.158108594941,1.1934631207139,"Urban and Built-up",13.5500001907349,127.4,0.590132236480713,11.5,2958.7697167,2958.283671,0.4860457,961,507.998215745077,100,99,29.26829268,15.44715447,34.01873279,29.15872212,26.82926829,16.2601626,c(-122.2071, 37.85588)
"161","Skyline Gate Staging Area","SKSA","11/06/2023","11/20/2023",14,"","CA",129167,46.5,70.4572098475967,200.74975819348,82.4169007274321,2315.33333333333,2399,2307,2338.25,1,114.517132069257,0.00364685964456668,31401.5737457492,86.4309643817375,0.388888888888889,0.314787228617288,361.859825134277,1.44935463165437,"Urban and Built-up",13.5500001907349,123.65,0.605294167995453,7.83333333333333,3409.6936111,3409.6936111,0,1153,1265.29604530478,100,100,0.81300813,2.43902439,31.4845626,19.91680298,0.81300813,8.943089431,c(-122.18439, 37.83056)
"162","Sobrante Ridge Regional Preserve","SRRP","11/09/2023","11/18/2023",9,"","CA",128750,41.6,29.2966360856269,445.179559518177,138.576271627926,NA,NA,NA,NA,1,NA,NA,31401.5737457385,120.390714097286,0.166666666666667,0.336340932452148,153.239464499734,1.3729940202213,"Urban and Built-up",14.25,132.8,0.628132343292236,9.83333333333333,943.039853,943.039853,0,863,2501.79548540458,100,101,4.87804878,34.95934959,40.8486294,15.32905257,0,45.52845528,c(-122.26092, 37.96875)
"163","Squire Home",NA,"11/28/2023","12/05/2023",7,"","CA",164750.333333333,46.1333333333333,62.2492351839508,3605.16644595462,1741.24499061953,11293.25,11870,12502.8333333333,7664.5,1,458.523108700543,0.0146019149362637,31401.5737457699,68.0371914099182,35.28125,0.204518461108801,36.0393611734564,3.57939992051307,"Urban and Built-up",14.25,106.45,0.925353705883026,16.3333333333333,93.4240622,93.4240622,0,698,740.741136396437,100,102,60.16260163,54.47154472,41.72079078,35.93759344,51.2195122,48.7804878,c(-122.229514, 37.807332)
"164","Squire Home",NA,"11/28/2023","12/05/2023",7,"","CA",164750.333333333,46.1333333333333,62.2492351839508,3605.16644595462,1741.24499061953,11293.25,11870,12502.8333333333,7664.5,1,458.523108700543,0.0146019149362637,31401.5737457699,68.0371914099182,35.28125,0.204518461108801,36.0393611734564,3.57939992051307,"Urban and Built-up",14.25,106.45,0.925353705883026,14.8333333333333,80.5266777,80.5266777,0,522,740.741136396437,100,102,60.16260163,54.47154472,41.72079078,35.93759344,51.2195122,48.7804878,c(-122.229514, 37.807332)
"165","Squire Home",NA,"11/28/2023","12/05/2023",7,"","CA",164750.333333333,46.1333333333333,62.2492351839508,3605.16644595462,1741.24499061953,11293.25,11870,12502.8333333333,7664.5,1,458.523108700543,0.0146019149362637,31401.5737457699,68.0371914099182,35.28125,0.204518461108801,36.0393611734564,3.57939992051307,"Urban and Built-up",14.25,106.45,0.925353705883026,14.1666666666667,64.7033821,64.7033821,0,690,740.741136396437,100,102,60.16260163,54.47154472,41.72079078,35.93759344,51.2195122,48.7804878,c(-122.229514, 37.807332)
"166","Sunset View Cemetery","SVC","02/21/2023","03/07/2023",14,"","CA",170000,51.4,70.1525054466231,1797.24725592727,796.892651213035,6038.6,6600,6497.90909090909,4775.5,1,467.628172436537,0.0148918705865619,31401.5737457802,12.6535182967945,11.5714285714286,0.286156108473787,82.218110195426,2.22746304248928,"Urban and Built-up",14.25,126.9,0.877008080482483,11.8333333333333,228.8914481,228.8914481,0,890,411.493166665083,100,103,19.51219512,22.76422764,39.54378808,27.8813398,23.57723577,43.08943089,c(-122.2867, 37.90574)
"167","Tarvin Home","BTH","11/21/2022","12/06/2022",15,"Retired from UWIN","CA",160920.333333333,48.3666666666667,54.540526009951,2636.3684067716,1190.16210211482,6779.875,6655.5,6848.33333333333,6574.5,1,576.193418910912,0.0183491892341255,31401.5737457934,48.4381908696296,57.9714285714286,0.147866789640775,102.645058033078,2.25087343783869,"Urban and Built-up",14.1499996185303,131,0.912889003753662,17.6666666666667,169.0166471,169.0166471,0,542,693.521928878175,100,104,77.23577236,85.36585366,50.43312182,33.43920268,39.83739837,63.41463415,c(-122.313254, 37.935731)
"168","Tarvin Home","BTH","11/21/2022","12/06/2022",15,"Retired from UWIN","CA",160920.333333333,48.3666666666667,54.540526009951,2636.3684067716,1190.16210211482,6779.875,6655.5,6848.33333333333,6574.5,1,576.193418910912,0.0183491892341255,31401.5737457934,48.4381908696296,57.9714285714286,0.147866789640775,102.645058033078,2.25087343783869,"Urban and Built-up",14.1499996185303,131,0.912889003753662,13.3333333333333,81.6008214,81.6008214,0,613,693.521928878175,100,104,77.23577236,85.36585366,50.43312182,33.43920268,39.83739837,63.41463415,c(-122.313254, 37.935731)
"169","Tarvin Home","BTH","11/21/2022","12/06/2022",15,"Retired from UWIN","CA",160920.333333333,48.3666666666667,54.540526009951,2636.3684067716,1190.16210211482,6779.875,6655.5,6848.33333333333,6574.5,1,576.193418910912,0.0183491892341255,31401.5737457934,48.4381908696296,57.9714285714286,0.147866789640775,102.645058033078,2.25087343783869,"Urban and Built-up",14.1499996185303,131,0.912889003753662,14.6666666666667,66.0985087,66.0985087,0,351,693.521928878175,100,104,77.23577236,85.36585366,50.43312182,33.43920268,39.83739837,63.41463415,c(-122.313254, 37.935731)
"170","Temescal Regional Recreation Area","TRRA","11/06/2023","11/13/2023",7,"","CA",194625,47.5,61.3542526837325,1205.62656105847,544.698928321351,4994.375,4741,4988.33333333333,5012.5,1,138.65033987162,0.00441539462301833,31401.573745823,71.4480015929372,10.9166666666667,0.19092995533373,148.317953927176,2.50716844586472,"Urban and Built-up",14.0500001907349,118.1,0.837976634502411,11.6666666666667,251.2329946,244.9882834,6.2447112,616,504.102549711032,100,105,41.46341463,24.3902439,34.38327414,29.67977055,28.45528455,19.51219512,c(-122.231721, 37.846402)
"171","The Dog Social Club",NA,"02/16/2023","03/03/2023",15,"","CA",18505,33.3,11.7388114453412,1677.35798059146,846.355685859077,12871.3125,12797,12338.1666666667,14470.75,1,768.901485160094,0.0244860812195424,31401.5737457585,55.8619264656457,87.6756756756757,0.0431560678737054,5.4951315702394,4.11177635008886,"Urban and Built-up",14.1499996185303,108.7,0.950495392084122,17.3333333333333,179.0185138,179.0185138,0,1039,468.917780262029,100,NA,NA,NA,NA,NA,NA,NA,c(-122.289412, 37.811808)
"172","Tilden Nature Area-Jewel Lake","TNA-JL","11/10/2023","11/24/2023",14,"","CA",179258,51.1,49.6062992125984,25.3885827431097,9.60896883885119,9513.5,9513.5,9513.5,NA,1,176.685398655853,0.00562664152078295,31401.5737457657,52.5529172579951,0,0.328502255340515,158.862391029916,1.22268703448736,"Urban and Built-up",13.9499998092651,133.4,0.523711502552032,4,17980.3370117,16534.8341347,1445.502877,977,1251.27116510437,100,107,9.756097561,17.88617886,26.29784164,21.43893119,8.130081301,3.25203252,c(-122.26971, 37.91272)
"173","Tilden Nature Area-Loop Road Parking","TNA-LR","11/10/2023","11/16/2023",6,"","CA",179258,51.1,49.6062992125984,25.3885827431097,9.60896883885119,8353,8353,8353,NA,1,136.218732644382,0.00433795878343884,31401.5737457969,70.377216122888,0.514285714285714,0.318357036368131,183.036810941474,1.25550324715483,"Urban and Built-up",13.9499998092651,132.4,0.506390988826752,4,17980.3370117,16534.8341347,1445.502877,977,1079.3753268483,100,108,8.130081301,25.20325203,33.62227227,20.76941577,4.87804878,12.19512195,c(-122.260249, 37.9043)
"174","Tilden Regional Park-Arroyo Pkwy","TRP-AP","11/10/2023","11/24/2023",14,"IOR","CA",190327,47.4,68.2328907048008,165.134032587485,60.1283441679575,7441.5,7441.5,7441.5,NA,1,320.858722323841,0.0102179185324133,31401.5737457694,44.4578854258464,1.13513513513514,0.30355529496354,352.452851051508,0.895879734614028,"Urban and Built-up",13.5,133.15,0.453686952590942,6.5,3400.4955607,3400.4955607,0,875,1259.87723248736,100,109,43.08943089,23.57723577,34.01873279,33.49542758,41.46341463,16.2601626,c(-122.234301, 37.889562)
"175","Tilden Regional Park-Lake Anza","TRP-LA","11/10/2023","11/24/2023",14,"IOR","CA",179258,51.1,49.6062992125984,25.3885827431097,9.60896883885119,10512.5,10512.5,10512.5,NA,1,NA,NA,31401.5737458006,256.62108636085,0,0.317616634070873,249.146716526576,1.08708514425477,"Urban and Built-up",13.75,132.25,0.483121782541275,4,17980.3370117,16534.8341347,1445.502877,977,855.756102391557,100,110,17.07317073,26.01626016,33.62227227,25.22249332,15.44715447,12.19512195,c(-122.24945, 37.89683)
"176","Tilden Regional Park-Nimitz Way","TRP-NW","11/10/2023","11/24/2023",14,"","CA",179258,51.1,49.6062992125984,25.3885827431097,9.60896883885119,3177,3177,3177,NA,1,162.982923050742,0.00519027881756201,31401.5737457625,27.9827429194812,0,0.283128839004692,304.010820965434,0.765197352546824,"Urban and Built-up",13.75,134.9,0.39167132973671,4,17980.3370117,16534.8341347,1445.502877,977,989.45198254345,100,111,13.82113821,14.63414634,33.62227227,24.12595925,13.00813008,12.19512195,c(-122.2481, 37.90568)
"177","Tilden Regional Park-Seaview Trail","TRP-ST","11/10/2023","11/24/2023",14,"","CA",190327,47.4,68.2328907048008,165.134032587485,60.1283441679575,8244,8244,8244,NA,1,35.8931260668684,0.00114303589869243,31401.5737457837,65.8977778238694,5.61111111111111,0.267215250834528,511.229029957841,1.23826920005874,"Urban and Built-up",13.25,132.7,0.471883296966553,6.5,3400.4955607,3400.4955607,0,875,1259.87723248736,100,112,40.6504065,9.756097561,34.01873279,33.70708212,44.71544715,16.2601626,c(-122.2234, 37.8822)
"178","Tudor Home",NA,"01/26/2023","02/02/2023",7,"IOR","CA",242590,51.2,68.2047146536951,837.18899413778,317.134523691138,4010.25,4271.5,4457.33333333333,2669,1,211.050839491171,0.00672102746186522,31401.5737457797,26.7829585510138,12.75,0.281649146035865,192.868040951816,1.48016872630197,"Urban and Built-up",14.0500001907349,123.9,0.703984171152115,8.83333333333333,369.8825074,369.8825074,0,468,3594.94133848676,100,113,33.33333333,13.00813008,31.4845626,28.75086223,26.01626016,8.943089431,c(-122.170592, 37.879725)
"179","Tudor Home",NA,"01/26/2023","02/02/2023",7,"IOR","CA",242590,51.2,68.2047146536951,837.18899413778,317.134523691138,4010.25,4271.5,4457.33333333333,2669,1,211.050839491171,0.00672102746186522,31401.5737457797,26.7829585510138,12.75,0.281649146035865,192.868040951816,1.48016872630197,"Urban and Built-up",14.0500001907349,123.9,0.703984171152115,8.33333333333333,482.6189172,482.6189172,0,617,3594.94133848676,100,113,33.33333333,13.00813008,31.4845626,28.75086223,26.01626016,8.943089431,c(-122.170592, 37.879725)
"180","UC Gill Tract","UCGT","11/29/2023","12/06/2023",7,"","CA",94766.6666666667,36.1333333333333,45.3090576255502,5324.74837602675,2195.26210120737,27643.125,26676.5,26134.8333333333,32168,1,908.030298863914,0.0289167130989851,31401.5737457997,20.5519917892322,57.1621621621622,0.121304040303235,13.1670375778562,3.53498808203454,"Urban and Built-up",14.3500003814697,121.2,0.922255754470825,17.8333333333333,677.3675699,273.9024428,403.4651271,798,732.414340096621,100,114,82.11382114,86.99186992,60.13210098,48.74952354,78.86178862,83.7398374,c(-122.29775, 37.885859)
"181","UC Gill Tract","UCGT","11/29/2023","12/06/2023",7,"","CA",94766.6666666667,36.1333333333333,45.3090576255502,5324.74837602675,2195.26210120737,27643.125,26676.5,26134.8333333333,32168,1,908.030298863914,0.0289167130989851,31401.5737457997,20.5519917892322,57.1621621621622,0.121304040303235,13.1670375778562,3.53498808203454,"Urban and Built-up",14.3500003814697,121.2,0.922255754470825,18.1666666666667,45.0695574,45.0695574,0,441,732.414340096621,100,114,82.11382114,86.99186992,60.13210098,48.74952354,78.86178862,83.7398374,c(-122.29775, 37.885859)
"182","UC Gill Tract","UCGT","11/29/2023","12/06/2023",7,"","CA",94766.6666666667,36.1333333333333,45.3090576255502,5324.74837602675,2195.26210120737,27643.125,26676.5,26134.8333333333,32168,1,908.030298863914,0.0289167130989851,31401.5737457997,20.5519917892322,57.1621621621622,0.121304040303235,13.1670375778562,3.53498808203454,"Urban and Built-up",14.3500003814697,121.2,0.922255754470825,13.6666666666667,57.7976784,57.7976784,0,678,732.414340096621,100,114,82.11382114,86.99186992,60.13210098,48.74952354,78.86178862,83.7398374,c(-122.29775, 37.885859)
"183","UCB Women's Faculty Club","UCB-WC","11/07/2023","11/13/2023",6,"IOR","CA",NA,21.6,41.7624521072797,595.538556431486,17.2361458448235,76280.2857142857,76317,75209.6,78957,1,317.363678692909,0.0101066169887535,31401.5737458011,52.5978119411877,43.5,0.172514896031016,101.429785937798,3.79693714550828,"Urban and Built-up",14.1499996185303,121.5,0.874577820301056,13.5,419.8940648,419.8940648,0,253,582.074104635211,100,115,35.77235772,43.08943089,37.23613114,33.6455077,43.90243902,33.33333333,c(-122.255292, 37.872173)
"184","University Village Community Garden",NA,"11/29/2023","12/13/2023",14,"","CA",47250,28.75,32.5712848676454,11544.4476877941,4610.12134770748,22470.2666666667,20992,20810.1818181818,27035.5,1,233.72190513677,0.0074429997371675,31401.5737458181,56.8831563198743,45.0571428571429,0.164193152429226,4.62509825063306,3.54080559824647,"Urban and Built-up",14.3500003814697,120.7,0.823391616344452,17.8333333333333,677.3675699,273.9024428,403.4651271,798,732.414340096621,100,116,91.05691057,86.99186992,60.13210098,54.69091342,92.68292683,83.7398374,c(-122.305614, 37.883692)
"185","Urban Tilth's Edible Forest",NA,"11/29/2023","12/13/2023",14,"","CA",67742,32.125,5.22983472375177,6036.22186834365,2144.38653229648,19302.3333333333,19598,19931.6363636364,17571.75,1,527.307105718354,0.0167923783052238,31401.5737457701,66.0629643895197,67.6666666666667,0.0990029265489293,8.51855061167762,3.77446989127225,"Urban and Built-up",14.25,129,0.938402891159058,13.5,43.6020305,43.6020305,0,471,1193.11629760361,100,117,96.74796748,93.49593496,54.02401108,51.37274467,82.92682927,70.73170732,c(-122.3539389, 37.931366)
"186","Urban Tilth's Edible Forest",NA,"11/29/2023","12/13/2023",14,"","CA",67742,32.125,5.22983472375177,6036.22186834365,2144.38653229648,19302.3333333333,19598,19931.6363636364,17571.75,1,527.307105718354,0.0167923783052238,31401.5737457701,66.0629643895197,67.6666666666667,0.0990029265489293,8.51855061167762,3.77446989127225,"Urban and Built-up",14.25,129,0.938402891159058,16,103.0251327,103.0251327,0,563,1193.11629760361,100,117,96.74796748,93.49593496,54.02401108,51.37274467,82.92682927,70.73170732,c(-122.3539389, 37.931366)
"187","Urban Tilth's Edible Forest",NA,"11/29/2023","12/13/2023",14,"","CA",67742,32.125,5.22983472375177,6036.22186834365,2144.38653229648,19302.3333333333,19598,19931.6363636364,17571.75,1,527.307105718354,0.0167923783052238,31401.5737457701,66.0629643895197,67.6666666666667,0.0990029265489293,8.51855061167762,3.77446989127225,"Urban and Built-up",14.25,129,0.938402891159058,16,31.0236521,31.0236521,0,422,1193.11629760361,100,117,96.74796748,93.49593496,54.02401108,51.37274467,82.92682927,70.73170732,c(-122.3539389, 37.931366)
"188","Urban Tilth's Edible Forest",NA,"11/29/2023","12/13/2023",14,"","CA",67742,32.125,5.22983472375177,6036.22186834365,2144.38653229648,19302.3333333333,19598,19931.6363636364,17571.75,1,527.307105718354,0.0167923783052238,31401.5737457701,66.0629643895197,67.6666666666667,0.0990029265489293,8.51855061167762,3.77446989127225,"Urban and Built-up",14.25,129,0.938402891159058,14.6666666666667,67.8000393,67.8000393,0,579,1193.11629760361,100,117,96.74796748,93.49593496,54.02401108,51.37274467,82.92682927,70.73170732,c(-122.3539389, 37.931366)
"189","Wakefield Home",NA,"01/26/2023","02/09/2023",14,"","CA",100235.5,43.6,52.6152702695477,4728.32464954322,2025.59765743057,24149.8666666667,23775,23557.5454545455,25778.75,1,600.029427318061,0.0191082597380383,31401.5737458079,94.2221994507858,51.8857142857143,0.147286813290184,7.64670166858407,2.80874905302959,"Urban and Built-up",14.25,100.5,0.877503752708435,16.1666666666667,71.4964082,71.4964082,0,562,310.234618831539,100,118,24.3902439,60.16260163,62.31199359,41.41887667,67.4796748,99.18699187,c(-122.23532, 37.76017)
"190","Wakefield Home",NA,"01/26/2023","02/09/2023",14,"","CA",100235.5,43.6,52.6152702695477,4728.32464954322,2025.59765743057,24149.8666666667,23775,23557.5454545455,25778.75,1,600.029427318061,0.0191082597380383,31401.5737458079,94.2221994507858,51.8857142857143,0.147286813290184,7.64670166858407,2.80874905302959,"Urban and Built-up",14.25,100.5,0.877503752708435,16.3333333333333,49.1343524,49.1343524,0,690,310.234618831539,100,118,24.3902439,60.16260163,62.31199359,41.41887667,67.4796748,99.18699187,c(-122.23532, 37.76017)
"191","Wildcat Canyon Regional Park","WCRP","11/19/2023","12/04/2023",15,"","CA",136184,41.7,52.8186274509804,2250.16097607333,801.365176589494,8655.1875,8322.5,8280.09090909091,9480.4,1,NA,NA,31401.5737457478,134.932881225549,2.67647058823529,0.326302313101672,68.7480288914272,2.28616806327081,"Urban and Built-up",14.25,130.6,0.698752284049988,9.66666666666667,120.4600145,120.4600145,0,441,1102.16682861699,100,119,86.17886179,95.93495935,46.27273619,34.30835863,46.34146341,54.47154472,c(-122.32061, 37.95303)
"192","Wildcat Marsh Staging Area","WMSA","11/08/2023","11/22/2023",14,"Wildcat Creek Trailhead (WCT)","CA",47172,29.2,5.31158511083229,405.057765783948,118.094306362362,2893,2391,2107.27272727273,5053.75,1,64.7579788143595,0.00206225265455192,31401.5737457881,40.3339228505395,38.7428571428571,0.16007110738905,3.67054113887605,2.87989119071441,"Urban and Built-up",14.3250002861023,131.85,0.848675072193146,11.5,1552.7326633,1213.844156,338.8885073,874,991.851895671353,100,120,95.93495935,82.11382114,60.52621317,58.72763007,95.93495935,91.8699187,c(-122.3759, 37.95885)
"193","Wilkinson Home",NA,"11/22/2022","12/04/2022",12,"","CA",100979,37.0333333333333,41.2352103716594,4712.79381480791,1969.30123253057,30086.2307692308,31129,30017.8888888889,30240,1,429.482020783236,0.0136770858766513,31401.5737457951,59.0413964091133,73.3125,0.102266302734837,8.91834437279474,3.94720396629856,"Urban and Built-up",14.25,112.6,0.92921257019043,18.5,55.7423006,55.7423006,0,660,471.976339060089,100,121,68.29268293,95.12195122,60.13210098,49.37530031,79.67479675,83.7398374,c(-122.28681, 37.842845)
"194","Wilkinson Home",NA,"11/22/2022","12/04/2022",12,"","CA",100979,37.0333333333333,41.2352103716594,4712.79381480791,1969.30123253057,30086.2307692308,31129,30017.8888888889,30240,1,429.482020783236,0.0136770858766513,31401.5737457951,59.0413964091133,73.3125,0.102266302734837,8.91834437279474,3.94720396629856,"Urban and Built-up",14.25,112.6,0.92921257019043,15,52.155397,52.155397,0,627,471.976339060089,100,121,68.29268293,95.12195122,60.13210098,49.37530031,79.67479675,83.7398374,c(-122.28681, 37.842845)
"195","Wilkinson Home",NA,"11/22/2022","12/04/2022",12,"","CA",100979,37.0333333333333,41.2352103716594,4712.79381480791,1969.30123253057,30086.2307692308,31129,30017.8888888889,30240,1,429.482020783236,0.0136770858766513,31401.5737457951,59.0413964091133,73.3125,0.102266302734837,8.91834437279474,3.94720396629856,"Urban and Built-up",14.25,112.6,0.92921257019043,16.6666666666667,57.0877601,57.0877601,0,717,471.976339060089,100,121,68.29268293,95.12195122,60.13210098,49.37530031,79.67479675,83.7398374,c(-122.28681, 37.842845)
"196","Williams Home",NA,"02/20/2023","03/07/2023",15,"","CA",100961,33.8333333333333,56.7506656331529,7367.09871426807,3507.88980043804,57983.625,57871,59995.3333333333,51948.5,1,728.207505823618,0.0231901595671316,31401.5737457769,22.070804167078,57.28125,0.151186852978352,57.965069089617,3.57166148700676,"Urban and Built-up",14.25,119.5,0.94006085395813,11,39.4381484,39.4381484,0,422,412.638026727045,100,122,34.95934959,35.77235772,46.5442526,35.30352731,49.59349593,56.09756098,c(-122.273254, 37.875349)
"197","Williams Home",NA,"02/20/2023","03/07/2023",15,"","CA",100961,33.8333333333333,56.7506656331529,7367.09871426807,3507.88980043804,57983.625,57871,59995.3333333333,51948.5,1,728.207505823618,0.0231901595671316,31401.5737457769,22.070804167078,57.28125,0.151186852978352,57.965069089617,3.57166148700676,"Urban and Built-up",14.25,119.5,0.94006085395813,15.1666666666667,59.7937522,59.7937522,0,622,412.638026727045,100,122,34.95934959,35.77235772,46.5442526,35.30352731,49.59349593,56.09756098,c(-122.273254, 37.875349)
"198","Williams Home",NA,"02/20/2023","03/07/2023",15,"","CA",100961,33.8333333333333,56.7506656331529,7367.09871426807,3507.88980043804,57983.625,57871,59995.3333333333,51948.5,1,728.207505823618,0.0231901595671316,31401.5737457769,22.070804167078,57.28125,0.151186852978352,57.965069089617,3.57166148700676,"Urban and Built-up",14.25,119.5,0.94006085395813,16.1666666666667,40.2234322,40.2234322,0,538,412.638026727045,100,122,34.95934959,35.77235772,46.5442526,35.30352731,49.59349593,56.09756098,c(-122.273254, 37.875349)
"199","Wolff Home",NA,"11/23/2022","12/07/2022",14,"","CA",89602,34.2,24.5781364636831,1440.73459576657,818.327693283667,2096.33333333333,2097,2141,1973.5,1,196.912602607421,0.00627078770642397,31401.573745783,26.7668053622678,37,0.226284151275952,142.905506222747,2.61485175221895,"Urban and Built-up",14.1499996185303,104.9,0.72543665766716,6.16666666666667,757.1952017,757.1952017,0,1489,1798.89866675626,100,123,30.89430894,51.2195122,35.83212578,31.64554428,32.5203252,30.08130081,c(-122.150877, 37.772388)
"200","YES Nature to Neighborhoods",NA,"11/08/2023","11/27/2023",19,"","CA",70360,35.2,9.88816396652972,5260.36173189058,1810.48987388275,15210.3,15149,14259.6428571429,17428.5,1,680.16238603489,0.0216601368944607,31401.5737457704,25.9604598811515,60.7777777777778,0.159774597139458,18.9786601066589,3.46352398618127,"Urban and Built-up",14.3500003814697,128.4,0.938720345497131,16.8333333333333,83.7639348,83.7639348,0,349,380.390834252985,100,124,98.37398374,97.56097561,54.00994306,45.20519072,72.35772358,69.91869919,c(-122.339648, 37.934844)
"201","YES Nature to Neighborhoods",NA,"11/08/2023","11/27/2023",19,"","CA",70360,35.2,9.88816396652972,5260.36173189058,1810.48987388275,15210.3,15149,14259.6428571429,17428.5,1,680.16238603489,0.0216601368944607,31401.5737457704,25.9604598811515,60.7777777777778,0.159774597139458,18.9786601066589,3.46352398618127,"Urban and Built-up",14.3500003814697,128.4,0.938720345497131,14,53.4217845,53.4217845,0,545,380.390834252985,100,124,98.37398374,97.56097561,54.00994306,45.20519072,72.35772358,69.91869919,c(-122.339648, 37.934844)
