"","Name","UWIN.Code","Start.Date","End.Date","Num.Days","Notes","states_abbrev","mean_income","mean_age","mean_percent_white","mean_pop_density","mean_housing_density","mean_daily_visits","median_daily_visits","mean_weekday_visits","mean_weekend_visits","restaurant_count","total_road_length","road_density","road_area","distance_to_road","imp_surf","ndvi","elev","nightlight_avg","nldc_landcover","bio_1","bio_12","human_mod","NatWalkInd","Ac_Total","Ac_Land","Ac_Water","Workers","dist2nearest_camera","buffer_size","X","BURDEN_RESCALED_AV_PCT","BURDEN_RESCALED_MAX_PCT","MAX_POLL_RAW","MEAN_POLL_RAW","OGBURDEN_AV","OGBURDEN_MAX","geometry"
"1","Ahern Home",NA,"01/25/2023","02/01/2023",7,"IOR","CA",186489.8,44.65,62.1896866441924,1737.53707020295,684.95237070687,3378,3316.5,3549.83333333333,2862.5,1,47354.1227879552,0.0150801750164966,3140157.37457644,296.357073136816,18.2420400112708,0.249516373260377,254.667367395824,2.23192606096637,"Urban and Built-up",13.8099998474121,121.22,0.764121055603027,9.5,544.445314,544.445314,0,1161,476.719897963641,1000,1,5.691056911,7.317073171,34.38327414,23.96526226,12.19512195,19.51219512,c(-122.210054, 37.838156)
"2","Ahern Home",NA,"01/25/2023","02/01/2023",7,"IOR","CA",186489.8,44.65,62.1896866441924,1737.53707020295,684.95237070687,3378,3316.5,3549.83333333333,2862.5,1,47354.1227879552,0.0150801750164966,3140157.37457644,296.357073136816,18.2420400112708,0.249516373260377,254.667367395824,2.23192606096637,"Urban and Built-up",13.8099998474121,121.22,0.764121055603027,5.83333333333333,335.2294505,335.2294505,0,904,476.719897963641,1000,1,5.691056911,7.317073171,34.38327414,23.96526226,12.19512195,19.51219512,c(-122.210054, 37.838156)
"3","Ahern Home",NA,"01/25/2023","02/01/2023",7,"IOR","CA",186489.8,44.65,62.1896866441924,1737.53707020295,684.95237070687,3378,3316.5,3549.83333333333,2862.5,1,47354.1227879552,0.0150801750164966,3140157.37457644,296.357073136816,18.2420400112708,0.249516373260377,254.667367395824,2.23192606096637,"Urban and Built-up",13.8099998474121,121.22,0.764121055603027,11,168.1078133,168.1078133,0,690,476.719897963641,1000,1,5.691056911,7.317073171,34.38327414,23.96526226,12.19512195,19.51219512,c(-122.210054, 37.838156)
"4","Ahern Home",NA,"01/25/2023","02/01/2023",7,"IOR","CA",186489.8,44.65,62.1896866441924,1737.53707020295,684.95237070687,3378,3316.5,3549.83333333333,2862.5,1,47354.1227879552,0.0150801750164966,3140157.37457644,296.357073136816,18.2420400112708,0.249516373260377,254.667367395824,2.23192606096637,"Urban and Built-up",13.8099998474121,121.22,0.764121055603027,12.3333333333333,125.670118,125.670118,0,458,476.719897963641,1000,1,5.691056911,7.317073171,34.38327414,23.96526226,12.19512195,19.51219512,c(-122.210054, 37.838156)
"5","Ahern Home",NA,"01/25/2023","02/01/2023",7,"IOR","CA",186489.8,44.65,62.1896866441924,1737.53707020295,684.95237070687,3378,3316.5,3549.83333333333,2862.5,1,47354.1227879552,0.0150801750164966,3140157.37457644,296.357073136816,18.2420400112708,0.249516373260377,254.667367395824,2.23192606096637,"Urban and Built-up",13.8099998474121,121.22,0.764121055603027,12.5,138.296928,138.296928,0,623,476.719897963641,1000,1,5.691056911,7.317073171,34.38327414,23.96526226,12.19512195,19.51219512,c(-122.210054, 37.838156)
"6","Ahern Home",NA,"01/25/2023","02/01/2023",7,"IOR","CA",186489.8,44.65,62.1896866441924,1737.53707020295,684.95237070687,3378,3316.5,3549.83333333333,2862.5,1,47354.1227879552,0.0150801750164966,3140157.37457644,296.357073136816,18.2420400112708,0.249516373260377,254.667367395824,2.23192606096637,"Urban and Built-up",13.8099998474121,121.22,0.764121055603027,14.6666666666667,198.5317537,198.5317537,0,769,476.719897963641,1000,1,5.691056911,7.317073171,34.38327414,23.96526226,12.19512195,19.51219512,c(-122.210054, 37.838156)
"7","Ahern Home",NA,"01/25/2023","02/01/2023",7,"IOR","CA",186489.8,44.65,62.1896866441924,1737.53707020295,684.95237070687,3378,3316.5,3549.83333333333,2862.5,1,47354.1227879552,0.0150801750164966,3140157.37457644,296.357073136816,18.2420400112708,0.249516373260377,254.667367395824,2.23192606096637,"Urban and Built-up",13.8099998474121,121.22,0.764121055603027,17.6666666666667,266.6448687,266.6448687,0,997,476.719897963641,1000,1,5.691056911,7.317073171,34.38327414,23.96526226,12.19512195,19.51219512,c(-122.210054, 37.838156)
"8","Ahern Home",NA,"01/25/2023","02/01/2023",7,"IOR","CA",186489.8,44.65,62.1896866441924,1737.53707020295,684.95237070687,3378,3316.5,3549.83333333333,2862.5,1,47354.1227879552,0.0150801750164966,3140157.37457644,296.357073136816,18.2420400112708,0.249516373260377,254.667367395824,2.23192606096637,"Urban and Built-up",13.8099998474121,121.22,0.764121055603027,15.5,102.3483258,102.3483258,0,543,476.719897963641,1000,1,5.691056911,7.317073171,34.38327414,23.96526226,12.19512195,19.51219512,c(-122.210054, 37.838156)
"9","Ahern Home",NA,"01/25/2023","02/01/2023",7,"IOR","CA",186489.8,44.65,62.1896866441924,1737.53707020295,684.95237070687,3378,3316.5,3549.83333333333,2862.5,1,47354.1227879552,0.0150801750164966,3140157.37457644,296.357073136816,18.2420400112708,0.249516373260377,254.667367395824,2.23192606096637,"Urban and Built-up",13.8099998474121,121.22,0.764121055603027,10.5,270.0971028,268.8267617,1.2703411,872,476.719897963641,1000,1,5.691056911,7.317073171,34.38327414,23.96526226,12.19512195,19.51219512,c(-122.210054, 37.838156)
"10","Ahern Home",NA,"01/25/2023","02/01/2023",7,"IOR","CA",186489.8,44.65,62.1896866441924,1737.53707020295,684.95237070687,3378,3316.5,3549.83333333333,2862.5,1,47354.1227879552,0.0150801750164966,3140157.37457644,296.357073136816,18.2420400112708,0.249516373260377,254.667367395824,2.23192606096637,"Urban and Built-up",13.8099998474121,121.22,0.764121055603027,12.6666666666667,465.3552757,465.3552757,0,590,476.719897963641,1000,1,5.691056911,7.317073171,34.38327414,23.96526226,12.19512195,19.51219512,c(-122.210054, 37.838156)
"11","Albany Waterfront Trail-Albany Bulb","AWT-AB","11/29/2023","12/13/2023",14,"","CA",98920,36.7818181818182,37.9046512881422,5394.99536872654,2072.0355282909,7833.2,7103,6862.90909090909,10501.5,1,29239.0936393744,0.00931134658285047,3140157.37457637,305.811791307068,32.3698784967508,0.0753130094239132,7.54810983557718,2.61915593097923,"Urban and Built-up",14.3500003814697,123.033333333333,0.761578172445297,14.1666666666667,985.9201044,567.9798593,417.9402451,750,908.651382165591,1000,2,89.43089431,90.24390244,60.13210098,52.56645591,88.61788618,83.7398374,c(-122.312563, 37.889749)
"12","Albany Waterfront Trail-Albany Bulb","AWT-AB","11/29/2023","12/13/2023",14,"","CA",98920,36.7818181818182,37.9046512881422,5394.99536872654,2072.0355282909,7833.2,7103,6862.90909090909,10501.5,1,29239.0936393744,0.00931134658285047,3140157.37457637,305.811791307068,32.3698784967508,0.0753130094239132,7.54810983557718,2.61915593097923,"Urban and Built-up",14.3500003814697,123.033333333333,0.761578172445297,12.5,433.4588664,159.3555313,274.1033351,360,908.651382165591,1000,2,89.43089431,90.24390244,60.13210098,52.56645591,88.61788618,83.7398374,c(-122.312563, 37.889749)
"13","Albany Waterfront Trail-Albany Bulb","AWT-AB","11/29/2023","12/13/2023",14,"","CA",98920,36.7818181818182,37.9046512881422,5394.99536872654,2072.0355282909,7833.2,7103,6862.90909090909,10501.5,1,29239.0936393744,0.00931134658285047,3140157.37457637,305.811791307068,32.3698784967508,0.0753130094239132,7.54810983557718,2.61915593097923,"Urban and Built-up",14.3500003814697,123.033333333333,0.761578172445297,17.8333333333333,677.3675699,273.9024428,403.4651271,798,908.651382165591,1000,2,89.43089431,90.24390244,60.13210098,52.56645591,88.61788618,83.7398374,c(-122.312563, 37.889749)
"14","Albany Waterfront Trail-Albany Bulb","AWT-AB","11/29/2023","12/13/2023",14,"","CA",98920,36.7818181818182,37.9046512881422,5394.99536872654,2072.0355282909,7833.2,7103,6862.90909090909,10501.5,1,29239.0936393744,0.00931134658285047,3140157.37457637,305.811791307068,32.3698784967508,0.0753130094239132,7.54810983557718,2.61915593097923,"Urban and Built-up",14.3500003814697,123.033333333333,0.761578172445297,19.5,2268.6782265,819.5938821,1449.0843444,556,908.651382165591,1000,2,89.43089431,90.24390244,60.13210098,52.56645591,88.61788618,83.7398374,c(-122.312563, 37.889749)
"15","Albany Waterfront Trail-Albany Bulb","AWT-AB","11/29/2023","12/13/2023",14,"","CA",98920,36.7818181818182,37.9046512881422,5394.99536872654,2072.0355282909,7833.2,7103,6862.90909090909,10501.5,1,29239.0936393744,0.00931134658285047,3140157.37457637,305.811791307068,32.3698784967508,0.0753130094239132,7.54810983557718,2.61915593097923,"Urban and Built-up",14.3500003814697,123.033333333333,0.761578172445297,14.5,141.4407813,141.4407813,0,733,908.651382165591,1000,2,89.43089431,90.24390244,60.13210098,52.56645591,88.61788618,83.7398374,c(-122.312563, 37.889749)
"16","Albany Waterfront Trail-Albany Bulb","AWT-AB","11/29/2023","12/13/2023",14,"","CA",98920,36.7818181818182,37.9046512881422,5394.99536872654,2072.0355282909,7833.2,7103,6862.90909090909,10501.5,1,29239.0936393744,0.00931134658285047,3140157.37457637,305.811791307068,32.3698784967508,0.0753130094239132,7.54810983557718,2.61915593097923,"Urban and Built-up",14.3500003814697,123.033333333333,0.761578172445297,16.5,148.7210886,148.7210886,0,897,908.651382165591,1000,2,89.43089431,90.24390244,60.13210098,52.56645591,88.61788618,83.7398374,c(-122.312563, 37.889749)
"17","Albany Waterfront Trail-Albany Bulb","AWT-AB","11/29/2023","12/13/2023",14,"","CA",98920,36.7818181818182,37.9046512881422,5394.99536872654,2072.0355282909,7833.2,7103,6862.90909090909,10501.5,1,29239.0936393744,0.00931134658285047,3140157.37457637,305.811791307068,32.3698784967508,0.0753130094239132,7.54810983557718,2.61915593097923,"Urban and Built-up",14.3500003814697,123.033333333333,0.761578172445297,13.3333333333333,101.7881501,101.7881501,0,1039,908.651382165591,1000,2,89.43089431,90.24390244,60.13210098,52.56645591,88.61788618,83.7398374,c(-122.312563, 37.889749)
"18","Albany Waterfront Trail-Albany Bulb","AWT-AB","11/29/2023","12/13/2023",14,"","CA",98920,36.7818181818182,37.9046512881422,5394.99536872654,2072.0355282909,7833.2,7103,6862.90909090909,10501.5,1,29239.0936393744,0.00931134658285047,3140157.37457637,305.811791307068,32.3698784967508,0.0753130094239132,7.54810983557718,2.61915593097923,"Urban and Built-up",14.3500003814697,123.033333333333,0.761578172445297,18.3333333333333,297.204467,297.204467,0,483,908.651382165591,1000,2,89.43089431,90.24390244,60.13210098,52.56645591,88.61788618,83.7398374,c(-122.312563, 37.889749)
"19","Albany Waterfront Trail-Albany Bulb","AWT-AB","11/29/2023","12/13/2023",14,"","CA",98920,36.7818181818182,37.9046512881422,5394.99536872654,2072.0355282909,7833.2,7103,6862.90909090909,10501.5,1,29239.0936393744,0.00931134658285047,3140157.37457637,305.811791307068,32.3698784967508,0.0753130094239132,7.54810983557718,2.61915593097923,"Urban and Built-up",14.3500003814697,123.033333333333,0.761578172445297,16.6666666666667,60.974396,60.974396,0,645,908.651382165591,1000,2,89.43089431,90.24390244,60.13210098,52.56645591,88.61788618,83.7398374,c(-122.312563, 37.889749)
"20","Albe Home",NA,"11/21/2022","12/06/2022",15,"IOR","CA",106843.611111111,42.378947368421,34.1557554709148,3257.3838133043,1336.77077543546,8375.125,8460,8073,9281.5,18,63443.7437745701,0.0202040013307069,3140157.37457637,904.164036473487,57.9243578887949,0.15039296130397,58.9620392569955,2.77500118514086,"Urban and Built-up",14.3000001907349,130.016666666667,0.901531100273132,12.8333333333333,49.6784666,49.6784666,0,468,581.992202196402,1000,3,92.68292683,96.74796748,46.27273619,38.10089326,57.72357724,54.47154472,c(-122.3209, 37.942801)
"21","Albe Home",NA,"11/21/2022","12/06/2022",15,"IOR","CA",106843.611111111,42.378947368421,34.1557554709148,3257.3838133043,1336.77077543546,8375.125,8460,8073,9281.5,18,63443.7437745701,0.0202040013307069,3140157.37457637,904.164036473487,57.9243578887949,0.15039296130397,58.9620392569955,2.77500118514086,"Urban and Built-up",14.3000001907349,130.016666666667,0.901531100273132,18.3333333333333,76.1305216,76.1305216,0,399,581.992202196402,1000,3,92.68292683,96.74796748,46.27273619,38.10089326,57.72357724,54.47154472,c(-122.3209, 37.942801)
"22","Albe Home",NA,"11/21/2022","12/06/2022",15,"IOR","CA",106843.611111111,42.378947368421,34.1557554709148,3257.3838133043,1336.77077543546,8375.125,8460,8073,9281.5,18,63443.7437745701,0.0202040013307069,3140157.37457637,904.164036473487,57.9243578887949,0.15039296130397,58.9620392569955,2.77500118514086,"Urban and Built-up",14.3000001907349,130.016666666667,0.901531100273132,15.1666666666667,58.5770318,58.5770318,0,452,581.992202196402,1000,3,92.68292683,96.74796748,46.27273619,38.10089326,57.72357724,54.47154472,c(-122.3209, 37.942801)
"23","Albe Home",NA,"11/21/2022","12/06/2022",15,"IOR","CA",106843.611111111,42.378947368421,34.1557554709148,3257.3838133043,1336.77077543546,8375.125,8460,8073,9281.5,18,63443.7437745701,0.0202040013307069,3140157.37457637,904.164036473487,57.9243578887949,0.15039296130397,58.9620392569955,2.77500118514086,"Urban and Built-up",14.3000001907349,130.016666666667,0.901531100273132,14.8333333333333,61.4606888,61.4606888,0,488,581.992202196402,1000,3,92.68292683,96.74796748,46.27273619,38.10089326,57.72357724,54.47154472,c(-122.3209, 37.942801)
"24","Albe Home",NA,"11/21/2022","12/06/2022",15,"IOR","CA",106843.611111111,42.378947368421,34.1557554709148,3257.3838133043,1336.77077543546,8375.125,8460,8073,9281.5,18,63443.7437745701,0.0202040013307069,3140157.37457637,904.164036473487,57.9243578887949,0.15039296130397,58.9620392569955,2.77500118514086,"Urban and Built-up",14.3000001907349,130.016666666667,0.901531100273132,14.5,56.0064505,56.0064505,0,565,581.992202196402,1000,3,92.68292683,96.74796748,46.27273619,38.10089326,57.72357724,54.47154472,c(-122.3209, 37.942801)
"25","Albe Home",NA,"11/21/2022","12/06/2022",15,"IOR","CA",106843.611111111,42.378947368421,34.1557554709148,3257.3838133043,1336.77077543546,8375.125,8460,8073,9281.5,18,63443.7437745701,0.0202040013307069,3140157.37457637,904.164036473487,57.9243578887949,0.15039296130397,58.9620392569955,2.77500118514086,"Urban and Built-up",14.3000001907349,130.016666666667,0.901531100273132,15,63.9596111,63.9596111,0,539,581.992202196402,1000,3,92.68292683,96.74796748,46.27273619,38.10089326,57.72357724,54.47154472,c(-122.3209, 37.942801)
"26","Albe Home",NA,"11/21/2022","12/06/2022",15,"IOR","CA",106843.611111111,42.378947368421,34.1557554709148,3257.3838133043,1336.77077543546,8375.125,8460,8073,9281.5,18,63443.7437745701,0.0202040013307069,3140157.37457637,904.164036473487,57.9243578887949,0.15039296130397,58.9620392569955,2.77500118514086,"Urban and Built-up",14.3000001907349,130.016666666667,0.901531100273132,16.6666666666667,46.2259854,46.2259854,0,452,581.992202196402,1000,3,92.68292683,96.74796748,46.27273619,38.10089326,57.72357724,54.47154472,c(-122.3209, 37.942801)
"27","Albe Home",NA,"11/21/2022","12/06/2022",15,"IOR","CA",106843.611111111,42.378947368421,34.1557554709148,3257.3838133043,1336.77077543546,8375.125,8460,8073,9281.5,18,63443.7437745701,0.0202040013307069,3140157.37457637,904.164036473487,57.9243578887949,0.15039296130397,58.9620392569955,2.77500118514086,"Urban and Built-up",14.3000001907349,130.016666666667,0.901531100273132,14.5,52.5885633,52.5885633,0,361,581.992202196402,1000,3,92.68292683,96.74796748,46.27273619,38.10089326,57.72357724,54.47154472,c(-122.3209, 37.942801)
"28","Albe Home",NA,"11/21/2022","12/06/2022",15,"IOR","CA",106843.611111111,42.378947368421,34.1557554709148,3257.3838133043,1336.77077543546,8375.125,8460,8073,9281.5,18,63443.7437745701,0.0202040013307069,3140157.37457637,904.164036473487,57.9243578887949,0.15039296130397,58.9620392569955,2.77500118514086,"Urban and Built-up",14.3000001907349,130.016666666667,0.901531100273132,16.1666666666667,70.5727484,70.5727484,0,628,581.992202196402,1000,3,92.68292683,96.74796748,46.27273619,38.10089326,57.72357724,54.47154472,c(-122.3209, 37.942801)
"29","Albe Home",NA,"11/21/2022","12/06/2022",15,"IOR","CA",106843.611111111,42.378947368421,34.1557554709148,3257.3838133043,1336.77077543546,8375.125,8460,8073,9281.5,18,63443.7437745701,0.0202040013307069,3140157.37457637,904.164036473487,57.9243578887949,0.15039296130397,58.9620392569955,2.77500118514086,"Urban and Built-up",14.3000001907349,130.016666666667,0.901531100273132,17.6666666666667,169.0166471,169.0166471,0,542,581.992202196402,1000,3,92.68292683,96.74796748,46.27273619,38.10089326,57.72357724,54.47154472,c(-122.3209, 37.942801)
"30","Albe Home",NA,"11/21/2022","12/06/2022",15,"IOR","CA",106843.611111111,42.378947368421,34.1557554709148,3257.3838133043,1336.77077543546,8375.125,8460,8073,9281.5,18,63443.7437745701,0.0202040013307069,3140157.37457637,904.164036473487,57.9243578887949,0.15039296130397,58.9620392569955,2.77500118514086,"Urban and Built-up",14.3000001907349,130.016666666667,0.901531100273132,10.5,2208.2724076,2208.2724076,0,966,581.992202196402,1000,3,92.68292683,96.74796748,46.27273619,38.10089326,57.72357724,54.47154472,c(-122.3209, 37.942801)
"31","Albe Home",NA,"11/21/2022","12/06/2022",15,"IOR","CA",106843.611111111,42.378947368421,34.1557554709148,3257.3838133043,1336.77077543546,8375.125,8460,8073,9281.5,18,63443.7437745701,0.0202040013307069,3140157.37457637,904.164036473487,57.9243578887949,0.15039296130397,58.9620392569955,2.77500118514086,"Urban and Built-up",14.3000001907349,130.016666666667,0.901531100273132,13.6666666666667,93.1823984,93.1823984,0,513,581.992202196402,1000,3,92.68292683,96.74796748,46.27273619,38.10089326,57.72357724,54.47154472,c(-122.3209, 37.942801)
"32","Albe Home",NA,"11/21/2022","12/06/2022",15,"IOR","CA",106843.611111111,42.378947368421,34.1557554709148,3257.3838133043,1336.77077543546,8375.125,8460,8073,9281.5,18,63443.7437745701,0.0202040013307069,3140157.37457637,904.164036473487,57.9243578887949,0.15039296130397,58.9620392569955,2.77500118514086,"Urban and Built-up",14.3000001907349,130.016666666667,0.901531100273132,13.3333333333333,81.6008214,81.6008214,0,613,581.992202196402,1000,3,92.68292683,96.74796748,46.27273619,38.10089326,57.72357724,54.47154472,c(-122.3209, 37.942801)
"33","Albe Home",NA,"11/21/2022","12/06/2022",15,"IOR","CA",106843.611111111,42.378947368421,34.1557554709148,3257.3838133043,1336.77077543546,8375.125,8460,8073,9281.5,18,63443.7437745701,0.0202040013307069,3140157.37457637,904.164036473487,57.9243578887949,0.15039296130397,58.9620392569955,2.77500118514086,"Urban and Built-up",14.3000001907349,130.016666666667,0.901531100273132,14.6666666666667,66.0985087,66.0985087,0,351,581.992202196402,1000,3,92.68292683,96.74796748,46.27273619,38.10089326,57.72357724,54.47154472,c(-122.3209, 37.942801)
"34","Albe Home",NA,"11/21/2022","12/06/2022",15,"IOR","CA",106843.611111111,42.378947368421,34.1557554709148,3257.3838133043,1336.77077543546,8375.125,8460,8073,9281.5,18,63443.7437745701,0.0202040013307069,3140157.37457637,904.164036473487,57.9243578887949,0.15039296130397,58.9620392569955,2.77500118514086,"Urban and Built-up",14.3000001907349,130.016666666667,0.901531100273132,14.3333333333333,110.7437954,110.7437954,0,605,581.992202196402,1000,3,92.68292683,96.74796748,46.27273619,38.10089326,57.72357724,54.47154472,c(-122.3209, 37.942801)
"35","Albe Home",NA,"11/21/2022","12/06/2022",15,"IOR","CA",106843.611111111,42.378947368421,34.1557554709148,3257.3838133043,1336.77077543546,8375.125,8460,8073,9281.5,18,63443.7437745701,0.0202040013307069,3140157.37457637,904.164036473487,57.9243578887949,0.15039296130397,58.9620392569955,2.77500118514086,"Urban and Built-up",14.3000001907349,130.016666666667,0.901531100273132,9.66666666666667,120.4600145,120.4600145,0,441,581.992202196402,1000,3,92.68292683,96.74796748,46.27273619,38.10089326,57.72357724,54.47154472,c(-122.3209, 37.942801)
"36","Albe Home",NA,"11/21/2022","12/06/2022",15,"IOR","CA",106843.611111111,42.378947368421,34.1557554709148,3257.3838133043,1336.77077543546,8375.125,8460,8073,9281.5,18,63443.7437745701,0.0202040013307069,3140157.37457637,904.164036473487,57.9243578887949,0.15039296130397,58.9620392569955,2.77500118514086,"Urban and Built-up",14.3000001907349,130.016666666667,0.901531100273132,14,74.3244677,74.3244677,0,450,581.992202196402,1000,3,92.68292683,96.74796748,46.27273619,38.10089326,57.72357724,54.47154472,c(-122.3209, 37.942801)
"37","Albe Home",NA,"11/21/2022","12/06/2022",15,"IOR","CA",106843.611111111,42.378947368421,34.1557554709148,3257.3838133043,1336.77077543546,8375.125,8460,8073,9281.5,18,63443.7437745701,0.0202040013307069,3140157.37457637,904.164036473487,57.9243578887949,0.15039296130397,58.9620392569955,2.77500118514086,"Urban and Built-up",14.3000001907349,130.016666666667,0.901531100273132,13.1666666666667,119.9981846,119.9981846,0,824,581.992202196402,1000,3,92.68292683,96.74796748,46.27273619,38.10089326,57.72357724,54.47154472,c(-122.3209, 37.942801)
"38","Albe Home",NA,"11/21/2022","12/06/2022",15,"IOR","CA",106843.611111111,42.378947368421,34.1557554709148,3257.3838133043,1336.77077543546,8375.125,8460,8073,9281.5,18,63443.7437745701,0.0202040013307069,3140157.37457637,904.164036473487,57.9243578887949,0.15039296130397,58.9620392569955,2.77500118514086,"Urban and Built-up",14.3000001907349,130.016666666667,0.901531100273132,13.8333333333333,50.8121614,50.8121614,0,399,581.992202196402,1000,3,92.68292683,96.74796748,46.27273619,38.10089326,57.72357724,54.47154472,c(-122.3209, 37.942801)
"39","Alexander Home",NA,"01/27/2023","02/03/2023",7,"Sarah (Alison + Hoover) Home","CA",112022.1875,42.0352941176471,33.8583504755132,2987.42827047023,1162.05330506862,21409.875,21412.5,21328.1666666667,21655,9,69772.7087573025,0.022219494259173,3140157.37457651,904.395998180659,65.174011299435,0.127046030965911,47.7253600699398,3.13717805344464,"Urban and Built-up",14.3000001907349,129.333333333333,0.927062287926674,18.3333333333333,76.1305216,76.1305216,0,399,488.521859577132,1000,4,91.8699187,91.8699187,56.59650758,41.71351875,69.10569106,77.23577236,c(-122.32046, 37.933188)
"40","Alexander Home",NA,"01/27/2023","02/03/2023",7,"Sarah (Alison + Hoover) Home","CA",112022.1875,42.0352941176471,33.8583504755132,2987.42827047023,1162.05330506862,21409.875,21412.5,21328.1666666667,21655,9,69772.7087573025,0.022219494259173,3140157.37457651,904.395998180659,65.174011299435,0.127046030965911,47.7253600699398,3.13717805344464,"Urban and Built-up",14.3000001907349,129.333333333333,0.927062287926674,14.8333333333333,61.4606888,61.4606888,0,488,488.521859577132,1000,4,91.8699187,91.8699187,56.59650758,41.71351875,69.10569106,77.23577236,c(-122.32046, 37.933188)
"41","Alexander Home",NA,"01/27/2023","02/03/2023",7,"Sarah (Alison + Hoover) Home","CA",112022.1875,42.0352941176471,33.8583504755132,2987.42827047023,1162.05330506862,21409.875,21412.5,21328.1666666667,21655,9,69772.7087573025,0.022219494259173,3140157.37457651,904.395998180659,65.174011299435,0.127046030965911,47.7253600699398,3.13717805344464,"Urban and Built-up",14.3000001907349,129.333333333333,0.927062287926674,14.5,56.0064505,56.0064505,0,565,488.521859577132,1000,4,91.8699187,91.8699187,56.59650758,41.71351875,69.10569106,77.23577236,c(-122.32046, 37.933188)
"42","Alexander Home",NA,"01/27/2023","02/03/2023",7,"Sarah (Alison + Hoover) Home","CA",112022.1875,42.0352941176471,33.8583504755132,2987.42827047023,1162.05330506862,21409.875,21412.5,21328.1666666667,21655,9,69772.7087573025,0.022219494259173,3140157.37457651,904.395998180659,65.174011299435,0.127046030965911,47.7253600699398,3.13717805344464,"Urban and Built-up",14.3000001907349,129.333333333333,0.927062287926674,14.5,52.5885633,52.5885633,0,361,488.521859577132,1000,4,91.8699187,91.8699187,56.59650758,41.71351875,69.10569106,77.23577236,c(-122.32046, 37.933188)
"43","Alexander Home",NA,"01/27/2023","02/03/2023",7,"Sarah (Alison + Hoover) Home","CA",112022.1875,42.0352941176471,33.8583504755132,2987.42827047023,1162.05330506862,21409.875,21412.5,21328.1666666667,21655,9,69772.7087573025,0.022219494259173,3140157.37457651,904.395998180659,65.174011299435,0.127046030965911,47.7253600699398,3.13717805344464,"Urban and Built-up",14.3000001907349,129.333333333333,0.927062287926674,17.1666666666667,124.9038609,124.9038609,0,564,488.521859577132,1000,4,91.8699187,91.8699187,56.59650758,41.71351875,69.10569106,77.23577236,c(-122.32046, 37.933188)
"44","Alexander Home",NA,"01/27/2023","02/03/2023",7,"Sarah (Alison + Hoover) Home","CA",112022.1875,42.0352941176471,33.8583504755132,2987.42827047023,1162.05330506862,21409.875,21412.5,21328.1666666667,21655,9,69772.7087573025,0.022219494259173,3140157.37457651,904.395998180659,65.174011299435,0.127046030965911,47.7253600699398,3.13717805344464,"Urban and Built-up",14.3000001907349,129.333333333333,0.927062287926674,14.8333333333333,105.2764608,105.2764608,0,528,488.521859577132,1000,4,91.8699187,91.8699187,56.59650758,41.71351875,69.10569106,77.23577236,c(-122.32046, 37.933188)
"45","Alexander Home",NA,"01/27/2023","02/03/2023",7,"Sarah (Alison + Hoover) Home","CA",112022.1875,42.0352941176471,33.8583504755132,2987.42827047023,1162.05330506862,21409.875,21412.5,21328.1666666667,21655,9,69772.7087573025,0.022219494259173,3140157.37457651,904.395998180659,65.174011299435,0.127046030965911,47.7253600699398,3.13717805344464,"Urban and Built-up",14.3000001907349,129.333333333333,0.927062287926674,14.5,91.2369801,91.2369801,0,305,488.521859577132,1000,4,91.8699187,91.8699187,56.59650758,41.71351875,69.10569106,77.23577236,c(-122.32046, 37.933188)
"46","Alexander Home",NA,"01/27/2023","02/03/2023",7,"Sarah (Alison + Hoover) Home","CA",112022.1875,42.0352941176471,33.8583504755132,2987.42827047023,1162.05330506862,21409.875,21412.5,21328.1666666667,21655,9,69772.7087573025,0.022219494259173,3140157.37457651,904.395998180659,65.174011299435,0.127046030965911,47.7253600699398,3.13717805344464,"Urban and Built-up",14.3000001907349,129.333333333333,0.927062287926674,17.6666666666667,169.0166471,169.0166471,0,542,488.521859577132,1000,4,91.8699187,91.8699187,56.59650758,41.71351875,69.10569106,77.23577236,c(-122.32046, 37.933188)
"47","Alexander Home",NA,"01/27/2023","02/03/2023",7,"Sarah (Alison + Hoover) Home","CA",112022.1875,42.0352941176471,33.8583504755132,2987.42827047023,1162.05330506862,21409.875,21412.5,21328.1666666667,21655,9,69772.7087573025,0.022219494259173,3140157.37457651,904.395998180659,65.174011299435,0.127046030965911,47.7253600699398,3.13717805344464,"Urban and Built-up",14.3000001907349,129.333333333333,0.927062287926674,13,82.7115359,82.7115359,0,527,488.521859577132,1000,4,91.8699187,91.8699187,56.59650758,41.71351875,69.10569106,77.23577236,c(-122.32046, 37.933188)
"48","Alexander Home",NA,"01/27/2023","02/03/2023",7,"Sarah (Alison + Hoover) Home","CA",112022.1875,42.0352941176471,33.8583504755132,2987.42827047023,1162.05330506862,21409.875,21412.5,21328.1666666667,21655,9,69772.7087573025,0.022219494259173,3140157.37457651,904.395998180659,65.174011299435,0.127046030965911,47.7253600699398,3.13717805344464,"Urban and Built-up",14.3000001907349,129.333333333333,0.927062287926674,13.3333333333333,81.6008214,81.6008214,0,613,488.521859577132,1000,4,91.8699187,91.8699187,56.59650758,41.71351875,69.10569106,77.23577236,c(-122.32046, 37.933188)
"49","Alexander Home",NA,"01/27/2023","02/03/2023",7,"Sarah (Alison + Hoover) Home","CA",112022.1875,42.0352941176471,33.8583504755132,2987.42827047023,1162.05330506862,21409.875,21412.5,21328.1666666667,21655,9,69772.7087573025,0.022219494259173,3140157.37457651,904.395998180659,65.174011299435,0.127046030965911,47.7253600699398,3.13717805344464,"Urban and Built-up",14.3000001907349,129.333333333333,0.927062287926674,14.6666666666667,66.0985087,66.0985087,0,351,488.521859577132,1000,4,91.8699187,91.8699187,56.59650758,41.71351875,69.10569106,77.23577236,c(-122.32046, 37.933188)
"50","Alexander Home",NA,"01/27/2023","02/03/2023",7,"Sarah (Alison + Hoover) Home","CA",112022.1875,42.0352941176471,33.8583504755132,2987.42827047023,1162.05330506862,21409.875,21412.5,21328.1666666667,21655,9,69772.7087573025,0.022219494259173,3140157.37457651,904.395998180659,65.174011299435,0.127046030965911,47.7253600699398,3.13717805344464,"Urban and Built-up",14.3000001907349,129.333333333333,0.927062287926674,11.3333333333333,109.0392996,109.0392996,0,389,488.521859577132,1000,4,91.8699187,91.8699187,56.59650758,41.71351875,69.10569106,77.23577236,c(-122.32046, 37.933188)
"51","Alexander Home",NA,"01/27/2023","02/03/2023",7,"Sarah (Alison + Hoover) Home","CA",112022.1875,42.0352941176471,33.8583504755132,2987.42827047023,1162.05330506862,21409.875,21412.5,21328.1666666667,21655,9,69772.7087573025,0.022219494259173,3140157.37457651,904.395998180659,65.174011299435,0.127046030965911,47.7253600699398,3.13717805344464,"Urban and Built-up",14.3000001907349,129.333333333333,0.927062287926674,14.3333333333333,110.7437954,110.7437954,0,605,488.521859577132,1000,4,91.8699187,91.8699187,56.59650758,41.71351875,69.10569106,77.23577236,c(-122.32046, 37.933188)
"52","Alexander Home",NA,"01/27/2023","02/03/2023",7,"Sarah (Alison + Hoover) Home","CA",112022.1875,42.0352941176471,33.8583504755132,2987.42827047023,1162.05330506862,21409.875,21412.5,21328.1666666667,21655,9,69772.7087573025,0.022219494259173,3140157.37457651,904.395998180659,65.174011299435,0.127046030965911,47.7253600699398,3.13717805344464,"Urban and Built-up",14.3000001907349,129.333333333333,0.927062287926674,14.6666666666667,48.7466525,48.7466525,0,415,488.521859577132,1000,4,91.8699187,91.8699187,56.59650758,41.71351875,69.10569106,77.23577236,c(-122.32046, 37.933188)
"53","Alexander Home",NA,"01/27/2023","02/03/2023",7,"Sarah (Alison + Hoover) Home","CA",112022.1875,42.0352941176471,33.8583504755132,2987.42827047023,1162.05330506862,21409.875,21412.5,21328.1666666667,21655,9,69772.7087573025,0.022219494259173,3140157.37457651,904.395998180659,65.174011299435,0.127046030965911,47.7253600699398,3.13717805344464,"Urban and Built-up",14.3000001907349,129.333333333333,0.927062287926674,18.6666666666667,83.243048,83.243048,0,453,488.521859577132,1000,4,91.8699187,91.8699187,56.59650758,41.71351875,69.10569106,77.23577236,c(-122.32046, 37.933188)
"54","Alexander Home",NA,"01/27/2023","02/03/2023",7,"Sarah (Alison + Hoover) Home","CA",112022.1875,42.0352941176471,33.8583504755132,2987.42827047023,1162.05330506862,21409.875,21412.5,21328.1666666667,21655,9,69772.7087573025,0.022219494259173,3140157.37457651,904.395998180659,65.174011299435,0.127046030965911,47.7253600699398,3.13717805344464,"Urban and Built-up",14.3000001907349,129.333333333333,0.927062287926674,19.3333333333333,63.1481347,63.1481347,0,367,488.521859577132,1000,4,91.8699187,91.8699187,56.59650758,41.71351875,69.10569106,77.23577236,c(-122.32046, 37.933188)
"55","Alexander Home",NA,"01/27/2023","02/03/2023",7,"Sarah (Alison + Hoover) Home","CA",112022.1875,42.0352941176471,33.8583504755132,2987.42827047023,1162.05330506862,21409.875,21412.5,21328.1666666667,21655,9,69772.7087573025,0.022219494259173,3140157.37457651,904.395998180659,65.174011299435,0.127046030965911,47.7253600699398,3.13717805344464,"Urban and Built-up",14.3000001907349,129.333333333333,0.927062287926674,13.1666666666667,119.9981846,119.9981846,0,824,488.521859577132,1000,4,91.8699187,91.8699187,56.59650758,41.71351875,69.10569106,77.23577236,c(-122.32046, 37.933188)
"56","Alexander Home",NA,"01/27/2023","02/03/2023",7,"Sarah (Alison + Hoover) Home","CA",112022.1875,42.0352941176471,33.8583504755132,2987.42827047023,1162.05330506862,21409.875,21412.5,21328.1666666667,21655,9,69772.7087573025,0.022219494259173,3140157.37457651,904.395998180659,65.174011299435,0.127046030965911,47.7253600699398,3.13717805344464,"Urban and Built-up",14.3000001907349,129.333333333333,0.927062287926674,13.8333333333333,50.8121614,50.8121614,0,399,488.521859577132,1000,4,91.8699187,91.8699187,56.59650758,41.71351875,69.10569106,77.23577236,c(-122.32046, 37.933188)
"57","Andrews Home",NA,"01/25/2023","02/11/2023",17,"","CA",178170.470588235,45.0941176470588,58.6954373226225,3516.15330723526,1533.20084396315,9038.16666666667,8973.5,9255.69230769231,8472.6,31,50464.3542284818,0.0160706449418931,3140157.37457622,823.147192005563,46.7577552171461,0.178923064174543,79.1118039126437,3.23101582156397,"Urban and Built-up",14.2166665395101,107.65,0.893137380480766,13.8333333333333,149.9630132,149.9630132,0,466,409.360657627075,1000,5,54.47154472,36.58536585,35.33385722,32.95785471,37.39837398,26.01626016,c(-122.221358, 37.808965)
"58","Andrews Home",NA,"01/25/2023","02/11/2023",17,"","CA",178170.470588235,45.0941176470588,58.6954373226225,3516.15330723526,1533.20084396315,9038.16666666667,8973.5,9255.69230769231,8472.6,31,50464.3542284818,0.0160706449418931,3140157.37457622,823.147192005563,46.7577552171461,0.178923064174543,79.1118039126437,3.23101582156397,"Urban and Built-up",14.2166665395101,107.65,0.893137380480766,13.5,93.4635982,93.4635982,0,676,409.360657627075,1000,5,54.47154472,36.58536585,35.33385722,32.95785471,37.39837398,26.01626016,c(-122.221358, 37.808965)
"59","Andrews Home",NA,"01/25/2023","02/11/2023",17,"","CA",178170.470588235,45.0941176470588,58.6954373226225,3516.15330723526,1533.20084396315,9038.16666666667,8973.5,9255.69230769231,8472.6,31,50464.3542284818,0.0160706449418931,3140157.37457622,823.147192005563,46.7577552171461,0.178923064174543,79.1118039126437,3.23101582156397,"Urban and Built-up",14.2166665395101,107.65,0.893137380480766,14.6666666666667,58.3934365,58.3934365,0,528,409.360657627075,1000,5,54.47154472,36.58536585,35.33385722,32.95785471,37.39837398,26.01626016,c(-122.221358, 37.808965)
"60","Andrews Home",NA,"01/25/2023","02/11/2023",17,"","CA",178170.470588235,45.0941176470588,58.6954373226225,3516.15330723526,1533.20084396315,9038.16666666667,8973.5,9255.69230769231,8472.6,31,50464.3542284818,0.0160706449418931,3140157.37457622,823.147192005563,46.7577552171461,0.178923064174543,79.1118039126437,3.23101582156397,"Urban and Built-up",14.2166665395101,107.65,0.893137380480766,17,59.0858107,59.0858107,0,612,409.360657627075,1000,5,54.47154472,36.58536585,35.33385722,32.95785471,37.39837398,26.01626016,c(-122.221358, 37.808965)
"61","Andrews Home",NA,"01/25/2023","02/11/2023",17,"","CA",178170.470588235,45.0941176470588,58.6954373226225,3516.15330723526,1533.20084396315,9038.16666666667,8973.5,9255.69230769231,8472.6,31,50464.3542284818,0.0160706449418931,3140157.37457622,823.147192005563,46.7577552171461,0.178923064174543,79.1118039126437,3.23101582156397,"Urban and Built-up",14.2166665395101,107.65,0.893137380480766,15.5,56.2419368,56.2419368,0,578,409.360657627075,1000,5,54.47154472,36.58536585,35.33385722,32.95785471,37.39837398,26.01626016,c(-122.221358, 37.808965)
"62","Andrews Home",NA,"01/25/2023","02/11/2023",17,"","CA",178170.470588235,45.0941176470588,58.6954373226225,3516.15330723526,1533.20084396315,9038.16666666667,8973.5,9255.69230769231,8472.6,31,50464.3542284818,0.0160706449418931,3140157.37457622,823.147192005563,46.7577552171461,0.178923064174543,79.1118039126437,3.23101582156397,"Urban and Built-up",14.2166665395101,107.65,0.893137380480766,15.6666666666667,76.1426295,76.1426295,0,701,409.360657627075,1000,5,54.47154472,36.58536585,35.33385722,32.95785471,37.39837398,26.01626016,c(-122.221358, 37.808965)
"63","Andrews Home",NA,"01/25/2023","02/11/2023",17,"","CA",178170.470588235,45.0941176470588,58.6954373226225,3516.15330723526,1533.20084396315,9038.16666666667,8973.5,9255.69230769231,8472.6,31,50464.3542284818,0.0160706449418931,3140157.37457622,823.147192005563,46.7577552171461,0.178923064174543,79.1118039126437,3.23101582156397,"Urban and Built-up",14.2166665395101,107.65,0.893137380480766,11.6666666666667,168.7352002,168.7352002,0,499,409.360657627075,1000,5,54.47154472,36.58536585,35.33385722,32.95785471,37.39837398,26.01626016,c(-122.221358, 37.808965)
"64","Andrews Home",NA,"01/25/2023","02/11/2023",17,"","CA",178170.470588235,45.0941176470588,58.6954373226225,3516.15330723526,1533.20084396315,9038.16666666667,8973.5,9255.69230769231,8472.6,31,50464.3542284818,0.0160706449418931,3140157.37457622,823.147192005563,46.7577552171461,0.178923064174543,79.1118039126437,3.23101582156397,"Urban and Built-up",14.2166665395101,107.65,0.893137380480766,12.8333333333333,139.3280763,139.3280763,0,323,409.360657627075,1000,5,54.47154472,36.58536585,35.33385722,32.95785471,37.39837398,26.01626016,c(-122.221358, 37.808965)
"65","Andrews Home",NA,"01/25/2023","02/11/2023",17,"","CA",178170.470588235,45.0941176470588,58.6954373226225,3516.15330723526,1533.20084396315,9038.16666666667,8973.5,9255.69230769231,8472.6,31,50464.3542284818,0.0160706449418931,3140157.37457622,823.147192005563,46.7577552171461,0.178923064174543,79.1118039126437,3.23101582156397,"Urban and Built-up",14.2166665395101,107.65,0.893137380480766,13.1666666666667,39.6459595,39.6459595,0,440,409.360657627075,1000,5,54.47154472,36.58536585,35.33385722,32.95785471,37.39837398,26.01626016,c(-122.221358, 37.808965)
"66","Andrews Home",NA,"01/25/2023","02/11/2023",17,"","CA",178170.470588235,45.0941176470588,58.6954373226225,3516.15330723526,1533.20084396315,9038.16666666667,8973.5,9255.69230769231,8472.6,31,50464.3542284818,0.0160706449418931,3140157.37457622,823.147192005563,46.7577552171461,0.178923064174543,79.1118039126437,3.23101582156397,"Urban and Built-up",14.2166665395101,107.65,0.893137380480766,16.3333333333333,93.4240622,93.4240622,0,698,409.360657627075,1000,5,54.47154472,36.58536585,35.33385722,32.95785471,37.39837398,26.01626016,c(-122.221358, 37.808965)
"67","Andrews Home",NA,"01/25/2023","02/11/2023",17,"","CA",178170.470588235,45.0941176470588,58.6954373226225,3516.15330723526,1533.20084396315,9038.16666666667,8973.5,9255.69230769231,8472.6,31,50464.3542284818,0.0160706449418931,3140157.37457622,823.147192005563,46.7577552171461,0.178923064174543,79.1118039126437,3.23101582156397,"Urban and Built-up",14.2166665395101,107.65,0.893137380480766,14.8333333333333,80.5266777,80.5266777,0,522,409.360657627075,1000,5,54.47154472,36.58536585,35.33385722,32.95785471,37.39837398,26.01626016,c(-122.221358, 37.808965)
"68","Andrews Home",NA,"01/25/2023","02/11/2023",17,"","CA",178170.470588235,45.0941176470588,58.6954373226225,3516.15330723526,1533.20084396315,9038.16666666667,8973.5,9255.69230769231,8472.6,31,50464.3542284818,0.0160706449418931,3140157.37457622,823.147192005563,46.7577552171461,0.178923064174543,79.1118039126437,3.23101582156397,"Urban and Built-up",14.2166665395101,107.65,0.893137380480766,15,49.0673883,49.0673883,0,357,409.360657627075,1000,5,54.47154472,36.58536585,35.33385722,32.95785471,37.39837398,26.01626016,c(-122.221358, 37.808965)
"69","Andrews Home",NA,"01/25/2023","02/11/2023",17,"","CA",178170.470588235,45.0941176470588,58.6954373226225,3516.15330723526,1533.20084396315,9038.16666666667,8973.5,9255.69230769231,8472.6,31,50464.3542284818,0.0160706449418931,3140157.37457622,823.147192005563,46.7577552171461,0.178923064174543,79.1118039126437,3.23101582156397,"Urban and Built-up",14.2166665395101,107.65,0.893137380480766,14.3333333333333,69.8092094,69.8092094,0,429,409.360657627075,1000,5,54.47154472,36.58536585,35.33385722,32.95785471,37.39837398,26.01626016,c(-122.221358, 37.808965)
"70","Andrews Home",NA,"01/25/2023","02/11/2023",17,"","CA",178170.470588235,45.0941176470588,58.6954373226225,3516.15330723526,1533.20084396315,9038.16666666667,8973.5,9255.69230769231,8472.6,31,50464.3542284818,0.0160706449418931,3140157.37457622,823.147192005563,46.7577552171461,0.178923064174543,79.1118039126437,3.23101582156397,"Urban and Built-up",14.2166665395101,107.65,0.893137380480766,13.8333333333333,69.6822,69.6822,0,520,409.360657627075,1000,5,54.47154472,36.58536585,35.33385722,32.95785471,37.39837398,26.01626016,c(-122.221358, 37.808965)
"71","Andrews Home",NA,"01/25/2023","02/11/2023",17,"","CA",178170.470588235,45.0941176470588,58.6954373226225,3516.15330723526,1533.20084396315,9038.16666666667,8973.5,9255.69230769231,8472.6,31,50464.3542284818,0.0160706449418931,3140157.37457622,823.147192005563,46.7577552171461,0.178923064174543,79.1118039126437,3.23101582156397,"Urban and Built-up",14.2166665395101,107.65,0.893137380480766,14.6666666666667,61.8152773,61.8152773,0,832,409.360657627075,1000,5,54.47154472,36.58536585,35.33385722,32.95785471,37.39837398,26.01626016,c(-122.221358, 37.808965)
"72","Andrews Home",NA,"01/25/2023","02/11/2023",17,"","CA",178170.470588235,45.0941176470588,58.6954373226225,3516.15330723526,1533.20084396315,9038.16666666667,8973.5,9255.69230769231,8472.6,31,50464.3542284818,0.0160706449418931,3140157.37457622,823.147192005563,46.7577552171461,0.178923064174543,79.1118039126437,3.23101582156397,"Urban and Built-up",14.2166665395101,107.65,0.893137380480766,12.8333333333333,93.737385,93.737385,0,313,409.360657627075,1000,5,54.47154472,36.58536585,35.33385722,32.95785471,37.39837398,26.01626016,c(-122.221358, 37.808965)
"73","Andrews Home",NA,"01/25/2023","02/11/2023",17,"","CA",178170.470588235,45.0941176470588,58.6954373226225,3516.15330723526,1533.20084396315,9038.16666666667,8973.5,9255.69230769231,8472.6,31,50464.3542284818,0.0160706449418931,3140157.37457622,823.147192005563,46.7577552171461,0.178923064174543,79.1118039126437,3.23101582156397,"Urban and Built-up",14.2166665395101,107.65,0.893137380480766,14.1666666666667,64.7033821,64.7033821,0,690,409.360657627075,1000,5,54.47154472,36.58536585,35.33385722,32.95785471,37.39837398,26.01626016,c(-122.221358, 37.808965)
"74","Bataclan Home",NA,"01/24/2023","02/11/2023",18,"Therese Home","CA",97470.4074074074,37.2962962962963,49.6147600337292,6147.16581296314,3339.48929780823,47398.4736842105,48167,49770.2142857143,40757.6,105,76804.3582669087,0.0244587608534297,3140157.37457684,871.830886592005,71.9602480969833,0.10229298757729,33.0835695066873,3.90332348824778,"Urban and Built-up",14.25,108.46,0.948107212781906,17.3333333333333,46.7960451,46.7960451,0,401,604.576371297946,1000,6,72.35772358,74.79674797,54.72614651,41.42096796,68.29268293,71.54471545,c(-122.257263, 37.828543)
"75","Bataclan Home",NA,"01/24/2023","02/11/2023",18,"Therese Home","CA",97470.4074074074,37.2962962962963,49.6147600337292,6147.16581296314,3339.48929780823,47398.4736842105,48167,49770.2142857143,40757.6,105,76804.3582669087,0.0244587608534297,3140157.37457684,871.830886592005,71.9602480969833,0.10229298757729,33.0835695066873,3.90332348824778,"Urban and Built-up",14.25,108.46,0.948107212781906,16.3333333333333,80.2934153,80.2934153,0,652,604.576371297946,1000,6,72.35772358,74.79674797,54.72614651,41.42096796,68.29268293,71.54471545,c(-122.257263, 37.828543)
"76","Bataclan Home",NA,"01/24/2023","02/11/2023",18,"Therese Home","CA",97470.4074074074,37.2962962962963,49.6147600337292,6147.16581296314,3339.48929780823,47398.4736842105,48167,49770.2142857143,40757.6,105,76804.3582669087,0.0244587608534297,3140157.37457684,871.830886592005,71.9602480969833,0.10229298757729,33.0835695066873,3.90332348824778,"Urban and Built-up",14.25,108.46,0.948107212781906,15.5,81.3818908,81.3818908,0,727,604.576371297946,1000,6,72.35772358,74.79674797,54.72614651,41.42096796,68.29268293,71.54471545,c(-122.257263, 37.828543)
"77","Bataclan Home",NA,"01/24/2023","02/11/2023",18,"Therese Home","CA",97470.4074074074,37.2962962962963,49.6147600337292,6147.16581296314,3339.48929780823,47398.4736842105,48167,49770.2142857143,40757.6,105,76804.3582669087,0.0244587608534297,3140157.37457684,871.830886592005,71.9602480969833,0.10229298757729,33.0835695066873,3.90332348824778,"Urban and Built-up",14.25,108.46,0.948107212781906,18,35.8040487,35.8040487,0,482,604.576371297946,1000,6,72.35772358,74.79674797,54.72614651,41.42096796,68.29268293,71.54471545,c(-122.257263, 37.828543)
"78","Bataclan Home",NA,"01/24/2023","02/11/2023",18,"Therese Home","CA",97470.4074074074,37.2962962962963,49.6147600337292,6147.16581296314,3339.48929780823,47398.4736842105,48167,49770.2142857143,40757.6,105,76804.3582669087,0.0244587608534297,3140157.37457684,871.830886592005,71.9602480969833,0.10229298757729,33.0835695066873,3.90332348824778,"Urban and Built-up",14.25,108.46,0.948107212781906,15,109.9760557,109.9760557,0,592,604.576371297946,1000,6,72.35772358,74.79674797,54.72614651,41.42096796,68.29268293,71.54471545,c(-122.257263, 37.828543)
"79","Bataclan Home",NA,"01/24/2023","02/11/2023",18,"Therese Home","CA",97470.4074074074,37.2962962962963,49.6147600337292,6147.16581296314,3339.48929780823,47398.4736842105,48167,49770.2142857143,40757.6,105,76804.3582669087,0.0244587608534297,3140157.37457684,871.830886592005,71.9602480969833,0.10229298757729,33.0835695066873,3.90332348824778,"Urban and Built-up",14.25,108.46,0.948107212781906,13.1666666666667,32.2744723,32.2744723,0,1116,604.576371297946,1000,6,72.35772358,74.79674797,54.72614651,41.42096796,68.29268293,71.54471545,c(-122.257263, 37.828543)
"80","Bataclan Home",NA,"01/24/2023","02/11/2023",18,"Therese Home","CA",97470.4074074074,37.2962962962963,49.6147600337292,6147.16581296314,3339.48929780823,47398.4736842105,48167,49770.2142857143,40757.6,105,76804.3582669087,0.0244587608534297,3140157.37457684,871.830886592005,71.9602480969833,0.10229298757729,33.0835695066873,3.90332348824778,"Urban and Built-up",14.25,108.46,0.948107212781906,13.1666666666667,58.4077683,58.4077683,0,772,604.576371297946,1000,6,72.35772358,74.79674797,54.72614651,41.42096796,68.29268293,71.54471545,c(-122.257263, 37.828543)
"81","Bataclan Home",NA,"01/24/2023","02/11/2023",18,"Therese Home","CA",97470.4074074074,37.2962962962963,49.6147600337292,6147.16581296314,3339.48929780823,47398.4736842105,48167,49770.2142857143,40757.6,105,76804.3582669087,0.0244587608534297,3140157.37457684,871.830886592005,71.9602480969833,0.10229298757729,33.0835695066873,3.90332348824778,"Urban and Built-up",14.25,108.46,0.948107212781906,17.5,70.2937725,70.2937725,0,603,604.576371297946,1000,6,72.35772358,74.79674797,54.72614651,41.42096796,68.29268293,71.54471545,c(-122.257263, 37.828543)
"82","Bataclan Home",NA,"01/24/2023","02/11/2023",18,"Therese Home","CA",97470.4074074074,37.2962962962963,49.6147600337292,6147.16581296314,3339.48929780823,47398.4736842105,48167,49770.2142857143,40757.6,105,76804.3582669087,0.0244587608534297,3140157.37457684,871.830886592005,71.9602480969833,0.10229298757729,33.0835695066873,3.90332348824778,"Urban and Built-up",14.25,108.46,0.948107212781906,17.8333333333333,76.2839707,76.2839707,0,697,604.576371297946,1000,6,72.35772358,74.79674797,54.72614651,41.42096796,68.29268293,71.54471545,c(-122.257263, 37.828543)
"83","Bataclan Home",NA,"01/24/2023","02/11/2023",18,"Therese Home","CA",97470.4074074074,37.2962962962963,49.6147600337292,6147.16581296314,3339.48929780823,47398.4736842105,48167,49770.2142857143,40757.6,105,76804.3582669087,0.0244587608534297,3140157.37457684,871.830886592005,71.9602480969833,0.10229298757729,33.0835695066873,3.90332348824778,"Urban and Built-up",14.25,108.46,0.948107212781906,17,65.4874304,65.4874304,0,1163,604.576371297946,1000,6,72.35772358,74.79674797,54.72614651,41.42096796,68.29268293,71.54471545,c(-122.257263, 37.828543)
"84","Bataclan Home",NA,"01/24/2023","02/11/2023",18,"Therese Home","CA",97470.4074074074,37.2962962962963,49.6147600337292,6147.16581296314,3339.48929780823,47398.4736842105,48167,49770.2142857143,40757.6,105,76804.3582669087,0.0244587608534297,3140157.37457684,871.830886592005,71.9602480969833,0.10229298757729,33.0835695066873,3.90332348824778,"Urban and Built-up",14.25,108.46,0.948107212781906,12.6666666666667,465.3552757,465.3552757,0,590,604.576371297946,1000,6,72.35772358,74.79674797,54.72614651,41.42096796,68.29268293,71.54471545,c(-122.257263, 37.828543)
"85","Bataclan Home",NA,"01/24/2023","02/11/2023",18,"Therese Home","CA",97470.4074074074,37.2962962962963,49.6147600337292,6147.16581296314,3339.48929780823,47398.4736842105,48167,49770.2142857143,40757.6,105,76804.3582669087,0.0244587608534297,3140157.37457684,871.830886592005,71.9602480969833,0.10229298757729,33.0835695066873,3.90332348824778,"Urban and Built-up",14.25,108.46,0.948107212781906,17,66.5556437,66.5556437,0,728,604.576371297946,1000,6,72.35772358,74.79674797,54.72614651,41.42096796,68.29268293,71.54471545,c(-122.257263, 37.828543)
"86","Bataclan Home",NA,"01/24/2023","02/11/2023",18,"Therese Home","CA",97470.4074074074,37.2962962962963,49.6147600337292,6147.16581296314,3339.48929780823,47398.4736842105,48167,49770.2142857143,40757.6,105,76804.3582669087,0.0244587608534297,3140157.37457684,871.830886592005,71.9602480969833,0.10229298757729,33.0835695066873,3.90332348824778,"Urban and Built-up",14.25,108.46,0.948107212781906,15.5,68.7958523,68.7958523,0,761,604.576371297946,1000,6,72.35772358,74.79674797,54.72614651,41.42096796,68.29268293,71.54471545,c(-122.257263, 37.828543)
"87","Bataclan Home",NA,"01/24/2023","02/11/2023",18,"Therese Home","CA",97470.4074074074,37.2962962962963,49.6147600337292,6147.16581296314,3339.48929780823,47398.4736842105,48167,49770.2142857143,40757.6,105,76804.3582669087,0.0244587608534297,3140157.37457684,871.830886592005,71.9602480969833,0.10229298757729,33.0835695066873,3.90332348824778,"Urban and Built-up",14.25,108.46,0.948107212781906,18,41.6961482,41.6961482,0,406,604.576371297946,1000,6,72.35772358,74.79674797,54.72614651,41.42096796,68.29268293,71.54471545,c(-122.257263, 37.828543)
"88","Bataclan Home",NA,"01/24/2023","02/11/2023",18,"Therese Home","CA",97470.4074074074,37.2962962962963,49.6147600337292,6147.16581296314,3339.48929780823,47398.4736842105,48167,49770.2142857143,40757.6,105,76804.3582669087,0.0244587608534297,3140157.37457684,871.830886592005,71.9602480969833,0.10229298757729,33.0835695066873,3.90332348824778,"Urban and Built-up",14.25,108.46,0.948107212781906,12.5,50.5732157,50.5732157,0,488,604.576371297946,1000,6,72.35772358,74.79674797,54.72614651,41.42096796,68.29268293,71.54471545,c(-122.257263, 37.828543)
"89","Bataclan Home",NA,"01/24/2023","02/11/2023",18,"Therese Home","CA",97470.4074074074,37.2962962962963,49.6147600337292,6147.16581296314,3339.48929780823,47398.4736842105,48167,49770.2142857143,40757.6,105,76804.3582669087,0.0244587608534297,3140157.37457684,871.830886592005,71.9602480969833,0.10229298757729,33.0835695066873,3.90332348824778,"Urban and Built-up",14.25,108.46,0.948107212781906,14,35.8218399,35.8218399,0,427,604.576371297946,1000,6,72.35772358,74.79674797,54.72614651,41.42096796,68.29268293,71.54471545,c(-122.257263, 37.828543)
"90","Bataclan Home",NA,"01/24/2023","02/11/2023",18,"Therese Home","CA",97470.4074074074,37.2962962962963,49.6147600337292,6147.16581296314,3339.48929780823,47398.4736842105,48167,49770.2142857143,40757.6,105,76804.3582669087,0.0244587608534297,3140157.37457684,871.830886592005,71.9602480969833,0.10229298757729,33.0835695066873,3.90332348824778,"Urban and Built-up",14.25,108.46,0.948107212781906,16.5,57.9911577,57.9911577,0,695,604.576371297946,1000,6,72.35772358,74.79674797,54.72614651,41.42096796,68.29268293,71.54471545,c(-122.257263, 37.828543)
"91","Bataclan Home",NA,"01/24/2023","02/11/2023",18,"Therese Home","CA",97470.4074074074,37.2962962962963,49.6147600337292,6147.16581296314,3339.48929780823,47398.4736842105,48167,49770.2142857143,40757.6,105,76804.3582669087,0.0244587608534297,3140157.37457684,871.830886592005,71.9602480969833,0.10229298757729,33.0835695066873,3.90332348824778,"Urban and Built-up",14.25,108.46,0.948107212781906,15.1666666666667,34.9337625,34.9337625,0,421,604.576371297946,1000,6,72.35772358,74.79674797,54.72614651,41.42096796,68.29268293,71.54471545,c(-122.257263, 37.828543)
"92","Bataclan Home",NA,"01/24/2023","02/11/2023",18,"Therese Home","CA",97470.4074074074,37.2962962962963,49.6147600337292,6147.16581296314,3339.48929780823,47398.4736842105,48167,49770.2142857143,40757.6,105,76804.3582669087,0.0244587608534297,3140157.37457684,871.830886592005,71.9602480969833,0.10229298757729,33.0835695066873,3.90332348824778,"Urban and Built-up",14.25,108.46,0.948107212781906,15.1666666666667,53.4931964,53.4931964,0,517,604.576371297946,1000,6,72.35772358,74.79674797,54.72614651,41.42096796,68.29268293,71.54471545,c(-122.257263, 37.828543)
"93","Bataclan Home",NA,"01/24/2023","02/11/2023",18,"Therese Home","CA",97470.4074074074,37.2962962962963,49.6147600337292,6147.16581296314,3339.48929780823,47398.4736842105,48167,49770.2142857143,40757.6,105,76804.3582669087,0.0244587608534297,3140157.37457684,871.830886592005,71.9602480969833,0.10229298757729,33.0835695066873,3.90332348824778,"Urban and Built-up",14.25,108.46,0.948107212781906,16.1666666666667,50.9814249,50.9814249,0,602,604.576371297946,1000,6,72.35772358,74.79674797,54.72614651,41.42096796,68.29268293,71.54471545,c(-122.257263, 37.828543)
"94","Bataclan Home",NA,"01/24/2023","02/11/2023",18,"Therese Home","CA",97470.4074074074,37.2962962962963,49.6147600337292,6147.16581296314,3339.48929780823,47398.4736842105,48167,49770.2142857143,40757.6,105,76804.3582669087,0.0244587608534297,3140157.37457684,871.830886592005,71.9602480969833,0.10229298757729,33.0835695066873,3.90332348824778,"Urban and Built-up",14.25,108.46,0.948107212781906,15.1666666666667,70.2174186,70.2174186,0,1018,604.576371297946,1000,6,72.35772358,74.79674797,54.72614651,41.42096796,68.29268293,71.54471545,c(-122.257263, 37.828543)
"95","Bataclan Home",NA,"01/24/2023","02/11/2023",18,"Therese Home","CA",97470.4074074074,37.2962962962963,49.6147600337292,6147.16581296314,3339.48929780823,47398.4736842105,48167,49770.2142857143,40757.6,105,76804.3582669087,0.0244587608534297,3140157.37457684,871.830886592005,71.9602480969833,0.10229298757729,33.0835695066873,3.90332348824778,"Urban and Built-up",14.25,108.46,0.948107212781906,17,29.0325203,29.0325203,0,389,604.576371297946,1000,6,72.35772358,74.79674797,54.72614651,41.42096796,68.29268293,71.54471545,c(-122.257263, 37.828543)
"96","Bataclan Home",NA,"01/24/2023","02/11/2023",18,"Therese Home","CA",97470.4074074074,37.2962962962963,49.6147600337292,6147.16581296314,3339.48929780823,47398.4736842105,48167,49770.2142857143,40757.6,105,76804.3582669087,0.0244587608534297,3140157.37457684,871.830886592005,71.9602480969833,0.10229298757729,33.0835695066873,3.90332348824778,"Urban and Built-up",14.25,108.46,0.948107212781906,14.8333333333333,36.4116676,36.4116676,0,852,604.576371297946,1000,6,72.35772358,74.79674797,54.72614651,41.42096796,68.29268293,71.54471545,c(-122.257263, 37.828543)
"97","Bataclan Home",NA,"01/24/2023","02/11/2023",18,"Therese Home","CA",97470.4074074074,37.2962962962963,49.6147600337292,6147.16581296314,3339.48929780823,47398.4736842105,48167,49770.2142857143,40757.6,105,76804.3582669087,0.0244587608534297,3140157.37457684,871.830886592005,71.9602480969833,0.10229298757729,33.0835695066873,3.90332348824778,"Urban and Built-up",14.25,108.46,0.948107212781906,17.6666666666667,20.4638336,20.4638336,0,553,604.576371297946,1000,6,72.35772358,74.79674797,54.72614651,41.42096796,68.29268293,71.54471545,c(-122.257263, 37.828543)
"98","Bataclan Home",NA,"01/24/2023","02/11/2023",18,"Therese Home","CA",97470.4074074074,37.2962962962963,49.6147600337292,6147.16581296314,3339.48929780823,47398.4736842105,48167,49770.2142857143,40757.6,105,76804.3582669087,0.0244587608534297,3140157.37457684,871.830886592005,71.9602480969833,0.10229298757729,33.0835695066873,3.90332348824778,"Urban and Built-up",14.25,108.46,0.948107212781906,15.6666666666667,45.2165819,45.2165819,0,795,604.576371297946,1000,6,72.35772358,74.79674797,54.72614651,41.42096796,68.29268293,71.54471545,c(-122.257263, 37.828543)
"99","Bates-Luterman Home",NA,"11/28/2023","12/05/2023",7,"","CA",63842.875,34.725,11.5626091556869,7984.27795755183,2518.24408212152,15974,15117,15410.8333333333,17663.5,4,54522.5244600595,0.0173629910721935,3140157.3745768,762.211481288782,69.9786336800674,0.103276561949103,31.3302656539953,3.42763783841426,"Urban and Built-up",14.266666730245,101.783333333333,0.938854292035103,16.6666666666667,38.2347714,38.2347714,0,726,1140.39920502624,1000,7,47.15447154,66.66666667,47.93724469,39.66939932,64.22764228,59.3495935,c(-122.2123669, 37.7824258)
"100","Bates-Luterman Home",NA,"11/28/2023","12/05/2023",7,"","CA",63842.875,34.725,11.5626091556869,7984.27795755183,2518.24408212152,15974,15117,15410.8333333333,17663.5,4,54522.5244600595,0.0173629910721935,3140157.3745768,762.211481288782,69.9786336800674,0.103276561949103,31.3302656539953,3.42763783841426,"Urban and Built-up",14.266666730245,101.783333333333,0.938854292035103,17.5,46.321366,46.321366,0,534,1140.39920502624,1000,7,47.15447154,66.66666667,47.93724469,39.66939932,64.22764228,59.3495935,c(-122.2123669, 37.7824258)
"101","Bates-Luterman Home",NA,"11/28/2023","12/05/2023",7,"","CA",63842.875,34.725,11.5626091556869,7984.27795755183,2518.24408212152,15974,15117,15410.8333333333,17663.5,4,54522.5244600595,0.0173629910721935,3140157.3745768,762.211481288782,69.9786336800674,0.103276561949103,31.3302656539953,3.42763783841426,"Urban and Built-up",14.266666730245,101.783333333333,0.938854292035103,17.1666666666667,37.8478128,37.8478128,0,621,1140.39920502624,1000,7,47.15447154,66.66666667,47.93724469,39.66939932,64.22764228,59.3495935,c(-122.2123669, 37.7824258)
"102","Bates-Luterman Home",NA,"11/28/2023","12/05/2023",7,"","CA",63842.875,34.725,11.5626091556869,7984.27795755183,2518.24408212152,15974,15117,15410.8333333333,17663.5,4,54522.5244600595,0.0173629910721935,3140157.3745768,762.211481288782,69.9786336800674,0.103276561949103,31.3302656539953,3.42763783841426,"Urban and Built-up",14.266666730245,101.783333333333,0.938854292035103,17,54.2900939,54.2900939,0,654,1140.39920502624,1000,7,47.15447154,66.66666667,47.93724469,39.66939932,64.22764228,59.3495935,c(-122.2123669, 37.7824258)
"103","Bates-Luterman Home",NA,"11/28/2023","12/05/2023",7,"","CA",63842.875,34.725,11.5626091556869,7984.27795755183,2518.24408212152,15974,15117,15410.8333333333,17663.5,4,54522.5244600595,0.0173629910721935,3140157.3745768,762.211481288782,69.9786336800674,0.103276561949103,31.3302656539953,3.42763783841426,"Urban and Built-up",14.266666730245,101.783333333333,0.938854292035103,12.6666666666667,46.2647801,46.2647801,0,457,1140.39920502624,1000,7,47.15447154,66.66666667,47.93724469,39.66939932,64.22764228,59.3495935,c(-122.2123669, 37.7824258)
"104","Bates-Luterman Home",NA,"11/28/2023","12/05/2023",7,"","CA",63842.875,34.725,11.5626091556869,7984.27795755183,2518.24408212152,15974,15117,15410.8333333333,17663.5,4,54522.5244600595,0.0173629910721935,3140157.3745768,762.211481288782,69.9786336800674,0.103276561949103,31.3302656539953,3.42763783841426,"Urban and Built-up",14.266666730245,101.783333333333,0.938854292035103,14.5,38.7460213,38.7460213,0,625,1140.39920502624,1000,7,47.15447154,66.66666667,47.93724469,39.66939932,64.22764228,59.3495935,c(-122.2123669, 37.7824258)
"105","Bates-Luterman Home",NA,"11/28/2023","12/05/2023",7,"","CA",63842.875,34.725,11.5626091556869,7984.27795755183,2518.24408212152,15974,15117,15410.8333333333,17663.5,4,54522.5244600595,0.0173629910721935,3140157.3745768,762.211481288782,69.9786336800674,0.103276561949103,31.3302656539953,3.42763783841426,"Urban and Built-up",14.266666730245,101.783333333333,0.938854292035103,14.3333333333333,37.9948373,37.9948373,0,688,1140.39920502624,1000,7,47.15447154,66.66666667,47.93724469,39.66939932,64.22764228,59.3495935,c(-122.2123669, 37.7824258)
"106","Bates-Luterman Home",NA,"11/28/2023","12/05/2023",7,"","CA",63842.875,34.725,11.5626091556869,7984.27795755183,2518.24408212152,15974,15117,15410.8333333333,17663.5,4,54522.5244600595,0.0173629910721935,3140157.3745768,762.211481288782,69.9786336800674,0.103276561949103,31.3302656539953,3.42763783841426,"Urban and Built-up",14.266666730245,101.783333333333,0.938854292035103,15.6666666666667,41.5179891,41.5179891,0,468,1140.39920502624,1000,7,47.15447154,66.66666667,47.93724469,39.66939932,64.22764228,59.3495935,c(-122.2123669, 37.7824258)
"107","Bates-Luterman Home",NA,"11/28/2023","12/05/2023",7,"","CA",63842.875,34.725,11.5626091556869,7984.27795755183,2518.24408212152,15974,15117,15410.8333333333,17663.5,4,54522.5244600595,0.0173629910721935,3140157.3745768,762.211481288782,69.9786336800674,0.103276561949103,31.3302656539953,3.42763783841426,"Urban and Built-up",14.266666730245,101.783333333333,0.938854292035103,12.3333333333333,50.7538458,50.7538458,0,487,1140.39920502624,1000,7,47.15447154,66.66666667,47.93724469,39.66939932,64.22764228,59.3495935,c(-122.2123669, 37.7824258)
"108","Bates-Luterman Home",NA,"11/28/2023","12/05/2023",7,"","CA",63842.875,34.725,11.5626091556869,7984.27795755183,2518.24408212152,15974,15117,15410.8333333333,17663.5,4,54522.5244600595,0.0173629910721935,3140157.3745768,762.211481288782,69.9786336800674,0.103276561949103,31.3302656539953,3.42763783841426,"Urban and Built-up",14.266666730245,101.783333333333,0.938854292035103,14,59.4579433,59.4579433,0,537,1140.39920502624,1000,7,47.15447154,66.66666667,47.93724469,39.66939932,64.22764228,59.3495935,c(-122.2123669, 37.7824258)
"109","Bates-Luterman Home",NA,"11/28/2023","12/05/2023",7,"","CA",63842.875,34.725,11.5626091556869,7984.27795755183,2518.24408212152,15974,15117,15410.8333333333,17663.5,4,54522.5244600595,0.0173629910721935,3140157.3745768,762.211481288782,69.9786336800674,0.103276561949103,31.3302656539953,3.42763783841426,"Urban and Built-up",14.266666730245,101.783333333333,0.938854292035103,13.6666666666667,49.0528094,49.0528094,0,682,1140.39920502624,1000,7,47.15447154,66.66666667,47.93724469,39.66939932,64.22764228,59.3495935,c(-122.2123669, 37.7824258)
"110","Bates-Luterman Home",NA,"11/28/2023","12/05/2023",7,"","CA",63842.875,34.725,11.5626091556869,7984.27795755183,2518.24408212152,15974,15117,15410.8333333333,17663.5,4,54522.5244600595,0.0173629910721935,3140157.3745768,762.211481288782,69.9786336800674,0.103276561949103,31.3302656539953,3.42763783841426,"Urban and Built-up",14.266666730245,101.783333333333,0.938854292035103,14.5,47.1827566,47.1827566,0,487,1140.39920502624,1000,7,47.15447154,66.66666667,47.93724469,39.66939932,64.22764228,59.3495935,c(-122.2123669, 37.7824258)
"111","Bates-Luterman Home",NA,"11/28/2023","12/05/2023",7,"","CA",63842.875,34.725,11.5626091556869,7984.27795755183,2518.24408212152,15974,15117,15410.8333333333,17663.5,4,54522.5244600595,0.0173629910721935,3140157.3745768,762.211481288782,69.9786336800674,0.103276561949103,31.3302656539953,3.42763783841426,"Urban and Built-up",14.266666730245,101.783333333333,0.938854292035103,15.1666666666667,31.8247503,31.8247503,0,371,1140.39920502624,1000,7,47.15447154,66.66666667,47.93724469,39.66939932,64.22764228,59.3495935,c(-122.2123669, 37.7824258)
"112","Bates-Luterman Home",NA,"11/28/2023","12/05/2023",7,"","CA",63842.875,34.725,11.5626091556869,7984.27795755183,2518.24408212152,15974,15117,15410.8333333333,17663.5,4,54522.5244600595,0.0173629910721935,3140157.3745768,762.211481288782,69.9786336800674,0.103276561949103,31.3302656539953,3.42763783841426,"Urban and Built-up",14.266666730245,101.783333333333,0.938854292035103,14.6666666666667,26.4211675,26.4211675,0,344,1140.39920502624,1000,7,47.15447154,66.66666667,47.93724469,39.66939932,64.22764228,59.3495935,c(-122.2123669, 37.7824258)
"113","Bates-Luterman Home",NA,"11/28/2023","12/05/2023",7,"","CA",63842.875,34.725,11.5626091556869,7984.27795755183,2518.24408212152,15974,15117,15410.8333333333,17663.5,4,54522.5244600595,0.0173629910721935,3140157.3745768,762.211481288782,69.9786336800674,0.103276561949103,31.3302656539953,3.42763783841426,"Urban and Built-up",14.266666730245,101.783333333333,0.938854292035103,16.3333333333333,62.1491094,62.1491094,0,759,1140.39920502624,1000,7,47.15447154,66.66666667,47.93724469,39.66939932,64.22764228,59.3495935,c(-122.2123669, 37.7824258)
"114","Bates-Luterman Home",NA,"11/28/2023","12/05/2023",7,"","CA",63842.875,34.725,11.5626091556869,7984.27795755183,2518.24408212152,15974,15117,15410.8333333333,17663.5,4,54522.5244600595,0.0173629910721935,3140157.3745768,762.211481288782,69.9786336800674,0.103276561949103,31.3302656539953,3.42763783841426,"Urban and Built-up",14.266666730245,101.783333333333,0.938854292035103,14.6666666666667,28.9504831,28.9504831,0,473,1140.39920502624,1000,7,47.15447154,66.66666667,47.93724469,39.66939932,64.22764228,59.3495935,c(-122.2123669, 37.7824258)
"115","Bates-Luterman Home",NA,"11/28/2023","12/05/2023",7,"","CA",63842.875,34.725,11.5626091556869,7984.27795755183,2518.24408212152,15974,15117,15410.8333333333,17663.5,4,54522.5244600595,0.0173629910721935,3140157.3745768,762.211481288782,69.9786336800674,0.103276561949103,31.3302656539953,3.42763783841426,"Urban and Built-up",14.266666730245,101.783333333333,0.938854292035103,12.8333333333333,59.2928805,59.2928805,0,958,1140.39920502624,1000,7,47.15447154,66.66666667,47.93724469,39.66939932,64.22764228,59.3495935,c(-122.2123669, 37.7824258)
"116","Bates-Luterman Home",NA,"11/28/2023","12/05/2023",7,"","CA",63842.875,34.725,11.5626091556869,7984.27795755183,2518.24408212152,15974,15117,15410.8333333333,17663.5,4,54522.5244600595,0.0173629910721935,3140157.3745768,762.211481288782,69.9786336800674,0.103276561949103,31.3302656539953,3.42763783841426,"Urban and Built-up",14.266666730245,101.783333333333,0.938854292035103,14.3333333333333,36.2305433,36.2305433,0,591,1140.39920502624,1000,7,47.15447154,66.66666667,47.93724469,39.66939932,64.22764228,59.3495935,c(-122.2123669, 37.7824258)
"117","Bates-Luterman Home",NA,"11/28/2023","12/05/2023",7,"","CA",63842.875,34.725,11.5626091556869,7984.27795755183,2518.24408212152,15974,15117,15410.8333333333,17663.5,4,54522.5244600595,0.0173629910721935,3140157.3745768,762.211481288782,69.9786336800674,0.103276561949103,31.3302656539953,3.42763783841426,"Urban and Built-up",14.266666730245,101.783333333333,0.938854292035103,14.3333333333333,33.7704157,33.7704157,0,440,1140.39920502624,1000,7,47.15447154,66.66666667,47.93724469,39.66939932,64.22764228,59.3495935,c(-122.2123669, 37.7824258)
"118","Bates-Luterman Home",NA,"11/28/2023","12/05/2023",7,"","CA",63842.875,34.725,11.5626091556869,7984.27795755183,2518.24408212152,15974,15117,15410.8333333333,17663.5,4,54522.5244600595,0.0173629910721935,3140157.3745768,762.211481288782,69.9786336800674,0.103276561949103,31.3302656539953,3.42763783841426,"Urban and Built-up",14.266666730245,101.783333333333,0.938854292035103,11.5,49.0510797,49.0510797,0,755,1140.39920502624,1000,7,47.15447154,66.66666667,47.93724469,39.66939932,64.22764228,59.3495935,c(-122.2123669, 37.7824258)
"119","Bates-Luterman Home",NA,"11/28/2023","12/05/2023",7,"","CA",63842.875,34.725,11.5626091556869,7984.27795755183,2518.24408212152,15974,15117,15410.8333333333,17663.5,4,54522.5244600595,0.0173629910721935,3140157.3745768,762.211481288782,69.9786336800674,0.103276561949103,31.3302656539953,3.42763783841426,"Urban and Built-up",14.266666730245,101.783333333333,0.938854292035103,12.1666666666667,54.9767848,54.9767848,0,898,1140.39920502624,1000,7,47.15447154,66.66666667,47.93724469,39.66939932,64.22764228,59.3495935,c(-122.2123669, 37.7824258)
"120","Bates-Luterman Home",NA,"11/28/2023","12/05/2023",7,"","CA",63842.875,34.725,11.5626091556869,7984.27795755183,2518.24408212152,15974,15117,15410.8333333333,17663.5,4,54522.5244600595,0.0173629910721935,3140157.3745768,762.211481288782,69.9786336800674,0.103276561949103,31.3302656539953,3.42763783841426,"Urban and Built-up",14.266666730245,101.783333333333,0.938854292035103,13.1666666666667,36.6543198,36.6543198,0,507,1140.39920502624,1000,7,47.15447154,66.66666667,47.93724469,39.66939932,64.22764228,59.3495935,c(-122.2123669, 37.7824258)
"121","Bates-Luterman Home",NA,"11/28/2023","12/05/2023",7,"","CA",63842.875,34.725,11.5626091556869,7984.27795755183,2518.24408212152,15974,15117,15410.8333333333,17663.5,4,54522.5244600595,0.0173629910721935,3140157.3745768,762.211481288782,69.9786336800674,0.103276561949103,31.3302656539953,3.42763783841426,"Urban and Built-up",14.266666730245,101.783333333333,0.938854292035103,14.6666666666667,38.8105144,38.8105144,0,390,1140.39920502624,1000,7,47.15447154,66.66666667,47.93724469,39.66939932,64.22764228,59.3495935,c(-122.2123669, 37.7824258)
"122","Bates-Luterman Home",NA,"11/28/2023","12/05/2023",7,"","CA",63842.875,34.725,11.5626091556869,7984.27795755183,2518.24408212152,15974,15117,15410.8333333333,17663.5,4,54522.5244600595,0.0173629910721935,3140157.3745768,762.211481288782,69.9786336800674,0.103276561949103,31.3302656539953,3.42763783841426,"Urban and Built-up",14.266666730245,101.783333333333,0.938854292035103,12,31.5576352,31.5576352,0,384,1140.39920502624,1000,7,47.15447154,66.66666667,47.93724469,39.66939932,64.22764228,59.3495935,c(-122.2123669, 37.7824258)
"123","Bates-Luterman Home",NA,"11/28/2023","12/05/2023",7,"","CA",63842.875,34.725,11.5626091556869,7984.27795755183,2518.24408212152,15974,15117,15410.8333333333,17663.5,4,54522.5244600595,0.0173629910721935,3140157.3745768,762.211481288782,69.9786336800674,0.103276561949103,31.3302656539953,3.42763783841426,"Urban and Built-up",14.266666730245,101.783333333333,0.938854292035103,12,61.1864078,61.1864078,0,760,1140.39920502624,1000,7,47.15447154,66.66666667,47.93724469,39.66939932,64.22764228,59.3495935,c(-122.2123669, 37.7824258)
"124","Bates-Luterman Home",NA,"11/28/2023","12/05/2023",7,"","CA",63842.875,34.725,11.5626091556869,7984.27795755183,2518.24408212152,15974,15117,15410.8333333333,17663.5,4,54522.5244600595,0.0173629910721935,3140157.3745768,762.211481288782,69.9786336800674,0.103276561949103,31.3302656539953,3.42763783841426,"Urban and Built-up",14.266666730245,101.783333333333,0.938854292035103,13.8333333333333,31.7446899,31.7446899,0,423,1140.39920502624,1000,7,47.15447154,66.66666667,47.93724469,39.66939932,64.22764228,59.3495935,c(-122.2123669, 37.7824258)
"125","Bates-Luterman Home",NA,"11/28/2023","12/05/2023",7,"","CA",63842.875,34.725,11.5626091556869,7984.27795755183,2518.24408212152,15974,15117,15410.8333333333,17663.5,4,54522.5244600595,0.0173629910721935,3140157.3745768,762.211481288782,69.9786336800674,0.103276561949103,31.3302656539953,3.42763783841426,"Urban and Built-up",14.266666730245,101.783333333333,0.938854292035103,16.3333333333333,48.1442227,48.1442227,0,729,1140.39920502624,1000,7,47.15447154,66.66666667,47.93724469,39.66939932,64.22764228,59.3495935,c(-122.2123669, 37.7824258)
"126","Bates-Luterman Home",NA,"11/28/2023","12/05/2023",7,"","CA",63842.875,34.725,11.5626091556869,7984.27795755183,2518.24408212152,15974,15117,15410.8333333333,17663.5,4,54522.5244600595,0.0173629910721935,3140157.3745768,762.211481288782,69.9786336800674,0.103276561949103,31.3302656539953,3.42763783841426,"Urban and Built-up",14.266666730245,101.783333333333,0.938854292035103,14.1666666666667,45.7347506,45.7347506,0,561,1140.39920502624,1000,7,47.15447154,66.66666667,47.93724469,39.66939932,64.22764228,59.3495935,c(-122.2123669, 37.7824258)
"127","Beery Home","ADH","11/22/2022","12/03/2022",11,"Annaliese and David Home","CA",220164,50.6,70.0559985718485,305.080525517932,112.547628089497,5465,5465,5465,NA,1,19840.1647701821,0.00631820714809071,3140157.37457698,855.384779307647,5.02789518174136,0.316218727306047,294.832035945708,1.03685434174987,"Urban and Built-up",13.75,132.88,0.538296766579151,5.33333333333333,583.2980825,583.2980825,0,286,1290.14281282517,1000,8,44.71544715,12.19512195,33.62227227,33.53048262,43.08943089,12.19512195,c(-122.21029, 37.88741)
"128","Beery Home","ADH","11/22/2022","12/03/2022",11,"Annaliese and David Home","CA",220164,50.6,70.0559985718485,305.080525517932,112.547628089497,5465,5465,5465,NA,1,19840.1647701821,0.00631820714809071,3140157.37457698,855.384779307647,5.02789518174136,0.316218727306047,294.832035945708,1.03685434174987,"Urban and Built-up",13.75,132.88,0.538296766579151,6.5,3400.4955607,3400.4955607,0,875,1290.14281282517,1000,8,44.71544715,12.19512195,33.62227227,33.53048262,43.08943089,12.19512195,c(-122.21029, 37.88741)
"129","Belau Home",NA,"11/30/2023","12/14/2023",14,"","CA",112023.954545455,40.0173913043478,41.5857099260613,5110.63463795443,2218.26118902728,15541.5333333333,15352,14905,17292,30,64037.7947202247,0.0203931800484522,3140157.37457704,713.989485382098,62.2638105975196,0.117576598913294,6.05870900639228,3.17214004366924,"Urban and Built-up",14.1999998092651,103.75,0.908018517494202,16,67.0762834,67.0762834,0,918,561.236892201471,1000,9,34.14634146,21.13821138,48.6615453,41.81316267,70.73170732,60.16260163,c(-122.2675184, 37.7744075)
"130","Belau Home",NA,"11/30/2023","12/14/2023",14,"","CA",112023.954545455,40.0173913043478,41.5857099260613,5110.63463795443,2218.26118902728,15541.5333333333,15352,14905,17292,30,64037.7947202247,0.0203931800484522,3140157.37457704,713.989485382098,62.2638105975196,0.117576598913294,6.05870900639228,3.17214004366924,"Urban and Built-up",14.1999998092651,103.75,0.908018517494202,15.1666666666667,30.0090595,30.0090595,0,466,561.236892201471,1000,9,34.14634146,21.13821138,48.6615453,41.81316267,70.73170732,60.16260163,c(-122.2675184, 37.7744075)
"131","Belau Home",NA,"11/30/2023","12/14/2023",14,"","CA",112023.954545455,40.0173913043478,41.5857099260613,5110.63463795443,2218.26118902728,15541.5333333333,15352,14905,17292,30,64037.7947202247,0.0203931800484522,3140157.37457704,713.989485382098,62.2638105975196,0.117576598913294,6.05870900639228,3.17214004366924,"Urban and Built-up",14.1999998092651,103.75,0.908018517494202,12.8333333333333,52.1689875,52.1689875,0,516,561.236892201471,1000,9,34.14634146,21.13821138,48.6615453,41.81316267,70.73170732,60.16260163,c(-122.2675184, 37.7744075)
"132","Belau Home",NA,"11/30/2023","12/14/2023",14,"","CA",112023.954545455,40.0173913043478,41.5857099260613,5110.63463795443,2218.26118902728,15541.5333333333,15352,14905,17292,30,64037.7947202247,0.0203931800484522,3140157.37457704,713.989485382098,62.2638105975196,0.117576598913294,6.05870900639228,3.17214004366924,"Urban and Built-up",14.1999998092651,103.75,0.908018517494202,16.1666666666667,33.0926204,33.0926204,0,422,561.236892201471,1000,9,34.14634146,21.13821138,48.6615453,41.81316267,70.73170732,60.16260163,c(-122.2675184, 37.7744075)
"133","Belau Home",NA,"11/30/2023","12/14/2023",14,"","CA",112023.954545455,40.0173913043478,41.5857099260613,5110.63463795443,2218.26118902728,15541.5333333333,15352,14905,17292,30,64037.7947202247,0.0203931800484522,3140157.37457704,713.989485382098,62.2638105975196,0.117576598913294,6.05870900639228,3.17214004366924,"Urban and Built-up",14.1999998092651,103.75,0.908018517494202,16.1666666666667,43.7601745,43.7601745,0,569,561.236892201471,1000,9,34.14634146,21.13821138,48.6615453,41.81316267,70.73170732,60.16260163,c(-122.2675184, 37.7744075)
"134","Belau Home",NA,"11/30/2023","12/14/2023",14,"","CA",112023.954545455,40.0173913043478,41.5857099260613,5110.63463795443,2218.26118902728,15541.5333333333,15352,14905,17292,30,64037.7947202247,0.0203931800484522,3140157.37457704,713.989485382098,62.2638105975196,0.117576598913294,6.05870900639228,3.17214004366924,"Urban and Built-up",14.1999998092651,103.75,0.908018517494202,18.5,109.289859,109.289859,0,358,561.236892201471,1000,9,34.14634146,21.13821138,48.6615453,41.81316267,70.73170732,60.16260163,c(-122.2675184, 37.7744075)
"135","Belau Home",NA,"11/30/2023","12/14/2023",14,"","CA",112023.954545455,40.0173913043478,41.5857099260613,5110.63463795443,2218.26118902728,15541.5333333333,15352,14905,17292,30,64037.7947202247,0.0203931800484522,3140157.37457704,713.989485382098,62.2638105975196,0.117576598913294,6.05870900639228,3.17214004366924,"Urban and Built-up",14.1999998092651,103.75,0.908018517494202,18.8333333333333,500.3804652,287.5369266,212.8435386,758,561.236892201471,1000,9,34.14634146,21.13821138,48.6615453,41.81316267,70.73170732,60.16260163,c(-122.2675184, 37.7744075)
"136","Belau Home",NA,"11/30/2023","12/14/2023",14,"","CA",112023.954545455,40.0173913043478,41.5857099260613,5110.63463795443,2218.26118902728,15541.5333333333,15352,14905,17292,30,64037.7947202247,0.0203931800484522,3140157.37457704,713.989485382098,62.2638105975196,0.117576598913294,6.05870900639228,3.17214004366924,"Urban and Built-up",14.1999998092651,103.75,0.908018517494202,15.1666666666667,36.7039869,36.7039869,0,363,561.236892201471,1000,9,34.14634146,21.13821138,48.6615453,41.81316267,70.73170732,60.16260163,c(-122.2675184, 37.7744075)
"137","Belau Home",NA,"11/30/2023","12/14/2023",14,"","CA",112023.954545455,40.0173913043478,41.5857099260613,5110.63463795443,2218.26118902728,15541.5333333333,15352,14905,17292,30,64037.7947202247,0.0203931800484522,3140157.37457704,713.989485382098,62.2638105975196,0.117576598913294,6.05870900639228,3.17214004366924,"Urban and Built-up",14.1999998092651,103.75,0.908018517494202,17.3333333333333,61.8155244,61.8155244,0,495,561.236892201471,1000,9,34.14634146,21.13821138,48.6615453,41.81316267,70.73170732,60.16260163,c(-122.2675184, 37.7744075)
"138","Belau Home",NA,"11/30/2023","12/14/2023",14,"","CA",112023.954545455,40.0173913043478,41.5857099260613,5110.63463795443,2218.26118902728,15541.5333333333,15352,14905,17292,30,64037.7947202247,0.0203931800484522,3140157.37457704,713.989485382098,62.2638105975196,0.117576598913294,6.05870900639228,3.17214004366924,"Urban and Built-up",14.1999998092651,103.75,0.908018517494202,16.8333333333333,529.5983105,469.6745837,59.9237268,1196,561.236892201471,1000,9,34.14634146,21.13821138,48.6615453,41.81316267,70.73170732,60.16260163,c(-122.2675184, 37.7744075)
"139","Belau Home",NA,"11/30/2023","12/14/2023",14,"","CA",112023.954545455,40.0173913043478,41.5857099260613,5110.63463795443,2218.26118902728,15541.5333333333,15352,14905,17292,30,64037.7947202247,0.0203931800484522,3140157.37457704,713.989485382098,62.2638105975196,0.117576598913294,6.05870900639228,3.17214004366924,"Urban and Built-up",14.1999998092651,103.75,0.908018517494202,12.3333333333333,73.5458556,61.0883091,12.4575465,465,561.236892201471,1000,9,34.14634146,21.13821138,48.6615453,41.81316267,70.73170732,60.16260163,c(-122.2675184, 37.7744075)
"140","Belau Home",NA,"11/30/2023","12/14/2023",14,"","CA",112023.954545455,40.0173913043478,41.5857099260613,5110.63463795443,2218.26118902728,15541.5333333333,15352,14905,17292,30,64037.7947202247,0.0203931800484522,3140157.37457704,713.989485382098,62.2638105975196,0.117576598913294,6.05870900639228,3.17214004366924,"Urban and Built-up",14.1999998092651,103.75,0.908018517494202,15.5,48.0849187,48.0849187,0,1122,561.236892201471,1000,9,34.14634146,21.13821138,48.6615453,41.81316267,70.73170732,60.16260163,c(-122.2675184, 37.7744075)
"141","Belau Home",NA,"11/30/2023","12/14/2023",14,"","CA",112023.954545455,40.0173913043478,41.5857099260613,5110.63463795443,2218.26118902728,15541.5333333333,15352,14905,17292,30,64037.7947202247,0.0203931800484522,3140157.37457704,713.989485382098,62.2638105975196,0.117576598913294,6.05870900639228,3.17214004366924,"Urban and Built-up",14.1999998092651,103.75,0.908018517494202,12.8333333333333,59.1883572,59.1883572,0,510,561.236892201471,1000,9,34.14634146,21.13821138,48.6615453,41.81316267,70.73170732,60.16260163,c(-122.2675184, 37.7744075)
"142","Belau Home",NA,"11/30/2023","12/14/2023",14,"","CA",112023.954545455,40.0173913043478,41.5857099260613,5110.63463795443,2218.26118902728,15541.5333333333,15352,14905,17292,30,64037.7947202247,0.0203931800484522,3140157.37457704,713.989485382098,62.2638105975196,0.117576598913294,6.05870900639228,3.17214004366924,"Urban and Built-up",14.1999998092651,103.75,0.908018517494202,16.8333333333333,33.9280655,33.9280655,0,443,561.236892201471,1000,9,34.14634146,21.13821138,48.6615453,41.81316267,70.73170732,60.16260163,c(-122.2675184, 37.7744075)
"143","Belau Home",NA,"11/30/2023","12/14/2023",14,"","CA",112023.954545455,40.0173913043478,41.5857099260613,5110.63463795443,2218.26118902728,15541.5333333333,15352,14905,17292,30,64037.7947202247,0.0203931800484522,3140157.37457704,713.989485382098,62.2638105975196,0.117576598913294,6.05870900639228,3.17214004366924,"Urban and Built-up",14.1999998092651,103.75,0.908018517494202,15.1666666666667,36.9822215,36.9822215,0,521,561.236892201471,1000,9,34.14634146,21.13821138,48.6615453,41.81316267,70.73170732,60.16260163,c(-122.2675184, 37.7744075)
"144","Belau Home",NA,"11/30/2023","12/14/2023",14,"","CA",112023.954545455,40.0173913043478,41.5857099260613,5110.63463795443,2218.26118902728,15541.5333333333,15352,14905,17292,30,64037.7947202247,0.0203931800484522,3140157.37457704,713.989485382098,62.2638105975196,0.117576598913294,6.05870900639228,3.17214004366924,"Urban and Built-up",14.1999998092651,103.75,0.908018517494202,14.1666666666667,36.0212496,36.0212496,0,519,561.236892201471,1000,9,34.14634146,21.13821138,48.6615453,41.81316267,70.73170732,60.16260163,c(-122.2675184, 37.7744075)
"145","Belau Home",NA,"11/30/2023","12/14/2023",14,"","CA",112023.954545455,40.0173913043478,41.5857099260613,5110.63463795443,2218.26118902728,15541.5333333333,15352,14905,17292,30,64037.7947202247,0.0203931800484522,3140157.37457704,713.989485382098,62.2638105975196,0.117576598913294,6.05870900639228,3.17214004366924,"Urban and Built-up",14.1999998092651,103.75,0.908018517494202,14.3333333333333,42.1863946,42.1863946,0,712,561.236892201471,1000,9,34.14634146,21.13821138,48.6615453,41.81316267,70.73170732,60.16260163,c(-122.2675184, 37.7744075)
"146","Belau Home",NA,"11/30/2023","12/14/2023",14,"","CA",112023.954545455,40.0173913043478,41.5857099260613,5110.63463795443,2218.26118902728,15541.5333333333,15352,14905,17292,30,64037.7947202247,0.0203931800484522,3140157.37457704,713.989485382098,62.2638105975196,0.117576598913294,6.05870900639228,3.17214004366924,"Urban and Built-up",14.1999998092651,103.75,0.908018517494202,17,71.4299383,71.4299383,0,581,561.236892201471,1000,9,34.14634146,21.13821138,48.6615453,41.81316267,70.73170732,60.16260163,c(-122.2675184, 37.7744075)
"147","Belau Home",NA,"11/30/2023","12/14/2023",14,"","CA",112023.954545455,40.0173913043478,41.5857099260613,5110.63463795443,2218.26118902728,15541.5333333333,15352,14905,17292,30,64037.7947202247,0.0203931800484522,3140157.37457704,713.989485382098,62.2638105975196,0.117576598913294,6.05870900639228,3.17214004366924,"Urban and Built-up",14.1999998092651,103.75,0.908018517494202,14.8333333333333,36.6239265,36.6239265,0,586,561.236892201471,1000,9,34.14634146,21.13821138,48.6615453,41.81316267,70.73170732,60.16260163,c(-122.2675184, 37.7744075)
"148","Belau Home",NA,"11/30/2023","12/14/2023",14,"","CA",112023.954545455,40.0173913043478,41.5857099260613,5110.63463795443,2218.26118902728,15541.5333333333,15352,14905,17292,30,64037.7947202247,0.0203931800484522,3140157.37457704,713.989485382098,62.2638105975196,0.117576598913294,6.05870900639228,3.17214004366924,"Urban and Built-up",14.1999998092651,103.75,0.908018517494202,15.6666666666667,345.9946091,98.0428554,247.9517537,266,561.236892201471,1000,9,34.14634146,21.13821138,48.6615453,41.81316267,70.73170732,60.16260163,c(-122.2675184, 37.7744075)
"149","Belau Home",NA,"11/30/2023","12/14/2023",14,"","CA",112023.954545455,40.0173913043478,41.5857099260613,5110.63463795443,2218.26118902728,15541.5333333333,15352,14905,17292,30,64037.7947202247,0.0203931800484522,3140157.37457704,713.989485382098,62.2638105975196,0.117576598913294,6.05870900639228,3.17214004366924,"Urban and Built-up",14.1999998092651,103.75,0.908018517494202,16.6666666666667,83.3732697,64.3532414,19.0200283,680,561.236892201471,1000,9,34.14634146,21.13821138,48.6615453,41.81316267,70.73170732,60.16260163,c(-122.2675184, 37.7744075)
"150","Belau Home",NA,"11/30/2023","12/14/2023",14,"","CA",112023.954545455,40.0173913043478,41.5857099260613,5110.63463795443,2218.26118902728,15541.5333333333,15352,14905,17292,30,64037.7947202247,0.0203931800484522,3140157.37457704,713.989485382098,62.2638105975196,0.117576598913294,6.05870900639228,3.17214004366924,"Urban and Built-up",14.1999998092651,103.75,0.908018517494202,14.5,27.3552055,27.3552055,0,361,561.236892201471,1000,9,34.14634146,21.13821138,48.6615453,41.81316267,70.73170732,60.16260163,c(-122.2675184, 37.7744075)
"151","Belgum Trail","BET","11/19/2023","12/04/2023",15,"","CA",124991.571428571,46.3571428571429,47.6645939138197,1969.15468090487,856.518375643063,8436,8528,8436,NA,1,23231.364142456,0.00739815282206537,3140157.37457697,932.054742647683,15.120247817516,0.262694415242062,129.244882460955,1.66798372394514,"Urban and Built-up",14.1499998569489,132.625,0.670048549771309,17.6666666666667,169.0166471,169.0166471,0,542,1102.16682861699,1000,10,45.52845528,69.91869919,45.74452348,25.9211051,18.69918699,53.65853659,c(-122.30955, 37.94835)
"152","Belgum Trail","BET","11/19/2023","12/04/2023",15,"","CA",124991.571428571,46.3571428571429,47.6645939138197,1969.15468090487,856.518375643063,8436,8528,8436,NA,1,23231.364142456,0.00739815282206537,3140157.37457697,932.054742647683,15.120247817516,0.262694415242062,129.244882460955,1.66798372394514,"Urban and Built-up",14.1499998569489,132.625,0.670048549771309,10.5,2208.2724076,2208.2724076,0,966,1102.16682861699,1000,10,45.52845528,69.91869919,45.74452348,25.9211051,18.69918699,53.65853659,c(-122.30955, 37.94835)
"153","Belgum Trail","BET","11/19/2023","12/04/2023",15,"","CA",124991.571428571,46.3571428571429,47.6645939138197,1969.15468090487,856.518375643063,8436,8528,8436,NA,1,23231.364142456,0.00739815282206537,3140157.37457697,932.054742647683,15.120247817516,0.262694415242062,129.244882460955,1.66798372394514,"Urban and Built-up",14.1499998569489,132.625,0.670048549771309,13.6666666666667,93.1823984,93.1823984,0,513,1102.16682861699,1000,10,45.52845528,69.91869919,45.74452348,25.9211051,18.69918699,53.65853659,c(-122.30955, 37.94835)
"154","Belgum Trail","BET","11/19/2023","12/04/2023",15,"","CA",124991.571428571,46.3571428571429,47.6645939138197,1969.15468090487,856.518375643063,8436,8528,8436,NA,1,23231.364142456,0.00739815282206537,3140157.37457697,932.054742647683,15.120247817516,0.262694415242062,129.244882460955,1.66798372394514,"Urban and Built-up",14.1499998569489,132.625,0.670048549771309,14.6666666666667,66.0985087,66.0985087,0,351,1102.16682861699,1000,10,45.52845528,69.91869919,45.74452348,25.9211051,18.69918699,53.65853659,c(-122.30955, 37.94835)
"155","Belgum Trail","BET","11/19/2023","12/04/2023",15,"","CA",124991.571428571,46.3571428571429,47.6645939138197,1969.15468090487,856.518375643063,8436,8528,8436,NA,1,23231.364142456,0.00739815282206537,3140157.37457697,932.054742647683,15.120247817516,0.262694415242062,129.244882460955,1.66798372394514,"Urban and Built-up",14.1499998569489,132.625,0.670048549771309,14.3333333333333,110.7437954,110.7437954,0,605,1102.16682861699,1000,10,45.52845528,69.91869919,45.74452348,25.9211051,18.69918699,53.65853659,c(-122.30955, 37.94835)
"156","Belgum Trail","BET","11/19/2023","12/04/2023",15,"","CA",124991.571428571,46.3571428571429,47.6645939138197,1969.15468090487,856.518375643063,8436,8528,8436,NA,1,23231.364142456,0.00739815282206537,3140157.37457697,932.054742647683,15.120247817516,0.262694415242062,129.244882460955,1.66798372394514,"Urban and Built-up",14.1499998569489,132.625,0.670048549771309,9.66666666666667,120.4600145,120.4600145,0,441,1102.16682861699,1000,10,45.52845528,69.91869919,45.74452348,25.9211051,18.69918699,53.65853659,c(-122.30955, 37.94835)
"157","Belgum Trail","BET","11/19/2023","12/04/2023",15,"","CA",124991.571428571,46.3571428571429,47.6645939138197,1969.15468090487,856.518375643063,8436,8528,8436,NA,1,23231.364142456,0.00739815282206537,3140157.37457697,932.054742647683,15.120247817516,0.262694415242062,129.244882460955,1.66798372394514,"Urban and Built-up",14.1499998569489,132.625,0.670048549771309,13.1666666666667,119.9981846,119.9981846,0,824,1102.16682861699,1000,10,45.52845528,69.91869919,45.74452348,25.9211051,18.69918699,53.65853659,c(-122.30955, 37.94835)
"158","Berges Home",NA,"01/28/2023","02/11/2023",14,"","CA",100139.75,42.715,25.0100257479123,4736.22644645006,1777.23887145628,28880.4666666667,29033,28023.1,30595.2,38,60465.3682412869,0.0192555216279337,3140157.3745772,361.048890317535,66.1967769296013,0.129423477472623,17.3424641585756,3.45054073837327,"Urban and Built-up",14.3500003814697,95.975,0.937269061803818,18.6666666666667,142.8314601,142.8314601,0,712,2431.20375409284,1000,11,61.78861789,88.61788618,56.54369788,38.28369033,59.3495935,76.42276423,c(-122.157691, 37.729005)
"159","Berges Home",NA,"01/28/2023","02/11/2023",14,"","CA",100139.75,42.715,25.0100257479123,4736.22644645006,1777.23887145628,28880.4666666667,29033,28023.1,30595.2,38,60465.3682412869,0.0192555216279337,3140157.3745772,361.048890317535,66.1967769296013,0.129423477472623,17.3424641585756,3.45054073837327,"Urban and Built-up",14.3500003814697,95.975,0.937269061803818,16.6666666666667,51.5534614,51.5534614,0,773,2431.20375409284,1000,11,61.78861789,88.61788618,56.54369788,38.28369033,59.3495935,76.42276423,c(-122.157691, 37.729005)
"160","Berges Home",NA,"01/28/2023","02/11/2023",14,"","CA",100139.75,42.715,25.0100257479123,4736.22644645006,1777.23887145628,28880.4666666667,29033,28023.1,30595.2,38,60465.3682412869,0.0192555216279337,3140157.3745772,361.048890317535,66.1967769296013,0.129423477472623,17.3424641585756,3.45054073837327,"Urban and Built-up",14.3500003814697,95.975,0.937269061803818,12,49.8388345,49.8388345,0,413,2431.20375409284,1000,11,61.78861789,88.61788618,56.54369788,38.28369033,59.3495935,76.42276423,c(-122.157691, 37.729005)
"161","Berges Home",NA,"01/28/2023","02/11/2023",14,"","CA",100139.75,42.715,25.0100257479123,4736.22644645006,1777.23887145628,28880.4666666667,29033,28023.1,30595.2,38,60465.3682412869,0.0192555216279337,3140157.3745772,361.048890317535,66.1967769296013,0.129423477472623,17.3424641585756,3.45054073837327,"Urban and Built-up",14.3500003814697,95.975,0.937269061803818,15.6666666666667,50.3799835,50.3799835,0,572,2431.20375409284,1000,11,61.78861789,88.61788618,56.54369788,38.28369033,59.3495935,76.42276423,c(-122.157691, 37.729005)
"162","Berges Home",NA,"01/28/2023","02/11/2023",14,"","CA",100139.75,42.715,25.0100257479123,4736.22644645006,1777.23887145628,28880.4666666667,29033,28023.1,30595.2,38,60465.3682412869,0.0192555216279337,3140157.3745772,361.048890317535,66.1967769296013,0.129423477472623,17.3424641585756,3.45054073837327,"Urban and Built-up",14.3500003814697,95.975,0.937269061803818,12.5,59.296587,59.296587,0,636,2431.20375409284,1000,11,61.78861789,88.61788618,56.54369788,38.28369033,59.3495935,76.42276423,c(-122.157691, 37.729005)
"163","Berges Home",NA,"01/28/2023","02/11/2023",14,"","CA",100139.75,42.715,25.0100257479123,4736.22644645006,1777.23887145628,28880.4666666667,29033,28023.1,30595.2,38,60465.3682412869,0.0192555216279337,3140157.3745772,361.048890317535,66.1967769296013,0.129423477472623,17.3424641585756,3.45054073837327,"Urban and Built-up",14.3500003814697,95.975,0.937269061803818,16.3333333333333,161.2769809,161.2769809,0,1431,2431.20375409284,1000,11,61.78861789,88.61788618,56.54369788,38.28369033,59.3495935,76.42276423,c(-122.157691, 37.729005)
"164","Berges Home",NA,"01/28/2023","02/11/2023",14,"","CA",100139.75,42.715,25.0100257479123,4736.22644645006,1777.23887145628,28880.4666666667,29033,28023.1,30595.2,38,60465.3682412869,0.0192555216279337,3140157.3745772,361.048890317535,66.1967769296013,0.129423477472623,17.3424641585756,3.45054073837327,"Urban and Built-up",14.3500003814697,95.975,0.937269061803818,16.3333333333333,118.9055084,118.9055084,0,1503,2431.20375409284,1000,11,61.78861789,88.61788618,56.54369788,38.28369033,59.3495935,76.42276423,c(-122.157691, 37.729005)
"165","Berges Home",NA,"01/28/2023","02/11/2023",14,"","CA",100139.75,42.715,25.0100257479123,4736.22644645006,1777.23887145628,28880.4666666667,29033,28023.1,30595.2,38,60465.3682412869,0.0192555216279337,3140157.3745772,361.048890317535,66.1967769296013,0.129423477472623,17.3424641585756,3.45054073837327,"Urban and Built-up",14.3500003814697,95.975,0.937269061803818,13.8333333333333,70.0597688,70.0597688,0,484,2431.20375409284,1000,11,61.78861789,88.61788618,56.54369788,38.28369033,59.3495935,76.42276423,c(-122.157691, 37.729005)
"166","Berges Home",NA,"01/28/2023","02/11/2023",14,"","CA",100139.75,42.715,25.0100257479123,4736.22644645006,1777.23887145628,28880.4666666667,29033,28023.1,30595.2,38,60465.3682412869,0.0192555216279337,3140157.3745772,361.048890317535,66.1967769296013,0.129423477472623,17.3424641585756,3.45054073837327,"Urban and Built-up",14.3500003814697,95.975,0.937269061803818,13.8333333333333,72.9458968,72.9458968,0,541,2431.20375409284,1000,11,61.78861789,88.61788618,56.54369788,38.28369033,59.3495935,76.42276423,c(-122.157691, 37.729005)
"167","Berges Home",NA,"01/28/2023","02/11/2023",14,"","CA",100139.75,42.715,25.0100257479123,4736.22644645006,1777.23887145628,28880.4666666667,29033,28023.1,30595.2,38,60465.3682412869,0.0192555216279337,3140157.3745772,361.048890317535,66.1967769296013,0.129423477472623,17.3424641585756,3.45054073837327,"Urban and Built-up",14.3500003814697,95.975,0.937269061803818,13.8333333333333,77.6637771,77.6637771,0,473,2431.20375409284,1000,11,61.78861789,88.61788618,56.54369788,38.28369033,59.3495935,76.42276423,c(-122.157691, 37.729005)
"168","Berges Home",NA,"01/28/2023","02/11/2023",14,"","CA",100139.75,42.715,25.0100257479123,4736.22644645006,1777.23887145628,28880.4666666667,29033,28023.1,30595.2,38,60465.3682412869,0.0192555216279337,3140157.3745772,361.048890317535,66.1967769296013,0.129423477472623,17.3424641585756,3.45054073837327,"Urban and Built-up",14.3500003814697,95.975,0.937269061803818,14.5,39.400095,39.400095,0,615,2431.20375409284,1000,11,61.78861789,88.61788618,56.54369788,38.28369033,59.3495935,76.42276423,c(-122.157691, 37.729005)
"169","Berges Home",NA,"01/28/2023","02/11/2023",14,"","CA",100139.75,42.715,25.0100257479123,4736.22644645006,1777.23887145628,28880.4666666667,29033,28023.1,30595.2,38,60465.3682412869,0.0192555216279337,3140157.3745772,361.048890317535,66.1967769296013,0.129423477472623,17.3424641585756,3.45054073837327,"Urban and Built-up",14.3500003814697,95.975,0.937269061803818,13.5,61.6133966,61.6133966,0,537,2431.20375409284,1000,11,61.78861789,88.61788618,56.54369788,38.28369033,59.3495935,76.42276423,c(-122.157691, 37.729005)
"170","Berges Home",NA,"01/28/2023","02/11/2023",14,"","CA",100139.75,42.715,25.0100257479123,4736.22644645006,1777.23887145628,28880.4666666667,29033,28023.1,30595.2,38,60465.3682412869,0.0192555216279337,3140157.3745772,361.048890317535,66.1967769296013,0.129423477472623,17.3424641585756,3.45054073837327,"Urban and Built-up",14.3500003814697,95.975,0.937269061803818,13.8333333333333,46.4748151,46.4748151,0,469,2431.20375409284,1000,11,61.78861789,88.61788618,56.54369788,38.28369033,59.3495935,76.42276423,c(-122.157691, 37.729005)
"171","Berges Home",NA,"01/28/2023","02/11/2023",14,"","CA",100139.75,42.715,25.0100257479123,4736.22644645006,1777.23887145628,28880.4666666667,29033,28023.1,30595.2,38,60465.3682412869,0.0192555216279337,3140157.3745772,361.048890317535,66.1967769296013,0.129423477472623,17.3424641585756,3.45054073837327,"Urban and Built-up",14.3500003814697,95.975,0.937269061803818,19,90.2987414,90.2987414,0,898,2431.20375409284,1000,11,61.78861789,88.61788618,56.54369788,38.28369033,59.3495935,76.42276423,c(-122.157691, 37.729005)
"172","Berges Home",NA,"01/28/2023","02/11/2023",14,"","CA",100139.75,42.715,25.0100257479123,4736.22644645006,1777.23887145628,28880.4666666667,29033,28023.1,30595.2,38,60465.3682412869,0.0192555216279337,3140157.3745772,361.048890317535,66.1967769296013,0.129423477472623,17.3424641585756,3.45054073837327,"Urban and Built-up",14.3500003814697,95.975,0.937269061803818,13.8333333333333,108.6911357,108.6911357,0,1273,2431.20375409284,1000,11,61.78861789,88.61788618,56.54369788,38.28369033,59.3495935,76.42276423,c(-122.157691, 37.729005)
"173","Berges Home",NA,"01/28/2023","02/11/2023",14,"","CA",100139.75,42.715,25.0100257479123,4736.22644645006,1777.23887145628,28880.4666666667,29033,28023.1,30595.2,38,60465.3682412869,0.0192555216279337,3140157.3745772,361.048890317535,66.1967769296013,0.129423477472623,17.3424641585756,3.45054073837327,"Urban and Built-up",14.3500003814697,95.975,0.937269061803818,14.5,131.8305681,131.8305681,0,1076,2431.20375409284,1000,11,61.78861789,88.61788618,56.54369788,38.28369033,59.3495935,76.42276423,c(-122.157691, 37.729005)
"174","Berges Home",NA,"01/28/2023","02/11/2023",14,"","CA",100139.75,42.715,25.0100257479123,4736.22644645006,1777.23887145628,28880.4666666667,29033,28023.1,30595.2,38,60465.3682412869,0.0192555216279337,3140157.3745772,361.048890317535,66.1967769296013,0.129423477472623,17.3424641585756,3.45054073837327,"Urban and Built-up",14.3500003814697,95.975,0.937269061803818,15,60.5399942,60.5399942,0,535,2431.20375409284,1000,11,61.78861789,88.61788618,56.54369788,38.28369033,59.3495935,76.42276423,c(-122.157691, 37.729005)
"175","Berges Home",NA,"01/28/2023","02/11/2023",14,"","CA",100139.75,42.715,25.0100257479123,4736.22644645006,1777.23887145628,28880.4666666667,29033,28023.1,30595.2,38,60465.3682412869,0.0192555216279337,3140157.3745772,361.048890317535,66.1967769296013,0.129423477472623,17.3424641585756,3.45054073837327,"Urban and Built-up",14.3500003814697,95.975,0.937269061803818,15.6666666666667,80.8656989,80.8656989,0,624,2431.20375409284,1000,11,61.78861789,88.61788618,56.54369788,38.28369033,59.3495935,76.42276423,c(-122.157691, 37.729005)
"176","Berges Home",NA,"01/28/2023","02/11/2023",14,"","CA",100139.75,42.715,25.0100257479123,4736.22644645006,1777.23887145628,28880.4666666667,29033,28023.1,30595.2,38,60465.3682412869,0.0192555216279337,3140157.3745772,361.048890317535,66.1967769296013,0.129423477472623,17.3424641585756,3.45054073837327,"Urban and Built-up",14.3500003814697,95.975,0.937269061803818,13.5,66.6297737,66.6297737,0,522,2431.20375409284,1000,11,61.78861789,88.61788618,56.54369788,38.28369033,59.3495935,76.42276423,c(-122.157691, 37.729005)
"177","Berges Home",NA,"01/28/2023","02/11/2023",14,"","CA",100139.75,42.715,25.0100257479123,4736.22644645006,1777.23887145628,28880.4666666667,29033,28023.1,30595.2,38,60465.3682412869,0.0192555216279337,3140157.3745772,361.048890317535,66.1967769296013,0.129423477472623,17.3424641585756,3.45054073837327,"Urban and Built-up",14.3500003814697,95.975,0.937269061803818,14.6666666666667,37.5673543,37.5673543,0,497,2431.20375409284,1000,11,61.78861789,88.61788618,56.54369788,38.28369033,59.3495935,76.42276423,c(-122.157691, 37.729005)
"178","Berges Studio",NA,"02/16/2023","03/03/2023",15,"","CA",69430.2692307692,37.337037037037,27.8273307938483,7905.78811060499,4090.74553339015,42079.3125,41369,41555.5833333333,43650.5,62,85056.095026637,0.0270865707926809,3140157.37457693,835.61758784321,81.8977464788733,0.0654102436144344,9.87711268598867,4.24554408610053,"Urban and Built-up",14.25,107.44,0.957520723342896,19.1666666666667,52.8428292,52.8428292,0,572,1316.9731937742,1000,12,78.86178862,78.86178862,55.53451652,51.52211511,83.7398374,74.79674797,c(-122.2727, 37.816316)
"179","Berges Studio",NA,"02/16/2023","03/03/2023",15,"","CA",69430.2692307692,37.337037037037,27.8273307938483,7905.78811060499,4090.74553339015,42079.3125,41369,41555.5833333333,43650.5,62,85056.095026637,0.0270865707926809,3140157.37457693,835.61758784321,81.8977464788733,0.0654102436144344,9.87711268598867,4.24554408610053,"Urban and Built-up",14.25,107.44,0.957520723342896,15,109.9760557,109.9760557,0,592,1316.9731937742,1000,12,78.86178862,78.86178862,55.53451652,51.52211511,83.7398374,74.79674797,c(-122.2727, 37.816316)
"180","Berges Studio",NA,"02/16/2023","03/03/2023",15,"","CA",69430.2692307692,37.337037037037,27.8273307938483,7905.78811060499,4090.74553339015,42079.3125,41369,41555.5833333333,43650.5,62,85056.095026637,0.0270865707926809,3140157.37457693,835.61758784321,81.8977464788733,0.0654102436144344,9.87711268598867,4.24554408610053,"Urban and Built-up",14.25,107.44,0.957520723342896,14.6666666666667,49.306334,49.306334,0,796,1316.9731937742,1000,12,78.86178862,78.86178862,55.53451652,51.52211511,83.7398374,74.79674797,c(-122.2727, 37.816316)
"181","Berges Studio",NA,"02/16/2023","03/03/2023",15,"","CA",69430.2692307692,37.337037037037,27.8273307938483,7905.78811060499,4090.74553339015,42079.3125,41369,41555.5833333333,43650.5,62,85056.095026637,0.0270865707926809,3140157.37457693,835.61758784321,81.8977464788733,0.0654102436144344,9.87711268598867,4.24554408610053,"Urban and Built-up",14.25,107.44,0.957520723342896,17.1666666666667,40.4028268,40.4028268,0,631,1316.9731937742,1000,12,78.86178862,78.86178862,55.53451652,51.52211511,83.7398374,74.79674797,c(-122.2727, 37.816316)
"182","Berges Studio",NA,"02/16/2023","03/03/2023",15,"","CA",69430.2692307692,37.337037037037,27.8273307938483,7905.78811060499,4090.74553339015,42079.3125,41369,41555.5833333333,43650.5,62,85056.095026637,0.0270865707926809,3140157.37457693,835.61758784321,81.8977464788733,0.0654102436144344,9.87711268598867,4.24554408610053,"Urban and Built-up",14.25,107.44,0.957520723342896,12.5,58.7712524,58.7712524,0,531,1316.9731937742,1000,12,78.86178862,78.86178862,55.53451652,51.52211511,83.7398374,74.79674797,c(-122.2727, 37.816316)
"183","Berges Studio",NA,"02/16/2023","03/03/2023",15,"","CA",69430.2692307692,37.337037037037,27.8273307938483,7905.78811060499,4090.74553339015,42079.3125,41369,41555.5833333333,43650.5,62,85056.095026637,0.0270865707926809,3140157.37457693,835.61758784321,81.8977464788733,0.0654102436144344,9.87711268598867,4.24554408610053,"Urban and Built-up",14.25,107.44,0.957520723342896,16.1666666666667,67.6226215,67.6226215,0,844,1316.9731937742,1000,12,78.86178862,78.86178862,55.53451652,51.52211511,83.7398374,74.79674797,c(-122.2727, 37.816316)
"184","Berges Studio",NA,"02/16/2023","03/03/2023",15,"","CA",69430.2692307692,37.337037037037,27.8273307938483,7905.78811060499,4090.74553339015,42079.3125,41369,41555.5833333333,43650.5,62,85056.095026637,0.0270865707926809,3140157.37457693,835.61758784321,81.8977464788733,0.0654102436144344,9.87711268598867,4.24554408610053,"Urban and Built-up",14.25,107.44,0.957520723342896,18.8333333333333,60.9580874,60.9580874,0,757,1316.9731937742,1000,12,78.86178862,78.86178862,55.53451652,51.52211511,83.7398374,74.79674797,c(-122.2727, 37.816316)
"185","Berges Studio",NA,"02/16/2023","03/03/2023",15,"","CA",69430.2692307692,37.337037037037,27.8273307938483,7905.78811060499,4090.74553339015,42079.3125,41369,41555.5833333333,43650.5,62,85056.095026637,0.0270865707926809,3140157.37457693,835.61758784321,81.8977464788733,0.0654102436144344,9.87711268598867,4.24554408610053,"Urban and Built-up",14.25,107.44,0.957520723342896,16.1666666666667,64.7120306,64.7120306,0,543,1316.9731937742,1000,12,78.86178862,78.86178862,55.53451652,51.52211511,83.7398374,74.79674797,c(-122.2727, 37.816316)
"186","Berges Studio",NA,"02/16/2023","03/03/2023",15,"","CA",69430.2692307692,37.337037037037,27.8273307938483,7905.78811060499,4090.74553339015,42079.3125,41369,41555.5833333333,43650.5,62,85056.095026637,0.0270865707926809,3140157.37457693,835.61758784321,81.8977464788733,0.0654102436144344,9.87711268598867,4.24554408610053,"Urban and Built-up",14.25,107.44,0.957520723342896,17.3333333333333,33.2337145,33.2337145,0,345,1316.9731937742,1000,12,78.86178862,78.86178862,55.53451652,51.52211511,83.7398374,74.79674797,c(-122.2727, 37.816316)
"187","Berges Studio",NA,"02/16/2023","03/03/2023",15,"","CA",69430.2692307692,37.337037037037,27.8273307938483,7905.78811060499,4090.74553339015,42079.3125,41369,41555.5833333333,43650.5,62,85056.095026637,0.0270865707926809,3140157.37457693,835.61758784321,81.8977464788733,0.0654102436144344,9.87711268598867,4.24554408610053,"Urban and Built-up",14.25,107.44,0.957520723342896,16,41.9425069,41.9425069,0,363,1316.9731937742,1000,12,78.86178862,78.86178862,55.53451652,51.52211511,83.7398374,74.79674797,c(-122.2727, 37.816316)
"188","Berges Studio",NA,"02/16/2023","03/03/2023",15,"","CA",69430.2692307692,37.337037037037,27.8273307938483,7905.78811060499,4090.74553339015,42079.3125,41369,41555.5833333333,43650.5,62,85056.095026637,0.0270865707926809,3140157.37457693,835.61758784321,81.8977464788733,0.0654102436144344,9.87711268598867,4.24554408610053,"Urban and Built-up",14.25,107.44,0.957520723342896,15.6666666666667,92.477175,92.477175,0,660,1316.9731937742,1000,12,78.86178862,78.86178862,55.53451652,51.52211511,83.7398374,74.79674797,c(-122.2727, 37.816316)
"189","Berges Studio",NA,"02/16/2023","03/03/2023",15,"","CA",69430.2692307692,37.337037037037,27.8273307938483,7905.78811060499,4090.74553339015,42079.3125,41369,41555.5833333333,43650.5,62,85056.095026637,0.0270865707926809,3140157.37457693,835.61758784321,81.8977464788733,0.0654102436144344,9.87711268598867,4.24554408610053,"Urban and Built-up",14.25,107.44,0.957520723342896,17.1666666666667,96.81378,96.81378,0,898,1316.9731937742,1000,12,78.86178862,78.86178862,55.53451652,51.52211511,83.7398374,74.79674797,c(-122.2727, 37.816316)
"190","Berges Studio",NA,"02/16/2023","03/03/2023",15,"","CA",69430.2692307692,37.337037037037,27.8273307938483,7905.78811060499,4090.74553339015,42079.3125,41369,41555.5833333333,43650.5,62,85056.095026637,0.0270865707926809,3140157.37457693,835.61758784321,81.8977464788733,0.0654102436144344,9.87711268598867,4.24554408610053,"Urban and Built-up",14.25,107.44,0.957520723342896,14.8333333333333,22.2609919,22.2609919,0,524,1316.9731937742,1000,12,78.86178862,78.86178862,55.53451652,51.52211511,83.7398374,74.79674797,c(-122.2727, 37.816316)
"191","Berges Studio",NA,"02/16/2023","03/03/2023",15,"","CA",69430.2692307692,37.337037037037,27.8273307938483,7905.78811060499,4090.74553339015,42079.3125,41369,41555.5833333333,43650.5,62,85056.095026637,0.0270865707926809,3140157.37457693,835.61758784321,81.8977464788733,0.0654102436144344,9.87711268598867,4.24554408610053,"Urban and Built-up",14.25,107.44,0.957520723342896,13.8333333333333,61.0144262,61.0144262,0,739,1316.9731937742,1000,12,78.86178862,78.86178862,55.53451652,51.52211511,83.7398374,74.79674797,c(-122.2727, 37.816316)
"192","Berges Studio",NA,"02/16/2023","03/03/2023",15,"","CA",69430.2692307692,37.337037037037,27.8273307938483,7905.78811060499,4090.74553339015,42079.3125,41369,41555.5833333333,43650.5,62,85056.095026637,0.0270865707926809,3140157.37457693,835.61758784321,81.8977464788733,0.0654102436144344,9.87711268598867,4.24554408610053,"Urban and Built-up",14.25,107.44,0.957520723342896,17.3333333333333,179.0185138,179.0185138,0,1039,1316.9731937742,1000,12,78.86178862,78.86178862,55.53451652,51.52211511,83.7398374,74.79674797,c(-122.2727, 37.816316)
"193","Berges Studio",NA,"02/16/2023","03/03/2023",15,"","CA",69430.2692307692,37.337037037037,27.8273307938483,7905.78811060499,4090.74553339015,42079.3125,41369,41555.5833333333,43650.5,62,85056.095026637,0.0270865707926809,3140157.37457693,835.61758784321,81.8977464788733,0.0654102436144344,9.87711268598867,4.24554408610053,"Urban and Built-up",14.25,107.44,0.957520723342896,15.1666666666667,53.4931964,53.4931964,0,517,1316.9731937742,1000,12,78.86178862,78.86178862,55.53451652,51.52211511,83.7398374,74.79674797,c(-122.2727, 37.816316)
"194","Berges Studio",NA,"02/16/2023","03/03/2023",15,"","CA",69430.2692307692,37.337037037037,27.8273307938483,7905.78811060499,4090.74553339015,42079.3125,41369,41555.5833333333,43650.5,62,85056.095026637,0.0270865707926809,3140157.37457693,835.61758784321,81.8977464788733,0.0654102436144344,9.87711268598867,4.24554408610053,"Urban and Built-up",14.25,107.44,0.957520723342896,16.1666666666667,50.9814249,50.9814249,0,602,1316.9731937742,1000,12,78.86178862,78.86178862,55.53451652,51.52211511,83.7398374,74.79674797,c(-122.2727, 37.816316)
"195","Berges Studio",NA,"02/16/2023","03/03/2023",15,"","CA",69430.2692307692,37.337037037037,27.8273307938483,7905.78811060499,4090.74553339015,42079.3125,41369,41555.5833333333,43650.5,62,85056.095026637,0.0270865707926809,3140157.37457693,835.61758784321,81.8977464788733,0.0654102436144344,9.87711268598867,4.24554408610053,"Urban and Built-up",14.25,107.44,0.957520723342896,18.3333333333333,66.2756794,66.2756794,0,1169,1316.9731937742,1000,12,78.86178862,78.86178862,55.53451652,51.52211511,83.7398374,74.79674797,c(-122.2727, 37.816316)
"196","Berges Studio",NA,"02/16/2023","03/03/2023",15,"","CA",69430.2692307692,37.337037037037,27.8273307938483,7905.78811060499,4090.74553339015,42079.3125,41369,41555.5833333333,43650.5,62,85056.095026637,0.0270865707926809,3140157.37457693,835.61758784321,81.8977464788733,0.0654102436144344,9.87711268598867,4.24554408610053,"Urban and Built-up",14.25,107.44,0.957520723342896,19.3333333333333,76.0618278,76.0618278,0,1137,1316.9731937742,1000,12,78.86178862,78.86178862,55.53451652,51.52211511,83.7398374,74.79674797,c(-122.2727, 37.816316)
"197","Berges Studio",NA,"02/16/2023","03/03/2023",15,"","CA",69430.2692307692,37.337037037037,27.8273307938483,7905.78811060499,4090.74553339015,42079.3125,41369,41555.5833333333,43650.5,62,85056.095026637,0.0270865707926809,3140157.37457693,835.61758784321,81.8977464788733,0.0654102436144344,9.87711268598867,4.24554408610053,"Urban and Built-up",14.25,107.44,0.957520723342896,15.1666666666667,70.2174186,70.2174186,0,1018,1316.9731937742,1000,12,78.86178862,78.86178862,55.53451652,51.52211511,83.7398374,74.79674797,c(-122.2727, 37.816316)
"198","Berges Studio",NA,"02/16/2023","03/03/2023",15,"","CA",69430.2692307692,37.337037037037,27.8273307938483,7905.78811060499,4090.74553339015,42079.3125,41369,41555.5833333333,43650.5,62,85056.095026637,0.0270865707926809,3140157.37457693,835.61758784321,81.8977464788733,0.0654102436144344,9.87711268598867,4.24554408610053,"Urban and Built-up",14.25,107.44,0.957520723342896,15.8333333333333,51.3147628,51.3147628,0,350,1316.9731937742,1000,12,78.86178862,78.86178862,55.53451652,51.52211511,83.7398374,74.79674797,c(-122.2727, 37.816316)
"199","Berges Studio",NA,"02/16/2023","03/03/2023",15,"","CA",69430.2692307692,37.337037037037,27.8273307938483,7905.78811060499,4090.74553339015,42079.3125,41369,41555.5833333333,43650.5,62,85056.095026637,0.0270865707926809,3140157.37457693,835.61758784321,81.8977464788733,0.0654102436144344,9.87711268598867,4.24554408610053,"Urban and Built-up",14.25,107.44,0.957520723342896,16.3333333333333,47.2336592,47.2336592,0,629,1316.9731937742,1000,12,78.86178862,78.86178862,55.53451652,51.52211511,83.7398374,74.79674797,c(-122.2727, 37.816316)
"200","Berges Studio",NA,"02/16/2023","03/03/2023",15,"","CA",69430.2692307692,37.337037037037,27.8273307938483,7905.78811060499,4090.74553339015,42079.3125,41369,41555.5833333333,43650.5,62,85056.095026637,0.0270865707926809,3140157.37457693,835.61758784321,81.8977464788733,0.0654102436144344,9.87711268598867,4.24554408610053,"Urban and Built-up",14.25,107.44,0.957520723342896,18.3333333333333,22.3608203,22.3608203,0,827,1316.9731937742,1000,12,78.86178862,78.86178862,55.53451652,51.52211511,83.7398374,74.79674797,c(-122.2727, 37.816316)
"201","Blake Garden","BG","11/09/2023","11/27/2023",18,"","CA",154107.384615385,49.0153846153846,59.1615067825353,1816.76452798963,778.217844850087,3302.78947368421,3325,3641.30769230769,2569.33333333333,1,38680.8923462263,0.0123181381479137,3140157.37457674,644.157248459168,31.87134009009,0.220421305447801,157.456520347714,1.95018850757149,"Urban and Built-up",14.1099998474121,129.96,0.782785981893539,17.3333333333333,51.221359,51.221359,0,319,782.462888361494,1000,13,25.20325203,33.33333333,30.64176576,25.57915443,17.88617886,5.691056911,c(-122.28521, 37.91269)
"202","Blake Garden","BG","11/09/2023","11/27/2023",18,"","CA",154107.384615385,49.0153846153846,59.1615067825353,1816.76452798963,778.217844850087,3302.78947368421,3325,3641.30769230769,2569.33333333333,1,38680.8923462263,0.0123181381479137,3140157.37457674,644.157248459168,31.87134009009,0.220421305447801,157.456520347714,1.95018850757149,"Urban and Built-up",14.1099998474121,129.96,0.782785981893539,12.5,402.8095708,402.8095708,0,930,782.462888361494,1000,13,25.20325203,33.33333333,30.64176576,25.57915443,17.88617886,5.691056911,c(-122.28521, 37.91269)
"203","Blake Garden","BG","11/09/2023","11/27/2023",18,"","CA",154107.384615385,49.0153846153846,59.1615067825353,1816.76452798963,778.217844850087,3302.78947368421,3325,3641.30769230769,2569.33333333333,1,38680.8923462263,0.0123181381479137,3140157.37457674,644.157248459168,31.87134009009,0.220421305447801,157.456520347714,1.95018850757149,"Urban and Built-up",14.1099998474121,129.96,0.782785981893539,10.5,2208.2724076,2208.2724076,0,966,782.462888361494,1000,13,25.20325203,33.33333333,30.64176576,25.57915443,17.88617886,5.691056911,c(-122.28521, 37.91269)
"204","Blake Garden","BG","11/09/2023","11/27/2023",18,"","CA",154107.384615385,49.0153846153846,59.1615067825353,1816.76452798963,778.217844850087,3302.78947368421,3325,3641.30769230769,2569.33333333333,1,38680.8923462263,0.0123181381479137,3140157.37457674,644.157248459168,31.87134009009,0.220421305447801,157.456520347714,1.95018850757149,"Urban and Built-up",14.1099998474121,129.96,0.782785981893539,13.3333333333333,173.9099684,173.9099684,0,432,782.462888361494,1000,13,25.20325203,33.33333333,30.64176576,25.57915443,17.88617886,5.691056911,c(-122.28521, 37.91269)
"205","Blake Garden","BG","11/09/2023","11/27/2023",18,"","CA",154107.384615385,49.0153846153846,59.1615067825353,1816.76452798963,778.217844850087,3302.78947368421,3325,3641.30769230769,2569.33333333333,1,38680.8923462263,0.0123181381479137,3140157.37457674,644.157248459168,31.87134009009,0.220421305447801,157.456520347714,1.95018850757149,"Urban and Built-up",14.1099998474121,129.96,0.782785981893539,11.5,77.5296018,77.5296018,0,487,782.462888361494,1000,13,25.20325203,33.33333333,30.64176576,25.57915443,17.88617886,5.691056911,c(-122.28521, 37.91269)
"206","Blake Garden","BG","11/09/2023","11/27/2023",18,"","CA",154107.384615385,49.0153846153846,59.1615067825353,1816.76452798963,778.217844850087,3302.78947368421,3325,3641.30769230769,2569.33333333333,1,38680.8923462263,0.0123181381479137,3140157.37457674,644.157248459168,31.87134009009,0.220421305447801,157.456520347714,1.95018850757149,"Urban and Built-up",14.1099998474121,129.96,0.782785981893539,12.6666666666667,155.1370401,155.1370401,0,510,782.462888361494,1000,13,25.20325203,33.33333333,30.64176576,25.57915443,17.88617886,5.691056911,c(-122.28521, 37.91269)
"207","Blake Garden","BG","11/09/2023","11/27/2023",18,"","CA",154107.384615385,49.0153846153846,59.1615067825353,1816.76452798963,778.217844850087,3302.78947368421,3325,3641.30769230769,2569.33333333333,1,38680.8923462263,0.0123181381479137,3140157.37457674,644.157248459168,31.87134009009,0.220421305447801,157.456520347714,1.95018850757149,"Urban and Built-up",14.1099998474121,129.96,0.782785981893539,13,112.8599598,112.8599598,0,416,782.462888361494,1000,13,25.20325203,33.33333333,30.64176576,25.57915443,17.88617886,5.691056911,c(-122.28521, 37.91269)
"208","Blake Garden","BG","11/09/2023","11/27/2023",18,"","CA",154107.384615385,49.0153846153846,59.1615067825353,1816.76452798963,778.217844850087,3302.78947368421,3325,3641.30769230769,2569.33333333333,1,38680.8923462263,0.0123181381479137,3140157.37457674,644.157248459168,31.87134009009,0.220421305447801,157.456520347714,1.95018850757149,"Urban and Built-up",14.1099998474121,129.96,0.782785981893539,14.8333333333333,87.0958312,87.0958312,0,452,782.462888361494,1000,13,25.20325203,33.33333333,30.64176576,25.57915443,17.88617886,5.691056911,c(-122.28521, 37.91269)
"209","Blake Garden","BG","11/09/2023","11/27/2023",18,"","CA",154107.384615385,49.0153846153846,59.1615067825353,1816.76452798963,778.217844850087,3302.78947368421,3325,3641.30769230769,2569.33333333333,1,38680.8923462263,0.0123181381479137,3140157.37457674,644.157248459168,31.87134009009,0.220421305447801,157.456520347714,1.95018850757149,"Urban and Built-up",14.1099998474121,129.96,0.782785981893539,11.8333333333333,228.8914481,228.8914481,0,890,782.462888361494,1000,13,25.20325203,33.33333333,30.64176576,25.57915443,17.88617886,5.691056911,c(-122.28521, 37.91269)
"210","Blake Garden","BG","11/09/2023","11/27/2023",18,"","CA",154107.384615385,49.0153846153846,59.1615067825353,1816.76452798963,778.217844850087,3302.78947368421,3325,3641.30769230769,2569.33333333333,1,38680.8923462263,0.0123181381479137,3140157.37457674,644.157248459168,31.87134009009,0.220421305447801,157.456520347714,1.95018850757149,"Urban and Built-up",14.1099998474121,129.96,0.782785981893539,4,17980.3370117,16534.8341347,1445.502877,977,782.462888361494,1000,13,25.20325203,33.33333333,30.64176576,25.57915443,17.88617886,5.691056911,c(-122.28521, 37.91269)
"211","Blake Garden","BG","11/09/2023","11/27/2023",18,"","CA",154107.384615385,49.0153846153846,59.1615067825353,1816.76452798963,778.217844850087,3302.78947368421,3325,3641.30769230769,2569.33333333333,1,38680.8923462263,0.0123181381479137,3140157.37457674,644.157248459168,31.87134009009,0.220421305447801,157.456520347714,1.95018850757149,"Urban and Built-up",14.1099998474121,129.96,0.782785981893539,12.3333333333333,63.6519716,57.6738813,5.9780903,377,782.462888361494,1000,13,25.20325203,33.33333333,30.64176576,25.57915443,17.88617886,5.691056911,c(-122.28521, 37.91269)
"212","Blake Garden","BG","11/09/2023","11/27/2023",18,"","CA",154107.384615385,49.0153846153846,59.1615067825353,1816.76452798963,778.217844850087,3302.78947368421,3325,3641.30769230769,2569.33333333333,1,38680.8923462263,0.0123181381479137,3140157.37457674,644.157248459168,31.87134009009,0.220421305447801,157.456520347714,1.95018850757149,"Urban and Built-up",14.1099998474121,129.96,0.782785981893539,10.8333333333333,90.7778683,90.7778683,0,394,782.462888361494,1000,13,25.20325203,33.33333333,30.64176576,25.57915443,17.88617886,5.691056911,c(-122.28521, 37.91269)
"213","Blake Garden","BG","11/09/2023","11/27/2023",18,"","CA",154107.384615385,49.0153846153846,59.1615067825353,1816.76452798963,778.217844850087,3302.78947368421,3325,3641.30769230769,2569.33333333333,1,38680.8923462263,0.0123181381479137,3140157.37457674,644.157248459168,31.87134009009,0.220421305447801,157.456520347714,1.95018850757149,"Urban and Built-up",14.1099998474121,129.96,0.782785981893539,12.8333333333333,81.1933535,81.1933535,0,338,782.462888361494,1000,13,25.20325203,33.33333333,30.64176576,25.57915443,17.88617886,5.691056911,c(-122.28521, 37.91269)
"214","Booker T. Anderson Park","BTA","11/24/2023","12/02/2023",8,"","CA",64334.9090909091,34.6615384615385,18.6053882661464,3256.70553485353,1285.03070843019,12728.1111111111,12600,12105.5,13973.3333333333,4,60371.0388046245,0.0192254819116392,3140157.37457669,622.851291669847,64.5646892655367,0.115768057702328,11.0570218198706,3.3238981527828,"Urban and Built-up",14.3500003814697,127.075,0.918695489565531,14.1666666666667,985.9201044,567.9798593,417.9402451,750,796.27405026789,1000,14,79.67479675,81.30081301,56.59650758,53.31889377,90.24390244,77.23577236,c(-122.32587, 37.91948)
"215","Booker T. Anderson Park","BTA","11/24/2023","12/02/2023",8,"","CA",64334.9090909091,34.6615384615385,18.6053882661464,3256.70553485353,1285.03070843019,12728.1111111111,12600,12105.5,13973.3333333333,4,60371.0388046245,0.0192254819116392,3140157.37457669,622.851291669847,64.5646892655367,0.115768057702328,11.0570218198706,3.3238981527828,"Urban and Built-up",14.3500003814697,127.075,0.918695489565531,14.6666666666667,1878.5320365,490.0877618,1388.4442747,1722,796.27405026789,1000,14,79.67479675,81.30081301,56.59650758,53.31889377,90.24390244,77.23577236,c(-122.32587, 37.91948)
"216","Booker T. Anderson Park","BTA","11/24/2023","12/02/2023",8,"","CA",64334.9090909091,34.6615384615385,18.6053882661464,3256.70553485353,1285.03070843019,12728.1111111111,12600,12105.5,13973.3333333333,4,60371.0388046245,0.0192254819116392,3140157.37457669,622.851291669847,64.5646892655367,0.115768057702328,11.0570218198706,3.3238981527828,"Urban and Built-up",14.3500003814697,127.075,0.918695489565531,17.1666666666667,124.9038609,124.9038609,0,564,796.27405026789,1000,14,79.67479675,81.30081301,56.59650758,53.31889377,90.24390244,77.23577236,c(-122.32587, 37.91948)
"217","Booker T. Anderson Park","BTA","11/24/2023","12/02/2023",8,"","CA",64334.9090909091,34.6615384615385,18.6053882661464,3256.70553485353,1285.03070843019,12728.1111111111,12600,12105.5,13973.3333333333,4,60371.0388046245,0.0192254819116392,3140157.37457669,622.851291669847,64.5646892655367,0.115768057702328,11.0570218198706,3.3238981527828,"Urban and Built-up",14.3500003814697,127.075,0.918695489565531,14.8333333333333,105.2764608,105.2764608,0,528,796.27405026789,1000,14,79.67479675,81.30081301,56.59650758,53.31889377,90.24390244,77.23577236,c(-122.32587, 37.91948)
"218","Booker T. Anderson Park","BTA","11/24/2023","12/02/2023",8,"","CA",64334.9090909091,34.6615384615385,18.6053882661464,3256.70553485353,1285.03070843019,12728.1111111111,12600,12105.5,13973.3333333333,4,60371.0388046245,0.0192254819116392,3140157.37457669,622.851291669847,64.5646892655367,0.115768057702328,11.0570218198706,3.3238981527828,"Urban and Built-up",14.3500003814697,127.075,0.918695489565531,14.1666666666667,90.2703249,90.2703249,0,697,796.27405026789,1000,14,79.67479675,81.30081301,56.59650758,53.31889377,90.24390244,77.23577236,c(-122.32587, 37.91948)
"219","Booker T. Anderson Park","BTA","11/24/2023","12/02/2023",8,"","CA",64334.9090909091,34.6615384615385,18.6053882661464,3256.70553485353,1285.03070843019,12728.1111111111,12600,12105.5,13973.3333333333,4,60371.0388046245,0.0192254819116392,3140157.37457669,622.851291669847,64.5646892655367,0.115768057702328,11.0570218198706,3.3238981527828,"Urban and Built-up",14.3500003814697,127.075,0.918695489565531,14.5,91.2369801,91.2369801,0,305,796.27405026789,1000,14,79.67479675,81.30081301,56.59650758,53.31889377,90.24390244,77.23577236,c(-122.32587, 37.91948)
"220","Booker T. Anderson Park","BTA","11/24/2023","12/02/2023",8,"","CA",64334.9090909091,34.6615384615385,18.6053882661464,3256.70553485353,1285.03070843019,12728.1111111111,12600,12105.5,13973.3333333333,4,60371.0388046245,0.0192254819116392,3140157.37457669,622.851291669847,64.5646892655367,0.115768057702328,11.0570218198706,3.3238981527828,"Urban and Built-up",14.3500003814697,127.075,0.918695489565531,13.8333333333333,98.9222843,98.9222843,0,992,796.27405026789,1000,14,79.67479675,81.30081301,56.59650758,53.31889377,90.24390244,77.23577236,c(-122.32587, 37.91948)
"221","Booker T. Anderson Park","BTA","11/24/2023","12/02/2023",8,"","CA",64334.9090909091,34.6615384615385,18.6053882661464,3256.70553485353,1285.03070843019,12728.1111111111,12600,12105.5,13973.3333333333,4,60371.0388046245,0.0192254819116392,3140157.37457669,622.851291669847,64.5646892655367,0.115768057702328,11.0570218198706,3.3238981527828,"Urban and Built-up",14.3500003814697,127.075,0.918695489565531,12.3333333333333,156.6764731,156.6764731,0,1126,796.27405026789,1000,14,79.67479675,81.30081301,56.59650758,53.31889377,90.24390244,77.23577236,c(-122.32587, 37.91948)
"222","Booker T. Anderson Park","BTA","11/24/2023","12/02/2023",8,"","CA",64334.9090909091,34.6615384615385,18.6053882661464,3256.70553485353,1285.03070843019,12728.1111111111,12600,12105.5,13973.3333333333,4,60371.0388046245,0.0192254819116392,3140157.37457669,622.851291669847,64.5646892655367,0.115768057702328,11.0570218198706,3.3238981527828,"Urban and Built-up",14.3500003814697,127.075,0.918695489565531,14.5,141.4407813,141.4407813,0,733,796.27405026789,1000,14,79.67479675,81.30081301,56.59650758,53.31889377,90.24390244,77.23577236,c(-122.32587, 37.91948)
"223","Booker T. Anderson Park","BTA","11/24/2023","12/02/2023",8,"","CA",64334.9090909091,34.6615384615385,18.6053882661464,3256.70553485353,1285.03070843019,12728.1111111111,12600,12105.5,13973.3333333333,4,60371.0388046245,0.0192254819116392,3140157.37457669,622.851291669847,64.5646892655367,0.115768057702328,11.0570218198706,3.3238981527828,"Urban and Built-up",14.3500003814697,127.075,0.918695489565531,14.3333333333333,96.2271646,96.2271646,0,851,796.27405026789,1000,14,79.67479675,81.30081301,56.59650758,53.31889377,90.24390244,77.23577236,c(-122.32587, 37.91948)
"224","Booker T. Anderson Park","BTA","11/24/2023","12/02/2023",8,"","CA",64334.9090909091,34.6615384615385,18.6053882661464,3256.70553485353,1285.03070843019,12728.1111111111,12600,12105.5,13973.3333333333,4,60371.0388046245,0.0192254819116392,3140157.37457669,622.851291669847,64.5646892655367,0.115768057702328,11.0570218198706,3.3238981527828,"Urban and Built-up",14.3500003814697,127.075,0.918695489565531,18.6666666666667,83.243048,83.243048,0,453,796.27405026789,1000,14,79.67479675,81.30081301,56.59650758,53.31889377,90.24390244,77.23577236,c(-122.32587, 37.91948)
"225","Booker T. Anderson Park","BTA","11/24/2023","12/02/2023",8,"","CA",64334.9090909091,34.6615384615385,18.6053882661464,3256.70553485353,1285.03070843019,12728.1111111111,12600,12105.5,13973.3333333333,4,60371.0388046245,0.0192254819116392,3140157.37457669,622.851291669847,64.5646892655367,0.115768057702328,11.0570218198706,3.3238981527828,"Urban and Built-up",14.3500003814697,127.075,0.918695489565531,19.3333333333333,63.1481347,63.1481347,0,367,796.27405026789,1000,14,79.67479675,81.30081301,56.59650758,53.31889377,90.24390244,77.23577236,c(-122.32587, 37.91948)
"226","Booker T. Anderson Park","BTA","11/24/2023","12/02/2023",8,"","CA",64334.9090909091,34.6615384615385,18.6053882661464,3256.70553485353,1285.03070843019,12728.1111111111,12600,12105.5,13973.3333333333,4,60371.0388046245,0.0192254819116392,3140157.37457669,622.851291669847,64.5646892655367,0.115768057702328,11.0570218198706,3.3238981527828,"Urban and Built-up",14.3500003814697,127.075,0.918695489565531,17.3333333333333,47.6393974,47.6393974,0,583,796.27405026789,1000,14,79.67479675,81.30081301,56.59650758,53.31889377,90.24390244,77.23577236,c(-122.32587, 37.91948)
"227","Borozan Home",NA,"11/30/2023","12/14/2023",14,"Mac Home","CA",89407.5625,34.68125,27.2795764682506,4389.35461562792,1864.97227914115,12457,12210,12879.3636363636,11295.5,4,68492.9421657976,0.0218119457070299,3140157.37457675,989.708043684729,78.6471916454981,0.0744667627417343,4.81542791046344,4.19653766907071,"Urban and Built-up",14.1499996185303,109.32,0.938816368579865,14.6666666666667,35.2451085,35.2451085,0,480,356.32067577738,1000,15,83.7398374,91.05691057,60.30191483,54.50005009,91.05691057,89.43089431,c(-122.2937096, 37.8072335)
"228","Borozan Home",NA,"11/30/2023","12/14/2023",14,"Mac Home","CA",89407.5625,34.68125,27.2795764682506,4389.35461562792,1864.97227914115,12457,12210,12879.3636363636,11295.5,4,68492.9421657976,0.0218119457070299,3140157.37457675,989.708043684729,78.6471916454981,0.0744667627417343,4.81542791046344,4.19653766907071,"Urban and Built-up",14.1499996185303,109.32,0.938816368579865,16.1666666666667,175.0177177,175.0177177,0,926,356.32067577738,1000,15,83.7398374,91.05691057,60.30191483,54.50005009,91.05691057,89.43089431,c(-122.2937096, 37.8072335)
"229","Borozan Home",NA,"11/30/2023","12/14/2023",14,"Mac Home","CA",89407.5625,34.68125,27.2795764682506,4389.35461562792,1864.97227914115,12457,12210,12879.3636363636,11295.5,4,68492.9421657976,0.0218119457070299,3140157.37457675,989.708043684729,78.6471916454981,0.0744667627417343,4.81542791046344,4.19653766907071,"Urban and Built-up",14.1499996185303,109.32,0.938816368579865,5,2469.5902945,1033.1663657,1436.4239288,61,356.32067577738,1000,15,83.7398374,91.05691057,60.30191483,54.50005009,91.05691057,89.43089431,c(-122.2937096, 37.8072335)
"230","Borozan Home",NA,"11/30/2023","12/14/2023",14,"Mac Home","CA",89407.5625,34.68125,27.2795764682506,4389.35461562792,1864.97227914115,12457,12210,12879.3636363636,11295.5,4,68492.9421657976,0.0218119457070299,3140157.37457675,989.708043684729,78.6471916454981,0.0744667627417343,4.81542791046344,4.19653766907071,"Urban and Built-up",14.1499996185303,109.32,0.938816368579865,16.6666666666667,38.5473529,38.5473529,0,590,356.32067577738,1000,15,83.7398374,91.05691057,60.30191483,54.50005009,91.05691057,89.43089431,c(-122.2937096, 37.8072335)
"231","Borozan Home",NA,"11/30/2023","12/14/2023",14,"Mac Home","CA",89407.5625,34.68125,27.2795764682506,4389.35461562792,1864.97227914115,12457,12210,12879.3636363636,11295.5,4,68492.9421657976,0.0218119457070299,3140157.37457675,989.708043684729,78.6471916454981,0.0744667627417343,4.81542791046344,4.19653766907071,"Urban and Built-up",14.1499996185303,109.32,0.938816368579865,14.8333333333333,22.2609919,22.2609919,0,524,356.32067577738,1000,15,83.7398374,91.05691057,60.30191483,54.50005009,91.05691057,89.43089431,c(-122.2937096, 37.8072335)
"232","Borozan Home",NA,"11/30/2023","12/14/2023",14,"Mac Home","CA",89407.5625,34.68125,27.2795764682506,4389.35461562792,1864.97227914115,12457,12210,12879.3636363636,11295.5,4,68492.9421657976,0.0218119457070299,3140157.37457675,989.708043684729,78.6471916454981,0.0744667627417343,4.81542791046344,4.19653766907071,"Urban and Built-up",14.1499996185303,109.32,0.938816368579865,17.5,42.4347301,42.4347301,0,462,356.32067577738,1000,15,83.7398374,91.05691057,60.30191483,54.50005009,91.05691057,89.43089431,c(-122.2937096, 37.8072335)
"233","Borozan Home",NA,"11/30/2023","12/14/2023",14,"Mac Home","CA",89407.5625,34.68125,27.2795764682506,4389.35461562792,1864.97227914115,12457,12210,12879.3636363636,11295.5,4,68492.9421657976,0.0218119457070299,3140157.37457675,989.708043684729,78.6471916454981,0.0744667627417343,4.81542791046344,4.19653766907071,"Urban and Built-up",14.1499996185303,109.32,0.938816368579865,16,27.8328498,27.8328498,0,459,356.32067577738,1000,15,83.7398374,91.05691057,60.30191483,54.50005009,91.05691057,89.43089431,c(-122.2937096, 37.8072335)
"234","Borozan Home",NA,"11/30/2023","12/14/2023",14,"Mac Home","CA",89407.5625,34.68125,27.2795764682506,4389.35461562792,1864.97227914115,12457,12210,12879.3636363636,11295.5,4,68492.9421657976,0.0218119457070299,3140157.37457675,989.708043684729,78.6471916454981,0.0744667627417343,4.81542791046344,4.19653766907071,"Urban and Built-up",14.1499996185303,109.32,0.938816368579865,13.8333333333333,61.0144262,61.0144262,0,739,356.32067577738,1000,15,83.7398374,91.05691057,60.30191483,54.50005009,91.05691057,89.43089431,c(-122.2937096, 37.8072335)
"235","Borozan Home",NA,"11/30/2023","12/14/2023",14,"Mac Home","CA",89407.5625,34.68125,27.2795764682506,4389.35461562792,1864.97227914115,12457,12210,12879.3636363636,11295.5,4,68492.9421657976,0.0218119457070299,3140157.37457675,989.708043684729,78.6471916454981,0.0744667627417343,4.81542791046344,4.19653766907071,"Urban and Built-up",14.1499996185303,109.32,0.938816368579865,15.3333333333333,65.1308651,65.1308651,0,479,356.32067577738,1000,15,83.7398374,91.05691057,60.30191483,54.50005009,91.05691057,89.43089431,c(-122.2937096, 37.8072335)
"236","Borozan Home",NA,"11/30/2023","12/14/2023",14,"Mac Home","CA",89407.5625,34.68125,27.2795764682506,4389.35461562792,1864.97227914115,12457,12210,12879.3636363636,11295.5,4,68492.9421657976,0.0218119457070299,3140157.37457675,989.708043684729,78.6471916454981,0.0744667627417343,4.81542791046344,4.19653766907071,"Urban and Built-up",14.1499996185303,109.32,0.938816368579865,13.3333333333333,25.1728183,25.1728183,0,395,356.32067577738,1000,15,83.7398374,91.05691057,60.30191483,54.50005009,91.05691057,89.43089431,c(-122.2937096, 37.8072335)
"237","Borozan Home",NA,"11/30/2023","12/14/2023",14,"Mac Home","CA",89407.5625,34.68125,27.2795764682506,4389.35461562792,1864.97227914115,12457,12210,12879.3636363636,11295.5,4,68492.9421657976,0.0218119457070299,3140157.37457675,989.708043684729,78.6471916454981,0.0744667627417343,4.81542791046344,4.19653766907071,"Urban and Built-up",14.1499996185303,109.32,0.938816368579865,14.1666666666667,1275.4059087,924.497469,350.9084397,123,356.32067577738,1000,15,83.7398374,91.05691057,60.30191483,54.50005009,91.05691057,89.43089431,c(-122.2937096, 37.8072335)
"238","Borozan Home",NA,"11/30/2023","12/14/2023",14,"Mac Home","CA",89407.5625,34.68125,27.2795764682506,4389.35461562792,1864.97227914115,12457,12210,12879.3636363636,11295.5,4,68492.9421657976,0.0218119457070299,3140157.37457675,989.708043684729,78.6471916454981,0.0744667627417343,4.81542791046344,4.19653766907071,"Urban and Built-up",14.1499996185303,109.32,0.938816368579865,16.5,105.6873881,105.6873881,0,380,356.32067577738,1000,15,83.7398374,91.05691057,60.30191483,54.50005009,91.05691057,89.43089431,c(-122.2937096, 37.8072335)
"239","Borozan Home",NA,"11/30/2023","12/14/2023",14,"Mac Home","CA",89407.5625,34.68125,27.2795764682506,4389.35461562792,1864.97227914115,12457,12210,12879.3636363636,11295.5,4,68492.9421657976,0.0218119457070299,3140157.37457675,989.708043684729,78.6471916454981,0.0744667627417343,4.81542791046344,4.19653766907071,"Urban and Built-up",14.1499996185303,109.32,0.938816368579865,17.3333333333333,179.0185138,179.0185138,0,1039,356.32067577738,1000,15,83.7398374,91.05691057,60.30191483,54.50005009,91.05691057,89.43089431,c(-122.2937096, 37.8072335)
"240","Borozan Home",NA,"11/30/2023","12/14/2023",14,"Mac Home","CA",89407.5625,34.68125,27.2795764682506,4389.35461562792,1864.97227914115,12457,12210,12879.3636363636,11295.5,4,68492.9421657976,0.0218119457070299,3140157.37457675,989.708043684729,78.6471916454981,0.0744667627417343,4.81542791046344,4.19653766907071,"Urban and Built-up",14.1499996185303,109.32,0.938816368579865,15,380.1937433,313.656385,66.5373583,144,356.32067577738,1000,15,83.7398374,91.05691057,60.30191483,54.50005009,91.05691057,89.43089431,c(-122.2937096, 37.8072335)
"241","Briones 1 South",NA,"11/26/2023","12/11/2023",15,"","CA",210380.25,51.65,68.5741072211266,195.435378964275,75.2636587574966,914.333333333333,820,914.333333333333,NA,1,6194.85538564961,0.00197278500619199,3140157.37457746,331.645402887599,0.486142533936653,0.31346685581136,260.53646954975,0.512007777507802,"Urban and Built-up",14.1099996566772,121.88,0.380447886884212,4.83333333333333,5344.0188508,5344.0188508,0,955,3339.80619531761,1000,16,10.56910569,8.943089431,30.66545583,21.23416899,6.504065041,6.504065041,c(-122.15976, 37.92933)
"242","Briones 1 South",NA,"11/26/2023","12/11/2023",15,"","CA",210380.25,51.65,68.5741072211266,195.435378964275,75.2636587574966,914.333333333333,820,914.333333333333,NA,1,6194.85538564961,0.00197278500619199,3140157.37457746,331.645402887599,0.486142533936653,0.31346685581136,260.53646954975,0.512007777507802,"Urban and Built-up",14.1099996566772,121.88,0.380447886884212,6.33333333333333,1846.1891175,1846.1891175,0,999,3339.80619531761,1000,16,10.56910569,8.943089431,30.66545583,21.23416899,6.504065041,6.504065041,c(-122.15976, 37.92933)
"243","Briones 1 South",NA,"11/26/2023","12/11/2023",15,"","CA",210380.25,51.65,68.5741072211266,195.435378964275,75.2636587574966,914.333333333333,820,914.333333333333,NA,1,6194.85538564961,0.00197278500619199,3140157.37457746,331.645402887599,0.486142533936653,0.31346685581136,260.53646954975,0.512007777507802,"Urban and Built-up",14.1099996566772,121.88,0.380447886884212,4,17980.3370117,16534.8341347,1445.502877,977,3339.80619531761,1000,16,10.56910569,8.943089431,30.66545583,21.23416899,6.504065041,6.504065041,c(-122.15976, 37.92933)
"244","Briones 2 North",NA,"11/26/2023","12/11/2023",15,"","CA",182843.5,54.2,62.1446244771306,64.4342143853149,26.3425050530934,694.333333333333,680,694.333333333333,NA,1,10985.0969117796,0.00349826317646256,3140157.37457686,757.527223978875,0.27958203897203,0.308286009264727,235.701360396906,0.599058358197005,"Urban and Built-up",14.15,120.36,0.383464686572552,4.83333333333333,5344.0188508,5344.0188508,0,955,3339.80619531761,1000,17,8.943089431,0.81300813,22.27927363,20.4381594,3.25203252,0.81300813,c(-122.13504, 37.95218)
"245","Briones 2 North",NA,"11/26/2023","12/11/2023",15,"","CA",182843.5,54.2,62.1446244771306,64.4342143853149,26.3425050530934,694.333333333333,680,694.333333333333,NA,1,10985.0969117796,0.00349826317646256,3140157.37457686,757.527223978875,0.27958203897203,0.308286009264727,235.701360396906,0.599058358197005,"Urban and Built-up",14.15,120.36,0.383464686572552,4,17980.3370117,16534.8341347,1445.502877,977,3339.80619531761,1000,17,8.943089431,0.81300813,22.27927363,20.4381594,3.25203252,0.81300813,c(-122.13504, 37.95218)
"246","Bushrod Community Garden",NA,"01/28/2023","02/11/2023",14,"","CA",112968.576923077,35.9555555555556,51.6490740518933,5614.69382199213,2441.30815147428,20259.8666666667,20253,21019.6,18740.4,42,70882.4979645702,0.022572912599365,3140157.37457665,875.71233665521,66.834179357022,0.121529997545191,38.6469762727342,3.45982148211364,"Urban and Built-up",14.25,111.775,0.936057984828949,16.3333333333333,80.2934153,80.2934153,0,652,954.712446281547,1000,18,66.66666667,73.17073171,54.72614651,38.86508836,62.60162602,71.54471545,c(-122.264365, 37.845006)
"247","Bushrod Community Garden",NA,"01/28/2023","02/11/2023",14,"","CA",112968.576923077,35.9555555555556,51.6490740518933,5614.69382199213,2441.30815147428,20259.8666666667,20253,21019.6,18740.4,42,70882.4979645702,0.022572912599365,3140157.37457665,875.71233665521,66.834179357022,0.121529997545191,38.6469762727342,3.45982148211364,"Urban and Built-up",14.25,111.775,0.936057984828949,15.5,81.3818908,81.3818908,0,727,954.712446281547,1000,18,66.66666667,73.17073171,54.72614651,38.86508836,62.60162602,71.54471545,c(-122.264365, 37.845006)
"248","Bushrod Community Garden",NA,"01/28/2023","02/11/2023",14,"","CA",112968.576923077,35.9555555555556,51.6490740518933,5614.69382199213,2441.30815147428,20259.8666666667,20253,21019.6,18740.4,42,70882.4979645702,0.022572912599365,3140157.37457665,875.71233665521,66.834179357022,0.121529997545191,38.6469762727342,3.45982148211364,"Urban and Built-up",14.25,111.775,0.936057984828949,15.5,45.12046,45.12046,0,396,954.712446281547,1000,18,66.66666667,73.17073171,54.72614651,38.86508836,62.60162602,71.54471545,c(-122.264365, 37.845006)
"249","Bushrod Community Garden",NA,"01/28/2023","02/11/2023",14,"","CA",112968.576923077,35.9555555555556,51.6490740518933,5614.69382199213,2441.30815147428,20259.8666666667,20253,21019.6,18740.4,42,70882.4979645702,0.022572912599365,3140157.37457665,875.71233665521,66.834179357022,0.121529997545191,38.6469762727342,3.45982148211364,"Urban and Built-up",14.25,111.775,0.936057984828949,17.5,33.6577381,33.6577381,0,481,954.712446281547,1000,18,66.66666667,73.17073171,54.72614651,38.86508836,62.60162602,71.54471545,c(-122.264365, 37.845006)
"250","Bushrod Community Garden",NA,"01/28/2023","02/11/2023",14,"","CA",112968.576923077,35.9555555555556,51.6490740518933,5614.69382199213,2441.30815147428,20259.8666666667,20253,21019.6,18740.4,42,70882.4979645702,0.022572912599365,3140157.37457665,875.71233665521,66.834179357022,0.121529997545191,38.6469762727342,3.45982148211364,"Urban and Built-up",14.25,111.775,0.936057984828949,16.8333333333333,61.2022222,61.2022222,0,705,954.712446281547,1000,18,66.66666667,73.17073171,54.72614651,38.86508836,62.60162602,71.54471545,c(-122.264365, 37.845006)
"251","Bushrod Community Garden",NA,"01/28/2023","02/11/2023",14,"","CA",112968.576923077,35.9555555555556,51.6490740518933,5614.69382199213,2441.30815147428,20259.8666666667,20253,21019.6,18740.4,42,70882.4979645702,0.022572912599365,3140157.37457665,875.71233665521,66.834179357022,0.121529997545191,38.6469762727342,3.45982148211364,"Urban and Built-up",14.25,111.775,0.936057984828949,13.1666666666667,22.6822974,22.6822974,0,422,954.712446281547,1000,18,66.66666667,73.17073171,54.72614651,38.86508836,62.60162602,71.54471545,c(-122.264365, 37.845006)
"252","Bushrod Community Garden",NA,"01/28/2023","02/11/2023",14,"","CA",112968.576923077,35.9555555555556,51.6490740518933,5614.69382199213,2441.30815147428,20259.8666666667,20253,21019.6,18740.4,42,70882.4979645702,0.022572912599365,3140157.37457665,875.71233665521,66.834179357022,0.121529997545191,38.6469762727342,3.45982148211364,"Urban and Built-up",14.25,111.775,0.936057984828949,18.8333333333333,40.8562553,40.8562553,0,495,954.712446281547,1000,18,66.66666667,73.17073171,54.72614651,38.86508836,62.60162602,71.54471545,c(-122.264365, 37.845006)
"253","Bushrod Community Garden",NA,"01/28/2023","02/11/2023",14,"","CA",112968.576923077,35.9555555555556,51.6490740518933,5614.69382199213,2441.30815147428,20259.8666666667,20253,21019.6,18740.4,42,70882.4979645702,0.022572912599365,3140157.37457665,875.71233665521,66.834179357022,0.121529997545191,38.6469762727342,3.45982148211364,"Urban and Built-up",14.25,111.775,0.936057984828949,17.6666666666667,73.756879,73.756879,0,543,954.712446281547,1000,18,66.66666667,73.17073171,54.72614651,38.86508836,62.60162602,71.54471545,c(-122.264365, 37.845006)
"254","Bushrod Community Garden",NA,"01/28/2023","02/11/2023",14,"","CA",112968.576923077,35.9555555555556,51.6490740518933,5614.69382199213,2441.30815147428,20259.8666666667,20253,21019.6,18740.4,42,70882.4979645702,0.022572912599365,3140157.37457665,875.71233665521,66.834179357022,0.121529997545191,38.6469762727342,3.45982148211364,"Urban and Built-up",14.25,111.775,0.936057984828949,17,66.5556437,66.5556437,0,728,954.712446281547,1000,18,66.66666667,73.17073171,54.72614651,38.86508836,62.60162602,71.54471545,c(-122.264365, 37.845006)
"255","Bushrod Community Garden",NA,"01/28/2023","02/11/2023",14,"","CA",112968.576923077,35.9555555555556,51.6490740518933,5614.69382199213,2441.30815147428,20259.8666666667,20253,21019.6,18740.4,42,70882.4979645702,0.022572912599365,3140157.37457665,875.71233665521,66.834179357022,0.121529997545191,38.6469762727342,3.45982148211364,"Urban and Built-up",14.25,111.775,0.936057984828949,17.1666666666667,72.2510516,72.2510516,0,604,954.712446281547,1000,18,66.66666667,73.17073171,54.72614651,38.86508836,62.60162602,71.54471545,c(-122.264365, 37.845006)
"256","Bushrod Community Garden",NA,"01/28/2023","02/11/2023",14,"","CA",112968.576923077,35.9555555555556,51.6490740518933,5614.69382199213,2441.30815147428,20259.8666666667,20253,21019.6,18740.4,42,70882.4979645702,0.022572912599365,3140157.37457665,875.71233665521,66.834179357022,0.121529997545191,38.6469762727342,3.45982148211364,"Urban and Built-up",14.25,111.775,0.936057984828949,15.5,68.7958523,68.7958523,0,761,954.712446281547,1000,18,66.66666667,73.17073171,54.72614651,38.86508836,62.60162602,71.54471545,c(-122.264365, 37.845006)
"257","Bushrod Community Garden",NA,"01/28/2023","02/11/2023",14,"","CA",112968.576923077,35.9555555555556,51.6490740518933,5614.69382199213,2441.30815147428,20259.8666666667,20253,21019.6,18740.4,42,70882.4979645702,0.022572912599365,3140157.37457665,875.71233665521,66.834179357022,0.121529997545191,38.6469762727342,3.45982148211364,"Urban and Built-up",14.25,111.775,0.936057984828949,17.8333333333333,65.9393763,65.9393763,0,803,954.712446281547,1000,18,66.66666667,73.17073171,54.72614651,38.86508836,62.60162602,71.54471545,c(-122.264365, 37.845006)
"258","Bushrod Community Garden",NA,"01/28/2023","02/11/2023",14,"","CA",112968.576923077,35.9555555555556,51.6490740518933,5614.69382199213,2441.30815147428,20259.8666666667,20253,21019.6,18740.4,42,70882.4979645702,0.022572912599365,3140157.37457665,875.71233665521,66.834179357022,0.121529997545191,38.6469762727342,3.45982148211364,"Urban and Built-up",14.25,111.775,0.936057984828949,18.1666666666667,49.6905745,49.6905745,0,666,954.712446281547,1000,18,66.66666667,73.17073171,54.72614651,38.86508836,62.60162602,71.54471545,c(-122.264365, 37.845006)
"259","Bushrod Community Garden",NA,"01/28/2023","02/11/2023",14,"","CA",112968.576923077,35.9555555555556,51.6490740518933,5614.69382199213,2441.30815147428,20259.8666666667,20253,21019.6,18740.4,42,70882.4979645702,0.022572912599365,3140157.37457665,875.71233665521,66.834179357022,0.121529997545191,38.6469762727342,3.45982148211364,"Urban and Built-up",14.25,111.775,0.936057984828949,17.1666666666667,89.6291004,89.6291004,0,1173,954.712446281547,1000,18,66.66666667,73.17073171,54.72614651,38.86508836,62.60162602,71.54471545,c(-122.264365, 37.845006)
"260","Bushrod Community Garden",NA,"01/28/2023","02/11/2023",14,"","CA",112968.576923077,35.9555555555556,51.6490740518933,5614.69382199213,2441.30815147428,20259.8666666667,20253,21019.6,18740.4,42,70882.4979645702,0.022572912599365,3140157.37457665,875.71233665521,66.834179357022,0.121529997545191,38.6469762727342,3.45982148211364,"Urban and Built-up",14.25,111.775,0.936057984828949,18,41.6961482,41.6961482,0,406,954.712446281547,1000,18,66.66666667,73.17073171,54.72614651,38.86508836,62.60162602,71.54471545,c(-122.264365, 37.845006)
"261","Bushrod Community Garden",NA,"01/28/2023","02/11/2023",14,"","CA",112968.576923077,35.9555555555556,51.6490740518933,5614.69382199213,2441.30815147428,20259.8666666667,20253,21019.6,18740.4,42,70882.4979645702,0.022572912599365,3140157.37457665,875.71233665521,66.834179357022,0.121529997545191,38.6469762727342,3.45982148211364,"Urban and Built-up",14.25,111.775,0.936057984828949,12.5,50.5732157,50.5732157,0,488,954.712446281547,1000,18,66.66666667,73.17073171,54.72614651,38.86508836,62.60162602,71.54471545,c(-122.264365, 37.845006)
"262","Bushrod Community Garden",NA,"01/28/2023","02/11/2023",14,"","CA",112968.576923077,35.9555555555556,51.6490740518933,5614.69382199213,2441.30815147428,20259.8666666667,20253,21019.6,18740.4,42,70882.4979645702,0.022572912599365,3140157.37457665,875.71233665521,66.834179357022,0.121529997545191,38.6469762727342,3.45982148211364,"Urban and Built-up",14.25,111.775,0.936057984828949,18.8333333333333,64.0997168,64.0997168,0,577,954.712446281547,1000,18,66.66666667,73.17073171,54.72614651,38.86508836,62.60162602,71.54471545,c(-122.264365, 37.845006)
"263","Bushrod Community Garden",NA,"01/28/2023","02/11/2023",14,"","CA",112968.576923077,35.9555555555556,51.6490740518933,5614.69382199213,2441.30815147428,20259.8666666667,20253,21019.6,18740.4,42,70882.4979645702,0.022572912599365,3140157.37457665,875.71233665521,66.834179357022,0.121529997545191,38.6469762727342,3.45982148211364,"Urban and Built-up",14.25,111.775,0.936057984828949,13.3333333333333,21.6738823,21.6738823,0,343,954.712446281547,1000,18,66.66666667,73.17073171,54.72614651,38.86508836,62.60162602,71.54471545,c(-122.264365, 37.845006)
"264","Bushrod Community Garden",NA,"01/28/2023","02/11/2023",14,"","CA",112968.576923077,35.9555555555556,51.6490740518933,5614.69382199213,2441.30815147428,20259.8666666667,20253,21019.6,18740.4,42,70882.4979645702,0.022572912599365,3140157.37457665,875.71233665521,66.834179357022,0.121529997545191,38.6469762727342,3.45982148211364,"Urban and Built-up",14.25,111.775,0.936057984828949,14,28.1056482,28.1056482,0,533,954.712446281547,1000,18,66.66666667,73.17073171,54.72614651,38.86508836,62.60162602,71.54471545,c(-122.264365, 37.845006)
"265","Bushrod Community Garden",NA,"01/28/2023","02/11/2023",14,"","CA",112968.576923077,35.9555555555556,51.6490740518933,5614.69382199213,2441.30815147428,20259.8666666667,20253,21019.6,18740.4,42,70882.4979645702,0.022572912599365,3140157.37457665,875.71233665521,66.834179357022,0.121529997545191,38.6469762727342,3.45982148211364,"Urban and Built-up",14.25,111.775,0.936057984828949,14.1666666666667,33.5509909,33.5509909,0,481,954.712446281547,1000,18,66.66666667,73.17073171,54.72614651,38.86508836,62.60162602,71.54471545,c(-122.264365, 37.845006)
"266","Bushrod Community Garden",NA,"01/28/2023","02/11/2023",14,"","CA",112968.576923077,35.9555555555556,51.6490740518933,5614.69382199213,2441.30815147428,20259.8666666667,20253,21019.6,18740.4,42,70882.4979645702,0.022572912599365,3140157.37457665,875.71233665521,66.834179357022,0.121529997545191,38.6469762727342,3.45982148211364,"Urban and Built-up",14.25,111.775,0.936057984828949,18.3333333333333,71.1818499,71.1818499,0,550,954.712446281547,1000,18,66.66666667,73.17073171,54.72614651,38.86508836,62.60162602,71.54471545,c(-122.264365, 37.845006)
"267","Bushrod Community Garden",NA,"01/28/2023","02/11/2023",14,"","CA",112968.576923077,35.9555555555556,51.6490740518933,5614.69382199213,2441.30815147428,20259.8666666667,20253,21019.6,18740.4,42,70882.4979645702,0.022572912599365,3140157.37457665,875.71233665521,66.834179357022,0.121529997545191,38.6469762727342,3.45982148211364,"Urban and Built-up",14.25,111.775,0.936057984828949,16.1666666666667,41.1641419,41.1641419,0,602,954.712446281547,1000,18,66.66666667,73.17073171,54.72614651,38.86508836,62.60162602,71.54471545,c(-122.264365, 37.845006)
"268","Bushrod Community Garden",NA,"01/28/2023","02/11/2023",14,"","CA",112968.576923077,35.9555555555556,51.6490740518933,5614.69382199213,2441.30815147428,20259.8666666667,20253,21019.6,18740.4,42,70882.4979645702,0.022572912599365,3140157.37457665,875.71233665521,66.834179357022,0.121529997545191,38.6469762727342,3.45982148211364,"Urban and Built-up",14.25,111.775,0.936057984828949,16,32.4360757,32.4360757,0,410,954.712446281547,1000,18,66.66666667,73.17073171,54.72614651,38.86508836,62.60162602,71.54471545,c(-122.264365, 37.845006)
"269","Bushrod Community Garden",NA,"01/28/2023","02/11/2023",14,"","CA",112968.576923077,35.9555555555556,51.6490740518933,5614.69382199213,2441.30815147428,20259.8666666667,20253,21019.6,18740.4,42,70882.4979645702,0.022572912599365,3140157.37457665,875.71233665521,66.834179357022,0.121529997545191,38.6469762727342,3.45982148211364,"Urban and Built-up",14.25,111.775,0.936057984828949,15.8333333333333,57.8340021,57.8340021,0,672,954.712446281547,1000,18,66.66666667,73.17073171,54.72614651,38.86508836,62.60162602,71.54471545,c(-122.264365, 37.845006)
"270","Bushrod Community Garden",NA,"01/28/2023","02/11/2023",14,"","CA",112968.576923077,35.9555555555556,51.6490740518933,5614.69382199213,2441.30815147428,20259.8666666667,20253,21019.6,18740.4,42,70882.4979645702,0.022572912599365,3140157.37457665,875.71233665521,66.834179357022,0.121529997545191,38.6469762727342,3.45982148211364,"Urban and Built-up",14.25,111.775,0.936057984828949,17.1666666666667,64.3643609,64.3643609,0,689,954.712446281547,1000,18,66.66666667,73.17073171,54.72614651,38.86508836,62.60162602,71.54471545,c(-122.264365, 37.845006)
"271","Bushrod Community Garden",NA,"01/28/2023","02/11/2023",14,"","CA",112968.576923077,35.9555555555556,51.6490740518933,5614.69382199213,2441.30815147428,20259.8666666667,20253,21019.6,18740.4,42,70882.4979645702,0.022572912599365,3140157.37457665,875.71233665521,66.834179357022,0.121529997545191,38.6469762727342,3.45982148211364,"Urban and Built-up",14.25,111.775,0.936057984828949,16.3333333333333,34.4319024,34.4319024,0,456,954.712446281547,1000,18,66.66666667,73.17073171,54.72614651,38.86508836,62.60162602,71.54471545,c(-122.264365, 37.845006)
"272","Bushrod Community Garden",NA,"01/28/2023","02/11/2023",14,"","CA",112968.576923077,35.9555555555556,51.6490740518933,5614.69382199213,2441.30815147428,20259.8666666667,20253,21019.6,18740.4,42,70882.4979645702,0.022572912599365,3140157.37457665,875.71233665521,66.834179357022,0.121529997545191,38.6469762727342,3.45982148211364,"Urban and Built-up",14.25,111.775,0.936057984828949,14.6666666666667,60.8923588,60.8923588,0,675,954.712446281547,1000,18,66.66666667,73.17073171,54.72614651,38.86508836,62.60162602,71.54471545,c(-122.264365, 37.845006)
"273","Butterfly Hill","BH","11/09/2023","11/18/2023",9,"IOR","CA",98501.7142857143,40.4571428571429,32.4132219231997,2251.18471065288,823.35891509905,5513.1,5462.5,4885.85714285714,6976.66666666667,4,23328.1633935018,0.00742897906403391,3140157.37457667,977.678844137408,20.5267454954954,0.241629776162409,102.216245645852,2.02635309585971,"Urban and Built-up",14.25,132.45,0.695628628134727,10.1666666666667,210.6369356,210.6369356,0,454,1231.39422652807,1000,19,46.34146341,71.54471545,40.83739628,27.02265329,20.32520325,44.71544715,c(-122.30917, 37.95944)
"274","Butterfly Hill","BH","11/09/2023","11/18/2023",9,"IOR","CA",98501.7142857143,40.4571428571429,32.4132219231997,2251.18471065288,823.35891509905,5513.1,5462.5,4885.85714285714,6976.66666666667,4,23328.1633935018,0.00742897906403391,3140157.37457667,977.678844137408,20.5267454954954,0.241629776162409,102.216245645852,2.02635309585971,"Urban and Built-up",14.25,132.45,0.695628628134727,10.5,2208.2724076,2208.2724076,0,966,1231.39422652807,1000,19,46.34146341,71.54471545,40.83739628,27.02265329,20.32520325,44.71544715,c(-122.30917, 37.95944)
"275","Butterfly Hill","BH","11/09/2023","11/18/2023",9,"IOR","CA",98501.7142857143,40.4571428571429,32.4132219231997,2251.18471065288,823.35891509905,5513.1,5462.5,4885.85714285714,6976.66666666667,4,23328.1633935018,0.00742897906403391,3140157.37457667,977.678844137408,20.5267454954954,0.241629776162409,102.216245645852,2.02635309585971,"Urban and Built-up",14.25,132.45,0.695628628134727,11.5,147.7304647,147.7304647,0,543,1231.39422652807,1000,19,46.34146341,71.54471545,40.83739628,27.02265329,20.32520325,44.71544715,c(-122.30917, 37.95944)
"276","Butterfly Hill","BH","11/09/2023","11/18/2023",9,"IOR","CA",98501.7142857143,40.4571428571429,32.4132219231997,2251.18471065288,823.35891509905,5513.1,5462.5,4885.85714285714,6976.66666666667,4,23328.1633935018,0.00742897906403391,3140157.37457667,977.678844137408,20.5267454954954,0.241629776162409,102.216245645852,2.02635309585971,"Urban and Built-up",14.25,132.45,0.695628628134727,13.5,53.6110631,53.6110631,0,503,1231.39422652807,1000,19,46.34146341,71.54471545,40.83739628,27.02265329,20.32520325,44.71544715,c(-122.30917, 37.95944)
"277","Butterfly Hill","BH","11/09/2023","11/18/2023",9,"IOR","CA",98501.7142857143,40.4571428571429,32.4132219231997,2251.18471065288,823.35891509905,5513.1,5462.5,4885.85714285714,6976.66666666667,4,23328.1633935018,0.00742897906403391,3140157.37457667,977.678844137408,20.5267454954954,0.241629776162409,102.216245645852,2.02635309585971,"Urban and Built-up",14.25,132.45,0.695628628134727,12.5,339.2225865,339.2225865,0,898,1231.39422652807,1000,19,46.34146341,71.54471545,40.83739628,27.02265329,20.32520325,44.71544715,c(-122.30917, 37.95944)
"278","Butterfly Hill","BH","11/09/2023","11/18/2023",9,"IOR","CA",98501.7142857143,40.4571428571429,32.4132219231997,2251.18471065288,823.35891509905,5513.1,5462.5,4885.85714285714,6976.66666666667,4,23328.1633935018,0.00742897906403391,3140157.37457667,977.678844137408,20.5267454954954,0.241629776162409,102.216245645852,2.02635309585971,"Urban and Built-up",14.25,132.45,0.695628628134727,9.66666666666667,120.4600145,120.4600145,0,441,1231.39422652807,1000,19,46.34146341,71.54471545,40.83739628,27.02265329,20.32520325,44.71544715,c(-122.30917, 37.95944)
"279","Butterfly Hill","BH","11/09/2023","11/18/2023",9,"IOR","CA",98501.7142857143,40.4571428571429,32.4132219231997,2251.18471065288,823.35891509905,5513.1,5462.5,4885.85714285714,6976.66666666667,4,23328.1633935018,0.00742897906403391,3140157.37457667,977.678844137408,20.5267454954954,0.241629776162409,102.216245645852,2.02635309585971,"Urban and Built-up",14.25,132.45,0.695628628134727,5.5,88.0034295,88.0034295,0,432,1231.39422652807,1000,19,46.34146341,71.54471545,40.83739628,27.02265329,20.32520325,44.71544715,c(-122.30917, 37.95944)
"280","Carlen Home",NA,"12/09/2023","12/24/2023",15,"IOR, pilot+","CA",150859.35,41.375,64.2818490463813,4843.62215358428,2225.41605013188,28038.1875,27807.5,28220.2,27734.8333333333,65,68422.4373654344,0.0217894930742632,3140157.37457665,761.59290173604,57.6160135325628,0.147488417000474,61.7746951614995,3.29119472079669,"Temperate or Subpolar Needleaf Forest",14.25,114.283333333333,0.919833108782768,15.5,45.12046,45.12046,0,396,1062.00011128614,1000,20,57.72357724,41.46341463,38.15928234,33.50156958,42.27642276,38.21138211,c(-122.254023, 37.849935)
"281","Carlen Home",NA,"12/09/2023","12/24/2023",15,"IOR, pilot+","CA",150859.35,41.375,64.2818490463813,4843.62215358428,2225.41605013188,28038.1875,27807.5,28220.2,27734.8333333333,65,68422.4373654344,0.0217894930742632,3140157.37457665,761.59290173604,57.6160135325628,0.147488417000474,61.7746951614995,3.29119472079669,"Temperate or Subpolar Needleaf Forest",14.25,114.283333333333,0.919833108782768,13.5,65.6532345,65.6532345,0,638,1062.00011128614,1000,20,57.72357724,41.46341463,38.15928234,33.50156958,42.27642276,38.21138211,c(-122.254023, 37.849935)
"282","Carlen Home",NA,"12/09/2023","12/24/2023",15,"IOR, pilot+","CA",150859.35,41.375,64.2818490463813,4843.62215358428,2225.41605013188,28038.1875,27807.5,28220.2,27734.8333333333,65,68422.4373654344,0.0217894930742632,3140157.37457665,761.59290173604,57.6160135325628,0.147488417000474,61.7746951614995,3.29119472079669,"Temperate or Subpolar Needleaf Forest",14.25,114.283333333333,0.919833108782768,17.5,33.6577381,33.6577381,0,481,1062.00011128614,1000,20,57.72357724,41.46341463,38.15928234,33.50156958,42.27642276,38.21138211,c(-122.254023, 37.849935)
"283","Carlen Home",NA,"12/09/2023","12/24/2023",15,"IOR, pilot+","CA",150859.35,41.375,64.2818490463813,4843.62215358428,2225.41605013188,28038.1875,27807.5,28220.2,27734.8333333333,65,68422.4373654344,0.0217894930742632,3140157.37457665,761.59290173604,57.6160135325628,0.147488417000474,61.7746951614995,3.29119472079669,"Temperate or Subpolar Needleaf Forest",14.25,114.283333333333,0.919833108782768,16.8333333333333,61.2022222,61.2022222,0,705,1062.00011128614,1000,20,57.72357724,41.46341463,38.15928234,33.50156958,42.27642276,38.21138211,c(-122.254023, 37.849935)
"284","Carlen Home",NA,"12/09/2023","12/24/2023",15,"IOR, pilot+","CA",150859.35,41.375,64.2818490463813,4843.62215358428,2225.41605013188,28038.1875,27807.5,28220.2,27734.8333333333,65,68422.4373654344,0.0217894930742632,3140157.37457665,761.59290173604,57.6160135325628,0.147488417000474,61.7746951614995,3.29119472079669,"Temperate or Subpolar Needleaf Forest",14.25,114.283333333333,0.919833108782768,14.6666666666667,84.9114672,84.9114672,0,431,1062.00011128614,1000,20,57.72357724,41.46341463,38.15928234,33.50156958,42.27642276,38.21138211,c(-122.254023, 37.849935)
"285","Carlen Home",NA,"12/09/2023","12/24/2023",15,"IOR, pilot+","CA",150859.35,41.375,64.2818490463813,4843.62215358428,2225.41605013188,28038.1875,27807.5,28220.2,27734.8333333333,65,68422.4373654344,0.0217894930742632,3140157.37457665,761.59290173604,57.6160135325628,0.147488417000474,61.7746951614995,3.29119472079669,"Temperate or Subpolar Needleaf Forest",14.25,114.283333333333,0.919833108782768,17.6666666666667,73.756879,73.756879,0,543,1062.00011128614,1000,20,57.72357724,41.46341463,38.15928234,33.50156958,42.27642276,38.21138211,c(-122.254023, 37.849935)
"286","Carlen Home",NA,"12/09/2023","12/24/2023",15,"IOR, pilot+","CA",150859.35,41.375,64.2818490463813,4843.62215358428,2225.41605013188,28038.1875,27807.5,28220.2,27734.8333333333,65,68422.4373654344,0.0217894930742632,3140157.37457665,761.59290173604,57.6160135325628,0.147488417000474,61.7746951614995,3.29119472079669,"Temperate or Subpolar Needleaf Forest",14.25,114.283333333333,0.919833108782768,17.1666666666667,72.2510516,72.2510516,0,604,1062.00011128614,1000,20,57.72357724,41.46341463,38.15928234,33.50156958,42.27642276,38.21138211,c(-122.254023, 37.849935)
"287","Carlen Home",NA,"12/09/2023","12/24/2023",15,"IOR, pilot+","CA",150859.35,41.375,64.2818490463813,4843.62215358428,2225.41605013188,28038.1875,27807.5,28220.2,27734.8333333333,65,68422.4373654344,0.0217894930742632,3140157.37457665,761.59290173604,57.6160135325628,0.147488417000474,61.7746951614995,3.29119472079669,"Temperate or Subpolar Needleaf Forest",14.25,114.283333333333,0.919833108782768,15.5,68.7958523,68.7958523,0,761,1062.00011128614,1000,20,57.72357724,41.46341463,38.15928234,33.50156958,42.27642276,38.21138211,c(-122.254023, 37.849935)
"288","Carlen Home",NA,"12/09/2023","12/24/2023",15,"IOR, pilot+","CA",150859.35,41.375,64.2818490463813,4843.62215358428,2225.41605013188,28038.1875,27807.5,28220.2,27734.8333333333,65,68422.4373654344,0.0217894930742632,3140157.37457665,761.59290173604,57.6160135325628,0.147488417000474,61.7746951614995,3.29119472079669,"Temperate or Subpolar Needleaf Forest",14.25,114.283333333333,0.919833108782768,17.8333333333333,65.9393763,65.9393763,0,803,1062.00011128614,1000,20,57.72357724,41.46341463,38.15928234,33.50156958,42.27642276,38.21138211,c(-122.254023, 37.849935)
"289","Carlen Home",NA,"12/09/2023","12/24/2023",15,"IOR, pilot+","CA",150859.35,41.375,64.2818490463813,4843.62215358428,2225.41605013188,28038.1875,27807.5,28220.2,27734.8333333333,65,68422.4373654344,0.0217894930742632,3140157.37457665,761.59290173604,57.6160135325628,0.147488417000474,61.7746951614995,3.29119472079669,"Temperate or Subpolar Needleaf Forest",14.25,114.283333333333,0.919833108782768,18.1666666666667,49.6905745,49.6905745,0,666,1062.00011128614,1000,20,57.72357724,41.46341463,38.15928234,33.50156958,42.27642276,38.21138211,c(-122.254023, 37.849935)
"290","Carlen Home",NA,"12/09/2023","12/24/2023",15,"IOR, pilot+","CA",150859.35,41.375,64.2818490463813,4843.62215358428,2225.41605013188,28038.1875,27807.5,28220.2,27734.8333333333,65,68422.4373654344,0.0217894930742632,3140157.37457665,761.59290173604,57.6160135325628,0.147488417000474,61.7746951614995,3.29119472079669,"Temperate or Subpolar Needleaf Forest",14.25,114.283333333333,0.919833108782768,17.1666666666667,89.6291004,89.6291004,0,1173,1062.00011128614,1000,20,57.72357724,41.46341463,38.15928234,33.50156958,42.27642276,38.21138211,c(-122.254023, 37.849935)
"291","Carlen Home",NA,"12/09/2023","12/24/2023",15,"IOR, pilot+","CA",150859.35,41.375,64.2818490463813,4843.62215358428,2225.41605013188,28038.1875,27807.5,28220.2,27734.8333333333,65,68422.4373654344,0.0217894930742632,3140157.37457665,761.59290173604,57.6160135325628,0.147488417000474,61.7746951614995,3.29119472079669,"Temperate or Subpolar Needleaf Forest",14.25,114.283333333333,0.919833108782768,14.5,98.676914,98.676914,0,422,1062.00011128614,1000,20,57.72357724,41.46341463,38.15928234,33.50156958,42.27642276,38.21138211,c(-122.254023, 37.849935)
"292","Carlen Home",NA,"12/09/2023","12/24/2023",15,"IOR, pilot+","CA",150859.35,41.375,64.2818490463813,4843.62215358428,2225.41605013188,28038.1875,27807.5,28220.2,27734.8333333333,65,68422.4373654344,0.0217894930742632,3140157.37457665,761.59290173604,57.6160135325628,0.147488417000474,61.7746951614995,3.29119472079669,"Temperate or Subpolar Needleaf Forest",14.25,114.283333333333,0.919833108782768,17.1666666666667,73.6049125,73.6049125,0,563,1062.00011128614,1000,20,57.72357724,41.46341463,38.15928234,33.50156958,42.27642276,38.21138211,c(-122.254023, 37.849935)
"293","Carlen Home",NA,"12/09/2023","12/24/2023",15,"IOR, pilot+","CA",150859.35,41.375,64.2818490463813,4843.62215358428,2225.41605013188,28038.1875,27807.5,28220.2,27734.8333333333,65,68422.4373654344,0.0217894930742632,3140157.37457665,761.59290173604,57.6160135325628,0.147488417000474,61.7746951614995,3.29119472079669,"Temperate or Subpolar Needleaf Forest",14.25,114.283333333333,0.919833108782768,17.3333333333333,31.2873078,31.2873078,0,355,1062.00011128614,1000,20,57.72357724,41.46341463,38.15928234,33.50156958,42.27642276,38.21138211,c(-122.254023, 37.849935)
"294","Carlen Home",NA,"12/09/2023","12/24/2023",15,"IOR, pilot+","CA",150859.35,41.375,64.2818490463813,4843.62215358428,2225.41605013188,28038.1875,27807.5,28220.2,27734.8333333333,65,68422.4373654344,0.0217894930742632,3140157.37457665,761.59290173604,57.6160135325628,0.147488417000474,61.7746951614995,3.29119472079669,"Temperate or Subpolar Needleaf Forest",14.25,114.283333333333,0.919833108782768,18.3333333333333,71.1818499,71.1818499,0,550,1062.00011128614,1000,20,57.72357724,41.46341463,38.15928234,33.50156958,42.27642276,38.21138211,c(-122.254023, 37.849935)
"295","Carlen Home",NA,"12/09/2023","12/24/2023",15,"IOR, pilot+","CA",150859.35,41.375,64.2818490463813,4843.62215358428,2225.41605013188,28038.1875,27807.5,28220.2,27734.8333333333,65,68422.4373654344,0.0217894930742632,3140157.37457665,761.59290173604,57.6160135325628,0.147488417000474,61.7746951614995,3.29119472079669,"Temperate or Subpolar Needleaf Forest",14.25,114.283333333333,0.919833108782768,11.6666666666667,251.2329946,244.9882834,6.2447112,616,1062.00011128614,1000,20,57.72357724,41.46341463,38.15928234,33.50156958,42.27642276,38.21138211,c(-122.254023, 37.849935)
"296","Carlen Home",NA,"12/09/2023","12/24/2023",15,"IOR, pilot+","CA",150859.35,41.375,64.2818490463813,4843.62215358428,2225.41605013188,28038.1875,27807.5,28220.2,27734.8333333333,65,68422.4373654344,0.0217894930742632,3140157.37457665,761.59290173604,57.6160135325628,0.147488417000474,61.7746951614995,3.29119472079669,"Temperate or Subpolar Needleaf Forest",14.25,114.283333333333,0.919833108782768,16.1666666666667,41.1641419,41.1641419,0,602,1062.00011128614,1000,20,57.72357724,41.46341463,38.15928234,33.50156958,42.27642276,38.21138211,c(-122.254023, 37.849935)
"297","Carlen Home",NA,"12/09/2023","12/24/2023",15,"IOR, pilot+","CA",150859.35,41.375,64.2818490463813,4843.62215358428,2225.41605013188,28038.1875,27807.5,28220.2,27734.8333333333,65,68422.4373654344,0.0217894930742632,3140157.37457665,761.59290173604,57.6160135325628,0.147488417000474,61.7746951614995,3.29119472079669,"Temperate or Subpolar Needleaf Forest",14.25,114.283333333333,0.919833108782768,17,73.1922555,73.1922555,0,715,1062.00011128614,1000,20,57.72357724,41.46341463,38.15928234,33.50156958,42.27642276,38.21138211,c(-122.254023, 37.849935)
"298","Carlen Home",NA,"12/09/2023","12/24/2023",15,"IOR, pilot+","CA",150859.35,41.375,64.2818490463813,4843.62215358428,2225.41605013188,28038.1875,27807.5,28220.2,27734.8333333333,65,68422.4373654344,0.0217894930742632,3140157.37457665,761.59290173604,57.6160135325628,0.147488417000474,61.7746951614995,3.29119472079669,"Temperate or Subpolar Needleaf Forest",14.25,114.283333333333,0.919833108782768,17.3333333333333,56.1487801,56.1487801,0,524,1062.00011128614,1000,20,57.72357724,41.46341463,38.15928234,33.50156958,42.27642276,38.21138211,c(-122.254023, 37.849935)
"299","Carlen Home",NA,"12/09/2023","12/24/2023",15,"IOR, pilot+","CA",150859.35,41.375,64.2818490463813,4843.62215358428,2225.41605013188,28038.1875,27807.5,28220.2,27734.8333333333,65,68422.4373654344,0.0217894930742632,3140157.37457665,761.59290173604,57.6160135325628,0.147488417000474,61.7746951614995,3.29119472079669,"Temperate or Subpolar Needleaf Forest",14.25,114.283333333333,0.919833108782768,18.5,80.1194569,80.1194569,0,387,1062.00011128614,1000,20,57.72357724,41.46341463,38.15928234,33.50156958,42.27642276,38.21138211,c(-122.254023, 37.849935)
"300","Carquinez",NA,"11/26/2023","12/03/2023",7,"","CA",70512,45.9666666666667,56.4752451287996,1183.16638561421,534.060022998391,1032.75,966.5,1035.2,1028.66666666667,1,20079.3137492242,0.00639436542632827,3140157.37457688,904.283027894135,9.62545658892952,0.222437412762759,140.787469149074,1.42499523461418,"Temperate or Subpolar Needleaf Forest",14.8000001907349,115.625,0.519329197704792,19,711.0255551,376.2608997,334.7646554,655,7202.1564976216,1000,21,60.97560976,56.09756098,37.13741402,37.00091344,56.09756098,32.5203252,c(-122.15025, 38.01594)
"301","Carquinez",NA,"11/26/2023","12/03/2023",7,"","CA",70512,45.9666666666667,56.4752451287996,1183.16638561421,534.060022998391,1032.75,966.5,1035.2,1028.66666666667,1,20079.3137492242,0.00639436542632827,3140157.37457688,904.283027894135,9.62545658892952,0.222437412762759,140.787469149074,1.42499523461418,"Temperate or Subpolar Needleaf Forest",14.8000001907349,115.625,0.519329197704792,14.3333333333333,73.7250031,73.7250031,0,473,7202.1564976216,1000,21,60.97560976,56.09756098,37.13741402,37.00091344,56.09756098,32.5203252,c(-122.15025, 38.01594)
"302","Carquinez",NA,"11/26/2023","12/03/2023",7,"","CA",70512,45.9666666666667,56.4752451287996,1183.16638561421,534.060022998391,1032.75,966.5,1035.2,1028.66666666667,1,20079.3137492242,0.00639436542632827,3140157.37457688,904.283027894135,9.62545658892952,0.222437412762759,140.787469149074,1.42499523461418,"Temperate or Subpolar Needleaf Forest",14.8000001907349,115.625,0.519329197704792,8.66666666666667,3198.2180181,2729.9071793,468.3108388,609,7202.1564976216,1000,21,60.97560976,56.09756098,37.13741402,37.00091344,56.09756098,32.5203252,c(-122.15025, 38.01594)
"303","Chabot Space Center","CSC","11/06/2023","11/20/2023",14,"","CA",171900.6,49.02,64.765227925984,971.366675387589,340.016674711648,9946.33333333333,9937,9946.33333333333,NA,1,10242.9378151764,0.0032619186216922,3140157.37457689,911.322755657285,2.95548041701889,0.31882230818407,386.841231791419,1.43879639320969,"Temperate or Subpolar Needleaf Forest",13.4999997615814,119.425,0.531116493046284,6,89.3073762,89.3073762,0,391,1265.29604530478,1000,22,3.25203252,1.62601626,24.24942461,21.02200429,5.691056911,1.62601626,c(-122.18259, 37.81925)
"304","Chabot Space Center","CSC","11/06/2023","11/20/2023",14,"","CA",171900.6,49.02,64.765227925984,971.366675387589,340.016674711648,9946.33333333333,9937,9946.33333333333,NA,1,10242.9378151764,0.0032619186216922,3140157.37457689,911.322755657285,2.95548041701889,0.31882230818407,386.841231791419,1.43879639320969,"Temperate or Subpolar Needleaf Forest",13.4999997615814,119.425,0.531116493046284,6.5,150.4498002,150.4498002,0,548,1265.29604530478,1000,22,3.25203252,1.62601626,24.24942461,21.02200429,5.691056911,1.62601626,c(-122.18259, 37.81925)
"305","Chabot Space Center","CSC","11/06/2023","11/20/2023",14,"","CA",171900.6,49.02,64.765227925984,971.366675387589,340.016674711648,9946.33333333333,9937,9946.33333333333,NA,1,10242.9378151764,0.0032619186216922,3140157.37457689,911.322755657285,2.95548041701889,0.31882230818407,386.841231791419,1.43879639320969,"Temperate or Subpolar Needleaf Forest",13.4999997615814,119.425,0.531116493046284,8.83333333333333,787.4103426,787.4103426,0,705,1265.29604530478,1000,22,3.25203252,1.62601626,24.24942461,21.02200429,5.691056911,1.62601626,c(-122.18259, 37.81925)
"306","Chabot Space Center","CSC","11/06/2023","11/20/2023",14,"","CA",171900.6,49.02,64.765227925984,971.366675387589,340.016674711648,9946.33333333333,9937,9946.33333333333,NA,1,10242.9378151764,0.0032619186216922,3140157.37457689,911.322755657285,2.95548041701889,0.31882230818407,386.841231791419,1.43879639320969,"Temperate or Subpolar Needleaf Forest",13.4999997615814,119.425,0.531116493046284,7.83333333333333,3409.6936111,3409.6936111,0,1153,1265.29604530478,1000,22,3.25203252,1.62601626,24.24942461,21.02200429,5.691056911,1.62601626,c(-122.18259, 37.81925)
"307","Chabot Space Center","CSC","11/06/2023","11/20/2023",14,"","CA",171900.6,49.02,64.765227925984,971.366675387589,340.016674711648,9946.33333333333,9937,9946.33333333333,NA,1,10242.9378151764,0.0032619186216922,3140157.37457689,911.322755657285,2.95548041701889,0.31882230818407,386.841231791419,1.43879639320969,"Temperate or Subpolar Needleaf Forest",13.4999997615814,119.425,0.531116493046284,5.5,20001.5524954,19136.5757331,864.9767623,1180,1265.29604530478,1000,22,3.25203252,1.62601626,24.24942461,21.02200429,5.691056911,1.62601626,c(-122.18259, 37.81925)
"308","Chen Home","TCH","11/22/2022","12/03/2022",11,"Retired from UWIN","CA",132294.321428571,41.6033333333333,46.127696784076,6194.08648844135,3112.46528472705,17674.25,18079,18311.8888888889,15761.3333333333,50,65662.7571221212,0.020910658062471,3140157.37457676,820.602086031247,59.7910321489003,0.13864354131981,33.0810713831665,3.54692732374036,"Urban and Built-up",14.266666730245,105.866666666667,0.928709546724955,14.1666666666667,36.1559191,36.1559191,0,591,879.798578668583,1000,23,64.22764228,67.4796748,47.54911336,37.72895737,56.91056911,56.91056911,c(-122.239443, 37.808212)
"309","Chen Home","TCH","11/22/2022","12/03/2022",11,"Retired from UWIN","CA",132294.321428571,41.6033333333333,46.127696784076,6194.08648844135,3112.46528472705,17674.25,18079,18311.8888888889,15761.3333333333,50,65662.7571221212,0.020910658062471,3140157.37457676,820.602086031247,59.7910321489003,0.13864354131981,33.0810713831665,3.54692732374036,"Urban and Built-up",14.266666730245,105.866666666667,0.928709546724955,13.8333333333333,41.9877262,41.9877262,0,369,879.798578668583,1000,23,64.22764228,67.4796748,47.54911336,37.72895737,56.91056911,56.91056911,c(-122.239443, 37.808212)
"310","Chen Home","TCH","11/22/2022","12/03/2022",11,"Retired from UWIN","CA",132294.321428571,41.6033333333333,46.127696784076,6194.08648844135,3112.46528472705,17674.25,18079,18311.8888888889,15761.3333333333,50,65662.7571221212,0.020910658062471,3140157.37457676,820.602086031247,59.7910321489003,0.13864354131981,33.0810713831665,3.54692732374036,"Urban and Built-up",14.266666730245,105.866666666667,0.928709546724955,14.5,27.2909595,27.2909595,0,514,879.798578668583,1000,23,64.22764228,67.4796748,47.54911336,37.72895737,56.91056911,56.91056911,c(-122.239443, 37.808212)
"311","Chen Home","TCH","11/22/2022","12/03/2022",11,"Retired from UWIN","CA",132294.321428571,41.6033333333333,46.127696784076,6194.08648844135,3112.46528472705,17674.25,18079,18311.8888888889,15761.3333333333,50,65662.7571221212,0.020910658062471,3140157.37457676,820.602086031247,59.7910321489003,0.13864354131981,33.0810713831665,3.54692732374036,"Urban and Built-up",14.266666730245,105.866666666667,0.928709546724955,18.5,34.0167744,34.0167744,0,511,879.798578668583,1000,23,64.22764228,67.4796748,47.54911336,37.72895737,56.91056911,56.91056911,c(-122.239443, 37.808212)
"312","Chen Home","TCH","11/22/2022","12/03/2022",11,"Retired from UWIN","CA",132294.321428571,41.6033333333333,46.127696784076,6194.08648844135,3112.46528472705,17674.25,18079,18311.8888888889,15761.3333333333,50,65662.7571221212,0.020910658062471,3140157.37457676,820.602086031247,59.7910321489003,0.13864354131981,33.0810713831665,3.54692732374036,"Urban and Built-up",14.266666730245,105.866666666667,0.928709546724955,14.6666666666667,23.7801627,23.7801627,0,588,879.798578668583,1000,23,64.22764228,67.4796748,47.54911336,37.72895737,56.91056911,56.91056911,c(-122.239443, 37.808212)
"313","Chen Home","TCH","11/22/2022","12/03/2022",11,"Retired from UWIN","CA",132294.321428571,41.6033333333333,46.127696784076,6194.08648844135,3112.46528472705,17674.25,18079,18311.8888888889,15761.3333333333,50,65662.7571221212,0.020910658062471,3140157.37457676,820.602086031247,59.7910321489003,0.13864354131981,33.0810713831665,3.54692732374036,"Urban and Built-up",14.266666730245,105.866666666667,0.928709546724955,15.3333333333333,40.5622063,40.5622063,0,788,879.798578668583,1000,23,64.22764228,67.4796748,47.54911336,37.72895737,56.91056911,56.91056911,c(-122.239443, 37.808212)
"314","Chen Home","TCH","11/22/2022","12/03/2022",11,"Retired from UWIN","CA",132294.321428571,41.6033333333333,46.127696784076,6194.08648844135,3112.46528472705,17674.25,18079,18311.8888888889,15761.3333333333,50,65662.7571221212,0.020910658062471,3140157.37457676,820.602086031247,59.7910321489003,0.13864354131981,33.0810713831665,3.54692732374036,"Urban and Built-up",14.266666730245,105.866666666667,0.928709546724955,16.6666666666667,269.8445666,120.9831252,148.8614414,539,879.798578668583,1000,23,64.22764228,67.4796748,47.54911336,37.72895737,56.91056911,56.91056911,c(-122.239443, 37.808212)
"315","Chen Home","TCH","11/22/2022","12/03/2022",11,"Retired from UWIN","CA",132294.321428571,41.6033333333333,46.127696784076,6194.08648844135,3112.46528472705,17674.25,18079,18311.8888888889,15761.3333333333,50,65662.7571221212,0.020910658062471,3140157.37457676,820.602086031247,59.7910321489003,0.13864354131981,33.0810713831665,3.54692732374036,"Urban and Built-up",14.266666730245,105.866666666667,0.928709546724955,17.8333333333333,57.9788027,57.9788027,0,787,879.798578668583,1000,23,64.22764228,67.4796748,47.54911336,37.72895737,56.91056911,56.91056911,c(-122.239443, 37.808212)
"316","Chen Home","TCH","11/22/2022","12/03/2022",11,"Retired from UWIN","CA",132294.321428571,41.6033333333333,46.127696784076,6194.08648844135,3112.46528472705,17674.25,18079,18311.8888888889,15761.3333333333,50,65662.7571221212,0.020910658062471,3140157.37457676,820.602086031247,59.7910321489003,0.13864354131981,33.0810713831665,3.54692732374036,"Urban and Built-up",14.266666730245,105.866666666667,0.928709546724955,17.5,31.5267477,31.5267477,0,418,879.798578668583,1000,23,64.22764228,67.4796748,47.54911336,37.72895737,56.91056911,56.91056911,c(-122.239443, 37.808212)
"317","Chen Home","TCH","11/22/2022","12/03/2022",11,"Retired from UWIN","CA",132294.321428571,41.6033333333333,46.127696784076,6194.08648844135,3112.46528472705,17674.25,18079,18311.8888888889,15761.3333333333,50,65662.7571221212,0.020910658062471,3140157.37457676,820.602086031247,59.7910321489003,0.13864354131981,33.0810713831665,3.54692732374036,"Urban and Built-up",14.266666730245,105.866666666667,0.928709546724955,15.8333333333333,49.8880074,49.8880074,0,986,879.798578668583,1000,23,64.22764228,67.4796748,47.54911336,37.72895737,56.91056911,56.91056911,c(-122.239443, 37.808212)
"318","Chen Home","TCH","11/22/2022","12/03/2022",11,"Retired from UWIN","CA",132294.321428571,41.6033333333333,46.127696784076,6194.08648844135,3112.46528472705,17674.25,18079,18311.8888888889,15761.3333333333,50,65662.7571221212,0.020910658062471,3140157.37457676,820.602086031247,59.7910321489003,0.13864354131981,33.0810713831665,3.54692732374036,"Urban and Built-up",14.266666730245,105.866666666667,0.928709546724955,15.5,56.2419368,56.2419368,0,578,879.798578668583,1000,23,64.22764228,67.4796748,47.54911336,37.72895737,56.91056911,56.91056911,c(-122.239443, 37.808212)
"319","Chen Home","TCH","11/22/2022","12/03/2022",11,"Retired from UWIN","CA",132294.321428571,41.6033333333333,46.127696784076,6194.08648844135,3112.46528472705,17674.25,18079,18311.8888888889,15761.3333333333,50,65662.7571221212,0.020910658062471,3140157.37457676,820.602086031247,59.7910321489003,0.13864354131981,33.0810713831665,3.54692732374036,"Urban and Built-up",14.266666730245,105.866666666667,0.928709546724955,15.6666666666667,76.1426295,76.1426295,0,701,879.798578668583,1000,23,64.22764228,67.4796748,47.54911336,37.72895737,56.91056911,56.91056911,c(-122.239443, 37.808212)
"320","Chen Home","TCH","11/22/2022","12/03/2022",11,"Retired from UWIN","CA",132294.321428571,41.6033333333333,46.127696784076,6194.08648844135,3112.46528472705,17674.25,18079,18311.8888888889,15761.3333333333,50,65662.7571221212,0.020910658062471,3140157.37457676,820.602086031247,59.7910321489003,0.13864354131981,33.0810713831665,3.54692732374036,"Urban and Built-up",14.266666730245,105.866666666667,0.928709546724955,16.3333333333333,93.4240622,93.4240622,0,698,879.798578668583,1000,23,64.22764228,67.4796748,47.54911336,37.72895737,56.91056911,56.91056911,c(-122.239443, 37.808212)
"321","Chen Home","TCH","11/22/2022","12/03/2022",11,"Retired from UWIN","CA",132294.321428571,41.6033333333333,46.127696784076,6194.08648844135,3112.46528472705,17674.25,18079,18311.8888888889,15761.3333333333,50,65662.7571221212,0.020910658062471,3140157.37457676,820.602086031247,59.7910321489003,0.13864354131981,33.0810713831665,3.54692732374036,"Urban and Built-up",14.266666730245,105.866666666667,0.928709546724955,14.8333333333333,80.5266777,80.5266777,0,522,879.798578668583,1000,23,64.22764228,67.4796748,47.54911336,37.72895737,56.91056911,56.91056911,c(-122.239443, 37.808212)
"322","Chen Home","TCH","11/22/2022","12/03/2022",11,"Retired from UWIN","CA",132294.321428571,41.6033333333333,46.127696784076,6194.08648844135,3112.46528472705,17674.25,18079,18311.8888888889,15761.3333333333,50,65662.7571221212,0.020910658062471,3140157.37457676,820.602086031247,59.7910321489003,0.13864354131981,33.0810713831665,3.54692732374036,"Urban and Built-up",14.266666730245,105.866666666667,0.928709546724955,15,49.0673883,49.0673883,0,357,879.798578668583,1000,23,64.22764228,67.4796748,47.54911336,37.72895737,56.91056911,56.91056911,c(-122.239443, 37.808212)
"323","Chen Home","TCH","11/22/2022","12/03/2022",11,"Retired from UWIN","CA",132294.321428571,41.6033333333333,46.127696784076,6194.08648844135,3112.46528472705,17674.25,18079,18311.8888888889,15761.3333333333,50,65662.7571221212,0.020910658062471,3140157.37457676,820.602086031247,59.7910321489003,0.13864354131981,33.0810713831665,3.54692732374036,"Urban and Built-up",14.266666730245,105.866666666667,0.928709546724955,14.3333333333333,69.8092094,69.8092094,0,429,879.798578668583,1000,23,64.22764228,67.4796748,47.54911336,37.72895737,56.91056911,56.91056911,c(-122.239443, 37.808212)
"324","Chen Home","TCH","11/22/2022","12/03/2022",11,"Retired from UWIN","CA",132294.321428571,41.6033333333333,46.127696784076,6194.08648844135,3112.46528472705,17674.25,18079,18311.8888888889,15761.3333333333,50,65662.7571221212,0.020910658062471,3140157.37457676,820.602086031247,59.7910321489003,0.13864354131981,33.0810713831665,3.54692732374036,"Urban and Built-up",14.266666730245,105.866666666667,0.928709546724955,13,41.4006166,41.4006166,0,312,879.798578668583,1000,23,64.22764228,67.4796748,47.54911336,37.72895737,56.91056911,56.91056911,c(-122.239443, 37.808212)
"325","Chen Home","TCH","11/22/2022","12/03/2022",11,"Retired from UWIN","CA",132294.321428571,41.6033333333333,46.127696784076,6194.08648844135,3112.46528472705,17674.25,18079,18311.8888888889,15761.3333333333,50,65662.7571221212,0.020910658062471,3140157.37457676,820.602086031247,59.7910321489003,0.13864354131981,33.0810713831665,3.54692732374036,"Urban and Built-up",14.266666730245,105.866666666667,0.928709546724955,13.8333333333333,69.6822,69.6822,0,520,879.798578668583,1000,23,64.22764228,67.4796748,47.54911336,37.72895737,56.91056911,56.91056911,c(-122.239443, 37.808212)
"326","Chen Home","TCH","11/22/2022","12/03/2022",11,"Retired from UWIN","CA",132294.321428571,41.6033333333333,46.127696784076,6194.08648844135,3112.46528472705,17674.25,18079,18311.8888888889,15761.3333333333,50,65662.7571221212,0.020910658062471,3140157.37457676,820.602086031247,59.7910321489003,0.13864354131981,33.0810713831665,3.54692732374036,"Urban and Built-up",14.266666730245,105.866666666667,0.928709546724955,15.8333333333333,53.1000603,53.1000603,0,613,879.798578668583,1000,23,64.22764228,67.4796748,47.54911336,37.72895737,56.91056911,56.91056911,c(-122.239443, 37.808212)
"327","Chen Home","TCH","11/22/2022","12/03/2022",11,"Retired from UWIN","CA",132294.321428571,41.6033333333333,46.127696784076,6194.08648844135,3112.46528472705,17674.25,18079,18311.8888888889,15761.3333333333,50,65662.7571221212,0.020910658062471,3140157.37457676,820.602086031247,59.7910321489003,0.13864354131981,33.0810713831665,3.54692732374036,"Urban and Built-up",14.266666730245,105.866666666667,0.928709546724955,13.8333333333333,80.7799552,80.7799552,0,741,879.798578668583,1000,23,64.22764228,67.4796748,47.54911336,37.72895737,56.91056911,56.91056911,c(-122.239443, 37.808212)
"328","Chen Home","TCH","11/22/2022","12/03/2022",11,"Retired from UWIN","CA",132294.321428571,41.6033333333333,46.127696784076,6194.08648844135,3112.46528472705,17674.25,18079,18311.8888888889,15761.3333333333,50,65662.7571221212,0.020910658062471,3140157.37457676,820.602086031247,59.7910321489003,0.13864354131981,33.0810713831665,3.54692732374036,"Urban and Built-up",14.266666730245,105.866666666667,0.928709546724955,16.8333333333333,37.5997244,37.5997244,0,581,879.798578668583,1000,23,64.22764228,67.4796748,47.54911336,37.72895737,56.91056911,56.91056911,c(-122.239443, 37.808212)
"329","Chen Home","TCH","11/22/2022","12/03/2022",11,"Retired from UWIN","CA",132294.321428571,41.6033333333333,46.127696784076,6194.08648844135,3112.46528472705,17674.25,18079,18311.8888888889,15761.3333333333,50,65662.7571221212,0.020910658062471,3140157.37457676,820.602086031247,59.7910321489003,0.13864354131981,33.0810713831665,3.54692732374036,"Urban and Built-up",14.266666730245,105.866666666667,0.928709546724955,12.8333333333333,37.4163762,37.4163762,0,1247,879.798578668583,1000,23,64.22764228,67.4796748,47.54911336,37.72895737,56.91056911,56.91056911,c(-122.239443, 37.808212)
"330","Chen Home","TCH","11/22/2022","12/03/2022",11,"Retired from UWIN","CA",132294.321428571,41.6033333333333,46.127696784076,6194.08648844135,3112.46528472705,17674.25,18079,18311.8888888889,15761.3333333333,50,65662.7571221212,0.020910658062471,3140157.37457676,820.602086031247,59.7910321489003,0.13864354131981,33.0810713831665,3.54692732374036,"Urban and Built-up",14.266666730245,105.866666666667,0.928709546724955,14,43.7043299,43.7043299,0,629,879.798578668583,1000,23,64.22764228,67.4796748,47.54911336,37.72895737,56.91056911,56.91056911,c(-122.239443, 37.808212)
"331","Chen Home","TCH","11/22/2022","12/03/2022",11,"Retired from UWIN","CA",132294.321428571,41.6033333333333,46.127696784076,6194.08648844135,3112.46528472705,17674.25,18079,18311.8888888889,15761.3333333333,50,65662.7571221212,0.020910658062471,3140157.37457676,820.602086031247,59.7910321489003,0.13864354131981,33.0810713831665,3.54692732374036,"Urban and Built-up",14.266666730245,105.866666666667,0.928709546724955,15.1666666666667,23.7028204,23.7028204,0,514,879.798578668583,1000,23,64.22764228,67.4796748,47.54911336,37.72895737,56.91056911,56.91056911,c(-122.239443, 37.808212)
"332","Chen Home","TCH","11/22/2022","12/03/2022",11,"Retired from UWIN","CA",132294.321428571,41.6033333333333,46.127696784076,6194.08648844135,3112.46528472705,17674.25,18079,18311.8888888889,15761.3333333333,50,65662.7571221212,0.020910658062471,3140157.37457676,820.602086031247,59.7910321489003,0.13864354131981,33.0810713831665,3.54692732374036,"Urban and Built-up",14.266666730245,105.866666666667,0.928709546724955,15,30.5282166,30.5282166,0,649,879.798578668583,1000,23,64.22764228,67.4796748,47.54911336,37.72895737,56.91056911,56.91056911,c(-122.239443, 37.808212)
"333","Chen Home","TCH","11/22/2022","12/03/2022",11,"Retired from UWIN","CA",132294.321428571,41.6033333333333,46.127696784076,6194.08648844135,3112.46528472705,17674.25,18079,18311.8888888889,15761.3333333333,50,65662.7571221212,0.020910658062471,3140157.37457676,820.602086031247,59.7910321489003,0.13864354131981,33.0810713831665,3.54692732374036,"Urban and Built-up",14.266666730245,105.866666666667,0.928709546724955,13.6666666666667,29.6221009,29.6221009,0,351,879.798578668583,1000,23,64.22764228,67.4796748,47.54911336,37.72895737,56.91056911,56.91056911,c(-122.239443, 37.808212)
"334","Chen Home","TCH","11/22/2022","12/03/2022",11,"Retired from UWIN","CA",132294.321428571,41.6033333333333,46.127696784076,6194.08648844135,3112.46528472705,17674.25,18079,18311.8888888889,15761.3333333333,50,65662.7571221212,0.020910658062471,3140157.37457676,820.602086031247,59.7910321489003,0.13864354131981,33.0810713831665,3.54692732374036,"Urban and Built-up",14.266666730245,105.866666666667,0.928709546724955,13.6666666666667,32.6236246,32.6236246,0,816,879.798578668583,1000,23,64.22764228,67.4796748,47.54911336,37.72895737,56.91056911,56.91056911,c(-122.239443, 37.808212)
"335","Chen Home","TCH","11/22/2022","12/03/2022",11,"Retired from UWIN","CA",132294.321428571,41.6033333333333,46.127696784076,6194.08648844135,3112.46528472705,17674.25,18079,18311.8888888889,15761.3333333333,50,65662.7571221212,0.020910658062471,3140157.37457676,820.602086031247,59.7910321489003,0.13864354131981,33.0810713831665,3.54692732374036,"Urban and Built-up",14.266666730245,105.866666666667,0.928709546724955,14.8333333333333,51.6201784,51.6201784,0,677,879.798578668583,1000,23,64.22764228,67.4796748,47.54911336,37.72895737,56.91056911,56.91056911,c(-122.239443, 37.808212)
"336","Chen Home","TCH","11/22/2022","12/03/2022",11,"Retired from UWIN","CA",132294.321428571,41.6033333333333,46.127696784076,6194.08648844135,3112.46528472705,17674.25,18079,18311.8888888889,15761.3333333333,50,65662.7571221212,0.020910658062471,3140157.37457676,820.602086031247,59.7910321489003,0.13864354131981,33.0810713831665,3.54692732374036,"Urban and Built-up",14.266666730245,105.866666666667,0.928709546724955,18,26.634909,26.634909,0,372,879.798578668583,1000,23,64.22764228,67.4796748,47.54911336,37.72895737,56.91056911,56.91056911,c(-122.239443, 37.808212)
"337","Chen Home","TCH","11/22/2022","12/03/2022",11,"Retired from UWIN","CA",132294.321428571,41.6033333333333,46.127696784076,6194.08648844135,3112.46528472705,17674.25,18079,18311.8888888889,15761.3333333333,50,65662.7571221212,0.020910658062471,3140157.37457676,820.602086031247,59.7910321489003,0.13864354131981,33.0810713831665,3.54692732374036,"Urban and Built-up",14.266666730245,105.866666666667,0.928709546724955,14.1666666666667,64.7033821,64.7033821,0,690,879.798578668583,1000,23,64.22764228,67.4796748,47.54911336,37.72895737,56.91056911,56.91056911,c(-122.239443, 37.808212)
"338","Claremont-Clark Kerr Track","CCK","11/07/2023","11/22/2023",15,"","CA",135459.181818182,32.9647058823529,54.6103448379627,10722.3511107013,2874.59298270737,35702.3125,36387.5,33618.6666666667,41953.25,6,48747.0575372502,0.0155237625769706,3140157.37457659,476.113254685267,28.0698985343857,0.223375009997983,163.358738831836,2.8604643328388,"Urban and Built-up",14.0099998474121,122.2,0.798430669307709,10.1666666666667,1703.5911669,1703.5911669,0,1432,1067.81269559317,1000,NA,NA,NA,NA,NA,NA,NA,c(-122.24519, 37.86408)
"339","Claremont-Clark Kerr Track","CCK","11/07/2023","11/22/2023",15,"","CA",135459.181818182,32.9647058823529,54.6103448379627,10722.3511107013,2874.59298270737,35702.3125,36387.5,33618.6666666667,41953.25,6,48747.0575372502,0.0155237625769706,3140157.37457659,476.113254685267,28.0698985343857,0.223375009997983,163.358738831836,2.8604643328388,"Urban and Built-up",14.0099998474121,122.2,0.798430669307709,14.8333333333333,24.8696266,24.8696266,0,657,1067.81269559317,1000,NA,NA,NA,NA,NA,NA,NA,c(-122.24519, 37.86408)
"340","Claremont-Clark Kerr Track","CCK","11/07/2023","11/22/2023",15,"","CA",135459.181818182,32.9647058823529,54.6103448379627,10722.3511107013,2874.59298270737,35702.3125,36387.5,33618.6666666667,41953.25,6,48747.0575372502,0.0155237625769706,3140157.37457659,476.113254685267,28.0698985343857,0.223375009997983,163.358738831836,2.8604643328388,"Urban and Built-up",14.0099998474121,122.2,0.798430669307709,13.5,419.8940648,419.8940648,0,253,1067.81269559317,1000,NA,NA,NA,NA,NA,NA,NA,c(-122.24519, 37.86408)
"341","Claremont-Clark Kerr Track","CCK","11/07/2023","11/22/2023",15,"","CA",135459.181818182,32.9647058823529,54.6103448379627,10722.3511107013,2874.59298270737,35702.3125,36387.5,33618.6666666667,41953.25,6,48747.0575372502,0.0155237625769706,3140157.37457659,476.113254685267,28.0698985343857,0.223375009997983,163.358738831836,2.8604643328388,"Urban and Built-up",14.0099998474121,122.2,0.798430669307709,13.5,44.9321698,44.9321698,0,240,1067.81269559317,1000,NA,NA,NA,NA,NA,NA,NA,c(-122.24519, 37.86408)
"342","Claremont-Clark Kerr Track","CCK","11/07/2023","11/22/2023",15,"","CA",135459.181818182,32.9647058823529,54.6103448379627,10722.3511107013,2874.59298270737,35702.3125,36387.5,33618.6666666667,41953.25,6,48747.0575372502,0.0155237625769706,3140157.37457659,476.113254685267,28.0698985343857,0.223375009997983,163.358738831836,2.8604643328388,"Urban and Built-up",14.0099998474121,122.2,0.798430669307709,15,16.2132194,16.2132194,0,325,1067.81269559317,1000,NA,NA,NA,NA,NA,NA,NA,c(-122.24519, 37.86408)
"343","Claremont-Clark Kerr Track","CCK","11/07/2023","11/22/2023",15,"","CA",135459.181818182,32.9647058823529,54.6103448379627,10722.3511107013,2874.59298270737,35702.3125,36387.5,33618.6666666667,41953.25,6,48747.0575372502,0.0155237625769706,3140157.37457659,476.113254685267,28.0698985343857,0.223375009997983,163.358738831836,2.8604643328388,"Urban and Built-up",14.0099998474121,122.2,0.798430669307709,18.5,45.2148522,45.2148522,0,968,1067.81269559317,1000,NA,NA,NA,NA,NA,NA,NA,c(-122.24519, 37.86408)
"344","Claremont-Clark Kerr Track","CCK","11/07/2023","11/22/2023",15,"","CA",135459.181818182,32.9647058823529,54.6103448379627,10722.3511107013,2874.59298270737,35702.3125,36387.5,33618.6666666667,41953.25,6,48747.0575372502,0.0155237625769706,3140157.37457659,476.113254685267,28.0698985343857,0.223375009997983,163.358738831836,2.8604643328388,"Urban and Built-up",14.0099998474121,122.2,0.798430669307709,13.8333333333333,92.7222982,92.7222982,0,255,1067.81269559317,1000,NA,NA,NA,NA,NA,NA,NA,c(-122.24519, 37.86408)
"345","Claremont-Clark Kerr Track","CCK","11/07/2023","11/22/2023",15,"","CA",135459.181818182,32.9647058823529,54.6103448379627,10722.3511107013,2874.59298270737,35702.3125,36387.5,33618.6666666667,41953.25,6,48747.0575372502,0.0155237625769706,3140157.37457659,476.113254685267,28.0698985343857,0.223375009997983,163.358738831836,2.8604643328388,"Urban and Built-up",14.0099998474121,122.2,0.798430669307709,14.5,98.676914,98.676914,0,422,1067.81269559317,1000,NA,NA,NA,NA,NA,NA,NA,c(-122.24519, 37.86408)
"346","Claremont-Clark Kerr Track","CCK","11/07/2023","11/22/2023",15,"","CA",135459.181818182,32.9647058823529,54.6103448379627,10722.3511107013,2874.59298270737,35702.3125,36387.5,33618.6666666667,41953.25,6,48747.0575372502,0.0155237625769706,3140157.37457659,476.113254685267,28.0698985343857,0.223375009997983,163.358738831836,2.8604643328388,"Urban and Built-up",14.0099998474121,122.2,0.798430669307709,17.1666666666667,73.6049125,73.6049125,0,563,1067.81269559317,1000,NA,NA,NA,NA,NA,NA,NA,c(-122.24519, 37.86408)
"347","Claremont-Clark Kerr Track","CCK","11/07/2023","11/22/2023",15,"","CA",135459.181818182,32.9647058823529,54.6103448379627,10722.3511107013,2874.59298270737,35702.3125,36387.5,33618.6666666667,41953.25,6,48747.0575372502,0.0155237625769706,3140157.37457659,476.113254685267,28.0698985343857,0.223375009997983,163.358738831836,2.8604643328388,"Urban and Built-up",14.0099998474121,122.2,0.798430669307709,17.8333333333333,48.7221896,48.7221896,0,645,1067.81269559317,1000,NA,NA,NA,NA,NA,NA,NA,c(-122.24519, 37.86408)
"348","Claremont-Clark Kerr Track","CCK","11/07/2023","11/22/2023",15,"","CA",135459.181818182,32.9647058823529,54.6103448379627,10722.3511107013,2874.59298270737,35702.3125,36387.5,33618.6666666667,41953.25,6,48747.0575372502,0.0155237625769706,3140157.37457659,476.113254685267,28.0698985343857,0.223375009997983,163.358738831836,2.8604643328388,"Urban and Built-up",14.0099998474121,122.2,0.798430669307709,14.1666666666667,24.2896829,24.2896829,0,335,1067.81269559317,1000,NA,NA,NA,NA,NA,NA,NA,c(-122.24519, 37.86408)
"349","Claremont-Clark Kerr Track","CCK","11/07/2023","11/22/2023",15,"","CA",135459.181818182,32.9647058823529,54.6103448379627,10722.3511107013,2874.59298270737,35702.3125,36387.5,33618.6666666667,41953.25,6,48747.0575372502,0.0155237625769706,3140157.37457659,476.113254685267,28.0698985343857,0.223375009997983,163.358738831836,2.8604643328388,"Urban and Built-up",14.0099998474121,122.2,0.798430669307709,15,75.6501592,75.6501592,0,486,1067.81269559317,1000,NA,NA,NA,NA,NA,NA,NA,c(-122.24519, 37.86408)
"350","Claremont-Clark Kerr Track","CCK","11/07/2023","11/22/2023",15,"","CA",135459.181818182,32.9647058823529,54.6103448379627,10722.3511107013,2874.59298270737,35702.3125,36387.5,33618.6666666667,41953.25,6,48747.0575372502,0.0155237625769706,3140157.37457659,476.113254685267,28.0698985343857,0.223375009997983,163.358738831836,2.8604643328388,"Urban and Built-up",14.0099998474121,122.2,0.798430669307709,17,73.1922555,73.1922555,0,715,1067.81269559317,1000,NA,NA,NA,NA,NA,NA,NA,c(-122.24519, 37.86408)
"351","Claremont-Clark Kerr Track","CCK","11/07/2023","11/22/2023",15,"","CA",135459.181818182,32.9647058823529,54.6103448379627,10722.3511107013,2874.59298270737,35702.3125,36387.5,33618.6666666667,41953.25,6,48747.0575372502,0.0155237625769706,3140157.37457659,476.113254685267,28.0698985343857,0.223375009997983,163.358738831836,2.8604643328388,"Urban and Built-up",14.0099998474121,122.2,0.798430669307709,17.3333333333333,56.1487801,56.1487801,0,524,1067.81269559317,1000,NA,NA,NA,NA,NA,NA,NA,c(-122.24519, 37.86408)
"352","Claremont-Clark Kerr Track","CCK","11/07/2023","11/22/2023",15,"","CA",135459.181818182,32.9647058823529,54.6103448379627,10722.3511107013,2874.59298270737,35702.3125,36387.5,33618.6666666667,41953.25,6,48747.0575372502,0.0155237625769706,3140157.37457659,476.113254685267,28.0698985343857,0.223375009997983,163.358738831836,2.8604643328388,"Urban and Built-up",14.0099998474121,122.2,0.798430669307709,13.6666666666667,22.3568667,22.3568667,0,617,1067.81269559317,1000,NA,NA,NA,NA,NA,NA,NA,c(-122.24519, 37.86408)
"353","Claremont-Clark Kerr Track","CCK","11/07/2023","11/22/2023",15,"","CA",135459.181818182,32.9647058823529,54.6103448379627,10722.3511107013,2874.59298270737,35702.3125,36387.5,33618.6666666667,41953.25,6,48747.0575372502,0.0155237625769706,3140157.37457659,476.113254685267,28.0698985343857,0.223375009997983,163.358738831836,2.8604643328388,"Urban and Built-up",14.0099998474121,122.2,0.798430669307709,18.5,80.1194569,80.1194569,0,387,1067.81269559317,1000,NA,NA,NA,NA,NA,NA,NA,c(-122.24519, 37.86408)
"354","Cleary Home",NA,"01/26/2023","02/01/2023",6,"","CA",201301.285714286,44.4,59.967522881858,978.637363808985,480.998606485085,8054,8054,8054,NA,1,24305.6528023763,0.00774026582207492,3140157.37457719,686.054187590099,8.98702031602706,0.281902856792133,323.884106510872,1.76626189312745,"Urban and Built-up",13.689999961853,125.6,0.645758405327797,9.5,544.445314,544.445314,0,1161,507.998215745077,1000,25,26.01626016,15.44715447,34.01873279,26.59387214,19.51219512,16.2601626,c(-122.212138, 37.853646)
"355","Cleary Home",NA,"01/26/2023","02/01/2023",6,"","CA",201301.285714286,44.4,59.967522881858,978.637363808985,480.998606485085,8054,8054,8054,NA,1,24305.6528023763,0.00774026582207492,3140157.37457719,686.054187590099,8.98702031602706,0.281902856792133,323.884106510872,1.76626189312745,"Urban and Built-up",13.689999961853,125.6,0.645758405327797,5.83333333333333,335.2294505,335.2294505,0,904,507.998215745077,1000,25,26.01626016,15.44715447,34.01873279,26.59387214,19.51219512,16.2601626,c(-122.212138, 37.853646)
"356","Cleary Home",NA,"01/26/2023","02/01/2023",6,"","CA",201301.285714286,44.4,59.967522881858,978.637363808985,480.998606485085,8054,8054,8054,NA,1,24305.6528023763,0.00774026582207492,3140157.37457719,686.054187590099,8.98702031602706,0.281902856792133,323.884106510872,1.76626189312745,"Urban and Built-up",13.689999961853,125.6,0.645758405327797,10.1666666666667,1703.5911669,1703.5911669,0,1432,507.998215745077,1000,25,26.01626016,15.44715447,34.01873279,26.59387214,19.51219512,16.2601626,c(-122.212138, 37.853646)
"357","Cleary Home",NA,"01/26/2023","02/01/2023",6,"","CA",201301.285714286,44.4,59.967522881858,978.637363808985,480.998606485085,8054,8054,8054,NA,1,24305.6528023763,0.00774026582207492,3140157.37457719,686.054187590099,8.98702031602706,0.281902856792133,323.884106510872,1.76626189312745,"Urban and Built-up",13.689999961853,125.6,0.645758405327797,6.5,3400.4955607,3400.4955607,0,875,507.998215745077,1000,25,26.01626016,15.44715447,34.01873279,26.59387214,19.51219512,16.2601626,c(-122.212138, 37.853646)
"358","Cleary Home",NA,"01/26/2023","02/01/2023",6,"","CA",201301.285714286,44.4,59.967522881858,978.637363808985,480.998606485085,8054,8054,8054,NA,1,24305.6528023763,0.00774026582207492,3140157.37457719,686.054187590099,8.98702031602706,0.281902856792133,323.884106510872,1.76626189312745,"Urban and Built-up",13.689999961853,125.6,0.645758405327797,11.5,2958.7697167,2958.283671,0.4860457,961,507.998215745077,1000,25,26.01626016,15.44715447,34.01873279,26.59387214,19.51219512,16.2601626,c(-122.212138, 37.853646)
"359","Corica Park Golf Course","CGCN","02/21/2023","02/24/2023",3,"","CA",116156.333333333,44.74,40.6040472114299,3404.97970568796,1274.42126609189,2894.75,2850.5,2894.75,NA,1,32985.6668435969,0.0105044629643906,3140157.3745765,774.609047038917,29.6587837837838,0.128452435344006,2.50292173313234,2.37013283442857,"Urban and Built-up",14.25,100.525,0.724245652556419,15.5,88.3745737,78.9037249,9.4708488,700,1373.73094376958,1000,26,16.2601626,72.35772358,61.08829774,36.25024251,52.03252033,96.74796748,c(-122.23578, 37.74646)
"360","Corica Park Golf Course","CGCN","02/21/2023","02/24/2023",3,"","CA",116156.333333333,44.74,40.6040472114299,3404.97970568796,1274.42126609189,2894.75,2850.5,2894.75,NA,1,32985.6668435969,0.0105044629643906,3140157.3745765,774.609047038917,29.6587837837838,0.128452435344006,2.50292173313234,2.37013283442857,"Urban and Built-up",14.25,100.525,0.724245652556419,17.6666666666667,211.5326731,211.5326731,0,1288,1373.73094376958,1000,26,16.2601626,72.35772358,61.08829774,36.25024251,52.03252033,96.74796748,c(-122.23578, 37.74646)
"361","Corica Park Golf Course","CGCN","02/21/2023","02/24/2023",3,"","CA",116156.333333333,44.74,40.6040472114299,3404.97970568796,1274.42126609189,2894.75,2850.5,2894.75,NA,1,32985.6668435969,0.0105044629643906,3140157.3745765,774.609047038917,29.6587837837838,0.128452435344006,2.50292173313234,2.37013283442857,"Urban and Built-up",14.25,100.525,0.724245652556419,15.5,193.0001731,160.7155697,32.2846034,975,1373.73094376958,1000,26,16.2601626,72.35772358,61.08829774,36.25024251,52.03252033,96.74796748,c(-122.23578, 37.74646)
"362","Corica Park Golf Course","CGCN","02/21/2023","02/24/2023",3,"","CA",116156.333333333,44.74,40.6040472114299,3404.97970568796,1274.42126609189,2894.75,2850.5,2894.75,NA,1,32985.6668435969,0.0105044629643906,3140157.3745765,774.609047038917,29.6587837837838,0.128452435344006,2.50292173313234,2.37013283442857,"Urban and Built-up",14.25,100.525,0.724245652556419,15.5,1243.6730796,848.9807438,394.6923358,1374,1373.73094376958,1000,26,16.2601626,72.35772358,61.08829774,36.25024251,52.03252033,96.74796748,c(-122.23578, 37.74646)
"363","Corica Park Golf Course","CGCN","02/21/2023","02/24/2023",3,"","CA",116156.333333333,44.74,40.6040472114299,3404.97970568796,1274.42126609189,2894.75,2850.5,2894.75,NA,1,32985.6668435969,0.0105044629643906,3140157.3745765,774.609047038917,29.6587837837838,0.128452435344006,2.50292173313234,2.37013283442857,"Urban and Built-up",14.25,100.525,0.724245652556419,15,1397.2449883,965.2091708,432.0358175,5,1373.73094376958,1000,26,16.2601626,72.35772358,61.08829774,36.25024251,52.03252033,96.74796748,c(-122.23578, 37.74646)
"364","Corica Park Golf Course","CGCN","02/21/2023","02/24/2023",3,"","CA",116156.333333333,44.74,40.6040472114299,3404.97970568796,1274.42126609189,2894.75,2850.5,2894.75,NA,1,32985.6668435969,0.0105044629643906,3140157.3745765,774.609047038917,29.6587837837838,0.128452435344006,2.50292173313234,2.37013283442857,"Urban and Built-up",14.25,100.525,0.724245652556419,3.66666666666667,3284.5456154,2631.9503147,652.5953007,0,1373.73094376958,1000,26,16.2601626,72.35772358,61.08829774,36.25024251,52.03252033,96.74796748,c(-122.23578, 37.74646)
"365","Corica Park Golf Course","CGCN","02/21/2023","02/24/2023",3,"","CA",116156.333333333,44.74,40.6040472114299,3404.97970568796,1274.42126609189,2894.75,2850.5,2894.75,NA,1,32985.6668435969,0.0105044629643906,3140157.3745765,774.609047038917,29.6587837837838,0.128452435344006,2.50292173313234,2.37013283442857,"Urban and Built-up",14.25,100.525,0.724245652556419,15.8333333333333,72.4319288,72.4319288,0,602,1373.73094376958,1000,26,16.2601626,72.35772358,61.08829774,36.25024251,52.03252033,96.74796748,c(-122.23578, 37.74646)
"366","Corica Park Golf Course","CGCN","02/21/2023","02/24/2023",3,"","CA",116156.333333333,44.74,40.6040472114299,3404.97970568796,1274.42126609189,2894.75,2850.5,2894.75,NA,1,32985.6668435969,0.0105044629643906,3140157.3745765,774.609047038917,29.6587837837838,0.128452435344006,2.50292173313234,2.37013283442857,"Urban and Built-up",14.25,100.525,0.724245652556419,16.3333333333333,316.7332742,117.881526,198.8517482,921,1373.73094376958,1000,26,16.2601626,72.35772358,61.08829774,36.25024251,52.03252033,96.74796748,c(-122.23578, 37.74646)
"367","Corica Park Golf Course","CGCN","02/21/2023","02/24/2023",3,"","CA",116156.333333333,44.74,40.6040472114299,3404.97970568796,1274.42126609189,2894.75,2850.5,2894.75,NA,1,32985.6668435969,0.0105044629643906,3140157.3745765,774.609047038917,29.6587837837838,0.128452435344006,2.50292173313234,2.37013283442857,"Urban and Built-up",14.25,100.525,0.724245652556419,13.1666666666667,47.2255049,47.2255049,0,717,1373.73094376958,1000,26,16.2601626,72.35772358,61.08829774,36.25024251,52.03252033,96.74796748,c(-122.23578, 37.74646)
"368","Corica Park Golf Course","CGCN","02/21/2023","02/24/2023",3,"","CA",116156.333333333,44.74,40.6040472114299,3404.97970568796,1274.42126609189,2894.75,2850.5,2894.75,NA,1,32985.6668435969,0.0105044629643906,3140157.3745765,774.609047038917,29.6587837837838,0.128452435344006,2.50292173313234,2.37013283442857,"Urban and Built-up",14.25,100.525,0.724245652556419,14.5,50.5027922,50.5027922,0,583,1373.73094376958,1000,26,16.2601626,72.35772358,61.08829774,36.25024251,52.03252033,96.74796748,c(-122.23578, 37.74646)
"369","Corica Park Golf Course","CGCN","02/21/2023","02/24/2023",3,"","CA",116156.333333333,44.74,40.6040472114299,3404.97970568796,1274.42126609189,2894.75,2850.5,2894.75,NA,1,32985.6668435969,0.0105044629643906,3140157.3745765,774.609047038917,29.6587837837838,0.128452435344006,2.50292173313234,2.37013283442857,"Urban and Built-up",14.25,100.525,0.724245652556419,16,135.4745518,135.4745518,0,1262,1373.73094376958,1000,26,16.2601626,72.35772358,61.08829774,36.25024251,52.03252033,96.74796748,c(-122.23578, 37.74646)
"370","Crown Memorial State Beach","CMSB","11/30/2023","12/14/2023",14,"","CA",107332.133333333,40.5125,41.2025773150869,5443.72670899082,2341.43107891216,12075.1333333333,11790,11599.7272727273,13382.5,29,47100.8181579269,0.014999508795091,3140157.37457628,962.194801008614,48.5253378378385,0.0843159524674905,4.25726276169143,2.8327562668562,"Urban and Built-up",14.1499996185303,104.45,0.931080838044484,16,67.0762834,67.0762834,0,918,917.162186870245,1000,27,26.82926829,17.07317073,47.771755,39.23386891,63.41463415,57.72357724,c(-122.27603, 37.76965)
"371","Crown Memorial State Beach","CMSB","11/30/2023","12/14/2023",14,"","CA",107332.133333333,40.5125,41.2025773150869,5443.72670899082,2341.43107891216,12075.1333333333,11790,11599.7272727273,13382.5,29,47100.8181579269,0.014999508795091,3140157.37457628,962.194801008614,48.5253378378385,0.0843159524674905,4.25726276169143,2.8327562668562,"Urban and Built-up",14.1499996185303,104.45,0.931080838044484,15.1666666666667,30.0090595,30.0090595,0,466,917.162186870245,1000,27,26.82926829,17.07317073,47.771755,39.23386891,63.41463415,57.72357724,c(-122.27603, 37.76965)
"372","Crown Memorial State Beach","CMSB","11/30/2023","12/14/2023",14,"","CA",107332.133333333,40.5125,41.2025773150869,5443.72670899082,2341.43107891216,12075.1333333333,11790,11599.7272727273,13382.5,29,47100.8181579269,0.014999508795091,3140157.37457628,962.194801008614,48.5253378378385,0.0843159524674905,4.25726276169143,2.8327562668562,"Urban and Built-up",14.1499996185303,104.45,0.931080838044484,12.8333333333333,52.1689875,52.1689875,0,516,917.162186870245,1000,27,26.82926829,17.07317073,47.771755,39.23386891,63.41463415,57.72357724,c(-122.27603, 37.76965)
"373","Crown Memorial State Beach","CMSB","11/30/2023","12/14/2023",14,"","CA",107332.133333333,40.5125,41.2025773150869,5443.72670899082,2341.43107891216,12075.1333333333,11790,11599.7272727273,13382.5,29,47100.8181579269,0.014999508795091,3140157.37457628,962.194801008614,48.5253378378385,0.0843159524674905,4.25726276169143,2.8327562668562,"Urban and Built-up",14.1499996185303,104.45,0.931080838044484,16.1666666666667,33.0926204,33.0926204,0,422,917.162186870245,1000,27,26.82926829,17.07317073,47.771755,39.23386891,63.41463415,57.72357724,c(-122.27603, 37.76965)
"374","Crown Memorial State Beach","CMSB","11/30/2023","12/14/2023",14,"","CA",107332.133333333,40.5125,41.2025773150869,5443.72670899082,2341.43107891216,12075.1333333333,11790,11599.7272727273,13382.5,29,47100.8181579269,0.014999508795091,3140157.37457628,962.194801008614,48.5253378378385,0.0843159524674905,4.25726276169143,2.8327562668562,"Urban and Built-up",14.1499996185303,104.45,0.931080838044484,15.1666666666667,36.7039869,36.7039869,0,363,917.162186870245,1000,27,26.82926829,17.07317073,47.771755,39.23386891,63.41463415,57.72357724,c(-122.27603, 37.76965)
"375","Crown Memorial State Beach","CMSB","11/30/2023","12/14/2023",14,"","CA",107332.133333333,40.5125,41.2025773150869,5443.72670899082,2341.43107891216,12075.1333333333,11790,11599.7272727273,13382.5,29,47100.8181579269,0.014999508795091,3140157.37457628,962.194801008614,48.5253378378385,0.0843159524674905,4.25726276169143,2.8327562668562,"Urban and Built-up",14.1499996185303,104.45,0.931080838044484,17.3333333333333,61.8155244,61.8155244,0,495,917.162186870245,1000,27,26.82926829,17.07317073,47.771755,39.23386891,63.41463415,57.72357724,c(-122.27603, 37.76965)
"376","Crown Memorial State Beach","CMSB","11/30/2023","12/14/2023",14,"","CA",107332.133333333,40.5125,41.2025773150869,5443.72670899082,2341.43107891216,12075.1333333333,11790,11599.7272727273,13382.5,29,47100.8181579269,0.014999508795091,3140157.37457628,962.194801008614,48.5253378378385,0.0843159524674905,4.25726276169143,2.8327562668562,"Urban and Built-up",14.1499996185303,104.45,0.931080838044484,15.5,48.0849187,48.0849187,0,1122,917.162186870245,1000,27,26.82926829,17.07317073,47.771755,39.23386891,63.41463415,57.72357724,c(-122.27603, 37.76965)
"377","Crown Memorial State Beach","CMSB","11/30/2023","12/14/2023",14,"","CA",107332.133333333,40.5125,41.2025773150869,5443.72670899082,2341.43107891216,12075.1333333333,11790,11599.7272727273,13382.5,29,47100.8181579269,0.014999508795091,3140157.37457628,962.194801008614,48.5253378378385,0.0843159524674905,4.25726276169143,2.8327562668562,"Urban and Built-up",14.1499996185303,104.45,0.931080838044484,12.8333333333333,76.9531175,76.9531175,0,1112,917.162186870245,1000,27,26.82926829,17.07317073,47.771755,39.23386891,63.41463415,57.72357724,c(-122.27603, 37.76965)
"378","Crown Memorial State Beach","CMSB","11/30/2023","12/14/2023",14,"","CA",107332.133333333,40.5125,41.2025773150869,5443.72670899082,2341.43107891216,12075.1333333333,11790,11599.7272727273,13382.5,29,47100.8181579269,0.014999508795091,3140157.37457628,962.194801008614,48.5253378378385,0.0843159524674905,4.25726276169143,2.8327562668562,"Urban and Built-up",14.1499996185303,104.45,0.931080838044484,16.1666666666667,275.1194103,99.6744567,175.4449536,741,917.162186870245,1000,27,26.82926829,17.07317073,47.771755,39.23386891,63.41463415,57.72357724,c(-122.27603, 37.76965)
"379","Crown Memorial State Beach","CMSB","11/30/2023","12/14/2023",14,"","CA",107332.133333333,40.5125,41.2025773150869,5443.72670899082,2341.43107891216,12075.1333333333,11790,11599.7272727273,13382.5,29,47100.8181579269,0.014999508795091,3140157.37457628,962.194801008614,48.5253378378385,0.0843159524674905,4.25726276169143,2.8327562668562,"Urban and Built-up",14.1499996185303,104.45,0.931080838044484,12.8333333333333,59.1883572,59.1883572,0,510,917.162186870245,1000,27,26.82926829,17.07317073,47.771755,39.23386891,63.41463415,57.72357724,c(-122.27603, 37.76965)
"380","Crown Memorial State Beach","CMSB","11/30/2023","12/14/2023",14,"","CA",107332.133333333,40.5125,41.2025773150869,5443.72670899082,2341.43107891216,12075.1333333333,11790,11599.7272727273,13382.5,29,47100.8181579269,0.014999508795091,3140157.37457628,962.194801008614,48.5253378378385,0.0843159524674905,4.25726276169143,2.8327562668562,"Urban and Built-up",14.1499996185303,104.45,0.931080838044484,16.8333333333333,33.9280655,33.9280655,0,443,917.162186870245,1000,27,26.82926829,17.07317073,47.771755,39.23386891,63.41463415,57.72357724,c(-122.27603, 37.76965)
"381","Crown Memorial State Beach","CMSB","11/30/2023","12/14/2023",14,"","CA",107332.133333333,40.5125,41.2025773150869,5443.72670899082,2341.43107891216,12075.1333333333,11790,11599.7272727273,13382.5,29,47100.8181579269,0.014999508795091,3140157.37457628,962.194801008614,48.5253378378385,0.0843159524674905,4.25726276169143,2.8327562668562,"Urban and Built-up",14.1499996185303,104.45,0.931080838044484,15.1666666666667,36.9822215,36.9822215,0,521,917.162186870245,1000,27,26.82926829,17.07317073,47.771755,39.23386891,63.41463415,57.72357724,c(-122.27603, 37.76965)
"382","Crown Memorial State Beach","CMSB","11/30/2023","12/14/2023",14,"","CA",107332.133333333,40.5125,41.2025773150869,5443.72670899082,2341.43107891216,12075.1333333333,11790,11599.7272727273,13382.5,29,47100.8181579269,0.014999508795091,3140157.37457628,962.194801008614,48.5253378378385,0.0843159524674905,4.25726276169143,2.8327562668562,"Urban and Built-up",14.1499996185303,104.45,0.931080838044484,14.3333333333333,42.1863946,42.1863946,0,712,917.162186870245,1000,27,26.82926829,17.07317073,47.771755,39.23386891,63.41463415,57.72357724,c(-122.27603, 37.76965)
"383","Crown Memorial State Beach","CMSB","11/30/2023","12/14/2023",14,"","CA",107332.133333333,40.5125,41.2025773150869,5443.72670899082,2341.43107891216,12075.1333333333,11790,11599.7272727273,13382.5,29,47100.8181579269,0.014999508795091,3140157.37457628,962.194801008614,48.5253378378385,0.0843159524674905,4.25726276169143,2.8327562668562,"Urban and Built-up",14.1499996185303,104.45,0.931080838044484,15.6666666666667,345.9946091,98.0428554,247.9517537,266,917.162186870245,1000,27,26.82926829,17.07317073,47.771755,39.23386891,63.41463415,57.72357724,c(-122.27603, 37.76965)
"384","Crown Memorial State Beach","CMSB","11/30/2023","12/14/2023",14,"","CA",107332.133333333,40.5125,41.2025773150869,5443.72670899082,2341.43107891216,12075.1333333333,11790,11599.7272727273,13382.5,29,47100.8181579269,0.014999508795091,3140157.37457628,962.194801008614,48.5253378378385,0.0843159524674905,4.25726276169143,2.8327562668562,"Urban and Built-up",14.1499996185303,104.45,0.931080838044484,12.5,59.7386489,59.7386489,0,726,917.162186870245,1000,27,26.82926829,17.07317073,47.771755,39.23386891,63.41463415,57.72357724,c(-122.27603, 37.76965)
"385","Crown Memorial State Beach","CMSB","11/30/2023","12/14/2023",14,"","CA",107332.133333333,40.5125,41.2025773150869,5443.72670899082,2341.43107891216,12075.1333333333,11790,11599.7272727273,13382.5,29,47100.8181579269,0.014999508795091,3140157.37457628,962.194801008614,48.5253378378385,0.0843159524674905,4.25726276169143,2.8327562668562,"Urban and Built-up",14.1499996185303,104.45,0.931080838044484,16.6666666666667,83.3732697,64.3532414,19.0200283,680,917.162186870245,1000,27,26.82926829,17.07317073,47.771755,39.23386891,63.41463415,57.72357724,c(-122.27603, 37.76965)
"386","Crown Memorial State Beach","CMSB","11/30/2023","12/14/2023",14,"","CA",107332.133333333,40.5125,41.2025773150869,5443.72670899082,2341.43107891216,12075.1333333333,11790,11599.7272727273,13382.5,29,47100.8181579269,0.014999508795091,3140157.37457628,962.194801008614,48.5253378378385,0.0843159524674905,4.25726276169143,2.8327562668562,"Urban and Built-up",14.1499996185303,104.45,0.931080838044484,12.6666666666667,40.2926202,40.2926202,0,462,917.162186870245,1000,27,26.82926829,17.07317073,47.771755,39.23386891,63.41463415,57.72357724,c(-122.27603, 37.76965)
"387","Dunn Home",NA,"11/22/2022","12/03/2022",11,"","CA",100616.703703704,34.9928571428571,44.767459946943,5580.21254531996,2587.2868115763,22514.25,23020,22816.7777777778,21606.6666666667,60,75447.7363530173,0.0240267373106379,3140157.37457672,548.336127844144,73.5872388481084,0.0999946303376593,26.9470998077502,3.71083654558223,"Urban and Built-up",14.25,109.8,0.94803574681282,16.3333333333333,80.2934153,80.2934153,0,652,1074.8315255875,1000,28,85.36585366,75.6097561,54.72614651,47.37691772,76.42276423,71.54471545,c(-122.269, 37.836047)
"388","Dunn Home",NA,"11/22/2022","12/03/2022",11,"","CA",100616.703703704,34.9928571428571,44.767459946943,5580.21254531996,2587.2868115763,22514.25,23020,22816.7777777778,21606.6666666667,60,75447.7363530173,0.0240267373106379,3140157.37457672,548.336127844144,73.5872388481084,0.0999946303376593,26.9470998077502,3.71083654558223,"Urban and Built-up",14.25,109.8,0.94803574681282,15.5,81.3818908,81.3818908,0,727,1074.8315255875,1000,28,85.36585366,75.6097561,54.72614651,47.37691772,76.42276423,71.54471545,c(-122.269, 37.836047)
"389","Dunn Home",NA,"11/22/2022","12/03/2022",11,"","CA",100616.703703704,34.9928571428571,44.767459946943,5580.21254531996,2587.2868115763,22514.25,23020,22816.7777777778,21606.6666666667,60,75447.7363530173,0.0240267373106379,3140157.37457672,548.336127844144,73.5872388481084,0.0999946303376593,26.9470998077502,3.71083654558223,"Urban and Built-up",14.25,109.8,0.94803574681282,18,35.8040487,35.8040487,0,482,1074.8315255875,1000,28,85.36585366,75.6097561,54.72614651,47.37691772,76.42276423,71.54471545,c(-122.269, 37.836047)
"390","Dunn Home",NA,"11/22/2022","12/03/2022",11,"","CA",100616.703703704,34.9928571428571,44.767459946943,5580.21254531996,2587.2868115763,22514.25,23020,22816.7777777778,21606.6666666667,60,75447.7363530173,0.0240267373106379,3140157.37457672,548.336127844144,73.5872388481084,0.0999946303376593,26.9470998077502,3.71083654558223,"Urban and Built-up",14.25,109.8,0.94803574681282,16.8333333333333,61.2022222,61.2022222,0,705,1074.8315255875,1000,28,85.36585366,75.6097561,54.72614651,47.37691772,76.42276423,71.54471545,c(-122.269, 37.836047)
"391","Dunn Home",NA,"11/22/2022","12/03/2022",11,"","CA",100616.703703704,34.9928571428571,44.767459946943,5580.21254531996,2587.2868115763,22514.25,23020,22816.7777777778,21606.6666666667,60,75447.7363530173,0.0240267373106379,3140157.37457672,548.336127844144,73.5872388481084,0.0999946303376593,26.9470998077502,3.71083654558223,"Urban and Built-up",14.25,109.8,0.94803574681282,18.8333333333333,207.2323918,207.2323918,0,1014,1074.8315255875,1000,28,85.36585366,75.6097561,54.72614651,47.37691772,76.42276423,71.54471545,c(-122.269, 37.836047)
"392","Dunn Home",NA,"11/22/2022","12/03/2022",11,"","CA",100616.703703704,34.9928571428571,44.767459946943,5580.21254531996,2587.2868115763,22514.25,23020,22816.7777777778,21606.6666666667,60,75447.7363530173,0.0240267373106379,3140157.37457672,548.336127844144,73.5872388481084,0.0999946303376593,26.9470998077502,3.71083654558223,"Urban and Built-up",14.25,109.8,0.94803574681282,17,66.5556437,66.5556437,0,728,1074.8315255875,1000,28,85.36585366,75.6097561,54.72614651,47.37691772,76.42276423,71.54471545,c(-122.269, 37.836047)
"393","Dunn Home",NA,"11/22/2022","12/03/2022",11,"","CA",100616.703703704,34.9928571428571,44.767459946943,5580.21254531996,2587.2868115763,22514.25,23020,22816.7777777778,21606.6666666667,60,75447.7363530173,0.0240267373106379,3140157.37457672,548.336127844144,73.5872388481084,0.0999946303376593,26.9470998077502,3.71083654558223,"Urban and Built-up",14.25,109.8,0.94803574681282,17.1666666666667,72.2510516,72.2510516,0,604,1074.8315255875,1000,28,85.36585366,75.6097561,54.72614651,47.37691772,76.42276423,71.54471545,c(-122.269, 37.836047)
"394","Dunn Home",NA,"11/22/2022","12/03/2022",11,"","CA",100616.703703704,34.9928571428571,44.767459946943,5580.21254531996,2587.2868115763,22514.25,23020,22816.7777777778,21606.6666666667,60,75447.7363530173,0.0240267373106379,3140157.37457672,548.336127844144,73.5872388481084,0.0999946303376593,26.9470998077502,3.71083654558223,"Urban and Built-up",14.25,109.8,0.94803574681282,15.5,68.7958523,68.7958523,0,761,1074.8315255875,1000,28,85.36585366,75.6097561,54.72614651,47.37691772,76.42276423,71.54471545,c(-122.269, 37.836047)
"395","Dunn Home",NA,"11/22/2022","12/03/2022",11,"","CA",100616.703703704,34.9928571428571,44.767459946943,5580.21254531996,2587.2868115763,22514.25,23020,22816.7777777778,21606.6666666667,60,75447.7363530173,0.0240267373106379,3140157.37457672,548.336127844144,73.5872388481084,0.0999946303376593,26.9470998077502,3.71083654558223,"Urban and Built-up",14.25,109.8,0.94803574681282,17.1666666666667,89.6291004,89.6291004,0,1173,1074.8315255875,1000,28,85.36585366,75.6097561,54.72614651,47.37691772,76.42276423,71.54471545,c(-122.269, 37.836047)
"396","Dunn Home",NA,"11/22/2022","12/03/2022",11,"","CA",100616.703703704,34.9928571428571,44.767459946943,5580.21254531996,2587.2868115763,22514.25,23020,22816.7777777778,21606.6666666667,60,75447.7363530173,0.0240267373106379,3140157.37457672,548.336127844144,73.5872388481084,0.0999946303376593,26.9470998077502,3.71083654558223,"Urban and Built-up",14.25,109.8,0.94803574681282,18,41.6961482,41.6961482,0,406,1074.8315255875,1000,28,85.36585366,75.6097561,54.72614651,47.37691772,76.42276423,71.54471545,c(-122.269, 37.836047)
"397","Dunn Home",NA,"11/22/2022","12/03/2022",11,"","CA",100616.703703704,34.9928571428571,44.767459946943,5580.21254531996,2587.2868115763,22514.25,23020,22816.7777777778,21606.6666666667,60,75447.7363530173,0.0240267373106379,3140157.37457672,548.336127844144,73.5872388481084,0.0999946303376593,26.9470998077502,3.71083654558223,"Urban and Built-up",14.25,109.8,0.94803574681282,15.5,49.874664,49.874664,0,625,1074.8315255875,1000,28,85.36585366,75.6097561,54.72614651,47.37691772,76.42276423,71.54471545,c(-122.269, 37.836047)
"398","Dunn Home",NA,"11/22/2022","12/03/2022",11,"","CA",100616.703703704,34.9928571428571,44.767459946943,5580.21254531996,2587.2868115763,22514.25,23020,22816.7777777778,21606.6666666667,60,75447.7363530173,0.0240267373106379,3140157.37457672,548.336127844144,73.5872388481084,0.0999946303376593,26.9470998077502,3.71083654558223,"Urban and Built-up",14.25,109.8,0.94803574681282,12.5,50.5732157,50.5732157,0,488,1074.8315255875,1000,28,85.36585366,75.6097561,54.72614651,47.37691772,76.42276423,71.54471545,c(-122.269, 37.836047)
"399","Dunn Home",NA,"11/22/2022","12/03/2022",11,"","CA",100616.703703704,34.9928571428571,44.767459946943,5580.21254531996,2587.2868115763,22514.25,23020,22816.7777777778,21606.6666666667,60,75447.7363530173,0.0240267373106379,3140157.37457672,548.336127844144,73.5872388481084,0.0999946303376593,26.9470998077502,3.71083654558223,"Urban and Built-up",14.25,109.8,0.94803574681282,14,35.8218399,35.8218399,0,427,1074.8315255875,1000,28,85.36585366,75.6097561,54.72614651,47.37691772,76.42276423,71.54471545,c(-122.269, 37.836047)
"400","Dunn Home",NA,"11/22/2022","12/03/2022",11,"","CA",100616.703703704,34.9928571428571,44.767459946943,5580.21254531996,2587.2868115763,22514.25,23020,22816.7777777778,21606.6666666667,60,75447.7363530173,0.0240267373106379,3140157.37457672,548.336127844144,73.5872388481084,0.0999946303376593,26.9470998077502,3.71083654558223,"Urban and Built-up",14.25,109.8,0.94803574681282,16.5,57.9911577,57.9911577,0,695,1074.8315255875,1000,28,85.36585366,75.6097561,54.72614651,47.37691772,76.42276423,71.54471545,c(-122.269, 37.836047)
"401","Dunn Home",NA,"11/22/2022","12/03/2022",11,"","CA",100616.703703704,34.9928571428571,44.767459946943,5580.21254531996,2587.2868115763,22514.25,23020,22816.7777777778,21606.6666666667,60,75447.7363530173,0.0240267373106379,3140157.37457672,548.336127844144,73.5872388481084,0.0999946303376593,26.9470998077502,3.71083654558223,"Urban and Built-up",14.25,109.8,0.94803574681282,15.1666666666667,34.9337625,34.9337625,0,421,1074.8315255875,1000,28,85.36585366,75.6097561,54.72614651,47.37691772,76.42276423,71.54471545,c(-122.269, 37.836047)
"402","Dunn Home",NA,"11/22/2022","12/03/2022",11,"","CA",100616.703703704,34.9928571428571,44.767459946943,5580.21254531996,2587.2868115763,22514.25,23020,22816.7777777778,21606.6666666667,60,75447.7363530173,0.0240267373106379,3140157.37457672,548.336127844144,73.5872388481084,0.0999946303376593,26.9470998077502,3.71083654558223,"Urban and Built-up",14.25,109.8,0.94803574681282,15.1666666666667,53.4931964,53.4931964,0,517,1074.8315255875,1000,28,85.36585366,75.6097561,54.72614651,47.37691772,76.42276423,71.54471545,c(-122.269, 37.836047)
"403","Dunn Home",NA,"11/22/2022","12/03/2022",11,"","CA",100616.703703704,34.9928571428571,44.767459946943,5580.21254531996,2587.2868115763,22514.25,23020,22816.7777777778,21606.6666666667,60,75447.7363530173,0.0240267373106379,3140157.37457672,548.336127844144,73.5872388481084,0.0999946303376593,26.9470998077502,3.71083654558223,"Urban and Built-up",14.25,109.8,0.94803574681282,15.5,49.9482998,49.9482998,0,516,1074.8315255875,1000,28,85.36585366,75.6097561,54.72614651,47.37691772,76.42276423,71.54471545,c(-122.269, 37.836047)
"404","Dunn Home",NA,"11/22/2022","12/03/2022",11,"","CA",100616.703703704,34.9928571428571,44.767459946943,5580.21254531996,2587.2868115763,22514.25,23020,22816.7777777778,21606.6666666667,60,75447.7363530173,0.0240267373106379,3140157.37457672,548.336127844144,73.5872388481084,0.0999946303376593,26.9470998077502,3.71083654558223,"Urban and Built-up",14.25,109.8,0.94803574681282,16.1666666666667,50.9814249,50.9814249,0,602,1074.8315255875,1000,28,85.36585366,75.6097561,54.72614651,47.37691772,76.42276423,71.54471545,c(-122.269, 37.836047)
"405","Dunn Home",NA,"11/22/2022","12/03/2022",11,"","CA",100616.703703704,34.9928571428571,44.767459946943,5580.21254531996,2587.2868115763,22514.25,23020,22816.7777777778,21606.6666666667,60,75447.7363530173,0.0240267373106379,3140157.37457672,548.336127844144,73.5872388481084,0.0999946303376593,26.9470998077502,3.71083654558223,"Urban and Built-up",14.25,109.8,0.94803574681282,17,61.4243651,61.4243651,0,1060,1074.8315255875,1000,28,85.36585366,75.6097561,54.72614651,47.37691772,76.42276423,71.54471545,c(-122.269, 37.836047)
"406","Dunn Home",NA,"11/22/2022","12/03/2022",11,"","CA",100616.703703704,34.9928571428571,44.767459946943,5580.21254531996,2587.2868115763,22514.25,23020,22816.7777777778,21606.6666666667,60,75447.7363530173,0.0240267373106379,3140157.37457672,548.336127844144,73.5872388481084,0.0999946303376593,26.9470998077502,3.71083654558223,"Urban and Built-up",14.25,109.8,0.94803574681282,14.1666666666667,33.5509909,33.5509909,0,481,1074.8315255875,1000,28,85.36585366,75.6097561,54.72614651,47.37691772,76.42276423,71.54471545,c(-122.269, 37.836047)
"407","Dunn Home",NA,"11/22/2022","12/03/2022",11,"","CA",100616.703703704,34.9928571428571,44.767459946943,5580.21254531996,2587.2868115763,22514.25,23020,22816.7777777778,21606.6666666667,60,75447.7363530173,0.0240267373106379,3140157.37457672,548.336127844144,73.5872388481084,0.0999946303376593,26.9470998077502,3.71083654558223,"Urban and Built-up",14.25,109.8,0.94803574681282,15.6666666666667,45.2165819,45.2165819,0,795,1074.8315255875,1000,28,85.36585366,75.6097561,54.72614651,47.37691772,76.42276423,71.54471545,c(-122.269, 37.836047)
"408","Dunn Home",NA,"11/22/2022","12/03/2022",11,"","CA",100616.703703704,34.9928571428571,44.767459946943,5580.21254531996,2587.2868115763,22514.25,23020,22816.7777777778,21606.6666666667,60,75447.7363530173,0.0240267373106379,3140157.37457672,548.336127844144,73.5872388481084,0.0999946303376593,26.9470998077502,3.71083654558223,"Urban and Built-up",14.25,109.8,0.94803574681282,16.1666666666667,41.1641419,41.1641419,0,602,1074.8315255875,1000,28,85.36585366,75.6097561,54.72614651,47.37691772,76.42276423,71.54471545,c(-122.269, 37.836047)
"409","Dunn Home",NA,"11/22/2022","12/03/2022",11,"","CA",100616.703703704,34.9928571428571,44.767459946943,5580.21254531996,2587.2868115763,22514.25,23020,22816.7777777778,21606.6666666667,60,75447.7363530173,0.0240267373106379,3140157.37457672,548.336127844144,73.5872388481084,0.0999946303376593,26.9470998077502,3.71083654558223,"Urban and Built-up",14.25,109.8,0.94803574681282,16,32.4360757,32.4360757,0,410,1074.8315255875,1000,28,85.36585366,75.6097561,54.72614651,47.37691772,76.42276423,71.54471545,c(-122.269, 37.836047)
"410","Dunn Home",NA,"11/22/2022","12/03/2022",11,"","CA",100616.703703704,34.9928571428571,44.767459946943,5580.21254531996,2587.2868115763,22514.25,23020,22816.7777777778,21606.6666666667,60,75447.7363530173,0.0240267373106379,3140157.37457672,548.336127844144,73.5872388481084,0.0999946303376593,26.9470998077502,3.71083654558223,"Urban and Built-up",14.25,109.8,0.94803574681282,15.8333333333333,57.8340021,57.8340021,0,672,1074.8315255875,1000,28,85.36585366,75.6097561,54.72614651,47.37691772,76.42276423,71.54471545,c(-122.269, 37.836047)
"411","Dunn Home",NA,"11/22/2022","12/03/2022",11,"","CA",100616.703703704,34.9928571428571,44.767459946943,5580.21254531996,2587.2868115763,22514.25,23020,22816.7777777778,21606.6666666667,60,75447.7363530173,0.0240267373106379,3140157.37457672,548.336127844144,73.5872388481084,0.0999946303376593,26.9470998077502,3.71083654558223,"Urban and Built-up",14.25,109.8,0.94803574681282,17.1666666666667,64.3643609,64.3643609,0,689,1074.8315255875,1000,28,85.36585366,75.6097561,54.72614651,47.37691772,76.42276423,71.54471545,c(-122.269, 37.836047)
"412","Dunn Home",NA,"11/22/2022","12/03/2022",11,"","CA",100616.703703704,34.9928571428571,44.767459946943,5580.21254531996,2587.2868115763,22514.25,23020,22816.7777777778,21606.6666666667,60,75447.7363530173,0.0240267373106379,3140157.37457672,548.336127844144,73.5872388481084,0.0999946303376593,26.9470998077502,3.71083654558223,"Urban and Built-up",14.25,109.8,0.94803574681282,16.3333333333333,34.4319024,34.4319024,0,456,1074.8315255875,1000,28,85.36585366,75.6097561,54.72614651,47.37691772,76.42276423,71.54471545,c(-122.269, 37.836047)
"413","Dunn Home",NA,"11/22/2022","12/03/2022",11,"","CA",100616.703703704,34.9928571428571,44.767459946943,5580.21254531996,2587.2868115763,22514.25,23020,22816.7777777778,21606.6666666667,60,75447.7363530173,0.0240267373106379,3140157.37457672,548.336127844144,73.5872388481084,0.0999946303376593,26.9470998077502,3.71083654558223,"Urban and Built-up",14.25,109.8,0.94803574681282,14.6666666666667,60.8923588,60.8923588,0,675,1074.8315255875,1000,28,85.36585366,75.6097561,54.72614651,47.37691772,76.42276423,71.54471545,c(-122.269, 37.836047)
"414","Dunn Home",NA,"11/22/2022","12/03/2022",11,"","CA",100616.703703704,34.9928571428571,44.767459946943,5580.21254531996,2587.2868115763,22514.25,23020,22816.7777777778,21606.6666666667,60,75447.7363530173,0.0240267373106379,3140157.37457672,548.336127844144,73.5872388481084,0.0999946303376593,26.9470998077502,3.71083654558223,"Urban and Built-up",14.25,109.8,0.94803574681282,15,54.1240427,54.1240427,0,696,1074.8315255875,1000,28,85.36585366,75.6097561,54.72614651,47.37691772,76.42276423,71.54471545,c(-122.269, 37.836047)
"415","Dwyer Home",NA,"12/06/2023","12/20/2023",14,"","CA",86884.6470588235,34.6764705882353,27.2425180642509,4335.17382941395,1849.30509815817,12536.6,12379,12820.4545454545,11756,5,73070.1281455113,0.0232695751929837,3140157.37457656,869.291271196825,78.153282614821,0.076345375272493,4.61813209774196,4.14236024947188,"Urban and Built-up",14.1499996185303,109.46,0.947144344449043,16.1666666666667,64.7120306,64.7120306,0,543,356.32067577738,1000,29,90.24390244,92.68292683,60.30191483,56.45885128,93.49593496,89.43089431,c(-122.2944294, 37.8103926)
"416","Dwyer Home",NA,"12/06/2023","12/20/2023",14,"","CA",86884.6470588235,34.6764705882353,27.2425180642509,4335.17382941395,1849.30509815817,12536.6,12379,12820.4545454545,11756,5,73070.1281455113,0.0232695751929837,3140157.37457656,869.291271196825,78.153282614821,0.076345375272493,4.61813209774196,4.14236024947188,"Urban and Built-up",14.1499996185303,109.46,0.947144344449043,14.6666666666667,35.2451085,35.2451085,0,480,356.32067577738,1000,29,90.24390244,92.68292683,60.30191483,56.45885128,93.49593496,89.43089431,c(-122.2944294, 37.8103926)
"417","Dwyer Home",NA,"12/06/2023","12/20/2023",14,"","CA",86884.6470588235,34.6764705882353,27.2425180642509,4335.17382941395,1849.30509815817,12536.6,12379,12820.4545454545,11756,5,73070.1281455113,0.0232695751929837,3140157.37457656,869.291271196825,78.153282614821,0.076345375272493,4.61813209774196,4.14236024947188,"Urban and Built-up",14.1499996185303,109.46,0.947144344449043,16,214.4583371,214.4583371,0,678,356.32067577738,1000,29,90.24390244,92.68292683,60.30191483,56.45885128,93.49593496,89.43089431,c(-122.2944294, 37.8103926)
"418","Dwyer Home",NA,"12/06/2023","12/20/2023",14,"","CA",86884.6470588235,34.6764705882353,27.2425180642509,4335.17382941395,1849.30509815817,12536.6,12379,12820.4545454545,11756,5,73070.1281455113,0.0232695751929837,3140157.37457656,869.291271196825,78.153282614821,0.076345375272493,4.61813209774196,4.14236024947188,"Urban and Built-up",14.1499996185303,109.46,0.947144344449043,16.1666666666667,175.0177177,175.0177177,0,926,356.32067577738,1000,29,90.24390244,92.68292683,60.30191483,56.45885128,93.49593496,89.43089431,c(-122.2944294, 37.8103926)
"419","Dwyer Home",NA,"12/06/2023","12/20/2023",14,"","CA",86884.6470588235,34.6764705882353,27.2425180642509,4335.17382941395,1849.30509815817,12536.6,12379,12820.4545454545,11756,5,73070.1281455113,0.0232695751929837,3140157.37457656,869.291271196825,78.153282614821,0.076345375272493,4.61813209774196,4.14236024947188,"Urban and Built-up",14.1499996185303,109.46,0.947144344449043,5,2469.5902945,1033.1663657,1436.4239288,61,356.32067577738,1000,29,90.24390244,92.68292683,60.30191483,56.45885128,93.49593496,89.43089431,c(-122.2944294, 37.8103926)
"420","Dwyer Home",NA,"12/06/2023","12/20/2023",14,"","CA",86884.6470588235,34.6764705882353,27.2425180642509,4335.17382941395,1849.30509815817,12536.6,12379,12820.4545454545,11756,5,73070.1281455113,0.0232695751929837,3140157.37457656,869.291271196825,78.153282614821,0.076345375272493,4.61813209774196,4.14236024947188,"Urban and Built-up",14.1499996185303,109.46,0.947144344449043,16.6666666666667,38.5473529,38.5473529,0,590,356.32067577738,1000,29,90.24390244,92.68292683,60.30191483,56.45885128,93.49593496,89.43089431,c(-122.2944294, 37.8103926)
"421","Dwyer Home",NA,"12/06/2023","12/20/2023",14,"","CA",86884.6470588235,34.6764705882353,27.2425180642509,4335.17382941395,1849.30509815817,12536.6,12379,12820.4545454545,11756,5,73070.1281455113,0.0232695751929837,3140157.37457656,869.291271196825,78.153282614821,0.076345375272493,4.61813209774196,4.14236024947188,"Urban and Built-up",14.1499996185303,109.46,0.947144344449043,14.8333333333333,22.2609919,22.2609919,0,524,356.32067577738,1000,29,90.24390244,92.68292683,60.30191483,56.45885128,93.49593496,89.43089431,c(-122.2944294, 37.8103926)
"422","Dwyer Home",NA,"12/06/2023","12/20/2023",14,"","CA",86884.6470588235,34.6764705882353,27.2425180642509,4335.17382941395,1849.30509815817,12536.6,12379,12820.4545454545,11756,5,73070.1281455113,0.0232695751929837,3140157.37457656,869.291271196825,78.153282614821,0.076345375272493,4.61813209774196,4.14236024947188,"Urban and Built-up",14.1499996185303,109.46,0.947144344449043,17.5,42.4347301,42.4347301,0,462,356.32067577738,1000,29,90.24390244,92.68292683,60.30191483,56.45885128,93.49593496,89.43089431,c(-122.2944294, 37.8103926)
"423","Dwyer Home",NA,"12/06/2023","12/20/2023",14,"","CA",86884.6470588235,34.6764705882353,27.2425180642509,4335.17382941395,1849.30509815817,12536.6,12379,12820.4545454545,11756,5,73070.1281455113,0.0232695751929837,3140157.37457656,869.291271196825,78.153282614821,0.076345375272493,4.61813209774196,4.14236024947188,"Urban and Built-up",14.1499996185303,109.46,0.947144344449043,16,27.8328498,27.8328498,0,459,356.32067577738,1000,29,90.24390244,92.68292683,60.30191483,56.45885128,93.49593496,89.43089431,c(-122.2944294, 37.8103926)
"424","Dwyer Home",NA,"12/06/2023","12/20/2023",14,"","CA",86884.6470588235,34.6764705882353,27.2425180642509,4335.17382941395,1849.30509815817,12536.6,12379,12820.4545454545,11756,5,73070.1281455113,0.0232695751929837,3140157.37457656,869.291271196825,78.153282614821,0.076345375272493,4.61813209774196,4.14236024947188,"Urban and Built-up",14.1499996185303,109.46,0.947144344449043,13.8333333333333,61.0144262,61.0144262,0,739,356.32067577738,1000,29,90.24390244,92.68292683,60.30191483,56.45885128,93.49593496,89.43089431,c(-122.2944294, 37.8103926)
"425","Dwyer Home",NA,"12/06/2023","12/20/2023",14,"","CA",86884.6470588235,34.6764705882353,27.2425180642509,4335.17382941395,1849.30509815817,12536.6,12379,12820.4545454545,11756,5,73070.1281455113,0.0232695751929837,3140157.37457656,869.291271196825,78.153282614821,0.076345375272493,4.61813209774196,4.14236024947188,"Urban and Built-up",14.1499996185303,109.46,0.947144344449043,15.3333333333333,65.1308651,65.1308651,0,479,356.32067577738,1000,29,90.24390244,92.68292683,60.30191483,56.45885128,93.49593496,89.43089431,c(-122.2944294, 37.8103926)
"426","Dwyer Home",NA,"12/06/2023","12/20/2023",14,"","CA",86884.6470588235,34.6764705882353,27.2425180642509,4335.17382941395,1849.30509815817,12536.6,12379,12820.4545454545,11756,5,73070.1281455113,0.0232695751929837,3140157.37457656,869.291271196825,78.153282614821,0.076345375272493,4.61813209774196,4.14236024947188,"Urban and Built-up",14.1499996185303,109.46,0.947144344449043,13.3333333333333,25.1728183,25.1728183,0,395,356.32067577738,1000,29,90.24390244,92.68292683,60.30191483,56.45885128,93.49593496,89.43089431,c(-122.2944294, 37.8103926)
"427","Dwyer Home",NA,"12/06/2023","12/20/2023",14,"","CA",86884.6470588235,34.6764705882353,27.2425180642509,4335.17382941395,1849.30509815817,12536.6,12379,12820.4545454545,11756,5,73070.1281455113,0.0232695751929837,3140157.37457656,869.291271196825,78.153282614821,0.076345375272493,4.61813209774196,4.14236024947188,"Urban and Built-up",14.1499996185303,109.46,0.947144344449043,14.1666666666667,1275.4059087,924.497469,350.9084397,123,356.32067577738,1000,29,90.24390244,92.68292683,60.30191483,56.45885128,93.49593496,89.43089431,c(-122.2944294, 37.8103926)
"428","Dwyer Home",NA,"12/06/2023","12/20/2023",14,"","CA",86884.6470588235,34.6764705882353,27.2425180642509,4335.17382941395,1849.30509815817,12536.6,12379,12820.4545454545,11756,5,73070.1281455113,0.0232695751929837,3140157.37457656,869.291271196825,78.153282614821,0.076345375272493,4.61813209774196,4.14236024947188,"Urban and Built-up",14.1499996185303,109.46,0.947144344449043,16.5,105.6873881,105.6873881,0,380,356.32067577738,1000,29,90.24390244,92.68292683,60.30191483,56.45885128,93.49593496,89.43089431,c(-122.2944294, 37.8103926)
"429","Dwyer Home",NA,"12/06/2023","12/20/2023",14,"","CA",86884.6470588235,34.6764705882353,27.2425180642509,4335.17382941395,1849.30509815817,12536.6,12379,12820.4545454545,11756,5,73070.1281455113,0.0232695751929837,3140157.37457656,869.291271196825,78.153282614821,0.076345375272493,4.61813209774196,4.14236024947188,"Urban and Built-up",14.1499996185303,109.46,0.947144344449043,17.3333333333333,179.0185138,179.0185138,0,1039,356.32067577738,1000,29,90.24390244,92.68292683,60.30191483,56.45885128,93.49593496,89.43089431,c(-122.2944294, 37.8103926)
"430","Dwyer Home",NA,"12/06/2023","12/20/2023",14,"","CA",86884.6470588235,34.6764705882353,27.2425180642509,4335.17382941395,1849.30509815817,12536.6,12379,12820.4545454545,11756,5,73070.1281455113,0.0232695751929837,3140157.37457656,869.291271196825,78.153282614821,0.076345375272493,4.61813209774196,4.14236024947188,"Urban and Built-up",14.1499996185303,109.46,0.947144344449043,15,380.1937433,313.656385,66.5373583,144,356.32067577738,1000,29,90.24390244,92.68292683,60.30191483,56.45885128,93.49593496,89.43089431,c(-122.2944294, 37.8103926)
"431","Ehara-Brown Home",NA,"01/27/2023","02/10/2023",14,"Alison (Hoover)","CA",86953.7692307692,39.96,37.2433650254402,3568.29936540975,1512.26220776901,16125.6,15945,16168,16009,15,68548.5735080255,0.0218296618070798,3140157.3745771,824.634030844717,65.509693734195,0.11544997518596,16.8692994600921,3.12290681558232,"Urban and Built-up",14.3500003814697,127.1,0.919798955321312,14.1666666666667,985.9201044,567.9798593,417.9402451,750,600.661715009413,1000,30,84.55284553,76.42276423,56.59650758,50.10686565,80.48780488,77.23577236,c(-122.313391, 37.913202)
"432","Ehara-Brown Home",NA,"01/27/2023","02/10/2023",14,"Alison (Hoover)","CA",86953.7692307692,39.96,37.2433650254402,3568.29936540975,1512.26220776901,16125.6,15945,16168,16009,15,68548.5735080255,0.0218296618070798,3140157.3745771,824.634030844717,65.509693734195,0.11544997518596,16.8692994600921,3.12290681558232,"Urban and Built-up",14.3500003814697,127.1,0.919798955321312,14.3333333333333,46.687074,46.687074,0,336,600.661715009413,1000,30,84.55284553,76.42276423,56.59650758,50.10686565,80.48780488,77.23577236,c(-122.313391, 37.913202)
"433","Ehara-Brown Home",NA,"01/27/2023","02/10/2023",14,"Alison (Hoover)","CA",86953.7692307692,39.96,37.2433650254402,3568.29936540975,1512.26220776901,16125.6,15945,16168,16009,15,68548.5735080255,0.0218296618070798,3140157.3745771,824.634030844717,65.509693734195,0.11544997518596,16.8692994600921,3.12290681558232,"Urban and Built-up",14.3500003814697,127.1,0.919798955321312,12.3333333333333,156.6764731,156.6764731,0,1126,600.661715009413,1000,30,84.55284553,76.42276423,56.59650758,50.10686565,80.48780488,77.23577236,c(-122.313391, 37.913202)
"434","Ehara-Brown Home",NA,"01/27/2023","02/10/2023",14,"Alison (Hoover)","CA",86953.7692307692,39.96,37.2433650254402,3568.29936540975,1512.26220776901,16125.6,15945,16168,16009,15,68548.5735080255,0.0218296618070798,3140157.3745771,824.634030844717,65.509693734195,0.11544997518596,16.8692994600921,3.12290681558232,"Urban and Built-up",14.3500003814697,127.1,0.919798955321312,14.5,141.4407813,141.4407813,0,733,600.661715009413,1000,30,84.55284553,76.42276423,56.59650758,50.10686565,80.48780488,77.23577236,c(-122.313391, 37.913202)
"435","Ehara-Brown Home",NA,"01/27/2023","02/10/2023",14,"Alison (Hoover)","CA",86953.7692307692,39.96,37.2433650254402,3568.29936540975,1512.26220776901,16125.6,15945,16168,16009,15,68548.5735080255,0.0218296618070798,3140157.3745771,824.634030844717,65.509693734195,0.11544997518596,16.8692994600921,3.12290681558232,"Urban and Built-up",14.3500003814697,127.1,0.919798955321312,14.3333333333333,96.2271646,96.2271646,0,851,600.661715009413,1000,30,84.55284553,76.42276423,56.59650758,50.10686565,80.48780488,77.23577236,c(-122.313391, 37.913202)
"436","Ehara-Brown Home",NA,"01/27/2023","02/10/2023",14,"Alison (Hoover)","CA",86953.7692307692,39.96,37.2433650254402,3568.29936540975,1512.26220776901,16125.6,15945,16168,16009,15,68548.5735080255,0.0218296618070798,3140157.3745771,824.634030844717,65.509693734195,0.11544997518596,16.8692994600921,3.12290681558232,"Urban and Built-up",14.3500003814697,127.1,0.919798955321312,17.5,87.3370008,87.3370008,0,701,600.661715009413,1000,30,84.55284553,76.42276423,56.59650758,50.10686565,80.48780488,77.23577236,c(-122.313391, 37.913202)
"437","Ehara-Brown Home",NA,"01/27/2023","02/10/2023",14,"Alison (Hoover)","CA",86953.7692307692,39.96,37.2433650254402,3568.29936540975,1512.26220776901,16125.6,15945,16168,16009,15,68548.5735080255,0.0218296618070798,3140157.3745771,824.634030844717,65.509693734195,0.11544997518596,16.8692994600921,3.12290681558232,"Urban and Built-up",14.3500003814697,127.1,0.919798955321312,16.5,148.7210886,148.7210886,0,897,600.661715009413,1000,30,84.55284553,76.42276423,56.59650758,50.10686565,80.48780488,77.23577236,c(-122.313391, 37.913202)
"438","Ehara-Brown Home",NA,"01/27/2023","02/10/2023",14,"Alison (Hoover)","CA",86953.7692307692,39.96,37.2433650254402,3568.29936540975,1512.26220776901,16125.6,15945,16168,16009,15,68548.5735080255,0.0218296618070798,3140157.3745771,824.634030844717,65.509693734195,0.11544997518596,16.8692994600921,3.12290681558232,"Urban and Built-up",14.3500003814697,127.1,0.919798955321312,18.6666666666667,83.243048,83.243048,0,453,600.661715009413,1000,30,84.55284553,76.42276423,56.59650758,50.10686565,80.48780488,77.23577236,c(-122.313391, 37.913202)
"439","Ehara-Brown Home",NA,"01/27/2023","02/10/2023",14,"Alison (Hoover)","CA",86953.7692307692,39.96,37.2433650254402,3568.29936540975,1512.26220776901,16125.6,15945,16168,16009,15,68548.5735080255,0.0218296618070798,3140157.3745771,824.634030844717,65.509693734195,0.11544997518596,16.8692994600921,3.12290681558232,"Urban and Built-up",14.3500003814697,127.1,0.919798955321312,19.3333333333333,63.1481347,63.1481347,0,367,600.661715009413,1000,30,84.55284553,76.42276423,56.59650758,50.10686565,80.48780488,77.23577236,c(-122.313391, 37.913202)
"440","Ehara-Brown Home",NA,"01/27/2023","02/10/2023",14,"Alison (Hoover)","CA",86953.7692307692,39.96,37.2433650254402,3568.29936540975,1512.26220776901,16125.6,15945,16168,16009,15,68548.5735080255,0.0218296618070798,3140157.3745771,824.634030844717,65.509693734195,0.11544997518596,16.8692994600921,3.12290681558232,"Urban and Built-up",14.3500003814697,127.1,0.919798955321312,14.8333333333333,68.1281881,68.1281881,0,495,600.661715009413,1000,30,84.55284553,76.42276423,56.59650758,50.10686565,80.48780488,77.23577236,c(-122.313391, 37.913202)
"441","Ehara-Brown Home",NA,"01/27/2023","02/10/2023",14,"Alison (Hoover)","CA",86953.7692307692,39.96,37.2433650254402,3568.29936540975,1512.26220776901,16125.6,15945,16168,16009,15,68548.5735080255,0.0218296618070798,3140157.3745771,824.634030844717,65.509693734195,0.11544997518596,16.8692994600921,3.12290681558232,"Urban and Built-up",14.3500003814697,127.1,0.919798955321312,13.6666666666667,72.805544,72.805544,0,383,600.661715009413,1000,30,84.55284553,76.42276423,56.59650758,50.10686565,80.48780488,77.23577236,c(-122.313391, 37.913202)
"442","Ehara-Brown Home",NA,"01/27/2023","02/10/2023",14,"Alison (Hoover)","CA",86953.7692307692,39.96,37.2433650254402,3568.29936540975,1512.26220776901,16125.6,15945,16168,16009,15,68548.5735080255,0.0218296618070798,3140157.3745771,824.634030844717,65.509693734195,0.11544997518596,16.8692994600921,3.12290681558232,"Urban and Built-up",14.3500003814697,127.1,0.919798955321312,17.8333333333333,57.0889956,57.0889956,0,619,600.661715009413,1000,30,84.55284553,76.42276423,56.59650758,50.10686565,80.48780488,77.23577236,c(-122.313391, 37.913202)
"443","Ehara-Brown Home",NA,"01/27/2023","02/10/2023",14,"Alison (Hoover)","CA",86953.7692307692,39.96,37.2433650254402,3568.29936540975,1512.26220776901,16125.6,15945,16168,16009,15,68548.5735080255,0.0218296618070798,3140157.3745771,824.634030844717,65.509693734195,0.11544997518596,16.8692994600921,3.12290681558232,"Urban and Built-up",14.3500003814697,127.1,0.919798955321312,16,71.3535844,71.3535844,0,752,600.661715009413,1000,30,84.55284553,76.42276423,56.59650758,50.10686565,80.48780488,77.23577236,c(-122.313391, 37.913202)
"444","Ehara-Brown Home",NA,"01/27/2023","02/10/2023",14,"Alison (Hoover)","CA",86953.7692307692,39.96,37.2433650254402,3568.29936540975,1512.26220776901,16125.6,15945,16168,16009,15,68548.5735080255,0.0218296618070798,3140157.3745771,824.634030844717,65.509693734195,0.11544997518596,16.8692994600921,3.12290681558232,"Urban and Built-up",14.3500003814697,127.1,0.919798955321312,16.8333333333333,91.3768387,91.3768387,0,798,600.661715009413,1000,30,84.55284553,76.42276423,56.59650758,50.10686565,80.48780488,77.23577236,c(-122.313391, 37.913202)
"445","Ehara-Brown Home",NA,"01/27/2023","02/10/2023",14,"Alison (Hoover)","CA",86953.7692307692,39.96,37.2433650254402,3568.29936540975,1512.26220776901,16125.6,15945,16168,16009,15,68548.5735080255,0.0218296618070798,3140157.3745771,824.634030844717,65.509693734195,0.11544997518596,16.8692994600921,3.12290681558232,"Urban and Built-up",14.3500003814697,127.1,0.919798955321312,12.8333333333333,81.1933535,81.1933535,0,338,600.661715009413,1000,30,84.55284553,76.42276423,56.59650758,50.10686565,80.48780488,77.23577236,c(-122.313391, 37.913202)
"446","Ehara-Brown Home",NA,"01/27/2023","02/10/2023",14,"Alison (Hoover)","CA",86953.7692307692,39.96,37.2433650254402,3568.29936540975,1512.26220776901,16125.6,15945,16168,16009,15,68548.5735080255,0.0218296618070798,3140157.3745771,824.634030844717,65.509693734195,0.11544997518596,16.8692994600921,3.12290681558232,"Urban and Built-up",14.3500003814697,127.1,0.919798955321312,17.3333333333333,47.6393974,47.6393974,0,583,600.661715009413,1000,30,84.55284553,76.42276423,56.59650758,50.10686565,80.48780488,77.23577236,c(-122.313391, 37.913202)
"447","Emerson Home",NA,"11/27/2022","12/11/2022",14,"","CA",121205.689655172,41.4896551724138,52.3443903740324,7950.39760971526,4531.5122249633,23212.8,23389,24168,21302.4,67,66068.5424444873,0.021039882580213,3140157.37457687,887.640416156248,64.0665726375177,0.12762548819414,30.4231104265286,3.52561705698034,"Urban and Built-up",14.2700000762939,107.18,0.941390559077263,14.1666666666667,36.1559191,36.1559191,0,591,1065.12978142131,1000,31,59.3495935,65.85365854,45.16063125,38.67160619,61.78861789,52.84552846,c(-122.248616, 37.819377)
"448","Emerson Home",NA,"11/27/2022","12/11/2022",14,"","CA",121205.689655172,41.4896551724138,52.3443903740324,7950.39760971526,4531.5122249633,23212.8,23389,24168,21302.4,67,66068.5424444873,0.021039882580213,3140157.37457687,887.640416156248,64.0665726375177,0.12762548819414,30.4231104265286,3.52561705698034,"Urban and Built-up",14.2700000762939,107.18,0.941390559077263,11.1666666666667,25.7142144,25.7142144,0,924,1065.12978142131,1000,31,59.3495935,65.85365854,45.16063125,38.67160619,61.78861789,52.84552846,c(-122.248616, 37.819377)
"449","Emerson Home",NA,"11/27/2022","12/11/2022",14,"","CA",121205.689655172,41.4896551724138,52.3443903740324,7950.39760971526,4531.5122249633,23212.8,23389,24168,21302.4,67,66068.5424444873,0.021039882580213,3140157.37457687,887.640416156248,64.0665726375177,0.12762548819414,30.4231104265286,3.52561705698034,"Urban and Built-up",14.2700000762939,107.18,0.941390559077263,13.8333333333333,41.9877262,41.9877262,0,369,1065.12978142131,1000,31,59.3495935,65.85365854,45.16063125,38.67160619,61.78861789,52.84552846,c(-122.248616, 37.819377)
"450","Emerson Home",NA,"11/27/2022","12/11/2022",14,"","CA",121205.689655172,41.4896551724138,52.3443903740324,7950.39760971526,4531.5122249633,23212.8,23389,24168,21302.4,67,66068.5424444873,0.021039882580213,3140157.37457687,887.640416156248,64.0665726375177,0.12762548819414,30.4231104265286,3.52561705698034,"Urban and Built-up",14.2700000762939,107.18,0.941390559077263,14.5,27.2909595,27.2909595,0,514,1065.12978142131,1000,31,59.3495935,65.85365854,45.16063125,38.67160619,61.78861789,52.84552846,c(-122.248616, 37.819377)
"451","Emerson Home",NA,"11/27/2022","12/11/2022",14,"","CA",121205.689655172,41.4896551724138,52.3443903740324,7950.39760971526,4531.5122249633,23212.8,23389,24168,21302.4,67,66068.5424444873,0.021039882580213,3140157.37457687,887.640416156248,64.0665726375177,0.12762548819414,30.4231104265286,3.52561705698034,"Urban and Built-up",14.2700000762939,107.18,0.941390559077263,18.5,34.0167744,34.0167744,0,511,1065.12978142131,1000,31,59.3495935,65.85365854,45.16063125,38.67160619,61.78861789,52.84552846,c(-122.248616, 37.819377)
"452","Emerson Home",NA,"11/27/2022","12/11/2022",14,"","CA",121205.689655172,41.4896551724138,52.3443903740324,7950.39760971526,4531.5122249633,23212.8,23389,24168,21302.4,67,66068.5424444873,0.021039882580213,3140157.37457687,887.640416156248,64.0665726375177,0.12762548819414,30.4231104265286,3.52561705698034,"Urban and Built-up",14.2700000762939,107.18,0.941390559077263,17.8333333333333,57.9788027,57.9788027,0,787,1065.12978142131,1000,31,59.3495935,65.85365854,45.16063125,38.67160619,61.78861789,52.84552846,c(-122.248616, 37.819377)
"453","Emerson Home",NA,"11/27/2022","12/11/2022",14,"","CA",121205.689655172,41.4896551724138,52.3443903740324,7950.39760971526,4531.5122249633,23212.8,23389,24168,21302.4,67,66068.5424444873,0.021039882580213,3140157.37457687,887.640416156248,64.0665726375177,0.12762548819414,30.4231104265286,3.52561705698034,"Urban and Built-up",14.2700000762939,107.18,0.941390559077263,15.3333333333333,40.4307491,40.4307491,0,782,1065.12978142131,1000,31,59.3495935,65.85365854,45.16063125,38.67160619,61.78861789,52.84552846,c(-122.248616, 37.819377)
"454","Emerson Home",NA,"11/27/2022","12/11/2022",14,"","CA",121205.689655172,41.4896551724138,52.3443903740324,7950.39760971526,4531.5122249633,23212.8,23389,24168,21302.4,67,66068.5424444873,0.021039882580213,3140157.37457687,887.640416156248,64.0665726375177,0.12762548819414,30.4231104265286,3.52561705698034,"Urban and Built-up",14.2700000762939,107.18,0.941390559077263,17.5,31.5267477,31.5267477,0,418,1065.12978142131,1000,31,59.3495935,65.85365854,45.16063125,38.67160619,61.78861789,52.84552846,c(-122.248616, 37.819377)
"455","Emerson Home",NA,"11/27/2022","12/11/2022",14,"","CA",121205.689655172,41.4896551724138,52.3443903740324,7950.39760971526,4531.5122249633,23212.8,23389,24168,21302.4,67,66068.5424444873,0.021039882580213,3140157.37457687,887.640416156248,64.0665726375177,0.12762548819414,30.4231104265286,3.52561705698034,"Urban and Built-up",14.2700000762939,107.18,0.941390559077263,15.8333333333333,49.8880074,49.8880074,0,986,1065.12978142131,1000,31,59.3495935,65.85365854,45.16063125,38.67160619,61.78861789,52.84552846,c(-122.248616, 37.819377)
"456","Emerson Home",NA,"11/27/2022","12/11/2022",14,"","CA",121205.689655172,41.4896551724138,52.3443903740324,7950.39760971526,4531.5122249633,23212.8,23389,24168,21302.4,67,66068.5424444873,0.021039882580213,3140157.37457687,887.640416156248,64.0665726375177,0.12762548819414,30.4231104265286,3.52561705698034,"Urban and Built-up",14.2700000762939,107.18,0.941390559077263,13.1666666666667,32.2744723,32.2744723,0,1116,1065.12978142131,1000,31,59.3495935,65.85365854,45.16063125,38.67160619,61.78861789,52.84552846,c(-122.248616, 37.819377)
"457","Emerson Home",NA,"11/27/2022","12/11/2022",14,"","CA",121205.689655172,41.4896551724138,52.3443903740324,7950.39760971526,4531.5122249633,23212.8,23389,24168,21302.4,67,66068.5424444873,0.021039882580213,3140157.37457687,887.640416156248,64.0665726375177,0.12762548819414,30.4231104265286,3.52561705698034,"Urban and Built-up",14.2700000762939,107.18,0.941390559077263,13.1666666666667,58.4077683,58.4077683,0,772,1065.12978142131,1000,31,59.3495935,65.85365854,45.16063125,38.67160619,61.78861789,52.84552846,c(-122.248616, 37.819377)
"458","Emerson Home",NA,"11/27/2022","12/11/2022",14,"","CA",121205.689655172,41.4896551724138,52.3443903740324,7950.39760971526,4531.5122249633,23212.8,23389,24168,21302.4,67,66068.5424444873,0.021039882580213,3140157.37457687,887.640416156248,64.0665726375177,0.12762548819414,30.4231104265286,3.52561705698034,"Urban and Built-up",14.2700000762939,107.18,0.941390559077263,14.8333333333333,113.5118096,113.5118096,0,430,1065.12978142131,1000,31,59.3495935,65.85365854,45.16063125,38.67160619,61.78861789,52.84552846,c(-122.248616, 37.819377)
"459","Emerson Home",NA,"11/27/2022","12/11/2022",14,"","CA",121205.689655172,41.4896551724138,52.3443903740324,7950.39760971526,4531.5122249633,23212.8,23389,24168,21302.4,67,66068.5424444873,0.021039882580213,3140157.37457687,887.640416156248,64.0665726375177,0.12762548819414,30.4231104265286,3.52561705698034,"Urban and Built-up",14.2700000762939,107.18,0.941390559077263,18.3333333333333,152.8012038,152.8012038,0,974,1065.12978142131,1000,31,59.3495935,65.85365854,45.16063125,38.67160619,61.78861789,52.84552846,c(-122.248616, 37.819377)
"460","Emerson Home",NA,"11/27/2022","12/11/2022",14,"","CA",121205.689655172,41.4896551724138,52.3443903740324,7950.39760971526,4531.5122249633,23212.8,23389,24168,21302.4,67,66068.5424444873,0.021039882580213,3140157.37457687,887.640416156248,64.0665726375177,0.12762548819414,30.4231104265286,3.52561705698034,"Urban and Built-up",14.2700000762939,107.18,0.941390559077263,14.3333333333333,69.8092094,69.8092094,0,429,1065.12978142131,1000,31,59.3495935,65.85365854,45.16063125,38.67160619,61.78861789,52.84552846,c(-122.248616, 37.819377)
"461","Emerson Home",NA,"11/27/2022","12/11/2022",14,"","CA",121205.689655172,41.4896551724138,52.3443903740324,7950.39760971526,4531.5122249633,23212.8,23389,24168,21302.4,67,66068.5424444873,0.021039882580213,3140157.37457687,887.640416156248,64.0665726375177,0.12762548819414,30.4231104265286,3.52561705698034,"Urban and Built-up",14.2700000762939,107.18,0.941390559077263,14.8333333333333,112.5192089,112.5192089,0,775,1065.12978142131,1000,31,59.3495935,65.85365854,45.16063125,38.67160619,61.78861789,52.84552846,c(-122.248616, 37.819377)
"462","Emerson Home",NA,"11/27/2022","12/11/2022",14,"","CA",121205.689655172,41.4896551724138,52.3443903740324,7950.39760971526,4531.5122249633,23212.8,23389,24168,21302.4,67,66068.5424444873,0.021039882580213,3140157.37457687,887.640416156248,64.0665726375177,0.12762548819414,30.4231104265286,3.52561705698034,"Urban and Built-up",14.2700000762939,107.18,0.941390559077263,17.5,70.2937725,70.2937725,0,603,1065.12978142131,1000,31,59.3495935,65.85365854,45.16063125,38.67160619,61.78861789,52.84552846,c(-122.248616, 37.819377)
"463","Emerson Home",NA,"11/27/2022","12/11/2022",14,"","CA",121205.689655172,41.4896551724138,52.3443903740324,7950.39760971526,4531.5122249633,23212.8,23389,24168,21302.4,67,66068.5424444873,0.021039882580213,3140157.37457687,887.640416156248,64.0665726375177,0.12762548819414,30.4231104265286,3.52561705698034,"Urban and Built-up",14.2700000762939,107.18,0.941390559077263,13,41.4006166,41.4006166,0,312,1065.12978142131,1000,31,59.3495935,65.85365854,45.16063125,38.67160619,61.78861789,52.84552846,c(-122.248616, 37.819377)
"464","Emerson Home",NA,"11/27/2022","12/11/2022",14,"","CA",121205.689655172,41.4896551724138,52.3443903740324,7950.39760971526,4531.5122249633,23212.8,23389,24168,21302.4,67,66068.5424444873,0.021039882580213,3140157.37457687,887.640416156248,64.0665726375177,0.12762548819414,30.4231104265286,3.52561705698034,"Urban and Built-up",14.2700000762939,107.18,0.941390559077263,17.8333333333333,76.2839707,76.2839707,0,697,1065.12978142131,1000,31,59.3495935,65.85365854,45.16063125,38.67160619,61.78861789,52.84552846,c(-122.248616, 37.819377)
"465","Emerson Home",NA,"11/27/2022","12/11/2022",14,"","CA",121205.689655172,41.4896551724138,52.3443903740324,7950.39760971526,4531.5122249633,23212.8,23389,24168,21302.4,67,66068.5424444873,0.021039882580213,3140157.37457687,887.640416156248,64.0665726375177,0.12762548819414,30.4231104265286,3.52561705698034,"Urban and Built-up",14.2700000762939,107.18,0.941390559077263,17,65.4874304,65.4874304,0,1163,1065.12978142131,1000,31,59.3495935,65.85365854,45.16063125,38.67160619,61.78861789,52.84552846,c(-122.248616, 37.819377)
"466","Emerson Home",NA,"11/27/2022","12/11/2022",14,"","CA",121205.689655172,41.4896551724138,52.3443903740324,7950.39760971526,4531.5122249633,23212.8,23389,24168,21302.4,67,66068.5424444873,0.021039882580213,3140157.37457687,887.640416156248,64.0665726375177,0.12762548819414,30.4231104265286,3.52561705698034,"Urban and Built-up",14.2700000762939,107.18,0.941390559077263,18.3333333333333,66.2756794,66.2756794,0,1169,1065.12978142131,1000,31,59.3495935,65.85365854,45.16063125,38.67160619,61.78861789,52.84552846,c(-122.248616, 37.819377)
"467","Emerson Home",NA,"11/27/2022","12/11/2022",14,"","CA",121205.689655172,41.4896551724138,52.3443903740324,7950.39760971526,4531.5122249633,23212.8,23389,24168,21302.4,67,66068.5424444873,0.021039882580213,3140157.37457687,887.640416156248,64.0665726375177,0.12762548819414,30.4231104265286,3.52561705698034,"Urban and Built-up",14.2700000762939,107.18,0.941390559077263,15.1666666666667,70.2174186,70.2174186,0,1018,1065.12978142131,1000,31,59.3495935,65.85365854,45.16063125,38.67160619,61.78861789,52.84552846,c(-122.248616, 37.819377)
"468","Emerson Home",NA,"11/27/2022","12/11/2022",14,"","CA",121205.689655172,41.4896551724138,52.3443903740324,7950.39760971526,4531.5122249633,23212.8,23389,24168,21302.4,67,66068.5424444873,0.021039882580213,3140157.37457687,887.640416156248,64.0665726375177,0.12762548819414,30.4231104265286,3.52561705698034,"Urban and Built-up",14.2700000762939,107.18,0.941390559077263,17,29.0325203,29.0325203,0,389,1065.12978142131,1000,31,59.3495935,65.85365854,45.16063125,38.67160619,61.78861789,52.84552846,c(-122.248616, 37.819377)
"469","Emerson Home",NA,"11/27/2022","12/11/2022",14,"","CA",121205.689655172,41.4896551724138,52.3443903740324,7950.39760971526,4531.5122249633,23212.8,23389,24168,21302.4,67,66068.5424444873,0.021039882580213,3140157.37457687,887.640416156248,64.0665726375177,0.12762548819414,30.4231104265286,3.52561705698034,"Urban and Built-up",14.2700000762939,107.18,0.941390559077263,12,34.8672926,34.8672926,0,1128,1065.12978142131,1000,31,59.3495935,65.85365854,45.16063125,38.67160619,61.78861789,52.84552846,c(-122.248616, 37.819377)
"470","Emerson Home",NA,"11/27/2022","12/11/2022",14,"","CA",121205.689655172,41.4896551724138,52.3443903740324,7950.39760971526,4531.5122249633,23212.8,23389,24168,21302.4,67,66068.5424444873,0.021039882580213,3140157.37457687,887.640416156248,64.0665726375177,0.12762548819414,30.4231104265286,3.52561705698034,"Urban and Built-up",14.2700000762939,107.18,0.941390559077263,18,26.634909,26.634909,0,372,1065.12978142131,1000,31,59.3495935,65.85365854,45.16063125,38.67160619,61.78861789,52.84552846,c(-122.248616, 37.819377)
"471","Emerson Home",NA,"11/27/2022","12/11/2022",14,"","CA",121205.689655172,41.4896551724138,52.3443903740324,7950.39760971526,4531.5122249633,23212.8,23389,24168,21302.4,67,66068.5424444873,0.021039882580213,3140157.37457687,887.640416156248,64.0665726375177,0.12762548819414,30.4231104265286,3.52561705698034,"Urban and Built-up",14.2700000762939,107.18,0.941390559077263,14.8333333333333,36.4116676,36.4116676,0,852,1065.12978142131,1000,31,59.3495935,65.85365854,45.16063125,38.67160619,61.78861789,52.84552846,c(-122.248616, 37.819377)
"472","Emerson Home",NA,"11/27/2022","12/11/2022",14,"","CA",121205.689655172,41.4896551724138,52.3443903740324,7950.39760971526,4531.5122249633,23212.8,23389,24168,21302.4,67,66068.5424444873,0.021039882580213,3140157.37457687,887.640416156248,64.0665726375177,0.12762548819414,30.4231104265286,3.52561705698034,"Urban and Built-up",14.2700000762939,107.18,0.941390559077263,13.1666666666667,18.8149353,18.8149353,0,632,1065.12978142131,1000,31,59.3495935,65.85365854,45.16063125,38.67160619,61.78861789,52.84552846,c(-122.248616, 37.819377)
"473","Emerson Home",NA,"11/27/2022","12/11/2022",14,"","CA",121205.689655172,41.4896551724138,52.3443903740324,7950.39760971526,4531.5122249633,23212.8,23389,24168,21302.4,67,66068.5424444873,0.021039882580213,3140157.37457687,887.640416156248,64.0665726375177,0.12762548819414,30.4231104265286,3.52561705698034,"Urban and Built-up",14.2700000762939,107.18,0.941390559077263,13,26.2711778,26.2711778,0,751,1065.12978142131,1000,31,59.3495935,65.85365854,45.16063125,38.67160619,61.78861789,52.84552846,c(-122.248616, 37.819377)
"474","Emerson Home",NA,"11/27/2022","12/11/2022",14,"","CA",121205.689655172,41.4896551724138,52.3443903740324,7950.39760971526,4531.5122249633,23212.8,23389,24168,21302.4,67,66068.5424444873,0.021039882580213,3140157.37457687,887.640416156248,64.0665726375177,0.12762548819414,30.4231104265286,3.52561705698034,"Urban and Built-up",14.2700000762939,107.18,0.941390559077263,17.6666666666667,20.4638336,20.4638336,0,553,1065.12978142131,1000,31,59.3495935,65.85365854,45.16063125,38.67160619,61.78861789,52.84552846,c(-122.248616, 37.819377)
"475","Estien Home",NA,"02/20/2023","03/07/2023",15,"","CA",96196.0357142857,35.5275862068966,45.7689127552142,6568.41289452686,2764.1595302377,16524,16568,15788.5833333333,18730.25,29,64832.0577405631,0.0206461173778944,3140157.37457631,343.035366306166,66.6279988710133,0.121450053461286,32.559372974359,3.4070326002765,"Urban and Built-up",14.2700000762939,112.94,0.942283481359482,15.5,45.12046,45.12046,0,396,472.91913415724,1000,32,65.85365854,49.59349593,49.5336294,41.01319168,66.66666667,61.78861789,c(-122.271772, 37.85129)
"476","Estien Home",NA,"02/20/2023","03/07/2023",15,"","CA",96196.0357142857,35.5275862068966,45.7689127552142,6568.41289452686,2764.1595302377,16524,16568,15788.5833333333,18730.25,29,64832.0577405631,0.0206461173778944,3140157.37457631,343.035366306166,66.6279988710133,0.121450053461286,32.559372974359,3.4070326002765,"Urban and Built-up",14.2700000762939,112.94,0.942283481359482,17.5,33.6577381,33.6577381,0,481,472.91913415724,1000,32,65.85365854,49.59349593,49.5336294,41.01319168,66.66666667,61.78861789,c(-122.271772, 37.85129)
"477","Estien Home",NA,"02/20/2023","03/07/2023",15,"","CA",96196.0357142857,35.5275862068966,45.7689127552142,6568.41289452686,2764.1595302377,16524,16568,15788.5833333333,18730.25,29,64832.0577405631,0.0206461173778944,3140157.37457631,343.035366306166,66.6279988710133,0.121450053461286,32.559372974359,3.4070326002765,"Urban and Built-up",14.2700000762939,112.94,0.942283481359482,13.1666666666667,22.6822974,22.6822974,0,422,472.91913415724,1000,32,65.85365854,49.59349593,49.5336294,41.01319168,66.66666667,61.78861789,c(-122.271772, 37.85129)
"478","Estien Home",NA,"02/20/2023","03/07/2023",15,"","CA",96196.0357142857,35.5275862068966,45.7689127552142,6568.41289452686,2764.1595302377,16524,16568,15788.5833333333,18730.25,29,64832.0577405631,0.0206461173778944,3140157.37457631,343.035366306166,66.6279988710133,0.121450053461286,32.559372974359,3.4070326002765,"Urban and Built-up",14.2700000762939,112.94,0.942283481359482,18.8333333333333,40.8562553,40.8562553,0,495,472.91913415724,1000,32,65.85365854,49.59349593,49.5336294,41.01319168,66.66666667,61.78861789,c(-122.271772, 37.85129)
"479","Estien Home",NA,"02/20/2023","03/07/2023",15,"","CA",96196.0357142857,35.5275862068966,45.7689127552142,6568.41289452686,2764.1595302377,16524,16568,15788.5833333333,18730.25,29,64832.0577405631,0.0206461173778944,3140157.37457631,343.035366306166,66.6279988710133,0.121450053461286,32.559372974359,3.4070326002765,"Urban and Built-up",14.2700000762939,112.94,0.942283481359482,14.8333333333333,43.4725501,43.4725501,0,556,472.91913415724,1000,32,65.85365854,49.59349593,49.5336294,41.01319168,66.66666667,61.78861789,c(-122.271772, 37.85129)
"480","Estien Home",NA,"02/20/2023","03/07/2023",15,"","CA",96196.0357142857,35.5275862068966,45.7689127552142,6568.41289452686,2764.1595302377,16524,16568,15788.5833333333,18730.25,29,64832.0577405631,0.0206461173778944,3140157.37457631,343.035366306166,66.6279988710133,0.121450053461286,32.559372974359,3.4070326002765,"Urban and Built-up",14.2700000762939,112.94,0.942283481359482,14.1666666666667,37.3842532,37.3842532,0,542,472.91913415724,1000,32,65.85365854,49.59349593,49.5336294,41.01319168,66.66666667,61.78861789,c(-122.271772, 37.85129)
"481","Estien Home",NA,"02/20/2023","03/07/2023",15,"","CA",96196.0357142857,35.5275862068966,45.7689127552142,6568.41289452686,2764.1595302377,16524,16568,15788.5833333333,18730.25,29,64832.0577405631,0.0206461173778944,3140157.37457631,343.035366306166,66.6279988710133,0.121450053461286,32.559372974359,3.4070326002765,"Urban and Built-up",14.2700000762939,112.94,0.942283481359482,18.1666666666667,49.6905745,49.6905745,0,666,472.91913415724,1000,32,65.85365854,49.59349593,49.5336294,41.01319168,66.66666667,61.78861789,c(-122.271772, 37.85129)
"482","Estien Home",NA,"02/20/2023","03/07/2023",15,"","CA",96196.0357142857,35.5275862068966,45.7689127552142,6568.41289452686,2764.1595302377,16524,16568,15788.5833333333,18730.25,29,64832.0577405631,0.0206461173778944,3140157.37457631,343.035366306166,66.6279988710133,0.121450053461286,32.559372974359,3.4070326002765,"Urban and Built-up",14.2700000762939,112.94,0.942283481359482,17.1666666666667,89.6291004,89.6291004,0,1173,472.91913415724,1000,32,65.85365854,49.59349593,49.5336294,41.01319168,66.66666667,61.78861789,c(-122.271772, 37.85129)
"483","Estien Home",NA,"02/20/2023","03/07/2023",15,"","CA",96196.0357142857,35.5275862068966,45.7689127552142,6568.41289452686,2764.1595302377,16524,16568,15788.5833333333,18730.25,29,64832.0577405631,0.0206461173778944,3140157.37457631,343.035366306166,66.6279988710133,0.121450053461286,32.559372974359,3.4070326002765,"Urban and Built-up",14.2700000762939,112.94,0.942283481359482,15.8333333333333,61.3729683,61.3729683,0,667,472.91913415724,1000,32,65.85365854,49.59349593,49.5336294,41.01319168,66.66666667,61.78861789,c(-122.271772, 37.85129)
"484","Estien Home",NA,"02/20/2023","03/07/2023",15,"","CA",96196.0357142857,35.5275862068966,45.7689127552142,6568.41289452686,2764.1595302377,16524,16568,15788.5833333333,18730.25,29,64832.0577405631,0.0206461173778944,3140157.37457631,343.035366306166,66.6279988710133,0.121450053461286,32.559372974359,3.4070326002765,"Urban and Built-up",14.2700000762939,112.94,0.942283481359482,16.6666666666667,63.1231776,63.1231776,0,489,472.91913415724,1000,32,65.85365854,49.59349593,49.5336294,41.01319168,66.66666667,61.78861789,c(-122.271772, 37.85129)
"485","Estien Home",NA,"02/20/2023","03/07/2023",15,"","CA",96196.0357142857,35.5275862068966,45.7689127552142,6568.41289452686,2764.1595302377,16524,16568,15788.5833333333,18730.25,29,64832.0577405631,0.0206461173778944,3140157.37457631,343.035366306166,66.6279988710133,0.121450053461286,32.559372974359,3.4070326002765,"Urban and Built-up",14.2700000762939,112.94,0.942283481359482,12.5,37.4569006,37.4569006,0,393,472.91913415724,1000,32,65.85365854,49.59349593,49.5336294,41.01319168,66.66666667,61.78861789,c(-122.271772, 37.85129)
"486","Estien Home",NA,"02/20/2023","03/07/2023",15,"","CA",96196.0357142857,35.5275862068966,45.7689127552142,6568.41289452686,2764.1595302377,16524,16568,15788.5833333333,18730.25,29,64832.0577405631,0.0206461173778944,3140157.37457631,343.035366306166,66.6279988710133,0.121450053461286,32.559372974359,3.4070326002765,"Urban and Built-up",14.2700000762939,112.94,0.942283481359482,13.6666666666667,61.2711631,61.2711631,0,742,472.91913415724,1000,32,65.85365854,49.59349593,49.5336294,41.01319168,66.66666667,61.78861789,c(-122.271772, 37.85129)
"487","Estien Home",NA,"02/20/2023","03/07/2023",15,"","CA",96196.0357142857,35.5275862068966,45.7689127552142,6568.41289452686,2764.1595302377,16524,16568,15788.5833333333,18730.25,29,64832.0577405631,0.0206461173778944,3140157.37457631,343.035366306166,66.6279988710133,0.121450053461286,32.559372974359,3.4070326002765,"Urban and Built-up",14.2700000762939,112.94,0.942283481359482,18.8333333333333,64.0997168,64.0997168,0,577,472.91913415724,1000,32,65.85365854,49.59349593,49.5336294,41.01319168,66.66666667,61.78861789,c(-122.271772, 37.85129)
"488","Estien Home",NA,"02/20/2023","03/07/2023",15,"","CA",96196.0357142857,35.5275862068966,45.7689127552142,6568.41289452686,2764.1595302377,16524,16568,15788.5833333333,18730.25,29,64832.0577405631,0.0206461173778944,3140157.37457631,343.035366306166,66.6279988710133,0.121450053461286,32.559372974359,3.4070326002765,"Urban and Built-up",14.2700000762939,112.94,0.942283481359482,15.1666666666667,34.7748772,34.7748772,0,427,472.91913415724,1000,32,65.85365854,49.59349593,49.5336294,41.01319168,66.66666667,61.78861789,c(-122.271772, 37.85129)
"489","Estien Home",NA,"02/20/2023","03/07/2023",15,"","CA",96196.0357142857,35.5275862068966,45.7689127552142,6568.41289452686,2764.1595302377,16524,16568,15788.5833333333,18730.25,29,64832.0577405631,0.0206461173778944,3140157.37457631,343.035366306166,66.6279988710133,0.121450053461286,32.559372974359,3.4070326002765,"Urban and Built-up",14.2700000762939,112.94,0.942283481359482,13.3333333333333,21.6738823,21.6738823,0,343,472.91913415724,1000,32,65.85365854,49.59349593,49.5336294,41.01319168,66.66666667,61.78861789,c(-122.271772, 37.85129)
"490","Estien Home",NA,"02/20/2023","03/07/2023",15,"","CA",96196.0357142857,35.5275862068966,45.7689127552142,6568.41289452686,2764.1595302377,16524,16568,15788.5833333333,18730.25,29,64832.0577405631,0.0206461173778944,3140157.37457631,343.035366306166,66.6279988710133,0.121450053461286,32.559372974359,3.4070326002765,"Urban and Built-up",14.2700000762939,112.94,0.942283481359482,14,28.1056482,28.1056482,0,533,472.91913415724,1000,32,65.85365854,49.59349593,49.5336294,41.01319168,66.66666667,61.78861789,c(-122.271772, 37.85129)
"491","Estien Home",NA,"02/20/2023","03/07/2023",15,"","CA",96196.0357142857,35.5275862068966,45.7689127552142,6568.41289452686,2764.1595302377,16524,16568,15788.5833333333,18730.25,29,64832.0577405631,0.0206461173778944,3140157.37457631,343.035366306166,66.6279988710133,0.121450053461286,32.559372974359,3.4070326002765,"Urban and Built-up",14.2700000762939,112.94,0.942283481359482,14.1666666666667,33.5509909,33.5509909,0,481,472.91913415724,1000,32,65.85365854,49.59349593,49.5336294,41.01319168,66.66666667,61.78861789,c(-122.271772, 37.85129)
"492","Estien Home",NA,"02/20/2023","03/07/2023",15,"","CA",96196.0357142857,35.5275862068966,45.7689127552142,6568.41289452686,2764.1595302377,16524,16568,15788.5833333333,18730.25,29,64832.0577405631,0.0206461173778944,3140157.37457631,343.035366306166,66.6279988710133,0.121450053461286,32.559372974359,3.4070326002765,"Urban and Built-up",14.2700000762939,112.94,0.942283481359482,16.1666666666667,41.1641419,41.1641419,0,602,472.91913415724,1000,32,65.85365854,49.59349593,49.5336294,41.01319168,66.66666667,61.78861789,c(-122.271772, 37.85129)
"493","Estien Home",NA,"02/20/2023","03/07/2023",15,"","CA",96196.0357142857,35.5275862068966,45.7689127552142,6568.41289452686,2764.1595302377,16524,16568,15788.5833333333,18730.25,29,64832.0577405631,0.0206461173778944,3140157.37457631,343.035366306166,66.6279988710133,0.121450053461286,32.559372974359,3.4070326002765,"Urban and Built-up",14.2700000762939,112.94,0.942283481359482,15.8333333333333,57.8340021,57.8340021,0,672,472.91913415724,1000,32,65.85365854,49.59349593,49.5336294,41.01319168,66.66666667,61.78861789,c(-122.271772, 37.85129)
"494","Estien Home",NA,"02/20/2023","03/07/2023",15,"","CA",96196.0357142857,35.5275862068966,45.7689127552142,6568.41289452686,2764.1595302377,16524,16568,15788.5833333333,18730.25,29,64832.0577405631,0.0206461173778944,3140157.37457631,343.035366306166,66.6279988710133,0.121450053461286,32.559372974359,3.4070326002765,"Urban and Built-up",14.2700000762939,112.94,0.942283481359482,17.1666666666667,64.3643609,64.3643609,0,689,472.91913415724,1000,32,65.85365854,49.59349593,49.5336294,41.01319168,66.66666667,61.78861789,c(-122.271772, 37.85129)
"495","Estien Home",NA,"02/20/2023","03/07/2023",15,"","CA",96196.0357142857,35.5275862068966,45.7689127552142,6568.41289452686,2764.1595302377,16524,16568,15788.5833333333,18730.25,29,64832.0577405631,0.0206461173778944,3140157.37457631,343.035366306166,66.6279988710133,0.121450053461286,32.559372974359,3.4070326002765,"Urban and Built-up",14.2700000762939,112.94,0.942283481359482,16.8333333333333,62.7928049,62.7928049,0,717,472.91913415724,1000,32,65.85365854,49.59349593,49.5336294,41.01319168,66.66666667,61.78861789,c(-122.271772, 37.85129)
"496","Estien Home",NA,"02/20/2023","03/07/2023",15,"","CA",96196.0357142857,35.5275862068966,45.7689127552142,6568.41289452686,2764.1595302377,16524,16568,15788.5833333333,18730.25,29,64832.0577405631,0.0206461173778944,3140157.37457631,343.035366306166,66.6279988710133,0.121450053461286,32.559372974359,3.4070326002765,"Urban and Built-up",14.2700000762939,112.94,0.942283481359482,15,52.155397,52.155397,0,627,472.91913415724,1000,32,65.85365854,49.59349593,49.5336294,41.01319168,66.66666667,61.78861789,c(-122.271772, 37.85129)
"497","Estien Home",NA,"02/20/2023","03/07/2023",15,"","CA",96196.0357142857,35.5275862068966,45.7689127552142,6568.41289452686,2764.1595302377,16524,16568,15788.5833333333,18730.25,29,64832.0577405631,0.0206461173778944,3140157.37457631,343.035366306166,66.6279988710133,0.121450053461286,32.559372974359,3.4070326002765,"Urban and Built-up",14.2700000762939,112.94,0.942283481359482,16.6666666666667,57.0877601,57.0877601,0,717,472.91913415724,1000,32,65.85365854,49.59349593,49.5336294,41.01319168,66.66666667,61.78861789,c(-122.271772, 37.85129)
"498","Estien Home",NA,"02/20/2023","03/07/2023",15,"","CA",96196.0357142857,35.5275862068966,45.7689127552142,6568.41289452686,2764.1595302377,16524,16568,15788.5833333333,18730.25,29,64832.0577405631,0.0206461173778944,3140157.37457631,343.035366306166,66.6279988710133,0.121450053461286,32.559372974359,3.4070326002765,"Urban and Built-up",14.2700000762939,112.94,0.942283481359482,15,54.1240427,54.1240427,0,696,472.91913415724,1000,32,65.85365854,49.59349593,49.5336294,41.01319168,66.66666667,61.78861789,c(-122.271772, 37.85129)
"499","Estien Home",NA,"02/20/2023","03/07/2023",15,"","CA",96196.0357142857,35.5275862068966,45.7689127552142,6568.41289452686,2764.1595302377,16524,16568,15788.5833333333,18730.25,29,64832.0577405631,0.0206461173778944,3140157.37457631,343.035366306166,66.6279988710133,0.121450053461286,32.559372974359,3.4070326002765,"Urban and Built-up",14.2700000762939,112.94,0.942283481359482,14.8333333333333,49.4587947,49.4587947,0,599,472.91913415724,1000,32,65.85365854,49.59349593,49.5336294,41.01319168,66.66666667,61.78861789,c(-122.271772, 37.85129)
"500","Estien Home",NA,"02/20/2023","03/07/2023",15,"","CA",96196.0357142857,35.5275862068966,45.7689127552142,6568.41289452686,2764.1595302377,16524,16568,15788.5833333333,18730.25,29,64832.0577405631,0.0206461173778944,3140157.37457631,343.035366306166,66.6279988710133,0.121450053461286,32.559372974359,3.4070326002765,"Urban and Built-up",14.2700000762939,112.94,0.942283481359482,18.1666666666667,62.6919881,62.6919881,0,534,472.91913415724,1000,32,65.85365854,49.59349593,49.5336294,41.01319168,66.66666667,61.78861789,c(-122.271772, 37.85129)
"501","Estien Home",NA,"02/20/2023","03/07/2023",15,"","CA",96196.0357142857,35.5275862068966,45.7689127552142,6568.41289452686,2764.1595302377,16524,16568,15788.5833333333,18730.25,29,64832.0577405631,0.0206461173778944,3140157.37457631,343.035366306166,66.6279988710133,0.121450053461286,32.559372974359,3.4070326002765,"Urban and Built-up",14.2700000762939,112.94,0.942283481359482,19.1666666666667,48.9544636,48.9544636,0,395,472.91913415724,1000,32,65.85365854,49.59349593,49.5336294,41.01319168,66.66666667,61.78861789,c(-122.271772, 37.85129)
"502","Estien Home",NA,"02/20/2023","03/07/2023",15,"","CA",96196.0357142857,35.5275862068966,45.7689127552142,6568.41289452686,2764.1595302377,16524,16568,15788.5833333333,18730.25,29,64832.0577405631,0.0206461173778944,3140157.37457631,343.035366306166,66.6279988710133,0.121450053461286,32.559372974359,3.4070326002765,"Urban and Built-up",14.2700000762939,112.94,0.942283481359482,18.1666666666667,45.4458907,45.4458907,0,498,472.91913415724,1000,32,65.85365854,49.59349593,49.5336294,41.01319168,66.66666667,61.78861789,c(-122.271772, 37.85129)
"503","Estien Home",NA,"02/20/2023","03/07/2023",15,"","CA",96196.0357142857,35.5275862068966,45.7689127552142,6568.41289452686,2764.1595302377,16524,16568,15788.5833333333,18730.25,29,64832.0577405631,0.0206461173778944,3140157.37457631,343.035366306166,66.6279988710133,0.121450053461286,32.559372974359,3.4070326002765,"Urban and Built-up",14.2700000762939,112.94,0.942283481359482,17.3333333333333,56.1487801,56.1487801,0,524,472.91913415724,1000,32,65.85365854,49.59349593,49.5336294,41.01319168,66.66666667,61.78861789,c(-122.271772, 37.85129)
"504","Fahrer Home",NA,"01/26/2023","02/02/2023",7,"","CA",157676.857142857,46.1875,67.0183658771841,1412.11324813277,581.219864996331,9133,9986.5,10007.5,6509.5,1,30084.1087155977,0.00958044617736802,3140157.37457674,445.007640327677,28.402425267907,0.215890291214393,63.4593168645821,2.33558787797962,"Urban and Built-up",14.6699998855591,83.96,0.831769689917564,11.1666666666667,316.0633861,316.0633861,0,1079,9837.21438106801,1000,33,38.21138211,42.27642276,30.92653848,27.31647855,21.13821138,7.317073171,c(-122.039567, 37.905962)
"505","Fahrer Home",NA,"01/26/2023","02/02/2023",7,"","CA",157676.857142857,46.1875,67.0183658771841,1412.11324813277,581.219864996331,9133,9986.5,10007.5,6509.5,1,30084.1087155977,0.00958044617736802,3140157.37457674,445.007640327677,28.402425267907,0.215890291214393,63.4593168645821,2.33558787797962,"Urban and Built-up",14.6699998855591,83.96,0.831769689917564,7.33333333333333,460.3164125,460.3164125,0,912,9837.21438106801,1000,33,38.21138211,42.27642276,30.92653848,27.31647855,21.13821138,7.317073171,c(-122.039567, 37.905962)
"506","Fahrer Home",NA,"01/26/2023","02/02/2023",7,"","CA",157676.857142857,46.1875,67.0183658771841,1412.11324813277,581.219864996331,9133,9986.5,10007.5,6509.5,1,30084.1087155977,0.00958044617736802,3140157.37457674,445.007640327677,28.402425267907,0.215890291214393,63.4593168645821,2.33558787797962,"Urban and Built-up",14.6699998855591,83.96,0.831769689917564,15.6666666666667,272.7005484,268.7909322,3.9096162,900,9837.21438106801,1000,33,38.21138211,42.27642276,30.92653848,27.31647855,21.13821138,7.317073171,c(-122.039567, 37.905962)
"507","Fahrer Home",NA,"01/26/2023","02/02/2023",7,"","CA",157676.857142857,46.1875,67.0183658771841,1412.11324813277,581.219864996331,9133,9986.5,10007.5,6509.5,1,30084.1087155977,0.00958044617736802,3140157.37457674,445.007640327677,28.402425267907,0.215890291214393,63.4593168645821,2.33558787797962,"Urban and Built-up",14.6699998855591,83.96,0.831769689917564,6.66666666666667,634.0089329,634.0089329,0,1111,9837.21438106801,1000,33,38.21138211,42.27642276,30.92653848,27.31647855,21.13821138,7.317073171,c(-122.039567, 37.905962)
"508","Fahrer Home",NA,"01/26/2023","02/02/2023",7,"","CA",157676.857142857,46.1875,67.0183658771841,1412.11324813277,581.219864996331,9133,9986.5,10007.5,6509.5,1,30084.1087155977,0.00958044617736802,3140157.37457674,445.007640327677,28.402425267907,0.215890291214393,63.4593168645821,2.33558787797962,"Urban and Built-up",14.6699998855591,83.96,0.831769689917564,6,982.3220813,982.3220813,0,1133,9837.21438106801,1000,33,38.21138211,42.27642276,30.92653848,27.31647855,21.13821138,7.317073171,c(-122.039567, 37.905962)
"509","Fahrer Home",NA,"01/26/2023","02/02/2023",7,"","CA",157676.857142857,46.1875,67.0183658771841,1412.11324813277,581.219864996331,9133,9986.5,10007.5,6509.5,1,30084.1087155977,0.00958044617736802,3140157.37457674,445.007640327677,28.402425267907,0.215890291214393,63.4593168645821,2.33558787797962,"Urban and Built-up",14.6699998855591,83.96,0.831769689917564,11.3333333333333,212.849469,209.0508007,3.7986683,919,9837.21438106801,1000,33,38.21138211,42.27642276,30.92653848,27.31647855,21.13821138,7.317073171,c(-122.039567, 37.905962)
"510","Foothill Lot","FL","11/07/2023","11/22/2023",15,"","CA",115606.666666667,29.02,50.4921388891773,12017.1051216221,3098.57357191088,52762,62356,54961.9166666667,46162.25,15,41656.2210684437,0.0132656475773165,3140157.37457653,632.440890181724,31.8092012418853,0.21017457678378,198.766827452098,3.08915318371233,"Urban and Built-up",13.9249997138977,124.45,0.758730828762054,12,125.1697405,125.1697405,0,487,582.074104635211,1000,34,18.69918699,39.83739837,35.36863185,33.45657095,40.6504065,27.64227642,c(-122.24882, 37.87326)
"511","Foothill Lot","FL","11/07/2023","11/22/2023",15,"","CA",115606.666666667,29.02,50.4921388891773,12017.1051216221,3098.57357191088,52762,62356,54961.9166666667,46162.25,15,41656.2210684437,0.0132656475773165,3140157.37457653,632.440890181724,31.8092012418853,0.21017457678378,198.766827452098,3.08915318371233,"Urban and Built-up",13.9249997138977,124.45,0.758730828762054,10.1666666666667,1703.5911669,1703.5911669,0,1432,582.074104635211,1000,34,18.69918699,39.83739837,35.36863185,33.45657095,40.6504065,27.64227642,c(-122.24882, 37.87326)
"512","Foothill Lot","FL","11/07/2023","11/22/2023",15,"","CA",115606.666666667,29.02,50.4921388891773,12017.1051216221,3098.57357191088,52762,62356,54961.9166666667,46162.25,15,41656.2210684437,0.0132656475773165,3140157.37457653,632.440890181724,31.8092012418853,0.21017457678378,198.766827452098,3.08915318371233,"Urban and Built-up",13.9249997138977,124.45,0.758730828762054,14.8333333333333,24.8696266,24.8696266,0,657,582.074104635211,1000,34,18.69918699,39.83739837,35.36863185,33.45657095,40.6504065,27.64227642,c(-122.24882, 37.87326)
"513","Foothill Lot","FL","11/07/2023","11/22/2023",15,"","CA",115606.666666667,29.02,50.4921388891773,12017.1051216221,3098.57357191088,52762,62356,54961.9166666667,46162.25,15,41656.2210684437,0.0132656475773165,3140157.37457653,632.440890181724,31.8092012418853,0.21017457678378,198.766827452098,3.08915318371233,"Urban and Built-up",13.9249997138977,124.45,0.758730828762054,14.5,28.8103774,28.8103774,0,506,582.074104635211,1000,34,18.69918699,39.83739837,35.36863185,33.45657095,40.6504065,27.64227642,c(-122.24882, 37.87326)
"514","Foothill Lot","FL","11/07/2023","11/22/2023",15,"","CA",115606.666666667,29.02,50.4921388891773,12017.1051216221,3098.57357191088,52762,62356,54961.9166666667,46162.25,15,41656.2210684437,0.0132656475773165,3140157.37457653,632.440890181724,31.8092012418853,0.21017457678378,198.766827452098,3.08915318371233,"Urban and Built-up",13.9249997138977,124.45,0.758730828762054,11.1666666666667,104.6159625,104.6159625,0,406,582.074104635211,1000,34,18.69918699,39.83739837,35.36863185,33.45657095,40.6504065,27.64227642,c(-122.24882, 37.87326)
"515","Foothill Lot","FL","11/07/2023","11/22/2023",15,"","CA",115606.666666667,29.02,50.4921388891773,12017.1051216221,3098.57357191088,52762,62356,54961.9166666667,46162.25,15,41656.2210684437,0.0132656475773165,3140157.37457653,632.440890181724,31.8092012418853,0.21017457678378,198.766827452098,3.08915318371233,"Urban and Built-up",13.9249997138977,124.45,0.758730828762054,15.3333333333333,38.377101,38.377101,0,326,582.074104635211,1000,34,18.69918699,39.83739837,35.36863185,33.45657095,40.6504065,27.64227642,c(-122.24882, 37.87326)
"516","Foothill Lot","FL","11/07/2023","11/22/2023",15,"","CA",115606.666666667,29.02,50.4921388891773,12017.1051216221,3098.57357191088,52762,62356,54961.9166666667,46162.25,15,41656.2210684437,0.0132656475773165,3140157.37457653,632.440890181724,31.8092012418853,0.21017457678378,198.766827452098,3.08915318371233,"Urban and Built-up",13.9249997138977,124.45,0.758730828762054,16.8333333333333,46.5615472,46.5615472,0,561,582.074104635211,1000,34,18.69918699,39.83739837,35.36863185,33.45657095,40.6504065,27.64227642,c(-122.24882, 37.87326)
"517","Foothill Lot","FL","11/07/2023","11/22/2023",15,"","CA",115606.666666667,29.02,50.4921388891773,12017.1051216221,3098.57357191088,52762,62356,54961.9166666667,46162.25,15,41656.2210684437,0.0132656475773165,3140157.37457653,632.440890181724,31.8092012418853,0.21017457678378,198.766827452098,3.08915318371233,"Urban and Built-up",13.9249997138977,124.45,0.758730828762054,13.5,419.8940648,419.8940648,0,253,582.074104635211,1000,34,18.69918699,39.83739837,35.36863185,33.45657095,40.6504065,27.64227642,c(-122.24882, 37.87326)
"518","Foothill Lot","FL","11/07/2023","11/22/2023",15,"","CA",115606.666666667,29.02,50.4921388891773,12017.1051216221,3098.57357191088,52762,62356,54961.9166666667,46162.25,15,41656.2210684437,0.0132656475773165,3140157.37457653,632.440890181724,31.8092012418853,0.21017457678378,198.766827452098,3.08915318371233,"Urban and Built-up",13.9249997138977,124.45,0.758730828762054,13.5,44.9321698,44.9321698,0,240,582.074104635211,1000,34,18.69918699,39.83739837,35.36863185,33.45657095,40.6504065,27.64227642,c(-122.24882, 37.87326)
"519","Foothill Lot","FL","11/07/2023","11/22/2023",15,"","CA",115606.666666667,29.02,50.4921388891773,12017.1051216221,3098.57357191088,52762,62356,54961.9166666667,46162.25,15,41656.2210684437,0.0132656475773165,3140157.37457653,632.440890181724,31.8092012418853,0.21017457678378,198.766827452098,3.08915318371233,"Urban and Built-up",13.9249997138977,124.45,0.758730828762054,15,16.2132194,16.2132194,0,325,582.074104635211,1000,34,18.69918699,39.83739837,35.36863185,33.45657095,40.6504065,27.64227642,c(-122.24882, 37.87326)
"520","Foothill Lot","FL","11/07/2023","11/22/2023",15,"","CA",115606.666666667,29.02,50.4921388891773,12017.1051216221,3098.57357191088,52762,62356,54961.9166666667,46162.25,15,41656.2210684437,0.0132656475773165,3140157.37457653,632.440890181724,31.8092012418853,0.21017457678378,198.766827452098,3.08915318371233,"Urban and Built-up",13.9249997138977,124.45,0.758730828762054,18.5,45.2148522,45.2148522,0,968,582.074104635211,1000,34,18.69918699,39.83739837,35.36863185,33.45657095,40.6504065,27.64227642,c(-122.24882, 37.87326)
"521","Foothill Lot","FL","11/07/2023","11/22/2023",15,"","CA",115606.666666667,29.02,50.4921388891773,12017.1051216221,3098.57357191088,52762,62356,54961.9166666667,46162.25,15,41656.2210684437,0.0132656475773165,3140157.37457653,632.440890181724,31.8092012418853,0.21017457678378,198.766827452098,3.08915318371233,"Urban and Built-up",13.9249997138977,124.45,0.758730828762054,14.1666666666667,24.2896829,24.2896829,0,335,582.074104635211,1000,34,18.69918699,39.83739837,35.36863185,33.45657095,40.6504065,27.64227642,c(-122.24882, 37.87326)
"522","Foothill Lot","FL","11/07/2023","11/22/2023",15,"","CA",115606.666666667,29.02,50.4921388891773,12017.1051216221,3098.57357191088,52762,62356,54961.9166666667,46162.25,15,41656.2210684437,0.0132656475773165,3140157.37457653,632.440890181724,31.8092012418853,0.21017457678378,198.766827452098,3.08915318371233,"Urban and Built-up",13.9249997138977,124.45,0.758730828762054,15,75.6501592,75.6501592,0,486,582.074104635211,1000,34,18.69918699,39.83739837,35.36863185,33.45657095,40.6504065,27.64227642,c(-122.24882, 37.87326)
"523","Foothill Lot","FL","11/07/2023","11/22/2023",15,"","CA",115606.666666667,29.02,50.4921388891773,12017.1051216221,3098.57357191088,52762,62356,54961.9166666667,46162.25,15,41656.2210684437,0.0132656475773165,3140157.37457653,632.440890181724,31.8092012418853,0.21017457678378,198.766827452098,3.08915318371233,"Urban and Built-up",13.9249997138977,124.45,0.758730828762054,13.6666666666667,22.3568667,22.3568667,0,617,582.074104635211,1000,34,18.69918699,39.83739837,35.36863185,33.45657095,40.6504065,27.64227642,c(-122.24882, 37.87326)
"524","Fortmann Home","LFH","11/23/2022","12/07/2022",14,"","CA",178285.25,46.03125,59.7050333820246,3304.34175616551,1445.57137252111,5579.2,5396,5815.36363636364,4929.75,24,45282.295448008,0.0144203904602451,3140157.37457627,809.017350345503,37.0884180790959,0.205729751288748,98.2008909836613,2.98275132788202,"Urban and Built-up",14.1699998855591,108.9,0.893137380480766,13.8333333333333,149.9630132,149.9630132,0,466,409.360657627075,1000,35,43.90243902,36.58536585,35.33385722,31.6896452,34.14634146,26.01626016,c(-122.219098, 37.812188)
"525","Fortmann Home","LFH","11/23/2022","12/07/2022",14,"","CA",178285.25,46.03125,59.7050333820246,3304.34175616551,1445.57137252111,5579.2,5396,5815.36363636364,4929.75,24,45282.295448008,0.0144203904602451,3140157.37457627,809.017350345503,37.0884180790959,0.205729751288748,98.2008909836613,2.98275132788202,"Urban and Built-up",14.1699998855591,108.9,0.893137380480766,12,146.5984996,146.5984996,0,595,409.360657627075,1000,35,43.90243902,36.58536585,35.33385722,31.6896452,34.14634146,26.01626016,c(-122.219098, 37.812188)
"526","Fortmann Home","LFH","11/23/2022","12/07/2022",14,"","CA",178285.25,46.03125,59.7050333820246,3304.34175616551,1445.57137252111,5579.2,5396,5815.36363636364,4929.75,24,45282.295448008,0.0144203904602451,3140157.37457627,809.017350345503,37.0884180790959,0.205729751288748,98.2008909836613,2.98275132788202,"Urban and Built-up",14.1699998855591,108.9,0.893137380480766,13.5,93.4635982,93.4635982,0,676,409.360657627075,1000,35,43.90243902,36.58536585,35.33385722,31.6896452,34.14634146,26.01626016,c(-122.219098, 37.812188)
"527","Fortmann Home","LFH","11/23/2022","12/07/2022",14,"","CA",178285.25,46.03125,59.7050333820246,3304.34175616551,1445.57137252111,5579.2,5396,5815.36363636364,4929.75,24,45282.295448008,0.0144203904602451,3140157.37457627,809.017350345503,37.0884180790959,0.205729751288748,98.2008909836613,2.98275132788202,"Urban and Built-up",14.1699998855591,108.9,0.893137380480766,14.6666666666667,58.3934365,58.3934365,0,528,409.360657627075,1000,35,43.90243902,36.58536585,35.33385722,31.6896452,34.14634146,26.01626016,c(-122.219098, 37.812188)
"528","Fortmann Home","LFH","11/23/2022","12/07/2022",14,"","CA",178285.25,46.03125,59.7050333820246,3304.34175616551,1445.57137252111,5579.2,5396,5815.36363636364,4929.75,24,45282.295448008,0.0144203904602451,3140157.37457627,809.017350345503,37.0884180790959,0.205729751288748,98.2008909836613,2.98275132788202,"Urban and Built-up",14.1699998855591,108.9,0.893137380480766,17,59.0858107,59.0858107,0,612,409.360657627075,1000,35,43.90243902,36.58536585,35.33385722,31.6896452,34.14634146,26.01626016,c(-122.219098, 37.812188)
"529","Fortmann Home","LFH","11/23/2022","12/07/2022",14,"","CA",178285.25,46.03125,59.7050333820246,3304.34175616551,1445.57137252111,5579.2,5396,5815.36363636364,4929.75,24,45282.295448008,0.0144203904602451,3140157.37457627,809.017350345503,37.0884180790959,0.205729751288748,98.2008909836613,2.98275132788202,"Urban and Built-up",14.1699998855591,108.9,0.893137380480766,15.6666666666667,76.1426295,76.1426295,0,701,409.360657627075,1000,35,43.90243902,36.58536585,35.33385722,31.6896452,34.14634146,26.01626016,c(-122.219098, 37.812188)
"530","Fortmann Home","LFH","11/23/2022","12/07/2022",14,"","CA",178285.25,46.03125,59.7050333820246,3304.34175616551,1445.57137252111,5579.2,5396,5815.36363636364,4929.75,24,45282.295448008,0.0144203904602451,3140157.37457627,809.017350345503,37.0884180790959,0.205729751288748,98.2008909836613,2.98275132788202,"Urban and Built-up",14.1699998855591,108.9,0.893137380480766,11.6666666666667,168.7352002,168.7352002,0,499,409.360657627075,1000,35,43.90243902,36.58536585,35.33385722,31.6896452,34.14634146,26.01626016,c(-122.219098, 37.812188)
"531","Fortmann Home","LFH","11/23/2022","12/07/2022",14,"","CA",178285.25,46.03125,59.7050333820246,3304.34175616551,1445.57137252111,5579.2,5396,5815.36363636364,4929.75,24,45282.295448008,0.0144203904602451,3140157.37457627,809.017350345503,37.0884180790959,0.205729751288748,98.2008909836613,2.98275132788202,"Urban and Built-up",14.1699998855591,108.9,0.893137380480766,12.8333333333333,139.3280763,139.3280763,0,323,409.360657627075,1000,35,43.90243902,36.58536585,35.33385722,31.6896452,34.14634146,26.01626016,c(-122.219098, 37.812188)
"532","Fortmann Home","LFH","11/23/2022","12/07/2022",14,"","CA",178285.25,46.03125,59.7050333820246,3304.34175616551,1445.57137252111,5579.2,5396,5815.36363636364,4929.75,24,45282.295448008,0.0144203904602451,3140157.37457627,809.017350345503,37.0884180790959,0.205729751288748,98.2008909836613,2.98275132788202,"Urban and Built-up",14.1699998855591,108.9,0.893137380480766,13.1666666666667,39.6459595,39.6459595,0,440,409.360657627075,1000,35,43.90243902,36.58536585,35.33385722,31.6896452,34.14634146,26.01626016,c(-122.219098, 37.812188)
"533","Fortmann Home","LFH","11/23/2022","12/07/2022",14,"","CA",178285.25,46.03125,59.7050333820246,3304.34175616551,1445.57137252111,5579.2,5396,5815.36363636364,4929.75,24,45282.295448008,0.0144203904602451,3140157.37457627,809.017350345503,37.0884180790959,0.205729751288748,98.2008909836613,2.98275132788202,"Urban and Built-up",14.1699998855591,108.9,0.893137380480766,16.3333333333333,93.4240622,93.4240622,0,698,409.360657627075,1000,35,43.90243902,36.58536585,35.33385722,31.6896452,34.14634146,26.01626016,c(-122.219098, 37.812188)
"534","Fortmann Home","LFH","11/23/2022","12/07/2022",14,"","CA",178285.25,46.03125,59.7050333820246,3304.34175616551,1445.57137252111,5579.2,5396,5815.36363636364,4929.75,24,45282.295448008,0.0144203904602451,3140157.37457627,809.017350345503,37.0884180790959,0.205729751288748,98.2008909836613,2.98275132788202,"Urban and Built-up",14.1699998855591,108.9,0.893137380480766,14.8333333333333,80.5266777,80.5266777,0,522,409.360657627075,1000,35,43.90243902,36.58536585,35.33385722,31.6896452,34.14634146,26.01626016,c(-122.219098, 37.812188)
"535","Fortmann Home","LFH","11/23/2022","12/07/2022",14,"","CA",178285.25,46.03125,59.7050333820246,3304.34175616551,1445.57137252111,5579.2,5396,5815.36363636364,4929.75,24,45282.295448008,0.0144203904602451,3140157.37457627,809.017350345503,37.0884180790959,0.205729751288748,98.2008909836613,2.98275132788202,"Urban and Built-up",14.1699998855591,108.9,0.893137380480766,15,49.0673883,49.0673883,0,357,409.360657627075,1000,35,43.90243902,36.58536585,35.33385722,31.6896452,34.14634146,26.01626016,c(-122.219098, 37.812188)
"536","Fortmann Home","LFH","11/23/2022","12/07/2022",14,"","CA",178285.25,46.03125,59.7050333820246,3304.34175616551,1445.57137252111,5579.2,5396,5815.36363636364,4929.75,24,45282.295448008,0.0144203904602451,3140157.37457627,809.017350345503,37.0884180790959,0.205729751288748,98.2008909836613,2.98275132788202,"Urban and Built-up",14.1699998855591,108.9,0.893137380480766,13.8333333333333,69.6822,69.6822,0,520,409.360657627075,1000,35,43.90243902,36.58536585,35.33385722,31.6896452,34.14634146,26.01626016,c(-122.219098, 37.812188)
"537","Fortmann Home","LFH","11/23/2022","12/07/2022",14,"","CA",178285.25,46.03125,59.7050333820246,3304.34175616551,1445.57137252111,5579.2,5396,5815.36363636364,4929.75,24,45282.295448008,0.0144203904602451,3140157.37457627,809.017350345503,37.0884180790959,0.205729751288748,98.2008909836613,2.98275132788202,"Urban and Built-up",14.1699998855591,108.9,0.893137380480766,14.6666666666667,61.8152773,61.8152773,0,832,409.360657627075,1000,35,43.90243902,36.58536585,35.33385722,31.6896452,34.14634146,26.01626016,c(-122.219098, 37.812188)
"538","Fortmann Home","LFH","11/23/2022","12/07/2022",14,"","CA",178285.25,46.03125,59.7050333820246,3304.34175616551,1445.57137252111,5579.2,5396,5815.36363636364,4929.75,24,45282.295448008,0.0144203904602451,3140157.37457627,809.017350345503,37.0884180790959,0.205729751288748,98.2008909836613,2.98275132788202,"Urban and Built-up",14.1699998855591,108.9,0.893137380480766,12.8333333333333,93.737385,93.737385,0,313,409.360657627075,1000,35,43.90243902,36.58536585,35.33385722,31.6896452,34.14634146,26.01626016,c(-122.219098, 37.812188)
"539","Fortmann Home","LFH","11/23/2022","12/07/2022",14,"","CA",178285.25,46.03125,59.7050333820246,3304.34175616551,1445.57137252111,5579.2,5396,5815.36363636364,4929.75,24,45282.295448008,0.0144203904602451,3140157.37457627,809.017350345503,37.0884180790959,0.205729751288748,98.2008909836613,2.98275132788202,"Urban and Built-up",14.1699998855591,108.9,0.893137380480766,14.1666666666667,64.7033821,64.7033821,0,690,409.360657627075,1000,35,43.90243902,36.58536585,35.33385722,31.6896452,34.14634146,26.01626016,c(-122.219098, 37.812188)
"540","Frey Home",NA,"02/16/2023","02/24/2023",8,"","CA",105972.375,43.3277777777778,45.4180350755033,3899.96649705139,1594.63397860272,24225.6666666667,22259,24292.2857142857,23992.5,54,58960.0546869803,0.0187761464327645,3140157.37457685,898.820662228466,62.5813363405697,0.0979999297816492,5.10587800633977,3.27429412122921,"Urban and Built-up",14.25,100.1,0.88120847940445,12.3333333333333,488.968893,437.2624767,51.7064163,613,310.234618831539,1000,36,49.59349593,65.04065041,62.31199359,45.39014777,73.17073171,99.18699187,c(-122.232617, 37.761961)
"541","Frey Home",NA,"02/16/2023","02/24/2023",8,"","CA",105972.375,43.3277777777778,45.4180350755033,3899.96649705139,1594.63397860272,24225.6666666667,22259,24292.2857142857,23992.5,54,58960.0546869803,0.0187761464327645,3140157.37457685,898.820662228466,62.5813363405697,0.0979999297816492,5.10587800633977,3.27429412122921,"Urban and Built-up",14.25,100.1,0.88120847940445,13,51.3199519,51.3199519,0,416,310.234618831539,1000,36,49.59349593,65.04065041,62.31199359,45.39014777,73.17073171,99.18699187,c(-122.232617, 37.761961)
"542","Frey Home",NA,"02/16/2023","02/24/2023",8,"","CA",105972.375,43.3277777777778,45.4180350755033,3899.96649705139,1594.63397860272,24225.6666666667,22259,24292.2857142857,23992.5,54,58960.0546869803,0.0187761464327645,3140157.37457685,898.820662228466,62.5813363405697,0.0979999297816492,5.10587800633977,3.27429412122921,"Urban and Built-up",14.25,100.1,0.88120847940445,18.3333333333333,51.0184899,51.0184899,0,482,310.234618831539,1000,36,49.59349593,65.04065041,62.31199359,45.39014777,73.17073171,99.18699187,c(-122.232617, 37.761961)
"543","Frey Home",NA,"02/16/2023","02/24/2023",8,"","CA",105972.375,43.3277777777778,45.4180350755033,3899.96649705139,1594.63397860272,24225.6666666667,22259,24292.2857142857,23992.5,54,58960.0546869803,0.0187761464327645,3140157.37457685,898.820662228466,62.5813363405697,0.0979999297816492,5.10587800633977,3.27429412122921,"Urban and Built-up",14.25,100.1,0.88120847940445,19,97.2494173,90.1040266,7.1453907,605,310.234618831539,1000,36,49.59349593,65.04065041,62.31199359,45.39014777,73.17073171,99.18699187,c(-122.232617, 37.761961)
"544","Frey Home",NA,"02/16/2023","02/24/2023",8,"","CA",105972.375,43.3277777777778,45.4180350755033,3899.96649705139,1594.63397860272,24225.6666666667,22259,24292.2857142857,23992.5,54,58960.0546869803,0.0187761464327645,3140157.37457685,898.820662228466,62.5813363405697,0.0979999297816492,5.10587800633977,3.27429412122921,"Urban and Built-up",14.25,100.1,0.88120847940445,15.3333333333333,146.3805574,111.9637281,34.4168293,891,310.234618831539,1000,36,49.59349593,65.04065041,62.31199359,45.39014777,73.17073171,99.18699187,c(-122.232617, 37.761961)
"545","Frey Home",NA,"02/16/2023","02/24/2023",8,"","CA",105972.375,43.3277777777778,45.4180350755033,3899.96649705139,1594.63397860272,24225.6666666667,22259,24292.2857142857,23992.5,54,58960.0546869803,0.0187761464327645,3140157.37457685,898.820662228466,62.5813363405697,0.0979999297816492,5.10587800633977,3.27429412122921,"Urban and Built-up",14.25,100.1,0.88120847940445,18.5,109.289859,109.289859,0,358,310.234618831539,1000,36,49.59349593,65.04065041,62.31199359,45.39014777,73.17073171,99.18699187,c(-122.232617, 37.761961)
"546","Frey Home",NA,"02/16/2023","02/24/2023",8,"","CA",105972.375,43.3277777777778,45.4180350755033,3899.96649705139,1594.63397860272,24225.6666666667,22259,24292.2857142857,23992.5,54,58960.0546869803,0.0187761464327645,3140157.37457685,898.820662228466,62.5813363405697,0.0979999297816492,5.10587800633977,3.27429412122921,"Urban and Built-up",14.25,100.1,0.88120847940445,19.8333333333333,55.4094569,55.4094569,0,422,310.234618831539,1000,36,49.59349593,65.04065041,62.31199359,45.39014777,73.17073171,99.18699187,c(-122.232617, 37.761961)
"547","Frey Home",NA,"02/16/2023","02/24/2023",8,"","CA",105972.375,43.3277777777778,45.4180350755033,3899.96649705139,1594.63397860272,24225.6666666667,22259,24292.2857142857,23992.5,54,58960.0546869803,0.0187761464327645,3140157.37457685,898.820662228466,62.5813363405697,0.0979999297816492,5.10587800633977,3.27429412122921,"Urban and Built-up",14.25,100.1,0.88120847940445,15.5,88.3745737,78.9037249,9.4708488,700,310.234618831539,1000,36,49.59349593,65.04065041,62.31199359,45.39014777,73.17073171,99.18699187,c(-122.232617, 37.761961)
"548","Frey Home",NA,"02/16/2023","02/24/2023",8,"","CA",105972.375,43.3277777777778,45.4180350755033,3899.96649705139,1594.63397860272,24225.6666666667,22259,24292.2857142857,23992.5,54,58960.0546869803,0.0187761464327645,3140157.37457685,898.820662228466,62.5813363405697,0.0979999297816492,5.10587800633977,3.27429412122921,"Urban and Built-up",14.25,100.1,0.88120847940445,16.1666666666667,71.4964082,71.4964082,0,562,310.234618831539,1000,36,49.59349593,65.04065041,62.31199359,45.39014777,73.17073171,99.18699187,c(-122.232617, 37.761961)
"549","Frey Home",NA,"02/16/2023","02/24/2023",8,"","CA",105972.375,43.3277777777778,45.4180350755033,3899.96649705139,1594.63397860272,24225.6666666667,22259,24292.2857142857,23992.5,54,58960.0546869803,0.0187761464327645,3140157.37457685,898.820662228466,62.5813363405697,0.0979999297816492,5.10587800633977,3.27429412122921,"Urban and Built-up",14.25,100.1,0.88120847940445,16.3333333333333,49.1343524,49.1343524,0,690,310.234618831539,1000,36,49.59349593,65.04065041,62.31199359,45.39014777,73.17073171,99.18699187,c(-122.232617, 37.761961)
"550","Frey Home",NA,"02/16/2023","02/24/2023",8,"","CA",105972.375,43.3277777777778,45.4180350755033,3899.96649705139,1594.63397860272,24225.6666666667,22259,24292.2857142857,23992.5,54,58960.0546869803,0.0187761464327645,3140157.37457685,898.820662228466,62.5813363405697,0.0979999297816492,5.10587800633977,3.27429412122921,"Urban and Built-up",14.25,100.1,0.88120847940445,19.8333333333333,46.2815829,46.2815829,0,581,310.234618831539,1000,36,49.59349593,65.04065041,62.31199359,45.39014777,73.17073171,99.18699187,c(-122.232617, 37.761961)
"551","Frey Home",NA,"02/16/2023","02/24/2023",8,"","CA",105972.375,43.3277777777778,45.4180350755033,3899.96649705139,1594.63397860272,24225.6666666667,22259,24292.2857142857,23992.5,54,58960.0546869803,0.0187761464327645,3140157.37457685,898.820662228466,62.5813363405697,0.0979999297816492,5.10587800633977,3.27429412122921,"Urban and Built-up",14.25,100.1,0.88120847940445,15.6666666666667,161.6384882,152.7814358,8.8570524,384,310.234618831539,1000,36,49.59349593,65.04065041,62.31199359,45.39014777,73.17073171,99.18699187,c(-122.232617, 37.761961)
"552","Frey Home",NA,"02/16/2023","02/24/2023",8,"","CA",105972.375,43.3277777777778,45.4180350755033,3899.96649705139,1594.63397860272,24225.6666666667,22259,24292.2857142857,23992.5,54,58960.0546869803,0.0187761464327645,3140157.37457685,898.820662228466,62.5813363405697,0.0979999297816492,5.10587800633977,3.27429412122921,"Urban and Built-up",14.25,100.1,0.88120847940445,16.3333333333333,82.1525957,72.5080356,9.6445601,548,310.234618831539,1000,36,49.59349593,65.04065041,62.31199359,45.39014777,73.17073171,99.18699187,c(-122.232617, 37.761961)
"553","Frey Home",NA,"02/16/2023","02/24/2023",8,"","CA",105972.375,43.3277777777778,45.4180350755033,3899.96649705139,1594.63397860272,24225.6666666667,22259,24292.2857142857,23992.5,54,58960.0546869803,0.0187761464327645,3140157.37457685,898.820662228466,62.5813363405697,0.0979999297816492,5.10587800633977,3.27429412122921,"Urban and Built-up",14.25,100.1,0.88120847940445,15.8333333333333,72.4319288,72.4319288,0,602,310.234618831539,1000,36,49.59349593,65.04065041,62.31199359,45.39014777,73.17073171,99.18699187,c(-122.232617, 37.761961)
"554","Frey Home",NA,"02/16/2023","02/24/2023",8,"","CA",105972.375,43.3277777777778,45.4180350755033,3899.96649705139,1594.63397860272,24225.6666666667,22259,24292.2857142857,23992.5,54,58960.0546869803,0.0187761464327645,3140157.37457685,898.820662228466,62.5813363405697,0.0979999297816492,5.10587800633977,3.27429412122921,"Urban and Built-up",14.25,100.1,0.88120847940445,16.3333333333333,316.7332742,117.881526,198.8517482,921,310.234618831539,1000,36,49.59349593,65.04065041,62.31199359,45.39014777,73.17073171,99.18699187,c(-122.232617, 37.761961)
"555","Frey Home",NA,"02/16/2023","02/24/2023",8,"","CA",105972.375,43.3277777777778,45.4180350755033,3899.96649705139,1594.63397860272,24225.6666666667,22259,24292.2857142857,23992.5,54,58960.0546869803,0.0187761464327645,3140157.37457685,898.820662228466,62.5813363405697,0.0979999297816492,5.10587800633977,3.27429412122921,"Urban and Built-up",14.25,100.1,0.88120847940445,13.1666666666667,47.2255049,47.2255049,0,717,310.234618831539,1000,36,49.59349593,65.04065041,62.31199359,45.39014777,73.17073171,99.18699187,c(-122.232617, 37.761961)
"556","Frey Home",NA,"02/16/2023","02/24/2023",8,"","CA",105972.375,43.3277777777778,45.4180350755033,3899.96649705139,1594.63397860272,24225.6666666667,22259,24292.2857142857,23992.5,54,58960.0546869803,0.0187761464327645,3140157.37457685,898.820662228466,62.5813363405697,0.0979999297816492,5.10587800633977,3.27429412122921,"Urban and Built-up",14.25,100.1,0.88120847940445,14.3333333333333,48.5250038,48.5250038,0,684,310.234618831539,1000,36,49.59349593,65.04065041,62.31199359,45.39014777,73.17073171,99.18699187,c(-122.232617, 37.761961)
"557","Frey Home",NA,"02/16/2023","02/24/2023",8,"","CA",105972.375,43.3277777777778,45.4180350755033,3899.96649705139,1594.63397860272,24225.6666666667,22259,24292.2857142857,23992.5,54,58960.0546869803,0.0187761464327645,3140157.37457685,898.820662228466,62.5813363405697,0.0979999297816492,5.10587800633977,3.27429412122921,"Urban and Built-up",14.25,100.1,0.88120847940445,14.5,50.5027922,50.5027922,0,583,310.234618831539,1000,36,49.59349593,65.04065041,62.31199359,45.39014777,73.17073171,99.18699187,c(-122.232617, 37.761961)
"558","Fuller Home",NA,"01/25/2023","02/01/2023",7,"","CA",168084.666666667,46.2466666666667,58.4400058629658,2418.25883700988,1015.99340605544,5439.75,5239.5,5587.83333333333,4995.5,20,45129.6771049447,0.0143717883282934,3140157.37457662,809.320313657849,26.7248871331827,0.230164685690568,182.530060288251,2.85898818692466,"Urban and Built-up",13.9749999046326,113.2,0.789413794875145,13.8333333333333,149.9630132,149.9630132,0,466,1006.76562758051,1000,37,21.95121951,48.7804878,35.31514288,25.41496357,16.2601626,25.20325203,c(-122.202889, 37.813369)
"559","Fuller Home",NA,"01/25/2023","02/01/2023",7,"","CA",168084.666666667,46.2466666666667,58.4400058629658,2418.25883700988,1015.99340605544,5439.75,5239.5,5587.83333333333,4995.5,20,45129.6771049447,0.0143717883282934,3140157.37457662,809.320313657849,26.7248871331827,0.230164685690568,182.530060288251,2.85898818692466,"Urban and Built-up",13.9749999046326,113.2,0.789413794875145,12,146.5984996,146.5984996,0,595,1006.76562758051,1000,37,21.95121951,48.7804878,35.31514288,25.41496357,16.2601626,25.20325203,c(-122.202889, 37.813369)
"560","Fuller Home",NA,"01/25/2023","02/01/2023",7,"","CA",168084.666666667,46.2466666666667,58.4400058629658,2418.25883700988,1015.99340605544,5439.75,5239.5,5587.83333333333,4995.5,20,45129.6771049447,0.0143717883282934,3140157.37457662,809.320313657849,26.7248871331827,0.230164685690568,182.530060288251,2.85898818692466,"Urban and Built-up",13.9749999046326,113.2,0.789413794875145,10.8333333333333,130.2508578,130.2508578,0,350,1006.76562758051,1000,37,21.95121951,48.7804878,35.31514288,25.41496357,16.2601626,25.20325203,c(-122.202889, 37.813369)
"561","Fuller Home",NA,"01/25/2023","02/01/2023",7,"","CA",168084.666666667,46.2466666666667,58.4400058629658,2418.25883700988,1015.99340605544,5439.75,5239.5,5587.83333333333,4995.5,20,45129.6771049447,0.0143717883282934,3140157.37457662,809.320313657849,26.7248871331827,0.230164685690568,182.530060288251,2.85898818692466,"Urban and Built-up",13.9749999046326,113.2,0.789413794875145,14.6666666666667,352.9964347,352.9964347,0,1054,1006.76562758051,1000,37,21.95121951,48.7804878,35.31514288,25.41496357,16.2601626,25.20325203,c(-122.202889, 37.813369)
"562","Fuller Home",NA,"01/25/2023","02/01/2023",7,"","CA",168084.666666667,46.2466666666667,58.4400058629658,2418.25883700988,1015.99340605544,5439.75,5239.5,5587.83333333333,4995.5,20,45129.6771049447,0.0143717883282934,3140157.37457662,809.320313657849,26.7248871331827,0.230164685690568,182.530060288251,2.85898818692466,"Urban and Built-up",13.9749999046326,113.2,0.789413794875145,17.6666666666667,266.6448687,266.6448687,0,997,1006.76562758051,1000,37,21.95121951,48.7804878,35.31514288,25.41496357,16.2601626,25.20325203,c(-122.202889, 37.813369)
"563","Fuller Home",NA,"01/25/2023","02/01/2023",7,"","CA",168084.666666667,46.2466666666667,58.4400058629658,2418.25883700988,1015.99340605544,5439.75,5239.5,5587.83333333333,4995.5,20,45129.6771049447,0.0143717883282934,3140157.37457662,809.320313657849,26.7248871331827,0.230164685690568,182.530060288251,2.85898818692466,"Urban and Built-up",13.9749999046326,113.2,0.789413794875145,6.5,150.4498002,150.4498002,0,548,1006.76562758051,1000,37,21.95121951,48.7804878,35.31514288,25.41496357,16.2601626,25.20325203,c(-122.202889, 37.813369)
"564","Fuller Home",NA,"01/25/2023","02/01/2023",7,"","CA",168084.666666667,46.2466666666667,58.4400058629658,2418.25883700988,1015.99340605544,5439.75,5239.5,5587.83333333333,4995.5,20,45129.6771049447,0.0143717883282934,3140157.37457662,809.320313657849,26.7248871331827,0.230164685690568,182.530060288251,2.85898818692466,"Urban and Built-up",13.9749999046326,113.2,0.789413794875145,8.83333333333333,787.4103426,787.4103426,0,705,1006.76562758051,1000,37,21.95121951,48.7804878,35.31514288,25.41496357,16.2601626,25.20325203,c(-122.202889, 37.813369)
"565","Fuller Home",NA,"01/25/2023","02/01/2023",7,"","CA",168084.666666667,46.2466666666667,58.4400058629658,2418.25883700988,1015.99340605544,5439.75,5239.5,5587.83333333333,4995.5,20,45129.6771049447,0.0143717883282934,3140157.37457662,809.320313657849,26.7248871331827,0.230164685690568,182.530060288251,2.85898818692466,"Urban and Built-up",13.9749999046326,113.2,0.789413794875145,13.5,93.4635982,93.4635982,0,676,1006.76562758051,1000,37,21.95121951,48.7804878,35.31514288,25.41496357,16.2601626,25.20325203,c(-122.202889, 37.813369)
"566","Fuller Home",NA,"01/25/2023","02/01/2023",7,"","CA",168084.666666667,46.2466666666667,58.4400058629658,2418.25883700988,1015.99340605544,5439.75,5239.5,5587.83333333333,4995.5,20,45129.6771049447,0.0143717883282934,3140157.37457662,809.320313657849,26.7248871331827,0.230164685690568,182.530060288251,2.85898818692466,"Urban and Built-up",13.9749999046326,113.2,0.789413794875145,14.6666666666667,58.3934365,58.3934365,0,528,1006.76562758051,1000,37,21.95121951,48.7804878,35.31514288,25.41496357,16.2601626,25.20325203,c(-122.202889, 37.813369)
"567","Fuller Home",NA,"01/25/2023","02/01/2023",7,"","CA",168084.666666667,46.2466666666667,58.4400058629658,2418.25883700988,1015.99340605544,5439.75,5239.5,5587.83333333333,4995.5,20,45129.6771049447,0.0143717883282934,3140157.37457662,809.320313657849,26.7248871331827,0.230164685690568,182.530060288251,2.85898818692466,"Urban and Built-up",13.9749999046326,113.2,0.789413794875145,11.6666666666667,168.7352002,168.7352002,0,499,1006.76562758051,1000,37,21.95121951,48.7804878,35.31514288,25.41496357,16.2601626,25.20325203,c(-122.202889, 37.813369)
"568","Fuller Home",NA,"01/25/2023","02/01/2023",7,"","CA",168084.666666667,46.2466666666667,58.4400058629658,2418.25883700988,1015.99340605544,5439.75,5239.5,5587.83333333333,4995.5,20,45129.6771049447,0.0143717883282934,3140157.37457662,809.320313657849,26.7248871331827,0.230164685690568,182.530060288251,2.85898818692466,"Urban and Built-up",13.9749999046326,113.2,0.789413794875145,10.5,270.0971028,268.8267617,1.2703411,872,1006.76562758051,1000,37,21.95121951,48.7804878,35.31514288,25.41496357,16.2601626,25.20325203,c(-122.202889, 37.813369)
"569","Fuller Home",NA,"01/25/2023","02/01/2023",7,"","CA",168084.666666667,46.2466666666667,58.4400058629658,2418.25883700988,1015.99340605544,5439.75,5239.5,5587.83333333333,4995.5,20,45129.6771049447,0.0143717883282934,3140157.37457662,809.320313657849,26.7248871331827,0.230164685690568,182.530060288251,2.85898818692466,"Urban and Built-up",13.9749999046326,113.2,0.789413794875145,14.6666666666667,61.8152773,61.8152773,0,832,1006.76562758051,1000,37,21.95121951,48.7804878,35.31514288,25.41496357,16.2601626,25.20325203,c(-122.202889, 37.813369)
"570","Fuller Home",NA,"01/25/2023","02/01/2023",7,"","CA",168084.666666667,46.2466666666667,58.4400058629658,2418.25883700988,1015.99340605544,5439.75,5239.5,5587.83333333333,4995.5,20,45129.6771049447,0.0143717883282934,3140157.37457662,809.320313657849,26.7248871331827,0.230164685690568,182.530060288251,2.85898818692466,"Urban and Built-up",13.9749999046326,113.2,0.789413794875145,10.1666666666667,194.0770349,194.0770349,0,683,1006.76562758051,1000,37,21.95121951,48.7804878,35.31514288,25.41496357,16.2601626,25.20325203,c(-122.202889, 37.813369)
"571","Fuller Home",NA,"01/25/2023","02/01/2023",7,"","CA",168084.666666667,46.2466666666667,58.4400058629658,2418.25883700988,1015.99340605544,5439.75,5239.5,5587.83333333333,4995.5,20,45129.6771049447,0.0143717883282934,3140157.37457662,809.320313657849,26.7248871331827,0.230164685690568,182.530060288251,2.85898818692466,"Urban and Built-up",13.9749999046326,113.2,0.789413794875145,16,51.6041169,51.6041169,0,420,1006.76562758051,1000,37,21.95121951,48.7804878,35.31514288,25.41496357,16.2601626,25.20325203,c(-122.202889, 37.813369)
"572","Fuller Home",NA,"01/25/2023","02/01/2023",7,"","CA",168084.666666667,46.2466666666667,58.4400058629658,2418.25883700988,1015.99340605544,5439.75,5239.5,5587.83333333333,4995.5,20,45129.6771049447,0.0143717883282934,3140157.37457662,809.320313657849,26.7248871331827,0.230164685690568,182.530060288251,2.85898818692466,"Urban and Built-up",13.9749999046326,113.2,0.789413794875145,12.3333333333333,43.3321973,43.3321973,0,372,1006.76562758051,1000,37,21.95121951,48.7804878,35.31514288,25.41496357,16.2601626,25.20325203,c(-122.202889, 37.813369)
"573","Fuller Home",NA,"01/25/2023","02/01/2023",7,"","CA",168084.666666667,46.2466666666667,58.4400058629658,2418.25883700988,1015.99340605544,5439.75,5239.5,5587.83333333333,4995.5,20,45129.6771049447,0.0143717883282934,3140157.37457662,809.320313657849,26.7248871331827,0.230164685690568,182.530060288251,2.85898818692466,"Urban and Built-up",13.9749999046326,113.2,0.789413794875145,13.8333333333333,67.7691518,67.7691518,0,385,1006.76562758051,1000,37,21.95121951,48.7804878,35.31514288,25.41496357,16.2601626,25.20325203,c(-122.202889, 37.813369)
"574","Getz Home",NA,"11/09/2023","11/13/2023",4,"","CA",117701,38.0631578947368,55.7628569681759,6512.7462680334,3041.46270203275,45125,33856,53194,33021.5,35,55245.2748400248,0.0175931548167957,3140157.37457636,182.395770404721,40.9892836999432,0.19162600913803,150.504345543834,3.0089646136405,"Urban and Built-up",14.0299999237061,124.64,0.885847613215446,14.1666666666667,119.7463897,118.8481812,0.8982085,457,646.143917277475,1000,38,20.32520325,21.95121951,37.23613114,30.71184917,30.08130081,33.33333333,c(-122.260315, 37.879796)
"575","Getz Home",NA,"11/09/2023","11/13/2023",4,"","CA",117701,38.0631578947368,55.7628569681759,6512.7462680334,3041.46270203275,45125,33856,53194,33021.5,35,55245.2748400248,0.0175931548167957,3140157.37457636,182.395770404721,40.9892836999432,0.19162600913803,150.504345543834,3.0089646136405,"Urban and Built-up",14.0299999237061,124.64,0.885847613215446,12,125.1697405,125.1697405,0,487,646.143917277475,1000,38,20.32520325,21.95121951,37.23613114,30.71184917,30.08130081,33.33333333,c(-122.260315, 37.879796)
"576","Getz Home",NA,"11/09/2023","11/13/2023",4,"","CA",117701,38.0631578947368,55.7628569681759,6512.7462680334,3041.46270203275,45125,33856,53194,33021.5,35,55245.2748400248,0.0175931548167957,3140157.37457636,182.395770404721,40.9892836999432,0.19162600913803,150.504345543834,3.0089646136405,"Urban and Built-up",14.0299999237061,124.64,0.885847613215446,14.6666666666667,110.1416127,110.1416127,0,481,646.143917277475,1000,38,20.32520325,21.95121951,37.23613114,30.71184917,30.08130081,33.33333333,c(-122.260315, 37.879796)
"577","Getz Home",NA,"11/09/2023","11/13/2023",4,"","CA",117701,38.0631578947368,55.7628569681759,6512.7462680334,3041.46270203275,45125,33856,53194,33021.5,35,55245.2748400248,0.0175931548167957,3140157.37457636,182.395770404721,40.9892836999432,0.19162600913803,150.504345543834,3.0089646136405,"Urban and Built-up",14.0299999237061,124.64,0.885847613215446,16.6666666666667,34.9569899,34.9569899,0,529,646.143917277475,1000,38,20.32520325,21.95121951,37.23613114,30.71184917,30.08130081,33.33333333,c(-122.260315, 37.879796)
"578","Getz Home",NA,"11/09/2023","11/13/2023",4,"","CA",117701,38.0631578947368,55.7628569681759,6512.7462680334,3041.46270203275,45125,33856,53194,33021.5,35,55245.2748400248,0.0175931548167957,3140157.37457636,182.395770404721,40.9892836999432,0.19162600913803,150.504345543834,3.0089646136405,"Urban and Built-up",14.0299999237061,124.64,0.885847613215446,14.5,28.8103774,28.8103774,0,506,646.143917277475,1000,38,20.32520325,21.95121951,37.23613114,30.71184917,30.08130081,33.33333333,c(-122.260315, 37.879796)
"579","Getz Home",NA,"11/09/2023","11/13/2023",4,"","CA",117701,38.0631578947368,55.7628569681759,6512.7462680334,3041.46270203275,45125,33856,53194,33021.5,35,55245.2748400248,0.0175931548167957,3140157.37457636,182.395770404721,40.9892836999432,0.19162600913803,150.504345543834,3.0089646136405,"Urban and Built-up",14.0299999237061,124.64,0.885847613215446,11.1666666666667,104.6159625,104.6159625,0,406,646.143917277475,1000,38,20.32520325,21.95121951,37.23613114,30.71184917,30.08130081,33.33333333,c(-122.260315, 37.879796)
"580","Getz Home",NA,"11/09/2023","11/13/2023",4,"","CA",117701,38.0631578947368,55.7628569681759,6512.7462680334,3041.46270203275,45125,33856,53194,33021.5,35,55245.2748400248,0.0175931548167957,3140157.37457636,182.395770404721,40.9892836999432,0.19162600913803,150.504345543834,3.0089646136405,"Urban and Built-up",14.0299999237061,124.64,0.885847613215446,15.3333333333333,54.4895036,54.4895036,0,310,646.143917277475,1000,38,20.32520325,21.95121951,37.23613114,30.71184917,30.08130081,33.33333333,c(-122.260315, 37.879796)
"581","Getz Home",NA,"11/09/2023","11/13/2023",4,"","CA",117701,38.0631578947368,55.7628569681759,6512.7462680334,3041.46270203275,45125,33856,53194,33021.5,35,55245.2748400248,0.0175931548167957,3140157.37457636,182.395770404721,40.9892836999432,0.19162600913803,150.504345543834,3.0089646136405,"Urban and Built-up",14.0299999237061,124.64,0.885847613215446,15.3333333333333,45.2254775,45.2254775,0,280,646.143917277475,1000,38,20.32520325,21.95121951,37.23613114,30.71184917,30.08130081,33.33333333,c(-122.260315, 37.879796)
"582","Getz Home",NA,"11/09/2023","11/13/2023",4,"","CA",117701,38.0631578947368,55.7628569681759,6512.7462680334,3041.46270203275,45125,33856,53194,33021.5,35,55245.2748400248,0.0175931548167957,3140157.37457636,182.395770404721,40.9892836999432,0.19162600913803,150.504345543834,3.0089646136405,"Urban and Built-up",14.0299999237061,124.64,0.885847613215446,17,71.2245982,71.2245982,0,618,646.143917277475,1000,38,20.32520325,21.95121951,37.23613114,30.71184917,30.08130081,33.33333333,c(-122.260315, 37.879796)
"583","Getz Home",NA,"11/09/2023","11/13/2023",4,"","CA",117701,38.0631578947368,55.7628569681759,6512.7462680334,3041.46270203275,45125,33856,53194,33021.5,35,55245.2748400248,0.0175931548167957,3140157.37457636,182.395770404721,40.9892836999432,0.19162600913803,150.504345543834,3.0089646136405,"Urban and Built-up",14.0299999237061,124.64,0.885847613215446,19.3333333333333,35.6098281,35.6098281,0,315,646.143917277475,1000,38,20.32520325,21.95121951,37.23613114,30.71184917,30.08130081,33.33333333,c(-122.260315, 37.879796)
"584","Getz Home",NA,"11/09/2023","11/13/2023",4,"","CA",117701,38.0631578947368,55.7628569681759,6512.7462680334,3041.46270203275,45125,33856,53194,33021.5,35,55245.2748400248,0.0175931548167957,3140157.37457636,182.395770404721,40.9892836999432,0.19162600913803,150.504345543834,3.0089646136405,"Urban and Built-up",14.0299999237061,124.64,0.885847613215446,17.8333333333333,47.0036091,47.0036091,0,771,646.143917277475,1000,38,20.32520325,21.95121951,37.23613114,30.71184917,30.08130081,33.33333333,c(-122.260315, 37.879796)
"585","Getz Home",NA,"11/09/2023","11/13/2023",4,"","CA",117701,38.0631578947368,55.7628569681759,6512.7462680334,3041.46270203275,45125,33856,53194,33021.5,35,55245.2748400248,0.0175931548167957,3140157.37457636,182.395770404721,40.9892836999432,0.19162600913803,150.504345543834,3.0089646136405,"Urban and Built-up",14.0299999237061,124.64,0.885847613215446,17,30.2863057,30.2863057,0,353,646.143917277475,1000,38,20.32520325,21.95121951,37.23613114,30.71184917,30.08130081,33.33333333,c(-122.260315, 37.879796)
"586","Getz Home",NA,"11/09/2023","11/13/2023",4,"","CA",117701,38.0631578947368,55.7628569681759,6512.7462680334,3041.46270203275,45125,33856,53194,33021.5,35,55245.2748400248,0.0175931548167957,3140157.37457636,182.395770404721,40.9892836999432,0.19162600913803,150.504345543834,3.0089646136405,"Urban and Built-up",14.0299999237061,124.64,0.885847613215446,16.1666666666667,40.2234322,40.2234322,0,538,646.143917277475,1000,38,20.32520325,21.95121951,37.23613114,30.71184917,30.08130081,33.33333333,c(-122.260315, 37.879796)
"587","Getz Home",NA,"11/09/2023","11/13/2023",4,"","CA",117701,38.0631578947368,55.7628569681759,6512.7462680334,3041.46270203275,45125,33856,53194,33021.5,35,55245.2748400248,0.0175931548167957,3140157.37457636,182.395770404721,40.9892836999432,0.19162600913803,150.504345543834,3.0089646136405,"Urban and Built-up",14.0299999237061,124.64,0.885847613215446,15.3333333333333,38.377101,38.377101,0,326,646.143917277475,1000,38,20.32520325,21.95121951,37.23613114,30.71184917,30.08130081,33.33333333,c(-122.260315, 37.879796)
"588","Getz Home",NA,"11/09/2023","11/13/2023",4,"","CA",117701,38.0631578947368,55.7628569681759,6512.7462680334,3041.46270203275,45125,33856,53194,33021.5,35,55245.2748400248,0.0175931548167957,3140157.37457636,182.395770404721,40.9892836999432,0.19162600913803,150.504345543834,3.0089646136405,"Urban and Built-up",14.0299999237061,124.64,0.885847613215446,16.8333333333333,46.5615472,46.5615472,0,561,646.143917277475,1000,38,20.32520325,21.95121951,37.23613114,30.71184917,30.08130081,33.33333333,c(-122.260315, 37.879796)
"589","Getz Home",NA,"11/09/2023","11/13/2023",4,"","CA",117701,38.0631578947368,55.7628569681759,6512.7462680334,3041.46270203275,45125,33856,53194,33021.5,35,55245.2748400248,0.0175931548167957,3140157.37457636,182.395770404721,40.9892836999432,0.19162600913803,150.504345543834,3.0089646136405,"Urban and Built-up",14.0299999237061,124.64,0.885847613215446,14.6666666666667,64.6794134,64.6794134,0,438,646.143917277475,1000,38,20.32520325,21.95121951,37.23613114,30.71184917,30.08130081,33.33333333,c(-122.260315, 37.879796)
"590","Getz Home",NA,"11/09/2023","11/13/2023",4,"","CA",117701,38.0631578947368,55.7628569681759,6512.7462680334,3041.46270203275,45125,33856,53194,33021.5,35,55245.2748400248,0.0175931548167957,3140157.37457636,182.395770404721,40.9892836999432,0.19162600913803,150.504345543834,3.0089646136405,"Urban and Built-up",14.0299999237061,124.64,0.885847613215446,13.5,419.8940648,419.8940648,0,253,646.143917277475,1000,38,20.32520325,21.95121951,37.23613114,30.71184917,30.08130081,33.33333333,c(-122.260315, 37.879796)
"591","Getz Home",NA,"11/09/2023","11/13/2023",4,"","CA",117701,38.0631578947368,55.7628569681759,6512.7462680334,3041.46270203275,45125,33856,53194,33021.5,35,55245.2748400248,0.0175931548167957,3140157.37457636,182.395770404721,40.9892836999432,0.19162600913803,150.504345543834,3.0089646136405,"Urban and Built-up",14.0299999237061,124.64,0.885847613215446,19.6666666666667,95.2451892,95.2451892,0,841,646.143917277475,1000,38,20.32520325,21.95121951,37.23613114,30.71184917,30.08130081,33.33333333,c(-122.260315, 37.879796)
"592","Gunther-Murphy Home",NA,"02/16/2023","03/03/2023",15,"","CA",152301.529411765,43.8941176470588,60.0184875228868,6050.43946743811,3342.16839079879,11516.5,11581,11311.5833333333,12131.25,22,44957.0150087632,0.0143168031553894,3140157.374577,658.835892267071,41.445759368836,0.18895483224195,60.3041911338188,2.87800963487749,"Urban and Built-up",14.25,109.225,0.858052834868431,17.8333333333333,57.9788027,57.9788027,0,787,1065.12978142131,1000,39,31.70731707,46.34146341,40.13721943,34.70553882,47.15447154,43.90243902,c(-122.241171, 37.826941)
"593","Gunther-Murphy Home",NA,"02/16/2023","03/03/2023",15,"","CA",152301.529411765,43.8941176470588,60.0184875228868,6050.43946743811,3342.16839079879,11516.5,11581,11311.5833333333,12131.25,22,44957.0150087632,0.0143168031553894,3140157.374577,658.835892267071,41.445759368836,0.18895483224195,60.3041911338188,2.87800963487749,"Urban and Built-up",14.25,109.225,0.858052834868431,15.3333333333333,40.4307491,40.4307491,0,782,1065.12978142131,1000,39,31.70731707,46.34146341,40.13721943,34.70553882,47.15447154,43.90243902,c(-122.241171, 37.826941)
"594","Gunther-Murphy Home",NA,"02/16/2023","03/03/2023",15,"","CA",152301.529411765,43.8941176470588,60.0184875228868,6050.43946743811,3342.16839079879,11516.5,11581,11311.5833333333,12131.25,22,44957.0150087632,0.0143168031553894,3140157.374577,658.835892267071,41.445759368836,0.18895483224195,60.3041911338188,2.87800963487749,"Urban and Built-up",14.25,109.225,0.858052834868431,13.1666666666667,32.2744723,32.2744723,0,1116,1065.12978142131,1000,39,31.70731707,46.34146341,40.13721943,34.70553882,47.15447154,43.90243902,c(-122.241171, 37.826941)
"595","Gunther-Murphy Home",NA,"02/16/2023","03/03/2023",15,"","CA",152301.529411765,43.8941176470588,60.0184875228868,6050.43946743811,3342.16839079879,11516.5,11581,11311.5833333333,12131.25,22,44957.0150087632,0.0143168031553894,3140157.374577,658.835892267071,41.445759368836,0.18895483224195,60.3041911338188,2.87800963487749,"Urban and Built-up",14.25,109.225,0.858052834868431,13.1666666666667,58.4077683,58.4077683,0,772,1065.12978142131,1000,39,31.70731707,46.34146341,40.13721943,34.70553882,47.15447154,43.90243902,c(-122.241171, 37.826941)
"596","Gunther-Murphy Home",NA,"02/16/2023","03/03/2023",15,"","CA",152301.529411765,43.8941176470588,60.0184875228868,6050.43946743811,3342.16839079879,11516.5,11581,11311.5833333333,12131.25,22,44957.0150087632,0.0143168031553894,3140157.374577,658.835892267071,41.445759368836,0.18895483224195,60.3041911338188,2.87800963487749,"Urban and Built-up",14.25,109.225,0.858052834868431,14.8333333333333,113.5118096,113.5118096,0,430,1065.12978142131,1000,39,31.70731707,46.34146341,40.13721943,34.70553882,47.15447154,43.90243902,c(-122.241171, 37.826941)
"597","Gunther-Murphy Home",NA,"02/16/2023","03/03/2023",15,"","CA",152301.529411765,43.8941176470588,60.0184875228868,6050.43946743811,3342.16839079879,11516.5,11581,11311.5833333333,12131.25,22,44957.0150087632,0.0143168031553894,3140157.374577,658.835892267071,41.445759368836,0.18895483224195,60.3041911338188,2.87800963487749,"Urban and Built-up",14.25,109.225,0.858052834868431,18.3333333333333,152.8012038,152.8012038,0,974,1065.12978142131,1000,39,31.70731707,46.34146341,40.13721943,34.70553882,47.15447154,43.90243902,c(-122.241171, 37.826941)
"598","Gunther-Murphy Home",NA,"02/16/2023","03/03/2023",15,"","CA",152301.529411765,43.8941176470588,60.0184875228868,6050.43946743811,3342.16839079879,11516.5,11581,11311.5833333333,12131.25,22,44957.0150087632,0.0143168031553894,3140157.374577,658.835892267071,41.445759368836,0.18895483224195,60.3041911338188,2.87800963487749,"Urban and Built-up",14.25,109.225,0.858052834868431,14.8333333333333,112.5192089,112.5192089,0,775,1065.12978142131,1000,39,31.70731707,46.34146341,40.13721943,34.70553882,47.15447154,43.90243902,c(-122.241171, 37.826941)
"599","Gunther-Murphy Home",NA,"02/16/2023","03/03/2023",15,"","CA",152301.529411765,43.8941176470588,60.0184875228868,6050.43946743811,3342.16839079879,11516.5,11581,11311.5833333333,12131.25,22,44957.0150087632,0.0143168031553894,3140157.374577,658.835892267071,41.445759368836,0.18895483224195,60.3041911338188,2.87800963487749,"Urban and Built-up",14.25,109.225,0.858052834868431,17.5,70.2937725,70.2937725,0,603,1065.12978142131,1000,39,31.70731707,46.34146341,40.13721943,34.70553882,47.15447154,43.90243902,c(-122.241171, 37.826941)
"600","Gunther-Murphy Home",NA,"02/16/2023","03/03/2023",15,"","CA",152301.529411765,43.8941176470588,60.0184875228868,6050.43946743811,3342.16839079879,11516.5,11581,11311.5833333333,12131.25,22,44957.0150087632,0.0143168031553894,3140157.374577,658.835892267071,41.445759368836,0.18895483224195,60.3041911338188,2.87800963487749,"Urban and Built-up",14.25,109.225,0.858052834868431,15.1666666666667,114.3326758,114.3326758,0,489,1065.12978142131,1000,39,31.70731707,46.34146341,40.13721943,34.70553882,47.15447154,43.90243902,c(-122.241171, 37.826941)
"601","Gunther-Murphy Home",NA,"02/16/2023","03/03/2023",15,"","CA",152301.529411765,43.8941176470588,60.0184875228868,6050.43946743811,3342.16839079879,11516.5,11581,11311.5833333333,12131.25,22,44957.0150087632,0.0143168031553894,3140157.374577,658.835892267071,41.445759368836,0.18895483224195,60.3041911338188,2.87800963487749,"Urban and Built-up",14.25,109.225,0.858052834868431,17.8333333333333,76.2839707,76.2839707,0,697,1065.12978142131,1000,39,31.70731707,46.34146341,40.13721943,34.70553882,47.15447154,43.90243902,c(-122.241171, 37.826941)
"602","Gunther-Murphy Home",NA,"02/16/2023","03/03/2023",15,"","CA",152301.529411765,43.8941176470588,60.0184875228868,6050.43946743811,3342.16839079879,11516.5,11581,11311.5833333333,12131.25,22,44957.0150087632,0.0143168031553894,3140157.374577,658.835892267071,41.445759368836,0.18895483224195,60.3041911338188,2.87800963487749,"Urban and Built-up",14.25,109.225,0.858052834868431,17,65.4874304,65.4874304,0,1163,1065.12978142131,1000,39,31.70731707,46.34146341,40.13721943,34.70553882,47.15447154,43.90243902,c(-122.241171, 37.826941)
"603","Gunther-Murphy Home",NA,"02/16/2023","03/03/2023",15,"","CA",152301.529411765,43.8941176470588,60.0184875228868,6050.43946743811,3342.16839079879,11516.5,11581,11311.5833333333,12131.25,22,44957.0150087632,0.0143168031553894,3140157.374577,658.835892267071,41.445759368836,0.18895483224195,60.3041911338188,2.87800963487749,"Urban and Built-up",14.25,109.225,0.858052834868431,14,122.4642426,122.4642426,0,500,1065.12978142131,1000,39,31.70731707,46.34146341,40.13721943,34.70553882,47.15447154,43.90243902,c(-122.241171, 37.826941)
"604","Gunther-Murphy Home",NA,"02/16/2023","03/03/2023",15,"","CA",152301.529411765,43.8941176470588,60.0184875228868,6050.43946743811,3342.16839079879,11516.5,11581,11311.5833333333,12131.25,22,44957.0150087632,0.0143168031553894,3140157.374577,658.835892267071,41.445759368836,0.18895483224195,60.3041911338188,2.87800963487749,"Urban and Built-up",14.25,109.225,0.858052834868431,12.6666666666667,465.3552757,465.3552757,0,590,1065.12978142131,1000,39,31.70731707,46.34146341,40.13721943,34.70553882,47.15447154,43.90243902,c(-122.241171, 37.826941)
"605","Gunther-Murphy Home",NA,"02/16/2023","03/03/2023",15,"","CA",152301.529411765,43.8941176470588,60.0184875228868,6050.43946743811,3342.16839079879,11516.5,11581,11311.5833333333,12131.25,22,44957.0150087632,0.0143168031553894,3140157.374577,658.835892267071,41.445759368836,0.18895483224195,60.3041911338188,2.87800963487749,"Urban and Built-up",14.25,109.225,0.858052834868431,14.8333333333333,36.4116676,36.4116676,0,852,1065.12978142131,1000,39,31.70731707,46.34146341,40.13721943,34.70553882,47.15447154,43.90243902,c(-122.241171, 37.826941)
"606","Gunther-Murphy Home",NA,"02/16/2023","03/03/2023",15,"","CA",152301.529411765,43.8941176470588,60.0184875228868,6050.43946743811,3342.16839079879,11516.5,11581,11311.5833333333,12131.25,22,44957.0150087632,0.0143168031553894,3140157.374577,658.835892267071,41.445759368836,0.18895483224195,60.3041911338188,2.87800963487749,"Urban and Built-up",14.25,109.225,0.858052834868431,17.6666666666667,20.4638336,20.4638336,0,553,1065.12978142131,1000,39,31.70731707,46.34146341,40.13721943,34.70553882,47.15447154,43.90243902,c(-122.241171, 37.826941)
"607","Gunther-Murphy Home",NA,"02/16/2023","03/03/2023",15,"","CA",152301.529411765,43.8941176470588,60.0184875228868,6050.43946743811,3342.16839079879,11516.5,11581,11311.5833333333,12131.25,22,44957.0150087632,0.0143168031553894,3140157.374577,658.835892267071,41.445759368836,0.18895483224195,60.3041911338188,2.87800963487749,"Urban and Built-up",14.25,109.225,0.858052834868431,12.8333333333333,93.737385,93.737385,0,313,1065.12978142131,1000,39,31.70731707,46.34146341,40.13721943,34.70553882,47.15447154,43.90243902,c(-122.241171, 37.826941)
"608","Hamilton Home",NA,"01/24/2023","02/09/2023",16,"","CA",155328.333333333,46.9,51.5294275876768,1227.56624165842,349.006101012588,4537,4537,4537,NA,1,12640.2499782568,0.00402535556994545,3140157.3745765,775.698012567038,8.45914069081719,0.325749534864485,190.458354424065,1.28592157939277,"Urban and Built-up",14.1249997615814,102.025,0.647346258163452,6.83333333333333,853.3430472,853.3430472,0,1102,3541.09356219568,1000,40,0,0,20.33424694,20.08911244,1.62601626,0,c(-122.05723, 37.724943)
"609","Hamilton Home",NA,"01/24/2023","02/09/2023",16,"","CA",155328.333333333,46.9,51.5294275876768,1227.56624165842,349.006101012588,4537,4537,4537,NA,1,12640.2499782568,0.00402535556994545,3140157.3745765,775.698012567038,8.45914069081719,0.325749534864485,190.458354424065,1.28592157939277,"Urban and Built-up",14.1249997615814,102.025,0.647346258163452,5.5,20001.5524954,19136.5757331,864.9767623,1180,3541.09356219568,1000,40,0,0,20.33424694,20.08911244,1.62601626,0,c(-122.05723, 37.724943)
"610","Hamilton Home",NA,"01/24/2023","02/09/2023",16,"","CA",155328.333333333,46.9,51.5294275876768,1227.56624165842,349.006101012588,4537,4537,4537,NA,1,12640.2499782568,0.00402535556994545,3140157.3745765,775.698012567038,8.45914069081719,0.325749534864485,190.458354424065,1.28592157939277,"Urban and Built-up",14.1249997615814,102.025,0.647346258163452,8,169.5839887,169.5839887,0,661,3541.09356219568,1000,40,0,0,20.33424694,20.08911244,1.62601626,0,c(-122.05723, 37.724943)
"611","Harley Home",NA,"02/16/2023","02/23/2023",7,"","CA",179882.333333333,42.6916666666667,65.887878467474,3225.5061982059,1467.00342978786,14722.5,14712,14375.1666666667,15764.5,33,45965.5228100746,0.0146379678872862,3140157.37457642,466.999454900908,38.8006195437899,0.205631777555885,89.8102627493628,2.83040163211602,"Urban and Built-up",14.1999998092651,113.875,0.878357917070389,15.8333333333333,105.3990224,105.3990224,0,625,697.037348118815,1000,41,48.7804878,27.64227642,36.63747821,32.74203374,36.58536585,31.70731707,c(-122.241592, 37.841392)
"612","Harley Home",NA,"02/16/2023","02/23/2023",7,"","CA",179882.333333333,42.6916666666667,65.887878467474,3225.5061982059,1467.00342978786,14722.5,14712,14375.1666666667,15764.5,33,45965.5228100746,0.0146379678872862,3140157.37457642,466.999454900908,38.8006195437899,0.205631777555885,89.8102627493628,2.83040163211602,"Urban and Built-up",14.1999998092651,113.875,0.878357917070389,13.5,65.6532345,65.6532345,0,638,697.037348118815,1000,41,48.7804878,27.64227642,36.63747821,32.74203374,36.58536585,31.70731707,c(-122.241592, 37.841392)
"613","Harley Home",NA,"02/16/2023","02/23/2023",7,"","CA",179882.333333333,42.6916666666667,65.887878467474,3225.5061982059,1467.00342978786,14722.5,14712,14375.1666666667,15764.5,33,45965.5228100746,0.0146379678872862,3140157.37457642,466.999454900908,38.8006195437899,0.205631777555885,89.8102627493628,2.83040163211602,"Urban and Built-up",14.1999998092651,113.875,0.878357917070389,15.5,102.3483258,102.3483258,0,543,697.037348118815,1000,41,48.7804878,27.64227642,36.63747821,32.74203374,36.58536585,31.70731707,c(-122.241592, 37.841392)
"614","Harley Home",NA,"02/16/2023","02/23/2023",7,"","CA",179882.333333333,42.6916666666667,65.887878467474,3225.5061982059,1467.00342978786,14722.5,14712,14375.1666666667,15764.5,33,45965.5228100746,0.0146379678872862,3140157.37457642,466.999454900908,38.8006195437899,0.205631777555885,89.8102627493628,2.83040163211602,"Urban and Built-up",14.1999998092651,113.875,0.878357917070389,14.6666666666667,84.9114672,84.9114672,0,431,697.037348118815,1000,41,48.7804878,27.64227642,36.63747821,32.74203374,36.58536585,31.70731707,c(-122.241592, 37.841392)
"615","Harley Home",NA,"02/16/2023","02/23/2023",7,"","CA",179882.333333333,42.6916666666667,65.887878467474,3225.5061982059,1467.00342978786,14722.5,14712,14375.1666666667,15764.5,33,45965.5228100746,0.0146379678872862,3140157.37457642,466.999454900908,38.8006195437899,0.205631777555885,89.8102627493628,2.83040163211602,"Urban and Built-up",14.1999998092651,113.875,0.878357917070389,14.5,121.637446,121.637446,0,607,697.037348118815,1000,41,48.7804878,27.64227642,36.63747821,32.74203374,36.58536585,31.70731707,c(-122.241592, 37.841392)
"616","Harley Home",NA,"02/16/2023","02/23/2023",7,"","CA",179882.333333333,42.6916666666667,65.887878467474,3225.5061982059,1467.00342978786,14722.5,14712,14375.1666666667,15764.5,33,45965.5228100746,0.0146379678872862,3140157.37457642,466.999454900908,38.8006195437899,0.205631777555885,89.8102627493628,2.83040163211602,"Urban and Built-up",14.1999998092651,113.875,0.878357917070389,17.6666666666667,73.756879,73.756879,0,543,697.037348118815,1000,41,48.7804878,27.64227642,36.63747821,32.74203374,36.58536585,31.70731707,c(-122.241592, 37.841392)
"617","Harley Home",NA,"02/16/2023","02/23/2023",7,"","CA",179882.333333333,42.6916666666667,65.887878467474,3225.5061982059,1467.00342978786,14722.5,14712,14375.1666666667,15764.5,33,45965.5228100746,0.0146379678872862,3140157.37457642,466.999454900908,38.8006195437899,0.205631777555885,89.8102627493628,2.83040163211602,"Urban and Built-up",14.1999998092651,113.875,0.878357917070389,12.6666666666667,465.3552757,465.3552757,0,590,697.037348118815,1000,41,48.7804878,27.64227642,36.63747821,32.74203374,36.58536585,31.70731707,c(-122.241592, 37.841392)
"618","Harley Home",NA,"02/16/2023","02/23/2023",7,"","CA",179882.333333333,42.6916666666667,65.887878467474,3225.5061982059,1467.00342978786,14722.5,14712,14375.1666666667,15764.5,33,45965.5228100746,0.0146379678872862,3140157.37457642,466.999454900908,38.8006195437899,0.205631777555885,89.8102627493628,2.83040163211602,"Urban and Built-up",14.1999998092651,113.875,0.878357917070389,17,66.5556437,66.5556437,0,728,697.037348118815,1000,41,48.7804878,27.64227642,36.63747821,32.74203374,36.58536585,31.70731707,c(-122.241592, 37.841392)
"619","Harley Home",NA,"02/16/2023","02/23/2023",7,"","CA",179882.333333333,42.6916666666667,65.887878467474,3225.5061982059,1467.00342978786,14722.5,14712,14375.1666666667,15764.5,33,45965.5228100746,0.0146379678872862,3140157.37457642,466.999454900908,38.8006195437899,0.205631777555885,89.8102627493628,2.83040163211602,"Urban and Built-up",14.1999998092651,113.875,0.878357917070389,15.5,68.7958523,68.7958523,0,761,697.037348118815,1000,41,48.7804878,27.64227642,36.63747821,32.74203374,36.58536585,31.70731707,c(-122.241592, 37.841392)
"620","Harley Home",NA,"02/16/2023","02/23/2023",7,"","CA",179882.333333333,42.6916666666667,65.887878467474,3225.5061982059,1467.00342978786,14722.5,14712,14375.1666666667,15764.5,33,45965.5228100746,0.0146379678872862,3140157.37457642,466.999454900908,38.8006195437899,0.205631777555885,89.8102627493628,2.83040163211602,"Urban and Built-up",14.1999998092651,113.875,0.878357917070389,18.3333333333333,71.1818499,71.1818499,0,550,697.037348118815,1000,41,48.7804878,27.64227642,36.63747821,32.74203374,36.58536585,31.70731707,c(-122.241592, 37.841392)
"621","Harley Home",NA,"02/16/2023","02/23/2023",7,"","CA",179882.333333333,42.6916666666667,65.887878467474,3225.5061982059,1467.00342978786,14722.5,14712,14375.1666666667,15764.5,33,45965.5228100746,0.0146379678872862,3140157.37457642,466.999454900908,38.8006195437899,0.205631777555885,89.8102627493628,2.83040163211602,"Urban and Built-up",14.1999998092651,113.875,0.878357917070389,11.6666666666667,251.2329946,244.9882834,6.2447112,616,697.037348118815,1000,41,48.7804878,27.64227642,36.63747821,32.74203374,36.58536585,31.70731707,c(-122.241592, 37.841392)
"622","Herman Home",NA,"11/10/2023","11/18/2023",8,"","CA",91518.8666666667,35.86875,46.4910668685678,6857.78629794311,2937.58227587433,20565.6666666667,19606,20751.6666666667,20193.6666666667,22,63051.0012443526,0.0200789303602515,3140157.37457654,589.036657263014,64.6624401239785,0.126894101067832,34.0805652164105,3.3860483852456,"Temperate or Subpolar Needleaf Forest",14.2700000762939,114.36,0.942283481359482,15.5,45.12046,45.12046,0,396,472.91913415724,1000,42,63.41463415,57.72357724,49.5336294,40.41692514,65.04065041,61.78861789,c(-122.2730761, 37.8554234)
"623","Herman Home",NA,"11/10/2023","11/18/2023",8,"","CA",91518.8666666667,35.86875,46.4910668685678,6857.78629794311,2937.58227587433,20565.6666666667,19606,20751.6666666667,20193.6666666667,22,63051.0012443526,0.0200789303602515,3140157.37457654,589.036657263014,64.6624401239785,0.126894101067832,34.0805652164105,3.3860483852456,"Temperate or Subpolar Needleaf Forest",14.2700000762939,114.36,0.942283481359482,17.5,33.6577381,33.6577381,0,481,472.91913415724,1000,42,63.41463415,57.72357724,49.5336294,40.41692514,65.04065041,61.78861789,c(-122.2730761, 37.8554234)
"624","Herman Home",NA,"11/10/2023","11/18/2023",8,"","CA",91518.8666666667,35.86875,46.4910668685678,6857.78629794311,2937.58227587433,20565.6666666667,19606,20751.6666666667,20193.6666666667,22,63051.0012443526,0.0200789303602515,3140157.37457654,589.036657263014,64.6624401239785,0.126894101067832,34.0805652164105,3.3860483852456,"Temperate or Subpolar Needleaf Forest",14.2700000762939,114.36,0.942283481359482,17,38.4828598,38.4828598,0,449,472.91913415724,1000,42,63.41463415,57.72357724,49.5336294,40.41692514,65.04065041,61.78861789,c(-122.2730761, 37.8554234)
"625","Herman Home",NA,"11/10/2023","11/18/2023",8,"","CA",91518.8666666667,35.86875,46.4910668685678,6857.78629794311,2937.58227587433,20565.6666666667,19606,20751.6666666667,20193.6666666667,22,63051.0012443526,0.0200789303602515,3140157.37457654,589.036657263014,64.6624401239785,0.126894101067832,34.0805652164105,3.3860483852456,"Temperate or Subpolar Needleaf Forest",14.2700000762939,114.36,0.942283481359482,13.1666666666667,22.6822974,22.6822974,0,422,472.91913415724,1000,42,63.41463415,57.72357724,49.5336294,40.41692514,65.04065041,61.78861789,c(-122.2730761, 37.8554234)
"626","Herman Home",NA,"11/10/2023","11/18/2023",8,"","CA",91518.8666666667,35.86875,46.4910668685678,6857.78629794311,2937.58227587433,20565.6666666667,19606,20751.6666666667,20193.6666666667,22,63051.0012443526,0.0200789303602515,3140157.37457654,589.036657263014,64.6624401239785,0.126894101067832,34.0805652164105,3.3860483852456,"Temperate or Subpolar Needleaf Forest",14.2700000762939,114.36,0.942283481359482,18.8333333333333,40.8562553,40.8562553,0,495,472.91913415724,1000,42,63.41463415,57.72357724,49.5336294,40.41692514,65.04065041,61.78861789,c(-122.2730761, 37.8554234)
"627","Herman Home",NA,"11/10/2023","11/18/2023",8,"","CA",91518.8666666667,35.86875,46.4910668685678,6857.78629794311,2937.58227587433,20565.6666666667,19606,20751.6666666667,20193.6666666667,22,63051.0012443526,0.0200789303602515,3140157.37457654,589.036657263014,64.6624401239785,0.126894101067832,34.0805652164105,3.3860483852456,"Temperate or Subpolar Needleaf Forest",14.2700000762939,114.36,0.942283481359482,14.8333333333333,43.4725501,43.4725501,0,556,472.91913415724,1000,42,63.41463415,57.72357724,49.5336294,40.41692514,65.04065041,61.78861789,c(-122.2730761, 37.8554234)
"628","Herman Home",NA,"11/10/2023","11/18/2023",8,"","CA",91518.8666666667,35.86875,46.4910668685678,6857.78629794311,2937.58227587433,20565.6666666667,19606,20751.6666666667,20193.6666666667,22,63051.0012443526,0.0200789303602515,3140157.37457654,589.036657263014,64.6624401239785,0.126894101067832,34.0805652164105,3.3860483852456,"Temperate or Subpolar Needleaf Forest",14.2700000762939,114.36,0.942283481359482,14.1666666666667,37.3842532,37.3842532,0,542,472.91913415724,1000,42,63.41463415,57.72357724,49.5336294,40.41692514,65.04065041,61.78861789,c(-122.2730761, 37.8554234)
"629","Herman Home",NA,"11/10/2023","11/18/2023",8,"","CA",91518.8666666667,35.86875,46.4910668685678,6857.78629794311,2937.58227587433,20565.6666666667,19606,20751.6666666667,20193.6666666667,22,63051.0012443526,0.0200789303602515,3140157.37457654,589.036657263014,64.6624401239785,0.126894101067832,34.0805652164105,3.3860483852456,"Temperate or Subpolar Needleaf Forest",14.2700000762939,114.36,0.942283481359482,13.5,60.141669,60.141669,0,578,472.91913415724,1000,42,63.41463415,57.72357724,49.5336294,40.41692514,65.04065041,61.78861789,c(-122.2730761, 37.8554234)
"630","Herman Home",NA,"11/10/2023","11/18/2023",8,"","CA",91518.8666666667,35.86875,46.4910668685678,6857.78629794311,2937.58227587433,20565.6666666667,19606,20751.6666666667,20193.6666666667,22,63051.0012443526,0.0200789303602515,3140157.37457654,589.036657263014,64.6624401239785,0.126894101067832,34.0805652164105,3.3860483852456,"Temperate or Subpolar Needleaf Forest",14.2700000762939,114.36,0.942283481359482,19.6666666666667,95.2451892,95.2451892,0,841,472.91913415724,1000,42,63.41463415,57.72357724,49.5336294,40.41692514,65.04065041,61.78861789,c(-122.2730761, 37.8554234)
"631","Herman Home",NA,"11/10/2023","11/18/2023",8,"","CA",91518.8666666667,35.86875,46.4910668685678,6857.78629794311,2937.58227587433,20565.6666666667,19606,20751.6666666667,20193.6666666667,22,63051.0012443526,0.0200789303602515,3140157.37457654,589.036657263014,64.6624401239785,0.126894101067832,34.0805652164105,3.3860483852456,"Temperate or Subpolar Needleaf Forest",14.2700000762939,114.36,0.942283481359482,14,59.7359308,59.7359308,0,754,472.91913415724,1000,42,63.41463415,57.72357724,49.5336294,40.41692514,65.04065041,61.78861789,c(-122.2730761, 37.8554234)
"632","Herman Home",NA,"11/10/2023","11/18/2023",8,"","CA",91518.8666666667,35.86875,46.4910668685678,6857.78629794311,2937.58227587433,20565.6666666667,19606,20751.6666666667,20193.6666666667,22,63051.0012443526,0.0200789303602515,3140157.37457654,589.036657263014,64.6624401239785,0.126894101067832,34.0805652164105,3.3860483852456,"Temperate or Subpolar Needleaf Forest",14.2700000762939,114.36,0.942283481359482,17.1666666666667,89.6291004,89.6291004,0,1173,472.91913415724,1000,42,63.41463415,57.72357724,49.5336294,40.41692514,65.04065041,61.78861789,c(-122.2730761, 37.8554234)
"633","Herman Home",NA,"11/10/2023","11/18/2023",8,"","CA",91518.8666666667,35.86875,46.4910668685678,6857.78629794311,2937.58227587433,20565.6666666667,19606,20751.6666666667,20193.6666666667,22,63051.0012443526,0.0200789303602515,3140157.37457654,589.036657263014,64.6624401239785,0.126894101067832,34.0805652164105,3.3860483852456,"Temperate or Subpolar Needleaf Forest",14.2700000762939,114.36,0.942283481359482,16,55.0528916,55.0528916,0,579,472.91913415724,1000,42,63.41463415,57.72357724,49.5336294,40.41692514,65.04065041,61.78861789,c(-122.2730761, 37.8554234)
"634","Herman Home",NA,"11/10/2023","11/18/2023",8,"","CA",91518.8666666667,35.86875,46.4910668685678,6857.78629794311,2937.58227587433,20565.6666666667,19606,20751.6666666667,20193.6666666667,22,63051.0012443526,0.0200789303602515,3140157.37457654,589.036657263014,64.6624401239785,0.126894101067832,34.0805652164105,3.3860483852456,"Temperate or Subpolar Needleaf Forest",14.2700000762939,114.36,0.942283481359482,15.8333333333333,61.3729683,61.3729683,0,667,472.91913415724,1000,42,63.41463415,57.72357724,49.5336294,40.41692514,65.04065041,61.78861789,c(-122.2730761, 37.8554234)
"635","Herman Home",NA,"11/10/2023","11/18/2023",8,"","CA",91518.8666666667,35.86875,46.4910668685678,6857.78629794311,2937.58227587433,20565.6666666667,19606,20751.6666666667,20193.6666666667,22,63051.0012443526,0.0200789303602515,3140157.37457654,589.036657263014,64.6624401239785,0.126894101067832,34.0805652164105,3.3860483852456,"Temperate or Subpolar Needleaf Forest",14.2700000762939,114.36,0.942283481359482,16.6666666666667,63.1231776,63.1231776,0,489,472.91913415724,1000,42,63.41463415,57.72357724,49.5336294,40.41692514,65.04065041,61.78861789,c(-122.2730761, 37.8554234)
"636","Herman Home",NA,"11/10/2023","11/18/2023",8,"","CA",91518.8666666667,35.86875,46.4910668685678,6857.78629794311,2937.58227587433,20565.6666666667,19606,20751.6666666667,20193.6666666667,22,63051.0012443526,0.0200789303602515,3140157.37457654,589.036657263014,64.6624401239785,0.126894101067832,34.0805652164105,3.3860483852456,"Temperate or Subpolar Needleaf Forest",14.2700000762939,114.36,0.942283481359482,12.5,37.4569006,37.4569006,0,393,472.91913415724,1000,42,63.41463415,57.72357724,49.5336294,40.41692514,65.04065041,61.78861789,c(-122.2730761, 37.8554234)
"637","Herman Home",NA,"11/10/2023","11/18/2023",8,"","CA",91518.8666666667,35.86875,46.4910668685678,6857.78629794311,2937.58227587433,20565.6666666667,19606,20751.6666666667,20193.6666666667,22,63051.0012443526,0.0200789303602515,3140157.37457654,589.036657263014,64.6624401239785,0.126894101067832,34.0805652164105,3.3860483852456,"Temperate or Subpolar Needleaf Forest",14.2700000762939,114.36,0.942283481359482,13.6666666666667,61.2711631,61.2711631,0,742,472.91913415724,1000,42,63.41463415,57.72357724,49.5336294,40.41692514,65.04065041,61.78861789,c(-122.2730761, 37.8554234)
"638","Herman Home",NA,"11/10/2023","11/18/2023",8,"","CA",91518.8666666667,35.86875,46.4910668685678,6857.78629794311,2937.58227587433,20565.6666666667,19606,20751.6666666667,20193.6666666667,22,63051.0012443526,0.0200789303602515,3140157.37457654,589.036657263014,64.6624401239785,0.126894101067832,34.0805652164105,3.3860483852456,"Temperate or Subpolar Needleaf Forest",14.2700000762939,114.36,0.942283481359482,18.8333333333333,64.0997168,64.0997168,0,577,472.91913415724,1000,42,63.41463415,57.72357724,49.5336294,40.41692514,65.04065041,61.78861789,c(-122.2730761, 37.8554234)
"639","Herman Home",NA,"11/10/2023","11/18/2023",8,"","CA",91518.8666666667,35.86875,46.4910668685678,6857.78629794311,2937.58227587433,20565.6666666667,19606,20751.6666666667,20193.6666666667,22,63051.0012443526,0.0200789303602515,3140157.37457654,589.036657263014,64.6624401239785,0.126894101067832,34.0805652164105,3.3860483852456,"Temperate or Subpolar Needleaf Forest",14.2700000762939,114.36,0.942283481359482,15.1666666666667,34.7748772,34.7748772,0,427,472.91913415724,1000,42,63.41463415,57.72357724,49.5336294,40.41692514,65.04065041,61.78861789,c(-122.2730761, 37.8554234)
"640","Herman Home",NA,"11/10/2023","11/18/2023",8,"","CA",91518.8666666667,35.86875,46.4910668685678,6857.78629794311,2937.58227587433,20565.6666666667,19606,20751.6666666667,20193.6666666667,22,63051.0012443526,0.0200789303602515,3140157.37457654,589.036657263014,64.6624401239785,0.126894101067832,34.0805652164105,3.3860483852456,"Temperate or Subpolar Needleaf Forest",14.2700000762939,114.36,0.942283481359482,13.3333333333333,21.6738823,21.6738823,0,343,472.91913415724,1000,42,63.41463415,57.72357724,49.5336294,40.41692514,65.04065041,61.78861789,c(-122.2730761, 37.8554234)
"641","Herman Home",NA,"11/10/2023","11/18/2023",8,"","CA",91518.8666666667,35.86875,46.4910668685678,6857.78629794311,2937.58227587433,20565.6666666667,19606,20751.6666666667,20193.6666666667,22,63051.0012443526,0.0200789303602515,3140157.37457654,589.036657263014,64.6624401239785,0.126894101067832,34.0805652164105,3.3860483852456,"Temperate or Subpolar Needleaf Forest",14.2700000762939,114.36,0.942283481359482,14,28.1056482,28.1056482,0,533,472.91913415724,1000,42,63.41463415,57.72357724,49.5336294,40.41692514,65.04065041,61.78861789,c(-122.2730761, 37.8554234)
"642","Herman Home",NA,"11/10/2023","11/18/2023",8,"","CA",91518.8666666667,35.86875,46.4910668685678,6857.78629794311,2937.58227587433,20565.6666666667,19606,20751.6666666667,20193.6666666667,22,63051.0012443526,0.0200789303602515,3140157.37457654,589.036657263014,64.6624401239785,0.126894101067832,34.0805652164105,3.3860483852456,"Temperate or Subpolar Needleaf Forest",14.2700000762939,114.36,0.942283481359482,18.8333333333333,39.246893,39.246893,0,734,472.91913415724,1000,42,63.41463415,57.72357724,49.5336294,40.41692514,65.04065041,61.78861789,c(-122.2730761, 37.8554234)
"643","Herman Home",NA,"11/10/2023","11/18/2023",8,"","CA",91518.8666666667,35.86875,46.4910668685678,6857.78629794311,2937.58227587433,20565.6666666667,19606,20751.6666666667,20193.6666666667,22,63051.0012443526,0.0200789303602515,3140157.37457654,589.036657263014,64.6624401239785,0.126894101067832,34.0805652164105,3.3860483852456,"Temperate or Subpolar Needleaf Forest",14.2700000762939,114.36,0.942283481359482,17.8333333333333,48.7221896,48.7221896,0,645,472.91913415724,1000,42,63.41463415,57.72357724,49.5336294,40.41692514,65.04065041,61.78861789,c(-122.2730761, 37.8554234)
"644","Herman Home",NA,"11/10/2023","11/18/2023",8,"","CA",91518.8666666667,35.86875,46.4910668685678,6857.78629794311,2937.58227587433,20565.6666666667,19606,20751.6666666667,20193.6666666667,22,63051.0012443526,0.0200789303602515,3140157.37457654,589.036657263014,64.6624401239785,0.126894101067832,34.0805652164105,3.3860483852456,"Temperate or Subpolar Needleaf Forest",14.2700000762939,114.36,0.942283481359482,14.1666666666667,33.5509909,33.5509909,0,481,472.91913415724,1000,42,63.41463415,57.72357724,49.5336294,40.41692514,65.04065041,61.78861789,c(-122.2730761, 37.8554234)
"645","Herman Home",NA,"11/10/2023","11/18/2023",8,"","CA",91518.8666666667,35.86875,46.4910668685678,6857.78629794311,2937.58227587433,20565.6666666667,19606,20751.6666666667,20193.6666666667,22,63051.0012443526,0.0200789303602515,3140157.37457654,589.036657263014,64.6624401239785,0.126894101067832,34.0805652164105,3.3860483852456,"Temperate or Subpolar Needleaf Forest",14.2700000762939,114.36,0.942283481359482,15.8333333333333,57.8340021,57.8340021,0,672,472.91913415724,1000,42,63.41463415,57.72357724,49.5336294,40.41692514,65.04065041,61.78861789,c(-122.2730761, 37.8554234)
"646","Herman Home",NA,"11/10/2023","11/18/2023",8,"","CA",91518.8666666667,35.86875,46.4910668685678,6857.78629794311,2937.58227587433,20565.6666666667,19606,20751.6666666667,20193.6666666667,22,63051.0012443526,0.0200789303602515,3140157.37457654,589.036657263014,64.6624401239785,0.126894101067832,34.0805652164105,3.3860483852456,"Temperate or Subpolar Needleaf Forest",14.2700000762939,114.36,0.942283481359482,16.8333333333333,62.7928049,62.7928049,0,717,472.91913415724,1000,42,63.41463415,57.72357724,49.5336294,40.41692514,65.04065041,61.78861789,c(-122.2730761, 37.8554234)
"647","Herman Home",NA,"11/10/2023","11/18/2023",8,"","CA",91518.8666666667,35.86875,46.4910668685678,6857.78629794311,2937.58227587433,20565.6666666667,19606,20751.6666666667,20193.6666666667,22,63051.0012443526,0.0200789303602515,3140157.37457654,589.036657263014,64.6624401239785,0.126894101067832,34.0805652164105,3.3860483852456,"Temperate or Subpolar Needleaf Forest",14.2700000762939,114.36,0.942283481359482,14.8333333333333,49.4587947,49.4587947,0,599,472.91913415724,1000,42,63.41463415,57.72357724,49.5336294,40.41692514,65.04065041,61.78861789,c(-122.2730761, 37.8554234)
"648","Herman Home",NA,"11/10/2023","11/18/2023",8,"","CA",91518.8666666667,35.86875,46.4910668685678,6857.78629794311,2937.58227587433,20565.6666666667,19606,20751.6666666667,20193.6666666667,22,63051.0012443526,0.0200789303602515,3140157.37457654,589.036657263014,64.6624401239785,0.126894101067832,34.0805652164105,3.3860483852456,"Temperate or Subpolar Needleaf Forest",14.2700000762939,114.36,0.942283481359482,18.1666666666667,62.6919881,62.6919881,0,534,472.91913415724,1000,42,63.41463415,57.72357724,49.5336294,40.41692514,65.04065041,61.78861789,c(-122.2730761, 37.8554234)
"649","Herman Home",NA,"11/10/2023","11/18/2023",8,"","CA",91518.8666666667,35.86875,46.4910668685678,6857.78629794311,2937.58227587433,20565.6666666667,19606,20751.6666666667,20193.6666666667,22,63051.0012443526,0.0200789303602515,3140157.37457654,589.036657263014,64.6624401239785,0.126894101067832,34.0805652164105,3.3860483852456,"Temperate or Subpolar Needleaf Forest",14.2700000762939,114.36,0.942283481359482,19.1666666666667,48.9544636,48.9544636,0,395,472.91913415724,1000,42,63.41463415,57.72357724,49.5336294,40.41692514,65.04065041,61.78861789,c(-122.2730761, 37.8554234)
"650","Herman Home",NA,"11/10/2023","11/18/2023",8,"","CA",91518.8666666667,35.86875,46.4910668685678,6857.78629794311,2937.58227587433,20565.6666666667,19606,20751.6666666667,20193.6666666667,22,63051.0012443526,0.0200789303602515,3140157.37457654,589.036657263014,64.6624401239785,0.126894101067832,34.0805652164105,3.3860483852456,"Temperate or Subpolar Needleaf Forest",14.2700000762939,114.36,0.942283481359482,18.1666666666667,45.4458907,45.4458907,0,498,472.91913415724,1000,42,63.41463415,57.72357724,49.5336294,40.41692514,65.04065041,61.78861789,c(-122.2730761, 37.8554234)
"651","Herman Home",NA,"11/10/2023","11/18/2023",8,"","CA",91518.8666666667,35.86875,46.4910668685678,6857.78629794311,2937.58227587433,20565.6666666667,19606,20751.6666666667,20193.6666666667,22,63051.0012443526,0.0200789303602515,3140157.37457654,589.036657263014,64.6624401239785,0.126894101067832,34.0805652164105,3.3860483852456,"Temperate or Subpolar Needleaf Forest",14.2700000762939,114.36,0.942283481359482,17,73.1922555,73.1922555,0,715,472.91913415724,1000,42,63.41463415,57.72357724,49.5336294,40.41692514,65.04065041,61.78861789,c(-122.2730761, 37.8554234)
"652","Herman Home",NA,"11/10/2023","11/18/2023",8,"","CA",91518.8666666667,35.86875,46.4910668685678,6857.78629794311,2937.58227587433,20565.6666666667,19606,20751.6666666667,20193.6666666667,22,63051.0012443526,0.0200789303602515,3140157.37457654,589.036657263014,64.6624401239785,0.126894101067832,34.0805652164105,3.3860483852456,"Temperate or Subpolar Needleaf Forest",14.2700000762939,114.36,0.942283481359482,17.3333333333333,56.1487801,56.1487801,0,524,472.91913415724,1000,42,63.41463415,57.72357724,49.5336294,40.41692514,65.04065041,61.78861789,c(-122.2730761, 37.8554234)
"653","Hilltop Lake Park","HLP","11/09/2023","11/23/2023",14,"","CA",81778.8181818182,37.0416666666667,11.1510222284555,2977.29716205866,1226.76683191707,17384.2666666667,17922,17537.8181818182,16962,9,41114.0349846268,0.0130929855036871,3140157.37457654,629.526593901754,58.9751693002258,0.141676949274599,54.0458126187208,3.45212426538331,"Urban and Built-up",14.410000038147,129.06,0.883430451154709,12.8333333333333,139.1481875,139.1481875,0,723,394.974675863384,1000,43,70.73170732,83.7398374,51.87585032,38.38672356,60.16260163,65.85365854,c(-122.33052, 37.98424)
"654","Hilltop Lake Park","HLP","11/09/2023","11/23/2023",14,"","CA",81778.8181818182,37.0416666666667,11.1510222284555,2977.29716205866,1226.76683191707,17384.2666666667,17922,17537.8181818182,16962,9,41114.0349846268,0.0130929855036871,3140157.37457654,629.526593901754,58.9751693002258,0.141676949274599,54.0458126187208,3.45212426538331,"Urban and Built-up",14.410000038147,129.06,0.883430451154709,14.6666666666667,80.0601529,80.0601529,0,641,394.974675863384,1000,43,70.73170732,83.7398374,51.87585032,38.38672356,60.16260163,65.85365854,c(-122.33052, 37.98424)
"655","Hilltop Lake Park","HLP","11/09/2023","11/23/2023",14,"","CA",81778.8181818182,37.0416666666667,11.1510222284555,2977.29716205866,1226.76683191707,17384.2666666667,17922,17537.8181818182,16962,9,41114.0349846268,0.0130929855036871,3140157.37457654,629.526593901754,58.9751693002258,0.141676949274599,54.0458126187208,3.45212426538331,"Urban and Built-up",14.410000038147,129.06,0.883430451154709,14.8333333333333,89.9718281,89.9718281,0,495,394.974675863384,1000,43,70.73170732,83.7398374,51.87585032,38.38672356,60.16260163,65.85365854,c(-122.33052, 37.98424)
"656","Hilltop Lake Park","HLP","11/09/2023","11/23/2023",14,"","CA",81778.8181818182,37.0416666666667,11.1510222284555,2977.29716205866,1226.76683191707,17384.2666666667,17922,17537.8181818182,16962,9,41114.0349846268,0.0130929855036871,3140157.37457654,629.526593901754,58.9751693002258,0.141676949274599,54.0458126187208,3.45212426538331,"Urban and Built-up",14.410000038147,129.06,0.883430451154709,11,3721.2251832,2459.3638139,1261.8613693,2692,394.974675863384,1000,43,70.73170732,83.7398374,51.87585032,38.38672356,60.16260163,65.85365854,c(-122.33052, 37.98424)
"657","Hilltop Lake Park","HLP","11/09/2023","11/23/2023",14,"","CA",81778.8181818182,37.0416666666667,11.1510222284555,2977.29716205866,1226.76683191707,17384.2666666667,17922,17537.8181818182,16962,9,41114.0349846268,0.0130929855036871,3140157.37457654,629.526593901754,58.9751693002258,0.141676949274599,54.0458126187208,3.45212426538331,"Urban and Built-up",14.410000038147,129.06,0.883430451154709,16,173.4572812,167.0771592,6.380122,160,394.974675863384,1000,43,70.73170732,83.7398374,51.87585032,38.38672356,60.16260163,65.85365854,c(-122.33052, 37.98424)
"658","Hilltop Lake Park","HLP","11/09/2023","11/23/2023",14,"","CA",81778.8181818182,37.0416666666667,11.1510222284555,2977.29716205866,1226.76683191707,17384.2666666667,17922,17537.8181818182,16962,9,41114.0349846268,0.0130929855036871,3140157.37457654,629.526593901754,58.9751693002258,0.141676949274599,54.0458126187208,3.45212426538331,"Urban and Built-up",14.410000038147,129.06,0.883430451154709,16.8333333333333,233.7477044,233.7477044,0,1345,394.974675863384,1000,43,70.73170732,83.7398374,51.87585032,38.38672356,60.16260163,65.85365854,c(-122.33052, 37.98424)
"659","Hilltop Lake Park","HLP","11/09/2023","11/23/2023",14,"","CA",81778.8181818182,37.0416666666667,11.1510222284555,2977.29716205866,1226.76683191707,17384.2666666667,17922,17537.8181818182,16962,9,41114.0349846268,0.0130929855036871,3140157.37457654,629.526593901754,58.9751693002258,0.141676949274599,54.0458126187208,3.45212426538331,"Urban and Built-up",14.410000038147,129.06,0.883430451154709,18.1666666666667,254.4361519,254.4361519,0,754,394.974675863384,1000,43,70.73170732,83.7398374,51.87585032,38.38672356,60.16260163,65.85365854,c(-122.33052, 37.98424)
"660","Hilltop Lake Park","HLP","11/09/2023","11/23/2023",14,"","CA",81778.8181818182,37.0416666666667,11.1510222284555,2977.29716205866,1226.76683191707,17384.2666666667,17922,17537.8181818182,16962,9,41114.0349846268,0.0130929855036871,3140157.37457654,629.526593901754,58.9751693002258,0.141676949274599,54.0458126187208,3.45212426538331,"Urban and Built-up",14.410000038147,129.06,0.883430451154709,15,235.6128152,235.6128152,0,1345,394.974675863384,1000,43,70.73170732,83.7398374,51.87585032,38.38672356,60.16260163,65.85365854,c(-122.33052, 37.98424)
"661","Hilltop Lake Park","HLP","11/09/2023","11/23/2023",14,"","CA",81778.8181818182,37.0416666666667,11.1510222284555,2977.29716205866,1226.76683191707,17384.2666666667,17922,17537.8181818182,16962,9,41114.0349846268,0.0130929855036871,3140157.37457654,629.526593901754,58.9751693002258,0.141676949274599,54.0458126187208,3.45212426538331,"Urban and Built-up",14.410000038147,129.06,0.883430451154709,14.3333333333333,110.2911082,110.2911082,0,832,394.974675863384,1000,43,70.73170732,83.7398374,51.87585032,38.38672356,60.16260163,65.85365854,c(-122.33052, 37.98424)
"662","Hirooka Home",NA,"01/25/2023","02/01/2023",7,"","CA",200765.3,47.85,63.8163883889587,1640.102159978,622.493053861593,11197.625,11221.5,11505.8333333333,10273,24,50252.2227299623,0.0160030905255937,3140157.37457675,718.633615693454,18.2152327221439,0.249569052444455,232.987829344293,2.45735984598848,"Temperate or Subpolar Needleaf Forest",13.8299999237061,117.36,0.733849391341209,13.8333333333333,149.9630132,149.9630132,0,466,1006.76562758051,1000,44,15.44715447,13.82113821,30.58372507,25.52581661,17.07317073,4.87804878,c(-122.203413, 37.82243)
"663","Hirooka Home",NA,"01/25/2023","02/01/2023",7,"","CA",200765.3,47.85,63.8163883889587,1640.102159978,622.493053861593,11197.625,11221.5,11505.8333333333,10273,24,50252.2227299623,0.0160030905255937,3140157.37457675,718.633615693454,18.2152327221439,0.249569052444455,232.987829344293,2.45735984598848,"Temperate or Subpolar Needleaf Forest",13.8299999237061,117.36,0.733849391341209,6,89.3073762,89.3073762,0,391,1006.76562758051,1000,44,15.44715447,13.82113821,30.58372507,25.52581661,17.07317073,4.87804878,c(-122.203413, 37.82243)
"664","Hirooka Home",NA,"01/25/2023","02/01/2023",7,"","CA",200765.3,47.85,63.8163883889587,1640.102159978,622.493053861593,11197.625,11221.5,11505.8333333333,10273,24,50252.2227299623,0.0160030905255937,3140157.37457675,718.633615693454,18.2152327221439,0.249569052444455,232.987829344293,2.45735984598848,"Temperate or Subpolar Needleaf Forest",13.8299999237061,117.36,0.733849391341209,12,146.5984996,146.5984996,0,595,1006.76562758051,1000,44,15.44715447,13.82113821,30.58372507,25.52581661,17.07317073,4.87804878,c(-122.203413, 37.82243)
"665","Hirooka Home",NA,"01/25/2023","02/01/2023",7,"","CA",200765.3,47.85,63.8163883889587,1640.102159978,622.493053861593,11197.625,11221.5,11505.8333333333,10273,24,50252.2227299623,0.0160030905255937,3140157.37457675,718.633615693454,18.2152327221439,0.249569052444455,232.987829344293,2.45735984598848,"Temperate or Subpolar Needleaf Forest",13.8299999237061,117.36,0.733849391341209,17.6666666666667,266.6448687,266.6448687,0,997,1006.76562758051,1000,44,15.44715447,13.82113821,30.58372507,25.52581661,17.07317073,4.87804878,c(-122.203413, 37.82243)
"666","Hirooka Home",NA,"01/25/2023","02/01/2023",7,"","CA",200765.3,47.85,63.8163883889587,1640.102159978,622.493053861593,11197.625,11221.5,11505.8333333333,10273,24,50252.2227299623,0.0160030905255937,3140157.37457675,718.633615693454,18.2152327221439,0.249569052444455,232.987829344293,2.45735984598848,"Temperate or Subpolar Needleaf Forest",13.8299999237061,117.36,0.733849391341209,6.5,150.4498002,150.4498002,0,548,1006.76562758051,1000,44,15.44715447,13.82113821,30.58372507,25.52581661,17.07317073,4.87804878,c(-122.203413, 37.82243)
"667","Hirooka Home",NA,"01/25/2023","02/01/2023",7,"","CA",200765.3,47.85,63.8163883889587,1640.102159978,622.493053861593,11197.625,11221.5,11505.8333333333,10273,24,50252.2227299623,0.0160030905255937,3140157.37457675,718.633615693454,18.2152327221439,0.249569052444455,232.987829344293,2.45735984598848,"Temperate or Subpolar Needleaf Forest",13.8299999237061,117.36,0.733849391341209,8.83333333333333,787.4103426,787.4103426,0,705,1006.76562758051,1000,44,15.44715447,13.82113821,30.58372507,25.52581661,17.07317073,4.87804878,c(-122.203413, 37.82243)
"668","Hirooka Home",NA,"01/25/2023","02/01/2023",7,"","CA",200765.3,47.85,63.8163883889587,1640.102159978,622.493053861593,11197.625,11221.5,11505.8333333333,10273,24,50252.2227299623,0.0160030905255937,3140157.37457675,718.633615693454,18.2152327221439,0.249569052444455,232.987829344293,2.45735984598848,"Temperate or Subpolar Needleaf Forest",13.8299999237061,117.36,0.733849391341209,11.6666666666667,168.7352002,168.7352002,0,499,1006.76562758051,1000,44,15.44715447,13.82113821,30.58372507,25.52581661,17.07317073,4.87804878,c(-122.203413, 37.82243)
"669","Hirooka Home",NA,"01/25/2023","02/01/2023",7,"","CA",200765.3,47.85,63.8163883889587,1640.102159978,622.493053861593,11197.625,11221.5,11505.8333333333,10273,24,50252.2227299623,0.0160030905255937,3140157.37457675,718.633615693454,18.2152327221439,0.249569052444455,232.987829344293,2.45735984598848,"Temperate or Subpolar Needleaf Forest",13.8299999237061,117.36,0.733849391341209,12.8333333333333,139.3280763,139.3280763,0,323,1006.76562758051,1000,44,15.44715447,13.82113821,30.58372507,25.52581661,17.07317073,4.87804878,c(-122.203413, 37.82243)
"670","Hirooka Home",NA,"01/25/2023","02/01/2023",7,"","CA",200765.3,47.85,63.8163883889587,1640.102159978,622.493053861593,11197.625,11221.5,11505.8333333333,10273,24,50252.2227299623,0.0160030905255937,3140157.37457675,718.633615693454,18.2152327221439,0.249569052444455,232.987829344293,2.45735984598848,"Temperate or Subpolar Needleaf Forest",13.8299999237061,117.36,0.733849391341209,10.5,270.0971028,268.8267617,1.2703411,872,1006.76562758051,1000,44,15.44715447,13.82113821,30.58372507,25.52581661,17.07317073,4.87804878,c(-122.203413, 37.82243)
"671","Hirooka Home",NA,"01/25/2023","02/01/2023",7,"","CA",200765.3,47.85,63.8163883889587,1640.102159978,622.493053861593,11197.625,11221.5,11505.8333333333,10273,24,50252.2227299623,0.0160030905255937,3140157.37457675,718.633615693454,18.2152327221439,0.249569052444455,232.987829344293,2.45735984598848,"Temperate or Subpolar Needleaf Forest",13.8299999237061,117.36,0.733849391341209,10.3333333333333,165.7914979,165.7914979,0,557,1006.76562758051,1000,44,15.44715447,13.82113821,30.58372507,25.52581661,17.07317073,4.87804878,c(-122.203413, 37.82243)
"672","Hoover Home",NA,"11/21/2022","12/02/2022",11,"","CA",143363.058823529,45.2941176470588,56.7471883329677,3768.78285595503,1598.16067465584,12278.5,11576.5,12784.9,9746.5,4,46321.4674306615,0.0147513203655617,3140157.37457666,892.622973089399,46.4015215553676,0.177711037053578,69.1851789592404,2.48566219418491,"Urban and Built-up",14.25,127.7,0.881150498986244,17.3333333333333,51.221359,51.221359,0,319,411.493166665083,1000,45,27.64227642,28.45528455,44.1290947,30.96189056,30.89430894,52.03252033,c(-122.29124, 37.906637)
"673","Hoover Home",NA,"11/21/2022","12/02/2022",11,"","CA",143363.058823529,45.2941176470588,56.7471883329677,3768.78285595503,1598.16067465584,12278.5,11576.5,12784.9,9746.5,4,46321.4674306615,0.0147513203655617,3140157.37457666,892.622973089399,46.4015215553676,0.177711037053578,69.1851789592404,2.48566219418491,"Urban and Built-up",14.25,127.7,0.881150498986244,13.1666666666667,76.9975955,76.9975955,0,350,411.493166665083,1000,45,27.64227642,28.45528455,44.1290947,30.96189056,30.89430894,52.03252033,c(-122.29124, 37.906637)
"674","Hoover Home",NA,"11/21/2022","12/02/2022",11,"","CA",143363.058823529,45.2941176470588,56.7471883329677,3768.78285595503,1598.16067465584,12278.5,11576.5,12784.9,9746.5,4,46321.4674306615,0.0147513203655617,3140157.37457666,892.622973089399,46.4015215553676,0.177711037053578,69.1851789592404,2.48566219418491,"Urban and Built-up",14.25,127.7,0.881150498986244,15.5,82.6173908,82.6173908,0,565,411.493166665083,1000,45,27.64227642,28.45528455,44.1290947,30.96189056,30.89430894,52.03252033,c(-122.29124, 37.906637)
"675","Hoover Home",NA,"11/21/2022","12/02/2022",11,"","CA",143363.058823529,45.2941176470588,56.7471883329677,3768.78285595503,1598.16067465584,12278.5,11576.5,12784.9,9746.5,4,46321.4674306615,0.0147513203655617,3140157.37457666,892.622973089399,46.4015215553676,0.177711037053578,69.1851789592404,2.48566219418491,"Urban and Built-up",14.25,127.7,0.881150498986244,11.5,77.5296018,77.5296018,0,487,411.493166665083,1000,45,27.64227642,28.45528455,44.1290947,30.96189056,30.89430894,52.03252033,c(-122.29124, 37.906637)
"676","Hoover Home",NA,"11/21/2022","12/02/2022",11,"","CA",143363.058823529,45.2941176470588,56.7471883329677,3768.78285595503,1598.16067465584,12278.5,11576.5,12784.9,9746.5,4,46321.4674306615,0.0147513203655617,3140157.37457666,892.622973089399,46.4015215553676,0.177711037053578,69.1851789592404,2.48566219418491,"Urban and Built-up",14.25,127.7,0.881150498986244,16,71.3535844,71.3535844,0,752,411.493166665083,1000,45,27.64227642,28.45528455,44.1290947,30.96189056,30.89430894,52.03252033,c(-122.29124, 37.906637)
"677","Hoover Home",NA,"11/21/2022","12/02/2022",11,"","CA",143363.058823529,45.2941176470588,56.7471883329677,3768.78285595503,1598.16067465584,12278.5,11576.5,12784.9,9746.5,4,46321.4674306615,0.0147513203655617,3140157.37457666,892.622973089399,46.4015215553676,0.177711037053578,69.1851789592404,2.48566219418491,"Urban and Built-up",14.25,127.7,0.881150498986244,14.8333333333333,66.0429112,66.0429112,0,546,411.493166665083,1000,45,27.64227642,28.45528455,44.1290947,30.96189056,30.89430894,52.03252033,c(-122.29124, 37.906637)
"678","Hoover Home",NA,"11/21/2022","12/02/2022",11,"","CA",143363.058823529,45.2941176470588,56.7471883329677,3768.78285595503,1598.16067465584,12278.5,11576.5,12784.9,9746.5,4,46321.4674306615,0.0147513203655617,3140157.37457666,892.622973089399,46.4015215553676,0.177711037053578,69.1851789592404,2.48566219418491,"Urban and Built-up",14.25,127.7,0.881150498986244,13,112.8599598,112.8599598,0,416,411.493166665083,1000,45,27.64227642,28.45528455,44.1290947,30.96189056,30.89430894,52.03252033,c(-122.29124, 37.906637)
"679","Hoover Home",NA,"11/21/2022","12/02/2022",11,"","CA",143363.058823529,45.2941176470588,56.7471883329677,3768.78285595503,1598.16067465584,12278.5,11576.5,12784.9,9746.5,4,46321.4674306615,0.0147513203655617,3140157.37457666,892.622973089399,46.4015215553676,0.177711037053578,69.1851789592404,2.48566219418491,"Urban and Built-up",14.25,127.7,0.881150498986244,14.8333333333333,87.0958312,87.0958312,0,452,411.493166665083,1000,45,27.64227642,28.45528455,44.1290947,30.96189056,30.89430894,52.03252033,c(-122.29124, 37.906637)
"680","Hoover Home",NA,"11/21/2022","12/02/2022",11,"","CA",143363.058823529,45.2941176470588,56.7471883329677,3768.78285595503,1598.16067465584,12278.5,11576.5,12784.9,9746.5,4,46321.4674306615,0.0147513203655617,3140157.37457666,892.622973089399,46.4015215553676,0.177711037053578,69.1851789592404,2.48566219418491,"Urban and Built-up",14.25,127.7,0.881150498986244,11.8333333333333,228.8914481,228.8914481,0,890,411.493166665083,1000,45,27.64227642,28.45528455,44.1290947,30.96189056,30.89430894,52.03252033,c(-122.29124, 37.906637)
"681","Hoover Home",NA,"11/21/2022","12/02/2022",11,"","CA",143363.058823529,45.2941176470588,56.7471883329677,3768.78285595503,1598.16067465584,12278.5,11576.5,12784.9,9746.5,4,46321.4674306615,0.0147513203655617,3140157.37457666,892.622973089399,46.4015215553676,0.177711037053578,69.1851789592404,2.48566219418491,"Urban and Built-up",14.25,127.7,0.881150498986244,17,40.4218535,40.4218535,0,581,411.493166665083,1000,45,27.64227642,28.45528455,44.1290947,30.96189056,30.89430894,52.03252033,c(-122.29124, 37.906637)
"682","Hoover Home",NA,"11/21/2022","12/02/2022",11,"","CA",143363.058823529,45.2941176470588,56.7471883329677,3768.78285595503,1598.16067465584,12278.5,11576.5,12784.9,9746.5,4,46321.4674306615,0.0147513203655617,3140157.37457666,892.622973089399,46.4015215553676,0.177711037053578,69.1851789592404,2.48566219418491,"Urban and Built-up",14.25,127.7,0.881150498986244,14.3333333333333,67.6001354,67.6001354,0,476,411.493166665083,1000,45,27.64227642,28.45528455,44.1290947,30.96189056,30.89430894,52.03252033,c(-122.29124, 37.906637)
"683","Hoover Home",NA,"11/21/2022","12/02/2022",11,"","CA",143363.058823529,45.2941176470588,56.7471883329677,3768.78285595503,1598.16067465584,12278.5,11576.5,12784.9,9746.5,4,46321.4674306615,0.0147513203655617,3140157.37457666,892.622973089399,46.4015215553676,0.177711037053578,69.1851789592404,2.48566219418491,"Urban and Built-up",14.25,127.7,0.881150498986244,13,36.8139464,36.8139464,0,328,411.493166665083,1000,45,27.64227642,28.45528455,44.1290947,30.96189056,30.89430894,52.03252033,c(-122.29124, 37.906637)
"684","Hoover Home",NA,"11/21/2022","12/02/2022",11,"","CA",143363.058823529,45.2941176470588,56.7471883329677,3768.78285595503,1598.16067465584,12278.5,11576.5,12784.9,9746.5,4,46321.4674306615,0.0147513203655617,3140157.37457666,892.622973089399,46.4015215553676,0.177711037053578,69.1851789592404,2.48566219418491,"Urban and Built-up",14.25,127.7,0.881150498986244,16.8333333333333,91.3768387,91.3768387,0,798,411.493166665083,1000,45,27.64227642,28.45528455,44.1290947,30.96189056,30.89430894,52.03252033,c(-122.29124, 37.906637)
"685","Hoover Home",NA,"11/21/2022","12/02/2022",11,"","CA",143363.058823529,45.2941176470588,56.7471883329677,3768.78285595503,1598.16067465584,12278.5,11576.5,12784.9,9746.5,4,46321.4674306615,0.0147513203655617,3140157.37457666,892.622973089399,46.4015215553676,0.177711037053578,69.1851789592404,2.48566219418491,"Urban and Built-up",14.25,127.7,0.881150498986244,14.3333333333333,51.9221346,51.9221346,0,614,411.493166665083,1000,45,27.64227642,28.45528455,44.1290947,30.96189056,30.89430894,52.03252033,c(-122.29124, 37.906637)
"686","Hoover Home",NA,"11/21/2022","12/02/2022",11,"","CA",143363.058823529,45.2941176470588,56.7471883329677,3768.78285595503,1598.16067465584,12278.5,11576.5,12784.9,9746.5,4,46321.4674306615,0.0147513203655617,3140157.37457666,892.622973089399,46.4015215553676,0.177711037053578,69.1851789592404,2.48566219418491,"Urban and Built-up",14.25,127.7,0.881150498986244,19.5,115.2798101,115.2798101,0,582,411.493166665083,1000,45,27.64227642,28.45528455,44.1290947,30.96189056,30.89430894,52.03252033,c(-122.29124, 37.906637)
"687","Hoover Home",NA,"11/21/2022","12/02/2022",11,"","CA",143363.058823529,45.2941176470588,56.7471883329677,3768.78285595503,1598.16067465584,12278.5,11576.5,12784.9,9746.5,4,46321.4674306615,0.0147513203655617,3140157.37457666,892.622973089399,46.4015215553676,0.177711037053578,69.1851789592404,2.48566219418491,"Urban and Built-up",14.25,127.7,0.881150498986244,10.8333333333333,90.7778683,90.7778683,0,394,411.493166665083,1000,45,27.64227642,28.45528455,44.1290947,30.96189056,30.89430894,52.03252033,c(-122.29124, 37.906637)
"688","Hoover Home",NA,"11/21/2022","12/02/2022",11,"","CA",143363.058823529,45.2941176470588,56.7471883329677,3768.78285595503,1598.16067465584,12278.5,11576.5,12784.9,9746.5,4,46321.4674306615,0.0147513203655617,3140157.37457666,892.622973089399,46.4015215553676,0.177711037053578,69.1851789592404,2.48566219418491,"Urban and Built-up",14.25,127.7,0.881150498986244,12.8333333333333,81.1933535,81.1933535,0,338,411.493166665083,1000,45,27.64227642,28.45528455,44.1290947,30.96189056,30.89430894,52.03252033,c(-122.29124, 37.906637)
"689","Huckleberry Botanic Regional Preserve","HBRP","11/06/2023","11/20/2023",14,"","CA",200198.25,43.8875,62.5300007930774,1185.49305482297,453.55755812317,10270.3333333333,9663,10270.3333333333,NA,1,21757.9956199956,0.00692895069404911,3140157.37457655,618.840951492197,6.57925967787529,0.292001843816029,371.904948682368,1.45317381124852,"Urban and Built-up",13.6099996566772,125.56,0.555130377411842,9.5,544.445314,544.445314,0,1161,1449.47673366082,1000,46,22.76422764,4.06504065,31.4845626,28.05828384,24.3902439,8.943089431,c(-122.19529, 37.84394)
"690","Huckleberry Botanic Regional Preserve","HBRP","11/06/2023","11/20/2023",14,"","CA",200198.25,43.8875,62.5300007930774,1185.49305482297,453.55755812317,10270.3333333333,9663,10270.3333333333,NA,1,21757.9956199956,0.00692895069404911,3140157.37457655,618.840951492197,6.57925967787529,0.292001843816029,371.904948682368,1.45317381124852,"Urban and Built-up",13.6099996566772,125.56,0.555130377411842,5.83333333333333,335.2294505,335.2294505,0,904,1449.47673366082,1000,46,22.76422764,4.06504065,31.4845626,28.05828384,24.3902439,8.943089431,c(-122.19529, 37.84394)
"691","Huckleberry Botanic Regional Preserve","HBRP","11/06/2023","11/20/2023",14,"","CA",200198.25,43.8875,62.5300007930774,1185.49305482297,453.55755812317,10270.3333333333,9663,10270.3333333333,NA,1,21757.9956199956,0.00692895069404911,3140157.37457655,618.840951492197,6.57925967787529,0.292001843816029,371.904948682368,1.45317381124852,"Urban and Built-up",13.6099996566772,125.56,0.555130377411842,11,168.1078133,168.1078133,0,690,1449.47673366082,1000,46,22.76422764,4.06504065,31.4845626,28.05828384,24.3902439,8.943089431,c(-122.19529, 37.84394)
"692","Huckleberry Botanic Regional Preserve","HBRP","11/06/2023","11/20/2023",14,"","CA",200198.25,43.8875,62.5300007930774,1185.49305482297,453.55755812317,10270.3333333333,9663,10270.3333333333,NA,1,21757.9956199956,0.00692895069404911,3140157.37457655,618.840951492197,6.57925967787529,0.292001843816029,371.904948682368,1.45317381124852,"Urban and Built-up",13.6099996566772,125.56,0.555130377411842,12.3333333333333,125.670118,125.670118,0,458,1449.47673366082,1000,46,22.76422764,4.06504065,31.4845626,28.05828384,24.3902439,8.943089431,c(-122.19529, 37.84394)
"693","Huckleberry Botanic Regional Preserve","HBRP","11/06/2023","11/20/2023",14,"","CA",200198.25,43.8875,62.5300007930774,1185.49305482297,453.55755812317,10270.3333333333,9663,10270.3333333333,NA,1,21757.9956199956,0.00692895069404911,3140157.37457655,618.840951492197,6.57925967787529,0.292001843816029,371.904948682368,1.45317381124852,"Urban and Built-up",13.6099996566772,125.56,0.555130377411842,14.6666666666667,198.5317537,198.5317537,0,769,1449.47673366082,1000,46,22.76422764,4.06504065,31.4845626,28.05828384,24.3902439,8.943089431,c(-122.19529, 37.84394)
"694","Huckleberry Botanic Regional Preserve","HBRP","11/06/2023","11/20/2023",14,"","CA",200198.25,43.8875,62.5300007930774,1185.49305482297,453.55755812317,10270.3333333333,9663,10270.3333333333,NA,1,21757.9956199956,0.00692895069404911,3140157.37457655,618.840951492197,6.57925967787529,0.292001843816029,371.904948682368,1.45317381124852,"Urban and Built-up",13.6099996566772,125.56,0.555130377411842,7.83333333333333,3409.6936111,3409.6936111,0,1153,1449.47673366082,1000,46,22.76422764,4.06504065,31.4845626,28.05828384,24.3902439,8.943089431,c(-122.19529, 37.84394)
"695","Huckleberry Botanic Regional Preserve","HBRP","11/06/2023","11/20/2023",14,"","CA",200198.25,43.8875,62.5300007930774,1185.49305482297,453.55755812317,10270.3333333333,9663,10270.3333333333,NA,1,21757.9956199956,0.00692895069404911,3140157.37457655,618.840951492197,6.57925967787529,0.292001843816029,371.904948682368,1.45317381124852,"Urban and Built-up",13.6099996566772,125.56,0.555130377411842,11.5,2958.7697167,2958.283671,0.4860457,961,1449.47673366082,1000,46,22.76422764,4.06504065,31.4845626,28.05828384,24.3902439,8.943089431,c(-122.19529, 37.84394)
"696","Huntsinger Home","LHH","11/21/2022","12/02/2022",11,"IOR (2)","CA",124617.333333333,45.4307692307692,44.7128226917195,2594.83829355158,1127.10180345511,3589.75,3359.5,3665.8,3209.5,1,38430.869863832,0.0122385171440692,3140157.37457667,373.286740581881,37.0632411067194,0.208857222027556,126.627725292176,2.32593247776619,"Urban and Built-up",14.1300001144409,131.36,0.81481682062149,14.3333333333333,46.687074,46.687074,0,336,967.770809066389,1000,47,53.65853659,62.60162602,49.44739478,29.37104315,27.64227642,60.97560976,c(-122.30608, 37.92895)
"697","Huntsinger Home","LHH","11/21/2022","12/02/2022",11,"IOR (2)","CA",124617.333333333,45.4307692307692,44.7128226917195,2594.83829355158,1127.10180345511,3589.75,3359.5,3665.8,3209.5,1,38430.869863832,0.0122385171440692,3140157.37457667,373.286740581881,37.0632411067194,0.208857222027556,126.627725292176,2.32593247776619,"Urban and Built-up",14.1300001144409,131.36,0.81481682062149,12.5,402.8095708,402.8095708,0,930,967.770809066389,1000,47,53.65853659,62.60162602,49.44739478,29.37104315,27.64227642,60.97560976,c(-122.30608, 37.92895)
"698","Huntsinger Home","LHH","11/21/2022","12/02/2022",11,"IOR (2)","CA",124617.333333333,45.4307692307692,44.7128226917195,2594.83829355158,1127.10180345511,3589.75,3359.5,3665.8,3209.5,1,38430.869863832,0.0122385171440692,3140157.37457667,373.286740581881,37.0632411067194,0.208857222027556,126.627725292176,2.32593247776619,"Urban and Built-up",14.1300001144409,131.36,0.81481682062149,17.6666666666667,169.0166471,169.0166471,0,542,967.770809066389,1000,47,53.65853659,62.60162602,49.44739478,29.37104315,27.64227642,60.97560976,c(-122.30608, 37.92895)
"699","Huntsinger Home","LHH","11/21/2022","12/02/2022",11,"IOR (2)","CA",124617.333333333,45.4307692307692,44.7128226917195,2594.83829355158,1127.10180345511,3589.75,3359.5,3665.8,3209.5,1,38430.869863832,0.0122385171440692,3140157.37457667,373.286740581881,37.0632411067194,0.208857222027556,126.627725292176,2.32593247776619,"Urban and Built-up",14.1300001144409,131.36,0.81481682062149,13,82.7115359,82.7115359,0,527,967.770809066389,1000,47,53.65853659,62.60162602,49.44739478,29.37104315,27.64227642,60.97560976,c(-122.30608, 37.92895)
"700","Huntsinger Home","LHH","11/21/2022","12/02/2022",11,"IOR (2)","CA",124617.333333333,45.4307692307692,44.7128226917195,2594.83829355158,1127.10180345511,3589.75,3359.5,3665.8,3209.5,1,38430.869863832,0.0122385171440692,3140157.37457667,373.286740581881,37.0632411067194,0.208857222027556,126.627725292176,2.32593247776619,"Urban and Built-up",14.1300001144409,131.36,0.81481682062149,10.5,2208.2724076,2208.2724076,0,966,967.770809066389,1000,47,53.65853659,62.60162602,49.44739478,29.37104315,27.64227642,60.97560976,c(-122.30608, 37.92895)
"701","Huntsinger Home","LHH","11/21/2022","12/02/2022",11,"IOR (2)","CA",124617.333333333,45.4307692307692,44.7128226917195,2594.83829355158,1127.10180345511,3589.75,3359.5,3665.8,3209.5,1,38430.869863832,0.0122385171440692,3140157.37457667,373.286740581881,37.0632411067194,0.208857222027556,126.627725292176,2.32593247776619,"Urban and Built-up",14.1300001144409,131.36,0.81481682062149,13.3333333333333,81.6008214,81.6008214,0,613,967.770809066389,1000,47,53.65853659,62.60162602,49.44739478,29.37104315,27.64227642,60.97560976,c(-122.30608, 37.92895)
"702","Huntsinger Home","LHH","11/21/2022","12/02/2022",11,"IOR (2)","CA",124617.333333333,45.4307692307692,44.7128226917195,2594.83829355158,1127.10180345511,3589.75,3359.5,3665.8,3209.5,1,38430.869863832,0.0122385171440692,3140157.37457667,373.286740581881,37.0632411067194,0.208857222027556,126.627725292176,2.32593247776619,"Urban and Built-up",14.1300001144409,131.36,0.81481682062149,14.6666666666667,66.0985087,66.0985087,0,351,967.770809066389,1000,47,53.65853659,62.60162602,49.44739478,29.37104315,27.64227642,60.97560976,c(-122.30608, 37.92895)
"703","Huntsinger Home","LHH","11/21/2022","12/02/2022",11,"IOR (2)","CA",124617.333333333,45.4307692307692,44.7128226917195,2594.83829355158,1127.10180345511,3589.75,3359.5,3665.8,3209.5,1,38430.869863832,0.0122385171440692,3140157.37457667,373.286740581881,37.0632411067194,0.208857222027556,126.627725292176,2.32593247776619,"Urban and Built-up",14.1300001144409,131.36,0.81481682062149,13.3333333333333,173.9099684,173.9099684,0,432,967.770809066389,1000,47,53.65853659,62.60162602,49.44739478,29.37104315,27.64227642,60.97560976,c(-122.30608, 37.92895)
"704","Huntsinger Home","LHH","11/21/2022","12/02/2022",11,"IOR (2)","CA",124617.333333333,45.4307692307692,44.7128226917195,2594.83829355158,1127.10180345511,3589.75,3359.5,3665.8,3209.5,1,38430.869863832,0.0122385171440692,3140157.37457667,373.286740581881,37.0632411067194,0.208857222027556,126.627725292176,2.32593247776619,"Urban and Built-up",14.1300001144409,131.36,0.81481682062149,11.3333333333333,109.0392996,109.0392996,0,389,967.770809066389,1000,47,53.65853659,62.60162602,49.44739478,29.37104315,27.64227642,60.97560976,c(-122.30608, 37.92895)
"705","Huntsinger Home","LHH","11/21/2022","12/02/2022",11,"IOR (2)","CA",124617.333333333,45.4307692307692,44.7128226917195,2594.83829355158,1127.10180345511,3589.75,3359.5,3665.8,3209.5,1,38430.869863832,0.0122385171440692,3140157.37457667,373.286740581881,37.0632411067194,0.208857222027556,126.627725292176,2.32593247776619,"Urban and Built-up",14.1300001144409,131.36,0.81481682062149,14.6666666666667,48.7466525,48.7466525,0,415,967.770809066389,1000,47,53.65853659,62.60162602,49.44739478,29.37104315,27.64227642,60.97560976,c(-122.30608, 37.92895)
"706","Huntsinger Home","LHH","11/21/2022","12/02/2022",11,"IOR (2)","CA",124617.333333333,45.4307692307692,44.7128226917195,2594.83829355158,1127.10180345511,3589.75,3359.5,3665.8,3209.5,1,38430.869863832,0.0122385171440692,3140157.37457667,373.286740581881,37.0632411067194,0.208857222027556,126.627725292176,2.32593247776619,"Urban and Built-up",14.1300001144409,131.36,0.81481682062149,18.6666666666667,83.243048,83.243048,0,453,967.770809066389,1000,47,53.65853659,62.60162602,49.44739478,29.37104315,27.64227642,60.97560976,c(-122.30608, 37.92895)
"707","Huntsinger Home","LHH","11/21/2022","12/02/2022",11,"IOR (2)","CA",124617.333333333,45.4307692307692,44.7128226917195,2594.83829355158,1127.10180345511,3589.75,3359.5,3665.8,3209.5,1,38430.869863832,0.0122385171440692,3140157.37457667,373.286740581881,37.0632411067194,0.208857222027556,126.627725292176,2.32593247776619,"Urban and Built-up",14.1300001144409,131.36,0.81481682062149,14.8333333333333,68.1281881,68.1281881,0,495,967.770809066389,1000,47,53.65853659,62.60162602,49.44739478,29.37104315,27.64227642,60.97560976,c(-122.30608, 37.92895)
"708","Huntsinger Home","LHH","11/21/2022","12/02/2022",11,"IOR (2)","CA",124617.333333333,45.4307692307692,44.7128226917195,2594.83829355158,1127.10180345511,3589.75,3359.5,3665.8,3209.5,1,38430.869863832,0.0122385171440692,3140157.37457667,373.286740581881,37.0632411067194,0.208857222027556,126.627725292176,2.32593247776619,"Urban and Built-up",14.1300001144409,131.36,0.81481682062149,17.3333333333333,47.6393974,47.6393974,0,583,967.770809066389,1000,47,53.65853659,62.60162602,49.44739478,29.37104315,27.64227642,60.97560976,c(-122.30608, 37.92895)
"709","Jean Sweeney Park","JSP","11/30/2023","12/14/2023",14,"","CA",107793.4,38.7235294117647,44.7011458068186,4345.75782332961,1901.79553901153,10926.0666666667,10926,10531.0909090909,12012.25,4,45154.7317489328,0.0143797671143839,3140157.37457702,874.511537415451,57.3725711067302,0.0834900350808755,4.3841046330041,3.36149161832907,"Urban and Built-up",14.2299999237061,103.48,0.863338723778725,16.8333333333333,515.4078517,399.7702408,115.6376109,505,561.236892201471,1000,48,47.96747967,59.3495935,55.06907241,46.44264356,74.79674797,73.98373984,c(-122.26488, 37.77901)
"710","Jean Sweeney Park","JSP","11/30/2023","12/14/2023",14,"","CA",107793.4,38.7235294117647,44.7011458068186,4345.75782332961,1901.79553901153,10926.0666666667,10926,10531.0909090909,12012.25,4,45154.7317489328,0.0143797671143839,3140157.37457702,874.511537415451,57.3725711067302,0.0834900350808755,4.3841046330041,3.36149161832907,"Urban and Built-up",14.2299999237061,103.48,0.863338723778725,12.8333333333333,52.1689875,52.1689875,0,516,561.236892201471,1000,48,47.96747967,59.3495935,55.06907241,46.44264356,74.79674797,73.98373984,c(-122.26488, 37.77901)
"711","Jean Sweeney Park","JSP","11/30/2023","12/14/2023",14,"","CA",107793.4,38.7235294117647,44.7011458068186,4345.75782332961,1901.79553901153,10926.0666666667,10926,10531.0909090909,12012.25,4,45154.7317489328,0.0143797671143839,3140157.37457702,874.511537415451,57.3725711067302,0.0834900350808755,4.3841046330041,3.36149161832907,"Urban and Built-up",14.2299999237061,103.48,0.863338723778725,16.1666666666667,33.0926204,33.0926204,0,422,561.236892201471,1000,48,47.96747967,59.3495935,55.06907241,46.44264356,74.79674797,73.98373984,c(-122.26488, 37.77901)
"712","Jean Sweeney Park","JSP","11/30/2023","12/14/2023",14,"","CA",107793.4,38.7235294117647,44.7011458068186,4345.75782332961,1901.79553901153,10926.0666666667,10926,10531.0909090909,12012.25,4,45154.7317489328,0.0143797671143839,3140157.37457702,874.511537415451,57.3725711067302,0.0834900350808755,4.3841046330041,3.36149161832907,"Urban and Built-up",14.2299999237061,103.48,0.863338723778725,16.1666666666667,43.7601745,43.7601745,0,569,561.236892201471,1000,48,47.96747967,59.3495935,55.06907241,46.44264356,74.79674797,73.98373984,c(-122.26488, 37.77901)
"713","Jean Sweeney Park","JSP","11/30/2023","12/14/2023",14,"","CA",107793.4,38.7235294117647,44.7011458068186,4345.75782332961,1901.79553901153,10926.0666666667,10926,10531.0909090909,12012.25,4,45154.7317489328,0.0143797671143839,3140157.37457702,874.511537415451,57.3725711067302,0.0834900350808755,4.3841046330041,3.36149161832907,"Urban and Built-up",14.2299999237061,103.48,0.863338723778725,18.5,109.289859,109.289859,0,358,561.236892201471,1000,48,47.96747967,59.3495935,55.06907241,46.44264356,74.79674797,73.98373984,c(-122.26488, 37.77901)
"714","Jean Sweeney Park","JSP","11/30/2023","12/14/2023",14,"","CA",107793.4,38.7235294117647,44.7011458068186,4345.75782332961,1901.79553901153,10926.0666666667,10926,10531.0909090909,12012.25,4,45154.7317489328,0.0143797671143839,3140157.37457702,874.511537415451,57.3725711067302,0.0834900350808755,4.3841046330041,3.36149161832907,"Urban and Built-up",14.2299999237061,103.48,0.863338723778725,8,225.3260422,64.6178855,160.7081567,35,561.236892201471,1000,48,47.96747967,59.3495935,55.06907241,46.44264356,74.79674797,73.98373984,c(-122.26488, 37.77901)
"715","Jean Sweeney Park","JSP","11/30/2023","12/14/2023",14,"","CA",107793.4,38.7235294117647,44.7011458068186,4345.75782332961,1901.79553901153,10926.0666666667,10926,10531.0909090909,12012.25,4,45154.7317489328,0.0143797671143839,3140157.37457702,874.511537415451,57.3725711067302,0.0834900350808755,4.3841046330041,3.36149161832907,"Urban and Built-up",14.2299999237061,103.48,0.863338723778725,18.8333333333333,500.3804652,287.5369266,212.8435386,758,561.236892201471,1000,48,47.96747967,59.3495935,55.06907241,46.44264356,74.79674797,73.98373984,c(-122.26488, 37.77901)
"716","Jean Sweeney Park","JSP","11/30/2023","12/14/2023",14,"","CA",107793.4,38.7235294117647,44.7011458068186,4345.75782332961,1901.79553901153,10926.0666666667,10926,10531.0909090909,12012.25,4,45154.7317489328,0.0143797671143839,3140157.37457702,874.511537415451,57.3725711067302,0.0834900350808755,4.3841046330041,3.36149161832907,"Urban and Built-up",14.2299999237061,103.48,0.863338723778725,15.1666666666667,36.7039869,36.7039869,0,363,561.236892201471,1000,48,47.96747967,59.3495935,55.06907241,46.44264356,74.79674797,73.98373984,c(-122.26488, 37.77901)
"717","Jean Sweeney Park","JSP","11/30/2023","12/14/2023",14,"","CA",107793.4,38.7235294117647,44.7011458068186,4345.75782332961,1901.79553901153,10926.0666666667,10926,10531.0909090909,12012.25,4,45154.7317489328,0.0143797671143839,3140157.37457702,874.511537415451,57.3725711067302,0.0834900350808755,4.3841046330041,3.36149161832907,"Urban and Built-up",14.2299999237061,103.48,0.863338723778725,17.3333333333333,61.8155244,61.8155244,0,495,561.236892201471,1000,48,47.96747967,59.3495935,55.06907241,46.44264356,74.79674797,73.98373984,c(-122.26488, 37.77901)
"718","Jean Sweeney Park","JSP","11/30/2023","12/14/2023",14,"","CA",107793.4,38.7235294117647,44.7011458068186,4345.75782332961,1901.79553901153,10926.0666666667,10926,10531.0909090909,12012.25,4,45154.7317489328,0.0143797671143839,3140157.37457702,874.511537415451,57.3725711067302,0.0834900350808755,4.3841046330041,3.36149161832907,"Urban and Built-up",14.2299999237061,103.48,0.863338723778725,12.8333333333333,59.1883572,59.1883572,0,510,561.236892201471,1000,48,47.96747967,59.3495935,55.06907241,46.44264356,74.79674797,73.98373984,c(-122.26488, 37.77901)
"719","Jean Sweeney Park","JSP","11/30/2023","12/14/2023",14,"","CA",107793.4,38.7235294117647,44.7011458068186,4345.75782332961,1901.79553901153,10926.0666666667,10926,10531.0909090909,12012.25,4,45154.7317489328,0.0143797671143839,3140157.37457702,874.511537415451,57.3725711067302,0.0834900350808755,4.3841046330041,3.36149161832907,"Urban and Built-up",14.2299999237061,103.48,0.863338723778725,16.8333333333333,33.9280655,33.9280655,0,443,561.236892201471,1000,48,47.96747967,59.3495935,55.06907241,46.44264356,74.79674797,73.98373984,c(-122.26488, 37.77901)
"720","Jean Sweeney Park","JSP","11/30/2023","12/14/2023",14,"","CA",107793.4,38.7235294117647,44.7011458068186,4345.75782332961,1901.79553901153,10926.0666666667,10926,10531.0909090909,12012.25,4,45154.7317489328,0.0143797671143839,3140157.37457702,874.511537415451,57.3725711067302,0.0834900350808755,4.3841046330041,3.36149161832907,"Urban and Built-up",14.2299999237061,103.48,0.863338723778725,15.1666666666667,36.9822215,36.9822215,0,521,561.236892201471,1000,48,47.96747967,59.3495935,55.06907241,46.44264356,74.79674797,73.98373984,c(-122.26488, 37.77901)
"721","Jean Sweeney Park","JSP","11/30/2023","12/14/2023",14,"","CA",107793.4,38.7235294117647,44.7011458068186,4345.75782332961,1901.79553901153,10926.0666666667,10926,10531.0909090909,12012.25,4,45154.7317489328,0.0143797671143839,3140157.37457702,874.511537415451,57.3725711067302,0.0834900350808755,4.3841046330041,3.36149161832907,"Urban and Built-up",14.2299999237061,103.48,0.863338723778725,14.1666666666667,36.0212496,36.0212496,0,519,561.236892201471,1000,48,47.96747967,59.3495935,55.06907241,46.44264356,74.79674797,73.98373984,c(-122.26488, 37.77901)
"722","Jean Sweeney Park","JSP","11/30/2023","12/14/2023",14,"","CA",107793.4,38.7235294117647,44.7011458068186,4345.75782332961,1901.79553901153,10926.0666666667,10926,10531.0909090909,12012.25,4,45154.7317489328,0.0143797671143839,3140157.37457702,874.511537415451,57.3725711067302,0.0834900350808755,4.3841046330041,3.36149161832907,"Urban and Built-up",14.2299999237061,103.48,0.863338723778725,14.3333333333333,42.1863946,42.1863946,0,712,561.236892201471,1000,48,47.96747967,59.3495935,55.06907241,46.44264356,74.79674797,73.98373984,c(-122.26488, 37.77901)
"723","Jean Sweeney Park","JSP","11/30/2023","12/14/2023",14,"","CA",107793.4,38.7235294117647,44.7011458068186,4345.75782332961,1901.79553901153,10926.0666666667,10926,10531.0909090909,12012.25,4,45154.7317489328,0.0143797671143839,3140157.37457702,874.511537415451,57.3725711067302,0.0834900350808755,4.3841046330041,3.36149161832907,"Urban and Built-up",14.2299999237061,103.48,0.863338723778725,17,71.4299383,71.4299383,0,581,561.236892201471,1000,48,47.96747967,59.3495935,55.06907241,46.44264356,74.79674797,73.98373984,c(-122.26488, 37.77901)
"724","Jean Sweeney Park","JSP","11/30/2023","12/14/2023",14,"","CA",107793.4,38.7235294117647,44.7011458068186,4345.75782332961,1901.79553901153,10926.0666666667,10926,10531.0909090909,12012.25,4,45154.7317489328,0.0143797671143839,3140157.37457702,874.511537415451,57.3725711067302,0.0834900350808755,4.3841046330041,3.36149161832907,"Urban and Built-up",14.2299999237061,103.48,0.863338723778725,14.8333333333333,36.6239265,36.6239265,0,586,561.236892201471,1000,48,47.96747967,59.3495935,55.06907241,46.44264356,74.79674797,73.98373984,c(-122.26488, 37.77901)
"725","Jean Sweeney Park","JSP","11/30/2023","12/14/2023",14,"","CA",107793.4,38.7235294117647,44.7011458068186,4345.75782332961,1901.79553901153,10926.0666666667,10926,10531.0909090909,12012.25,4,45154.7317489328,0.0143797671143839,3140157.37457702,874.511537415451,57.3725711067302,0.0834900350808755,4.3841046330041,3.36149161832907,"Urban and Built-up",14.2299999237061,103.48,0.863338723778725,14.5,27.3552055,27.3552055,0,361,561.236892201471,1000,48,47.96747967,59.3495935,55.06907241,46.44264356,74.79674797,73.98373984,c(-122.26488, 37.77901)
"726","John Herbert Davis Park",NA,"12/04/2023","12/11/2023",7,"","CA",62940.3529411765,33.9117647058824,5.72594499932827,5519.76378061397,1593.14623144539,16858.75,15551.5,15612.6666666667,20597,1,46696.0900796202,0.0148706209623999,3140157.37457705,997.050526776592,69.85266723116,0.111831413510046,12.1973369148528,3.38763665562154,"Urban and Built-up",14.3750002384186,129.15,0.9260164052248,15.1666666666667,48.1358213,48.1358213,0,563,1064.11904416131,1000,49,100,100,58.43533063,52.32013441,86.99186992,82.11382114,c(-122.3527913, 37.9613339)
"727","John Herbert Davis Park",NA,"12/04/2023","12/11/2023",7,"","CA",62940.3529411765,33.9117647058824,5.72594499932827,5519.76378061397,1593.14623144539,16858.75,15551.5,15612.6666666667,20597,1,46696.0900796202,0.0148706209623999,3140157.37457705,997.050526776592,69.85266723116,0.111831413510046,12.1973369148528,3.38763665562154,"Urban and Built-up",14.3750002384186,129.15,0.9260164052248,14.6666666666667,75.6723982,75.6723982,0,407,1064.11904416131,1000,49,100,100,58.43533063,52.32013441,86.99186992,82.11382114,c(-122.3527913, 37.9613339)
"728","John Herbert Davis Park",NA,"12/04/2023","12/11/2023",7,"","CA",62940.3529411765,33.9117647058824,5.72594499932827,5519.76378061397,1593.14623144539,16858.75,15551.5,15612.6666666667,20597,1,46696.0900796202,0.0148706209623999,3140157.37457705,997.050526776592,69.85266723116,0.111831413510046,12.1973369148528,3.38763665562154,"Urban and Built-up",14.3750002384186,129.15,0.9260164052248,15.6666666666667,77.7043015,77.7043015,0,605,1064.11904416131,1000,49,100,100,58.43533063,52.32013441,86.99186992,82.11382114,c(-122.3527913, 37.9613339)
"729","John Herbert Davis Park",NA,"12/04/2023","12/11/2023",7,"","CA",62940.3529411765,33.9117647058824,5.72594499932827,5519.76378061397,1593.14623144539,16858.75,15551.5,15612.6666666667,20597,1,46696.0900796202,0.0148706209623999,3140157.37457705,997.050526776592,69.85266723116,0.111831413510046,12.1973369148528,3.38763665562154,"Urban and Built-up",14.3750002384186,129.15,0.9260164052248,14.8333333333333,81.5004988,81.5004988,0,817,1064.11904416131,1000,49,100,100,58.43533063,52.32013441,86.99186992,82.11382114,c(-122.3527913, 37.9613339)
"730","John Herbert Davis Park",NA,"12/04/2023","12/11/2023",7,"","CA",62940.3529411765,33.9117647058824,5.72594499932827,5519.76378061397,1593.14623144539,16858.75,15551.5,15612.6666666667,20597,1,46696.0900796202,0.0148706209623999,3140157.37457705,997.050526776592,69.85266723116,0.111831413510046,12.1973369148528,3.38763665562154,"Urban and Built-up",14.3750002384186,129.15,0.9260164052248,14.5,126.4786292,126.4786292,0,1256,1064.11904416131,1000,49,100,100,58.43533063,52.32013441,86.99186992,82.11382114,c(-122.3527913, 37.9613339)
"731","John Herbert Davis Park",NA,"12/04/2023","12/11/2023",7,"","CA",62940.3529411765,33.9117647058824,5.72594499932827,5519.76378061397,1593.14623144539,16858.75,15551.5,15612.6666666667,20597,1,46696.0900796202,0.0148706209623999,3140157.37457705,997.050526776592,69.85266723116,0.111831413510046,12.1973369148528,3.38763665562154,"Urban and Built-up",14.3750002384186,129.15,0.9260164052248,17.8333333333333,184.7060145,184.7060145,0,1081,1064.11904416131,1000,49,100,100,58.43533063,52.32013441,86.99186992,82.11382114,c(-122.3527913, 37.9613339)
"732","John Herbert Davis Park",NA,"12/04/2023","12/11/2023",7,"","CA",62940.3529411765,33.9117647058824,5.72594499932827,5519.76378061397,1593.14623144539,16858.75,15551.5,15612.6666666667,20597,1,46696.0900796202,0.0148706209623999,3140157.37457705,997.050526776592,69.85266723116,0.111831413510046,12.1973369148528,3.38763665562154,"Urban and Built-up",14.3750002384186,129.15,0.9260164052248,15.6666666666667,104.2198612,104.2198612,0,856,1064.11904416131,1000,49,100,100,58.43533063,52.32013441,86.99186992,82.11382114,c(-122.3527913, 37.9613339)
"733","John Herbert Davis Park",NA,"12/04/2023","12/11/2023",7,"","CA",62940.3529411765,33.9117647058824,5.72594499932827,5519.76378061397,1593.14623144539,16858.75,15551.5,15612.6666666667,20597,1,46696.0900796202,0.0148706209623999,3140157.37457705,997.050526776592,69.85266723116,0.111831413510046,12.1973369148528,3.38763665562154,"Urban and Built-up",14.3750002384186,129.15,0.9260164052248,17.3333333333333,34.7590628,34.7590628,0,321,1064.11904416131,1000,49,100,100,58.43533063,52.32013441,86.99186992,82.11382114,c(-122.3527913, 37.9613339)
"734","John Herbert Davis Park",NA,"12/04/2023","12/11/2023",7,"","CA",62940.3529411765,33.9117647058824,5.72594499932827,5519.76378061397,1593.14623144539,16858.75,15551.5,15612.6666666667,20597,1,46696.0900796202,0.0148706209623999,3140157.37457705,997.050526776592,69.85266723116,0.111831413510046,12.1973369148528,3.38763665562154,"Urban and Built-up",14.3750002384186,129.15,0.9260164052248,16,44.1162456,44.1162456,0,574,1064.11904416131,1000,49,100,100,58.43533063,52.32013441,86.99186992,82.11382114,c(-122.3527913, 37.9613339)
"735","John Herbert Davis Park",NA,"12/04/2023","12/11/2023",7,"","CA",62940.3529411765,33.9117647058824,5.72594499932827,5519.76378061397,1593.14623144539,16858.75,15551.5,15612.6666666667,20597,1,46696.0900796202,0.0148706209623999,3140157.37457705,997.050526776592,69.85266723116,0.111831413510046,12.1973369148528,3.38763665562154,"Urban and Built-up",14.3750002384186,129.15,0.9260164052248,17.3333333333333,57.5804775,57.5804775,0,630,1064.11904416131,1000,49,100,100,58.43533063,52.32013441,86.99186992,82.11382114,c(-122.3527913, 37.9613339)
"736","John Herbert Davis Park",NA,"12/04/2023","12/11/2023",7,"","CA",62940.3529411765,33.9117647058824,5.72594499932827,5519.76378061397,1593.14623144539,16858.75,15551.5,15612.6666666667,20597,1,46696.0900796202,0.0148706209623999,3140157.37457705,997.050526776592,69.85266723116,0.111831413510046,12.1973369148528,3.38763665562154,"Urban and Built-up",14.3750002384186,129.15,0.9260164052248,11,3721.2251832,2459.3638139,1261.8613693,2692,1064.11904416131,1000,49,100,100,58.43533063,52.32013441,86.99186992,82.11382114,c(-122.3527913, 37.9613339)
"737","John Herbert Davis Park",NA,"12/04/2023","12/11/2023",7,"","CA",62940.3529411765,33.9117647058824,5.72594499932827,5519.76378061397,1593.14623144539,16858.75,15551.5,15612.6666666667,20597,1,46696.0900796202,0.0148706209623999,3140157.37457705,997.050526776592,69.85266723116,0.111831413510046,12.1973369148528,3.38763665562154,"Urban and Built-up",14.3750002384186,129.15,0.9260164052248,11.5,1552.7326633,1213.844156,338.8885073,874,1064.11904416131,1000,49,100,100,58.43533063,52.32013441,86.99186992,82.11382114,c(-122.3527913, 37.9613339)
"738","John Herbert Davis Park",NA,"12/04/2023","12/11/2023",7,"","CA",62940.3529411765,33.9117647058824,5.72594499932827,5519.76378061397,1593.14623144539,16858.75,15551.5,15612.6666666667,20597,1,46696.0900796202,0.0148706209623999,3140157.37457705,997.050526776592,69.85266723116,0.111831413510046,12.1973369148528,3.38763665562154,"Urban and Built-up",14.3750002384186,129.15,0.9260164052248,17.3333333333333,46.3403927,46.3403927,0,471,1064.11904416131,1000,49,100,100,58.43533063,52.32013441,86.99186992,82.11382114,c(-122.3527913, 37.9613339)
"739","John Herbert Davis Park",NA,"12/04/2023","12/11/2023",7,"","CA",62940.3529411765,33.9117647058824,5.72594499932827,5519.76378061397,1593.14623144539,16858.75,15551.5,15612.6666666667,20597,1,46696.0900796202,0.0148706209623999,3140157.37457705,997.050526776592,69.85266723116,0.111831413510046,12.1973369148528,3.38763665562154,"Urban and Built-up",14.3750002384186,129.15,0.9260164052248,14.1666666666667,71.7655001,71.7655001,0,790,1064.11904416131,1000,49,100,100,58.43533063,52.32013441,86.99186992,82.11382114,c(-122.3527913, 37.9613339)
"740","John Herbert Davis Park",NA,"12/04/2023","12/11/2023",7,"","CA",62940.3529411765,33.9117647058824,5.72594499932827,5519.76378061397,1593.14623144539,16858.75,15551.5,15612.6666666667,20597,1,46696.0900796202,0.0148706209623999,3140157.37457705,997.050526776592,69.85266723116,0.111831413510046,12.1973369148528,3.38763665562154,"Urban and Built-up",14.3750002384186,129.15,0.9260164052248,16.8333333333333,41.984761,41.984761,0,446,1064.11904416131,1000,49,100,100,58.43533063,52.32013441,86.99186992,82.11382114,c(-122.3527913, 37.9613339)
"741","John Herbert Davis Park",NA,"12/04/2023","12/11/2023",7,"","CA",62940.3529411765,33.9117647058824,5.72594499932827,5519.76378061397,1593.14623144539,16858.75,15551.5,15612.6666666667,20597,1,46696.0900796202,0.0148706209623999,3140157.37457705,997.050526776592,69.85266723116,0.111831413510046,12.1973369148528,3.38763665562154,"Urban and Built-up",14.3750002384186,129.15,0.9260164052248,13.5,41.3877674,41.3877674,0,571,1064.11904416131,1000,49,100,100,58.43533063,52.32013441,86.99186992,82.11382114,c(-122.3527913, 37.9613339)
"742","John Herbert Davis Park",NA,"12/04/2023","12/11/2023",7,"","CA",62940.3529411765,33.9117647058824,5.72594499932827,5519.76378061397,1593.14623144539,16858.75,15551.5,15612.6666666667,20597,1,46696.0900796202,0.0148706209623999,3140157.37457705,997.050526776592,69.85266723116,0.111831413510046,12.1973369148528,3.38763665562154,"Urban and Built-up",14.3750002384186,129.15,0.9260164052248,17,58.1777182,58.1777182,0,757,1064.11904416131,1000,49,100,100,58.43533063,52.32013441,86.99186992,82.11382114,c(-122.3527913, 37.9613339)
"743","Johns Home",NA,"11/23/2022","12/03/2022",10,"Wilson Sherman #1 (LOUISE)","CA",188823.166666667,44.5,61.1147330215707,1956.3687740163,745.5843677428,2130.18181818182,2167,2138.125,2109,1,37089.3426292144,0.0118113005830514,3140157.374577,264.923514072208,15.8597183098592,0.259136864558064,252.777675194212,2.10937657268077,"Urban and Built-up",13.8333331743876,121.083333333333,0.703519761562347,9.5,544.445314,544.445314,0,1161,476.719897963641,1000,50,6.504065041,3.25203252,34.38327414,22.92905925,10.56910569,19.51219512,c(-122.21216, 37.842113)
"744","Johns Home",NA,"11/23/2022","12/03/2022",10,"Wilson Sherman #1 (LOUISE)","CA",188823.166666667,44.5,61.1147330215707,1956.3687740163,745.5843677428,2130.18181818182,2167,2138.125,2109,1,37089.3426292144,0.0118113005830514,3140157.374577,264.923514072208,15.8597183098592,0.259136864558064,252.777675194212,2.10937657268077,"Urban and Built-up",13.8333331743876,121.083333333333,0.703519761562347,5.83333333333333,335.2294505,335.2294505,0,904,476.719897963641,1000,50,6.504065041,3.25203252,34.38327414,22.92905925,10.56910569,19.51219512,c(-122.21216, 37.842113)
"745","Johns Home",NA,"11/23/2022","12/03/2022",10,"Wilson Sherman #1 (LOUISE)","CA",188823.166666667,44.5,61.1147330215707,1956.3687740163,745.5843677428,2130.18181818182,2167,2138.125,2109,1,37089.3426292144,0.0118113005830514,3140157.374577,264.923514072208,15.8597183098592,0.259136864558064,252.777675194212,2.10937657268077,"Urban and Built-up",13.8333331743876,121.083333333333,0.703519761562347,11,168.1078133,168.1078133,0,690,476.719897963641,1000,50,6.504065041,3.25203252,34.38327414,22.92905925,10.56910569,19.51219512,c(-122.21216, 37.842113)
"746","Johns Home",NA,"11/23/2022","12/03/2022",10,"Wilson Sherman #1 (LOUISE)","CA",188823.166666667,44.5,61.1147330215707,1956.3687740163,745.5843677428,2130.18181818182,2167,2138.125,2109,1,37089.3426292144,0.0118113005830514,3140157.374577,264.923514072208,15.8597183098592,0.259136864558064,252.777675194212,2.10937657268077,"Urban and Built-up",13.8333331743876,121.083333333333,0.703519761562347,12.3333333333333,125.670118,125.670118,0,458,476.719897963641,1000,50,6.504065041,3.25203252,34.38327414,22.92905925,10.56910569,19.51219512,c(-122.21216, 37.842113)
"747","Johns Home",NA,"11/23/2022","12/03/2022",10,"Wilson Sherman #1 (LOUISE)","CA",188823.166666667,44.5,61.1147330215707,1956.3687740163,745.5843677428,2130.18181818182,2167,2138.125,2109,1,37089.3426292144,0.0118113005830514,3140157.374577,264.923514072208,15.8597183098592,0.259136864558064,252.777675194212,2.10937657268077,"Urban and Built-up",13.8333331743876,121.083333333333,0.703519761562347,12.5,138.296928,138.296928,0,623,476.719897963641,1000,50,6.504065041,3.25203252,34.38327414,22.92905925,10.56910569,19.51219512,c(-122.21216, 37.842113)
"748","Johns Home",NA,"11/23/2022","12/03/2022",10,"Wilson Sherman #1 (LOUISE)","CA",188823.166666667,44.5,61.1147330215707,1956.3687740163,745.5843677428,2130.18181818182,2167,2138.125,2109,1,37089.3426292144,0.0118113005830514,3140157.374577,264.923514072208,15.8597183098592,0.259136864558064,252.777675194212,2.10937657268077,"Urban and Built-up",13.8333331743876,121.083333333333,0.703519761562347,15.5,102.3483258,102.3483258,0,543,476.719897963641,1000,50,6.504065041,3.25203252,34.38327414,22.92905925,10.56910569,19.51219512,c(-122.21216, 37.842113)
"749","Kennedy Grove","KG","11/19/2023","12/04/2023",15,"","CA",138785.5,44.7,36.8946528742731,136.398573937793,55.6940944377832,5763.33333333333,5626,5763.33333333333,NA,1,14851.6343718479,0.00472958282030372,3140157.37457668,280.604825605487,4.48452447945986,0.289463760209321,124.299631884951,1.00068324188259,"Urban and Built-up",14.310000038147,137.44,0.515152315298716,8.66666666666667,1690.0696078,1690.0696078,0,858,2501.79548540458,1000,NA,NA,NA,NA,NA,NA,NA,c(-122.26331, 37.94629)
"750","Kennedy Grove","KG","11/19/2023","12/04/2023",15,"","CA",138785.5,44.7,36.8946528742731,136.398573937793,55.6940944377832,5763.33333333333,5626,5763.33333333333,NA,1,14851.6343718479,0.00472958282030372,3140157.37457668,280.604825605487,4.48452447945986,0.289463760209321,124.299631884951,1.00068324188259,"Urban and Built-up",14.310000038147,137.44,0.515152315298716,4,17980.3370117,16534.8341347,1445.502877,977,2501.79548540458,1000,NA,NA,NA,NA,NA,NA,NA,c(-122.26331, 37.94629)
"751","Lake Chabot Dumpster",NA,"12/01/2023","12/13/2023",12,"","CA",151324,42.9714285714286,44.0689624025384,1343.92929278979,448.390963614674,2451.23076923077,2310,2186.11111111111,3047.75,4,18723.8250576922,0.00596270276428926,3140157.37457676,686.385673928331,20.4271653543315,0.220995595360436,117.707823783568,1.74853612806888,"Urban and Built-up",14.2099998474121,99.96,0.707374200224876,8.5,547.5674225,547.5674225,0,695,180.386897681789,1000,52,4.06504065,43.90243902,38.52314613,21.69967565,8.943089431,39.83739837,c(-122.0984222, 37.7184218)
"752","Lake Chabot Dumpster",NA,"12/01/2023","12/13/2023",12,"","CA",151324,42.9714285714286,44.0689624025384,1343.92929278979,448.390963614674,2451.23076923077,2310,2186.11111111111,3047.75,4,18723.8250576922,0.00596270276428926,3140157.37457676,686.385673928331,20.4271653543315,0.220995595360436,117.707823783568,1.74853612806888,"Urban and Built-up",14.2099998474121,99.96,0.707374200224876,6.33333333333333,638.256829,519.1907056,119.0661234,622,180.386897681789,1000,52,4.06504065,43.90243902,38.52314613,21.69967565,8.943089431,39.83739837,c(-122.0984222, 37.7184218)
"753","Lake Chabot Dumpster",NA,"12/01/2023","12/13/2023",12,"","CA",151324,42.9714285714286,44.0689624025384,1343.92929278979,448.390963614674,2451.23076923077,2310,2186.11111111111,3047.75,4,18723.8250576922,0.00596270276428926,3140157.37457676,686.385673928331,20.4271653543315,0.220995595360436,117.707823783568,1.74853612806888,"Urban and Built-up",14.2099998474121,99.96,0.707374200224876,12.1666666666667,154.7098042,154.7098042,0,652,180.386897681789,1000,52,4.06504065,43.90243902,38.52314613,21.69967565,8.943089431,39.83739837,c(-122.0984222, 37.7184218)
"754","Lake Chabot Dumpster",NA,"12/01/2023","12/13/2023",12,"","CA",151324,42.9714285714286,44.0689624025384,1343.92929278979,448.390963614674,2451.23076923077,2310,2186.11111111111,3047.75,4,18723.8250576922,0.00596270276428926,3140157.37457676,686.385673928331,20.4271653543315,0.220995595360436,117.707823783568,1.74853612806888,"Urban and Built-up",14.2099998474121,99.96,0.707374200224876,10.8333333333333,443.7179642,443.7179642,0,1324,180.386897681789,1000,52,4.06504065,43.90243902,38.52314613,21.69967565,8.943089431,39.83739837,c(-122.0984222, 37.7184218)
"755","Lake Chabot Dumpster",NA,"12/01/2023","12/13/2023",12,"","CA",151324,42.9714285714286,44.0689624025384,1343.92929278979,448.390963614674,2451.23076923077,2310,2186.11111111111,3047.75,4,18723.8250576922,0.00596270276428926,3140157.37457676,686.385673928331,20.4271653543315,0.220995595360436,117.707823783568,1.74853612806888,"Urban and Built-up",14.2099998474121,99.96,0.707374200224876,12.6666666666667,82.6831194,82.6831194,0,538,180.386897681789,1000,52,4.06504065,43.90243902,38.52314613,21.69967565,8.943089431,39.83739837,c(-122.0984222, 37.7184218)
"756","Lake Chabot Dumpster",NA,"12/01/2023","12/13/2023",12,"","CA",151324,42.9714285714286,44.0689624025384,1343.92929278979,448.390963614674,2451.23076923077,2310,2186.11111111111,3047.75,4,18723.8250576922,0.00596270276428926,3140157.37457676,686.385673928331,20.4271653543315,0.220995595360436,117.707823783568,1.74853612806888,"Urban and Built-up",14.2099998474121,99.96,0.707374200224876,5.5,20001.5524954,19136.5757331,864.9767623,1180,180.386897681789,1000,52,4.06504065,43.90243902,38.52314613,21.69967565,8.943089431,39.83739837,c(-122.0984222, 37.7184218)
"757","Lake Chabot Dumpster",NA,"12/01/2023","12/13/2023",12,"","CA",151324,42.9714285714286,44.0689624025384,1343.92929278979,448.390963614674,2451.23076923077,2310,2186.11111111111,3047.75,4,18723.8250576922,0.00596270276428926,3140157.37457676,686.385673928331,20.4271653543315,0.220995595360436,117.707823783568,1.74853612806888,"Urban and Built-up",14.2099998474121,99.96,0.707374200224876,9,443.5909548,443.015706,0.5752488,809,180.386897681789,1000,52,4.06504065,43.90243902,38.52314613,21.69967565,8.943089431,39.83739837,c(-122.0984222, 37.7184218)
"758","Lake Chabot Valley",NA,"12/01/2023","12/15/2023",14,"","CA",151324,42.9714285714286,44.0689624025384,1343.92929278979,448.390963614674,2437,2375,2234,2995.25,4,18728.5987317949,0.00596422296647466,3140157.37457667,610.552178174648,21.3937853107344,0.221624593827404,119.019948051691,1.64198165158144,"Urban and Built-up",14.1999998092651,100.2,0.65872840086619,8.5,547.5674225,547.5674225,0,695,180.386897681789,1000,53,1.62601626,43.90243902,38.52314613,20.64746895,4.06504065,39.83739837,c(-122.0967834, 37.7193948)
"759","Lake Chabot Valley",NA,"12/01/2023","12/15/2023",14,"","CA",151324,42.9714285714286,44.0689624025384,1343.92929278979,448.390963614674,2437,2375,2234,2995.25,4,18728.5987317949,0.00596422296647466,3140157.37457667,610.552178174648,21.3937853107344,0.221624593827404,119.019948051691,1.64198165158144,"Urban and Built-up",14.1999998092651,100.2,0.65872840086619,6.33333333333333,638.256829,519.1907056,119.0661234,622,180.386897681789,1000,53,1.62601626,43.90243902,38.52314613,20.64746895,4.06504065,39.83739837,c(-122.0967834, 37.7193948)
"760","Lake Chabot Valley",NA,"12/01/2023","12/15/2023",14,"","CA",151324,42.9714285714286,44.0689624025384,1343.92929278979,448.390963614674,2437,2375,2234,2995.25,4,18728.5987317949,0.00596422296647466,3140157.37457667,610.552178174648,21.3937853107344,0.221624593827404,119.019948051691,1.64198165158144,"Urban and Built-up",14.1999998092651,100.2,0.65872840086619,12.1666666666667,154.7098042,154.7098042,0,652,180.386897681789,1000,53,1.62601626,43.90243902,38.52314613,20.64746895,4.06504065,39.83739837,c(-122.0967834, 37.7193948)
"761","Lake Chabot Valley",NA,"12/01/2023","12/15/2023",14,"","CA",151324,42.9714285714286,44.0689624025384,1343.92929278979,448.390963614674,2437,2375,2234,2995.25,4,18728.5987317949,0.00596422296647466,3140157.37457667,610.552178174648,21.3937853107344,0.221624593827404,119.019948051691,1.64198165158144,"Urban and Built-up",14.1999998092651,100.2,0.65872840086619,10.8333333333333,443.7179642,443.7179642,0,1324,180.386897681789,1000,53,1.62601626,43.90243902,38.52314613,20.64746895,4.06504065,39.83739837,c(-122.0967834, 37.7193948)
"762","Lake Chabot Valley",NA,"12/01/2023","12/15/2023",14,"","CA",151324,42.9714285714286,44.0689624025384,1343.92929278979,448.390963614674,2437,2375,2234,2995.25,4,18728.5987317949,0.00596422296647466,3140157.37457667,610.552178174648,21.3937853107344,0.221624593827404,119.019948051691,1.64198165158144,"Urban and Built-up",14.1999998092651,100.2,0.65872840086619,12.6666666666667,82.6831194,82.6831194,0,538,180.386897681789,1000,53,1.62601626,43.90243902,38.52314613,20.64746895,4.06504065,39.83739837,c(-122.0967834, 37.7193948)
"763","Lake Chabot Valley",NA,"12/01/2023","12/15/2023",14,"","CA",151324,42.9714285714286,44.0689624025384,1343.92929278979,448.390963614674,2437,2375,2234,2995.25,4,18728.5987317949,0.00596422296647466,3140157.37457667,610.552178174648,21.3937853107344,0.221624593827404,119.019948051691,1.64198165158144,"Urban and Built-up",14.1999998092651,100.2,0.65872840086619,5.5,20001.5524954,19136.5757331,864.9767623,1180,180.386897681789,1000,53,1.62601626,43.90243902,38.52314613,20.64746895,4.06504065,39.83739837,c(-122.0967834, 37.7193948)
"764","Lake Chabot Valley",NA,"12/01/2023","12/15/2023",14,"","CA",151324,42.9714285714286,44.0689624025384,1343.92929278979,448.390963614674,2437,2375,2234,2995.25,4,18728.5987317949,0.00596422296647466,3140157.37457667,610.552178174648,21.3937853107344,0.221624593827404,119.019948051691,1.64198165158144,"Urban and Built-up",14.1999998092651,100.2,0.65872840086619,9,443.5909548,443.015706,0.5752488,809,180.386897681789,1000,53,1.62601626,43.90243902,38.52314613,20.64746895,4.06504065,39.83739837,c(-122.0967834, 37.7193948)
"765","Lawrence Hall of Science","LHS","11/07/2023","11/22/2023",15,"","CA",154284.625,40.4888888888889,60.818121984336,3782.48151153025,1413.56520480103,19347.5,22448,19967.6666666667,17487,1,34136.6856401261,0.0108710110889669,3140157.37457685,800.195811312034,21.726811389907,0.237245455370129,274.971903378908,2.61300905429596,"Urban and Built-up",13.7299999237061,127.34,0.692748054862022,12,125.1697405,125.1697405,0,487,641.938471830868,1000,54,30.08130081,47.96747967,35.36863185,33.00206485,38.21138211,27.64227642,c(-122.24732, 37.87892)
"766","Lawrence Hall of Science","LHS","11/07/2023","11/22/2023",15,"","CA",154284.625,40.4888888888889,60.818121984336,3782.48151153025,1413.56520480103,19347.5,22448,19967.6666666667,17487,1,34136.6856401261,0.0108710110889669,3140157.37457685,800.195811312034,21.726811389907,0.237245455370129,274.971903378908,2.61300905429596,"Urban and Built-up",13.7299999237061,127.34,0.692748054862022,10.1666666666667,1703.5911669,1703.5911669,0,1432,641.938471830868,1000,54,30.08130081,47.96747967,35.36863185,33.00206485,38.21138211,27.64227642,c(-122.24732, 37.87892)
"767","Lawrence Hall of Science","LHS","11/07/2023","11/22/2023",15,"","CA",154284.625,40.4888888888889,60.818121984336,3782.48151153025,1413.56520480103,19347.5,22448,19967.6666666667,17487,1,34136.6856401261,0.0108710110889669,3140157.37457685,800.195811312034,21.726811389907,0.237245455370129,274.971903378908,2.61300905429596,"Urban and Built-up",13.7299999237061,127.34,0.692748054862022,14.5,28.8103774,28.8103774,0,506,641.938471830868,1000,54,30.08130081,47.96747967,35.36863185,33.00206485,38.21138211,27.64227642,c(-122.24732, 37.87892)
"768","Lawrence Hall of Science","LHS","11/07/2023","11/22/2023",15,"","CA",154284.625,40.4888888888889,60.818121984336,3782.48151153025,1413.56520480103,19347.5,22448,19967.6666666667,17487,1,34136.6856401261,0.0108710110889669,3140157.37457685,800.195811312034,21.726811389907,0.237245455370129,274.971903378908,2.61300905429596,"Urban and Built-up",13.7299999237061,127.34,0.692748054862022,11.1666666666667,104.6159625,104.6159625,0,406,641.938471830868,1000,54,30.08130081,47.96747967,35.36863185,33.00206485,38.21138211,27.64227642,c(-122.24732, 37.87892)
"769","Lawrence Hall of Science","LHS","11/07/2023","11/22/2023",15,"","CA",154284.625,40.4888888888889,60.818121984336,3782.48151153025,1413.56520480103,19347.5,22448,19967.6666666667,17487,1,34136.6856401261,0.0108710110889669,3140157.37457685,800.195811312034,21.726811389907,0.237245455370129,274.971903378908,2.61300905429596,"Urban and Built-up",13.7299999237061,127.34,0.692748054862022,15.3333333333333,45.2254775,45.2254775,0,280,641.938471830868,1000,54,30.08130081,47.96747967,35.36863185,33.00206485,38.21138211,27.64227642,c(-122.24732, 37.87892)
"770","Lawrence Hall of Science","LHS","11/07/2023","11/22/2023",15,"","CA",154284.625,40.4888888888889,60.818121984336,3782.48151153025,1413.56520480103,19347.5,22448,19967.6666666667,17487,1,34136.6856401261,0.0108710110889669,3140157.37457685,800.195811312034,21.726811389907,0.237245455370129,274.971903378908,2.61300905429596,"Urban and Built-up",13.7299999237061,127.34,0.692748054862022,15.3333333333333,38.377101,38.377101,0,326,641.938471830868,1000,54,30.08130081,47.96747967,35.36863185,33.00206485,38.21138211,27.64227642,c(-122.24732, 37.87892)
"771","Lawrence Hall of Science","LHS","11/07/2023","11/22/2023",15,"","CA",154284.625,40.4888888888889,60.818121984336,3782.48151153025,1413.56520480103,19347.5,22448,19967.6666666667,17487,1,34136.6856401261,0.0108710110889669,3140157.37457685,800.195811312034,21.726811389907,0.237245455370129,274.971903378908,2.61300905429596,"Urban and Built-up",13.7299999237061,127.34,0.692748054862022,13.5,419.8940648,419.8940648,0,253,641.938471830868,1000,54,30.08130081,47.96747967,35.36863185,33.00206485,38.21138211,27.64227642,c(-122.24732, 37.87892)
"772","Lawrence Hall of Science","LHS","11/07/2023","11/22/2023",15,"","CA",154284.625,40.4888888888889,60.818121984336,3782.48151153025,1413.56520480103,19347.5,22448,19967.6666666667,17487,1,34136.6856401261,0.0108710110889669,3140157.37457685,800.195811312034,21.726811389907,0.237245455370129,274.971903378908,2.61300905429596,"Urban and Built-up",13.7299999237061,127.34,0.692748054862022,13.5,44.9321698,44.9321698,0,240,641.938471830868,1000,54,30.08130081,47.96747967,35.36863185,33.00206485,38.21138211,27.64227642,c(-122.24732, 37.87892)
"773","Lawrence Hall of Science","LHS","11/07/2023","11/22/2023",15,"","CA",154284.625,40.4888888888889,60.818121984336,3782.48151153025,1413.56520480103,19347.5,22448,19967.6666666667,17487,1,34136.6856401261,0.0108710110889669,3140157.37457685,800.195811312034,21.726811389907,0.237245455370129,274.971903378908,2.61300905429596,"Urban and Built-up",13.7299999237061,127.34,0.692748054862022,6.5,3400.4955607,3400.4955607,0,875,641.938471830868,1000,54,30.08130081,47.96747967,35.36863185,33.00206485,38.21138211,27.64227642,c(-122.24732, 37.87892)
"774","Leadingham Home",NA,"02/10/2023","02/16/2023",6,"","CA",94391.3846153846,35.4740740740741,39.1199130499514,5811.031250322,2585.36680457913,18342.8571428571,18797,19805.2,14687,25,70555.3149757376,0.022468719417369,3140157.37457633,487.926249064269,74.8077248378912,0.0949541966135253,15.4262041242606,3.68458283215909,"Urban and Built-up",14.25,111.98,0.936195135116577,19.5,2268.6782265,819.5938821,1449.0843444,556,471.976339060089,1000,55,67.4796748,94.30894309,60.13210098,47.94051512,77.23577236,83.7398374,c(-122.282517, 37.845393)
"775","Leadingham Home",NA,"02/10/2023","02/16/2023",6,"","CA",94391.3846153846,35.4740740740741,39.1199130499514,5811.031250322,2585.36680457913,18342.8571428571,18797,19805.2,14687,25,70555.3149757376,0.022468719417369,3140157.37457633,487.926249064269,74.8077248378912,0.0949541966135253,15.4262041242606,3.68458283215909,"Urban and Built-up",14.25,111.98,0.936195135116577,18.8333333333333,207.2323918,207.2323918,0,1014,471.976339060089,1000,55,67.4796748,94.30894309,60.13210098,47.94051512,77.23577236,83.7398374,c(-122.282517, 37.845393)
"776","Leadingham Home",NA,"02/10/2023","02/16/2023",6,"","CA",94391.3846153846,35.4740740740741,39.1199130499514,5811.031250322,2585.36680457913,18342.8571428571,18797,19805.2,14687,25,70555.3149757376,0.022468719417369,3140157.37457633,487.926249064269,74.8077248378912,0.0949541966135253,15.4262041242606,3.68458283215909,"Urban and Built-up",14.25,111.98,0.936195135116577,18.8333333333333,40.8562553,40.8562553,0,495,471.976339060089,1000,55,67.4796748,94.30894309,60.13210098,47.94051512,77.23577236,83.7398374,c(-122.282517, 37.845393)
"777","Leadingham Home",NA,"02/10/2023","02/16/2023",6,"","CA",94391.3846153846,35.4740740740741,39.1199130499514,5811.031250322,2585.36680457913,18342.8571428571,18797,19805.2,14687,25,70555.3149757376,0.022468719417369,3140157.37457633,487.926249064269,74.8077248378912,0.0949541966135253,15.4262041242606,3.68458283215909,"Urban and Built-up",14.25,111.98,0.936195135116577,14.8333333333333,43.4725501,43.4725501,0,556,471.976339060089,1000,55,67.4796748,94.30894309,60.13210098,47.94051512,77.23577236,83.7398374,c(-122.282517, 37.845393)
"778","Leadingham Home",NA,"02/10/2023","02/16/2023",6,"","CA",94391.3846153846,35.4740740740741,39.1199130499514,5811.031250322,2585.36680457913,18342.8571428571,18797,19805.2,14687,25,70555.3149757376,0.022468719417369,3140157.37457633,487.926249064269,74.8077248378912,0.0949541966135253,15.4262041242606,3.68458283215909,"Urban and Built-up",14.25,111.98,0.936195135116577,14.1666666666667,37.3842532,37.3842532,0,542,471.976339060089,1000,55,67.4796748,94.30894309,60.13210098,47.94051512,77.23577236,83.7398374,c(-122.282517, 37.845393)
"779","Leadingham Home",NA,"02/10/2023","02/16/2023",6,"","CA",94391.3846153846,35.4740740740741,39.1199130499514,5811.031250322,2585.36680457913,18342.8571428571,18797,19805.2,14687,25,70555.3149757376,0.022468719417369,3140157.37457633,487.926249064269,74.8077248378912,0.0949541966135253,15.4262041242606,3.68458283215909,"Urban and Built-up",14.25,111.98,0.936195135116577,15.8333333333333,61.3729683,61.3729683,0,667,471.976339060089,1000,55,67.4796748,94.30894309,60.13210098,47.94051512,77.23577236,83.7398374,c(-122.282517, 37.845393)
"780","Leadingham Home",NA,"02/10/2023","02/16/2023",6,"","CA",94391.3846153846,35.4740740740741,39.1199130499514,5811.031250322,2585.36680457913,18342.8571428571,18797,19805.2,14687,25,70555.3149757376,0.022468719417369,3140157.37457633,487.926249064269,74.8077248378912,0.0949541966135253,15.4262041242606,3.68458283215909,"Urban and Built-up",14.25,111.98,0.936195135116577,16.6666666666667,63.1231776,63.1231776,0,489,471.976339060089,1000,55,67.4796748,94.30894309,60.13210098,47.94051512,77.23577236,83.7398374,c(-122.282517, 37.845393)
"781","Leadingham Home",NA,"02/10/2023","02/16/2023",6,"","CA",94391.3846153846,35.4740740740741,39.1199130499514,5811.031250322,2585.36680457913,18342.8571428571,18797,19805.2,14687,25,70555.3149757376,0.022468719417369,3140157.37457633,487.926249064269,74.8077248378912,0.0949541966135253,15.4262041242606,3.68458283215909,"Urban and Built-up",14.25,111.98,0.936195135116577,15.5,49.874664,49.874664,0,625,471.976339060089,1000,55,67.4796748,94.30894309,60.13210098,47.94051512,77.23577236,83.7398374,c(-122.282517, 37.845393)
"782","Leadingham Home",NA,"02/10/2023","02/16/2023",6,"","CA",94391.3846153846,35.4740740740741,39.1199130499514,5811.031250322,2585.36680457913,18342.8571428571,18797,19805.2,14687,25,70555.3149757376,0.022468719417369,3140157.37457633,487.926249064269,74.8077248378912,0.0949541966135253,15.4262041242606,3.68458283215909,"Urban and Built-up",14.25,111.98,0.936195135116577,18.8333333333333,64.0997168,64.0997168,0,577,471.976339060089,1000,55,67.4796748,94.30894309,60.13210098,47.94051512,77.23577236,83.7398374,c(-122.282517, 37.845393)
"783","Leadingham Home",NA,"02/10/2023","02/16/2023",6,"","CA",94391.3846153846,35.4740740740741,39.1199130499514,5811.031250322,2585.36680457913,18342.8571428571,18797,19805.2,14687,25,70555.3149757376,0.022468719417369,3140157.37457633,487.926249064269,74.8077248378912,0.0949541966135253,15.4262041242606,3.68458283215909,"Urban and Built-up",14.25,111.98,0.936195135116577,15.1666666666667,34.7748772,34.7748772,0,427,471.976339060089,1000,55,67.4796748,94.30894309,60.13210098,47.94051512,77.23577236,83.7398374,c(-122.282517, 37.845393)
"784","Leadingham Home",NA,"02/10/2023","02/16/2023",6,"","CA",94391.3846153846,35.4740740740741,39.1199130499514,5811.031250322,2585.36680457913,18342.8571428571,18797,19805.2,14687,25,70555.3149757376,0.022468719417369,3140157.37457633,487.926249064269,74.8077248378912,0.0949541966135253,15.4262041242606,3.68458283215909,"Urban and Built-up",14.25,111.98,0.936195135116577,13.3333333333333,21.6738823,21.6738823,0,343,471.976339060089,1000,55,67.4796748,94.30894309,60.13210098,47.94051512,77.23577236,83.7398374,c(-122.282517, 37.845393)
"785","Leadingham Home",NA,"02/10/2023","02/16/2023",6,"","CA",94391.3846153846,35.4740740740741,39.1199130499514,5811.031250322,2585.36680457913,18342.8571428571,18797,19805.2,14687,25,70555.3149757376,0.022468719417369,3140157.37457633,487.926249064269,74.8077248378912,0.0949541966135253,15.4262041242606,3.68458283215909,"Urban and Built-up",14.25,111.98,0.936195135116577,14,28.1056482,28.1056482,0,533,471.976339060089,1000,55,67.4796748,94.30894309,60.13210098,47.94051512,77.23577236,83.7398374,c(-122.282517, 37.845393)
"786","Leadingham Home",NA,"02/10/2023","02/16/2023",6,"","CA",94391.3846153846,35.4740740740741,39.1199130499514,5811.031250322,2585.36680457913,18342.8571428571,18797,19805.2,14687,25,70555.3149757376,0.022468719417369,3140157.37457633,487.926249064269,74.8077248378912,0.0949541966135253,15.4262041242606,3.68458283215909,"Urban and Built-up",14.25,111.98,0.936195135116577,17,61.4243651,61.4243651,0,1060,471.976339060089,1000,55,67.4796748,94.30894309,60.13210098,47.94051512,77.23577236,83.7398374,c(-122.282517, 37.845393)
"787","Leadingham Home",NA,"02/10/2023","02/16/2023",6,"","CA",94391.3846153846,35.4740740740741,39.1199130499514,5811.031250322,2585.36680457913,18342.8571428571,18797,19805.2,14687,25,70555.3149757376,0.022468719417369,3140157.37457633,487.926249064269,74.8077248378912,0.0949541966135253,15.4262041242606,3.68458283215909,"Urban and Built-up",14.25,111.98,0.936195135116577,18.1666666666667,98.1046304,98.1046304,0,462,471.976339060089,1000,55,67.4796748,94.30894309,60.13210098,47.94051512,77.23577236,83.7398374,c(-122.282517, 37.845393)
"788","Leadingham Home",NA,"02/10/2023","02/16/2023",6,"","CA",94391.3846153846,35.4740740740741,39.1199130499514,5811.031250322,2585.36680457913,18342.8571428571,18797,19805.2,14687,25,70555.3149757376,0.022468719417369,3140157.37457633,487.926249064269,74.8077248378912,0.0949541966135253,15.4262041242606,3.68458283215909,"Urban and Built-up",14.25,111.98,0.936195135116577,19.3333333333333,59.7608879,59.7608879,0,711,471.976339060089,1000,55,67.4796748,94.30894309,60.13210098,47.94051512,77.23577236,83.7398374,c(-122.282517, 37.845393)
"789","Leadingham Home",NA,"02/10/2023","02/16/2023",6,"","CA",94391.3846153846,35.4740740740741,39.1199130499514,5811.031250322,2585.36680457913,18342.8571428571,18797,19805.2,14687,25,70555.3149757376,0.022468719417369,3140157.37457633,487.926249064269,74.8077248378912,0.0949541966135253,15.4262041242606,3.68458283215909,"Urban and Built-up",14.25,111.98,0.936195135116577,18.5,62.3159019,62.3159019,0,498,471.976339060089,1000,55,67.4796748,94.30894309,60.13210098,47.94051512,77.23577236,83.7398374,c(-122.282517, 37.845393)
"790","Leadingham Home",NA,"02/10/2023","02/16/2023",6,"","CA",94391.3846153846,35.4740740740741,39.1199130499514,5811.031250322,2585.36680457913,18342.8571428571,18797,19805.2,14687,25,70555.3149757376,0.022468719417369,3140157.37457633,487.926249064269,74.8077248378912,0.0949541966135253,15.4262041242606,3.68458283215909,"Urban and Built-up",14.25,111.98,0.936195135116577,18.5,55.7423006,55.7423006,0,660,471.976339060089,1000,55,67.4796748,94.30894309,60.13210098,47.94051512,77.23577236,83.7398374,c(-122.282517, 37.845393)
"791","Leadingham Home",NA,"02/10/2023","02/16/2023",6,"","CA",94391.3846153846,35.4740740740741,39.1199130499514,5811.031250322,2585.36680457913,18342.8571428571,18797,19805.2,14687,25,70555.3149757376,0.022468719417369,3140157.37457633,487.926249064269,74.8077248378912,0.0949541966135253,15.4262041242606,3.68458283215909,"Urban and Built-up",14.25,111.98,0.936195135116577,13.3333333333333,47.8205217,47.8205217,0,578,471.976339060089,1000,55,67.4796748,94.30894309,60.13210098,47.94051512,77.23577236,83.7398374,c(-122.282517, 37.845393)
"792","Leadingham Home",NA,"02/10/2023","02/16/2023",6,"","CA",94391.3846153846,35.4740740740741,39.1199130499514,5811.031250322,2585.36680457913,18342.8571428571,18797,19805.2,14687,25,70555.3149757376,0.022468719417369,3140157.37457633,487.926249064269,74.8077248378912,0.0949541966135253,15.4262041242606,3.68458283215909,"Urban and Built-up",14.25,111.98,0.936195135116577,15.8333333333333,57.8340021,57.8340021,0,672,471.976339060089,1000,55,67.4796748,94.30894309,60.13210098,47.94051512,77.23577236,83.7398374,c(-122.282517, 37.845393)
"793","Leadingham Home",NA,"02/10/2023","02/16/2023",6,"","CA",94391.3846153846,35.4740740740741,39.1199130499514,5811.031250322,2585.36680457913,18342.8571428571,18797,19805.2,14687,25,70555.3149757376,0.022468719417369,3140157.37457633,487.926249064269,74.8077248378912,0.0949541966135253,15.4262041242606,3.68458283215909,"Urban and Built-up",14.25,111.98,0.936195135116577,17.1666666666667,64.3643609,64.3643609,0,689,471.976339060089,1000,55,67.4796748,94.30894309,60.13210098,47.94051512,77.23577236,83.7398374,c(-122.282517, 37.845393)
"794","Leadingham Home",NA,"02/10/2023","02/16/2023",6,"","CA",94391.3846153846,35.4740740740741,39.1199130499514,5811.031250322,2585.36680457913,18342.8571428571,18797,19805.2,14687,25,70555.3149757376,0.022468719417369,3140157.37457633,487.926249064269,74.8077248378912,0.0949541966135253,15.4262041242606,3.68458283215909,"Urban and Built-up",14.25,111.98,0.936195135116577,16.3333333333333,34.4319024,34.4319024,0,456,471.976339060089,1000,55,67.4796748,94.30894309,60.13210098,47.94051512,77.23577236,83.7398374,c(-122.282517, 37.845393)
"795","Leadingham Home",NA,"02/10/2023","02/16/2023",6,"","CA",94391.3846153846,35.4740740740741,39.1199130499514,5811.031250322,2585.36680457913,18342.8571428571,18797,19805.2,14687,25,70555.3149757376,0.022468719417369,3140157.37457633,487.926249064269,74.8077248378912,0.0949541966135253,15.4262041242606,3.68458283215909,"Urban and Built-up",14.25,111.98,0.936195135116577,14.6666666666667,60.8923588,60.8923588,0,675,471.976339060089,1000,55,67.4796748,94.30894309,60.13210098,47.94051512,77.23577236,83.7398374,c(-122.282517, 37.845393)
"796","Leadingham Home",NA,"02/10/2023","02/16/2023",6,"","CA",94391.3846153846,35.4740740740741,39.1199130499514,5811.031250322,2585.36680457913,18342.8571428571,18797,19805.2,14687,25,70555.3149757376,0.022468719417369,3140157.37457633,487.926249064269,74.8077248378912,0.0949541966135253,15.4262041242606,3.68458283215909,"Urban and Built-up",14.25,111.98,0.936195135116577,16.8333333333333,62.7928049,62.7928049,0,717,471.976339060089,1000,55,67.4796748,94.30894309,60.13210098,47.94051512,77.23577236,83.7398374,c(-122.282517, 37.845393)
"797","Leadingham Home",NA,"02/10/2023","02/16/2023",6,"","CA",94391.3846153846,35.4740740740741,39.1199130499514,5811.031250322,2585.36680457913,18342.8571428571,18797,19805.2,14687,25,70555.3149757376,0.022468719417369,3140157.37457633,487.926249064269,74.8077248378912,0.0949541966135253,15.4262041242606,3.68458283215909,"Urban and Built-up",14.25,111.98,0.936195135116577,15,52.155397,52.155397,0,627,471.976339060089,1000,55,67.4796748,94.30894309,60.13210098,47.94051512,77.23577236,83.7398374,c(-122.282517, 37.845393)
"798","Leadingham Home",NA,"02/10/2023","02/16/2023",6,"","CA",94391.3846153846,35.4740740740741,39.1199130499514,5811.031250322,2585.36680457913,18342.8571428571,18797,19805.2,14687,25,70555.3149757376,0.022468719417369,3140157.37457633,487.926249064269,74.8077248378912,0.0949541966135253,15.4262041242606,3.68458283215909,"Urban and Built-up",14.25,111.98,0.936195135116577,16.6666666666667,57.0877601,57.0877601,0,717,471.976339060089,1000,55,67.4796748,94.30894309,60.13210098,47.94051512,77.23577236,83.7398374,c(-122.282517, 37.845393)
"799","Leadingham Home",NA,"02/10/2023","02/16/2023",6,"","CA",94391.3846153846,35.4740740740741,39.1199130499514,5811.031250322,2585.36680457913,18342.8571428571,18797,19805.2,14687,25,70555.3149757376,0.022468719417369,3140157.37457633,487.926249064269,74.8077248378912,0.0949541966135253,15.4262041242606,3.68458283215909,"Urban and Built-up",14.25,111.98,0.936195135116577,15,54.1240427,54.1240427,0,696,471.976339060089,1000,55,67.4796748,94.30894309,60.13210098,47.94051512,77.23577236,83.7398374,c(-122.282517, 37.845393)
"800","Leadingham Home",NA,"02/10/2023","02/16/2023",6,"","CA",94391.3846153846,35.4740740740741,39.1199130499514,5811.031250322,2585.36680457913,18342.8571428571,18797,19805.2,14687,25,70555.3149757376,0.022468719417369,3140157.37457633,487.926249064269,74.8077248378912,0.0949541966135253,15.4262041242606,3.68458283215909,"Urban and Built-up",14.25,111.98,0.936195135116577,14.8333333333333,49.4587947,49.4587947,0,599,471.976339060089,1000,55,67.4796748,94.30894309,60.13210098,47.94051512,77.23577236,83.7398374,c(-122.282517, 37.845393)
"801","Lerman Home",NA,"01/24/2023","01/28/2023",4,"","CA",129932.777777778,46.34,38.398939794607,1875.52890659244,750.079930908235,1902.6,1683,1841,2149,1,32163.0312762457,0.0102424902448009,3140157.3745771,235.197001336784,30.8875739644969,0.202933917031511,87.8516012010671,2.26824882057145,"Urban and Built-up",14.266666730245,97.9166666666667,0.725489437580109,11,289.4971709,289.4971709,0,844,2581.25996392161,1000,56,58.53658537,63.41463415,42.51147919,36.4439522,52.84552846,50.40650407,c(-122.128669, 37.725922)
"802","Lerman Home",NA,"01/24/2023","01/28/2023",4,"","CA",129932.777777778,46.34,38.398939794607,1875.52890659244,750.079930908235,1902.6,1683,1841,2149,1,32163.0312762457,0.0102424902448009,3140157.3745771,235.197001336784,30.8875739644969,0.202933917031511,87.8516012010671,2.26824882057145,"Urban and Built-up",14.266666730245,97.9166666666667,0.725489437580109,10.3333333333333,663.0145193,627.11509,35.8994293,581,2581.25996392161,1000,56,58.53658537,63.41463415,42.51147919,36.4439522,52.84552846,50.40650407,c(-122.128669, 37.725922)
"803","Lerman Home",NA,"01/24/2023","01/28/2023",4,"","CA",129932.777777778,46.34,38.398939794607,1875.52890659244,750.079930908235,1902.6,1683,1841,2149,1,32163.0312762457,0.0102424902448009,3140157.3745771,235.197001336784,30.8875739644969,0.202933917031511,87.8516012010671,2.26824882057145,"Urban and Built-up",14.266666730245,97.9166666666667,0.725489437580109,12.6666666666667,61.742877,61.742877,0,446,2581.25996392161,1000,56,58.53658537,63.41463415,42.51147919,36.4439522,52.84552846,50.40650407,c(-122.128669, 37.725922)
"804","Lerman Home",NA,"01/24/2023","01/28/2023",4,"","CA",129932.777777778,46.34,38.398939794607,1875.52890659244,750.079930908235,1902.6,1683,1841,2149,1,32163.0312762457,0.0102424902448009,3140157.3745771,235.197001336784,30.8875739644969,0.202933917031511,87.8516012010671,2.26824882057145,"Urban and Built-up",14.266666730245,97.9166666666667,0.725489437580109,13.8333333333333,70.0597688,70.0597688,0,484,2581.25996392161,1000,56,58.53658537,63.41463415,42.51147919,36.4439522,52.84552846,50.40650407,c(-122.128669, 37.725922)
"805","Lerman Home",NA,"01/24/2023","01/28/2023",4,"","CA",129932.777777778,46.34,38.398939794607,1875.52890659244,750.079930908235,1902.6,1683,1841,2149,1,32163.0312762457,0.0102424902448009,3140157.3745771,235.197001336784,30.8875739644969,0.202933917031511,87.8516012010671,2.26824882057145,"Urban and Built-up",14.266666730245,97.9166666666667,0.725489437580109,13.3333333333333,107.797375,107.797375,0,558,2581.25996392161,1000,56,58.53658537,63.41463415,42.51147919,36.4439522,52.84552846,50.40650407,c(-122.128669, 37.725922)
"806","Lerman Home",NA,"01/24/2023","01/28/2023",4,"","CA",129932.777777778,46.34,38.398939794607,1875.52890659244,750.079930908235,1902.6,1683,1841,2149,1,32163.0312762457,0.0102424902448009,3140157.3745771,235.197001336784,30.8875739644969,0.202933917031511,87.8516012010671,2.26824882057145,"Urban and Built-up",14.266666730245,97.9166666666667,0.725489437580109,13.8333333333333,72.9458968,72.9458968,0,541,2581.25996392161,1000,56,58.53658537,63.41463415,42.51147919,36.4439522,52.84552846,50.40650407,c(-122.128669, 37.725922)
"807","Lerman Home",NA,"01/24/2023","01/28/2023",4,"","CA",129932.777777778,46.34,38.398939794607,1875.52890659244,750.079930908235,1902.6,1683,1841,2149,1,32163.0312762457,0.0102424902448009,3140157.3745771,235.197001336784,30.8875739644969,0.202933917031511,87.8516012010671,2.26824882057145,"Urban and Built-up",14.266666730245,97.9166666666667,0.725489437580109,11.8333333333333,119.0920689,119.0920689,0,369,2581.25996392161,1000,56,58.53658537,63.41463415,42.51147919,36.4439522,52.84552846,50.40650407,c(-122.128669, 37.725922)
"808","Lerman Home",NA,"01/24/2023","01/28/2023",4,"","CA",129932.777777778,46.34,38.398939794607,1875.52890659244,750.079930908235,1902.6,1683,1841,2149,1,32163.0312762457,0.0102424902448009,3140157.3745771,235.197001336784,30.8875739644969,0.202933917031511,87.8516012010671,2.26824882057145,"Urban and Built-up",14.266666730245,97.9166666666667,0.725489437580109,8.5,547.5674225,547.5674225,0,695,2581.25996392161,1000,56,58.53658537,63.41463415,42.51147919,36.4439522,52.84552846,50.40650407,c(-122.128669, 37.725922)
"809","Lerman Home",NA,"01/24/2023","01/28/2023",4,"","CA",129932.777777778,46.34,38.398939794607,1875.52890659244,750.079930908235,1902.6,1683,1841,2149,1,32163.0312762457,0.0102424902448009,3140157.3745771,235.197001336784,30.8875739644969,0.202933917031511,87.8516012010671,2.26824882057145,"Urban and Built-up",14.266666730245,97.9166666666667,0.725489437580109,6.33333333333333,638.256829,519.1907056,119.0661234,622,2581.25996392161,1000,56,58.53658537,63.41463415,42.51147919,36.4439522,52.84552846,50.40650407,c(-122.128669, 37.725922)
"810","Lerman Home",NA,"01/24/2023","01/28/2023",4,"","CA",129932.777777778,46.34,38.398939794607,1875.52890659244,750.079930908235,1902.6,1683,1841,2149,1,32163.0312762457,0.0102424902448009,3140157.3745771,235.197001336784,30.8875739644969,0.202933917031511,87.8516012010671,2.26824882057145,"Urban and Built-up",14.266666730245,97.9166666666667,0.725489437580109,13.3333333333333,92.0509275,92.0509275,0,786,2581.25996392161,1000,56,58.53658537,63.41463415,42.51147919,36.4439522,52.84552846,50.40650407,c(-122.128669, 37.725922)
"811","Lerman Home",NA,"01/24/2023","01/28/2023",4,"","CA",129932.777777778,46.34,38.398939794607,1875.52890659244,750.079930908235,1902.6,1683,1841,2149,1,32163.0312762457,0.0102424902448009,3140157.3745771,235.197001336784,30.8875739644969,0.202933917031511,87.8516012010671,2.26824882057145,"Urban and Built-up",14.266666730245,97.9166666666667,0.725489437580109,5.5,20001.5524954,19136.5757331,864.9767623,1180,2581.25996392161,1000,56,58.53658537,63.41463415,42.51147919,36.4439522,52.84552846,50.40650407,c(-122.128669, 37.725922)
"812","Lim Home",NA,"11/28/2023","12/05/2023",7,"","CA",86906.3529411765,36.8088235294118,43.1386174046111,7336.37491073663,4044.09873563595,43467.875,44752.5,45643.1666666667,36942,74,87689.4858435448,0.0279251882575983,3140157.37457687,523.387587862563,75.8581100141044,0.0888314646805416,24.0632752371463,3.99512116727734,"Urban and Built-up",14.25,108.233333333333,0.948107212781906,14.1666666666667,36.1559191,36.1559191,0,591,604.576371297946,1000,57,76.42276423,82.92682927,55.53451652,45.95082268,73.98373984,74.79674797,c(-122.261902, 37.8245268)
"813","Lim Home",NA,"11/28/2023","12/05/2023",7,"","CA",86906.3529411765,36.8088235294118,43.1386174046111,7336.37491073663,4044.09873563595,43467.875,44752.5,45643.1666666667,36942,74,87689.4858435448,0.0279251882575983,3140157.37457687,523.387587862563,75.8581100141044,0.0888314646805416,24.0632752371463,3.99512116727734,"Urban and Built-up",14.25,108.233333333333,0.948107212781906,17.3333333333333,46.7960451,46.7960451,0,401,604.576371297946,1000,57,76.42276423,82.92682927,55.53451652,45.95082268,73.98373984,74.79674797,c(-122.261902, 37.8245268)
"814","Lim Home",NA,"11/28/2023","12/05/2023",7,"","CA",86906.3529411765,36.8088235294118,43.1386174046111,7336.37491073663,4044.09873563595,43467.875,44752.5,45643.1666666667,36942,74,87689.4858435448,0.0279251882575983,3140157.37457687,523.387587862563,75.8581100141044,0.0888314646805416,24.0632752371463,3.99512116727734,"Urban and Built-up",14.25,108.233333333333,0.948107212781906,19.1666666666667,52.8428292,52.8428292,0,572,604.576371297946,1000,57,76.42276423,82.92682927,55.53451652,45.95082268,73.98373984,74.79674797,c(-122.261902, 37.8245268)
"815","Lim Home",NA,"11/28/2023","12/05/2023",7,"","CA",86906.3529411765,36.8088235294118,43.1386174046111,7336.37491073663,4044.09873563595,43467.875,44752.5,45643.1666666667,36942,74,87689.4858435448,0.0279251882575983,3140157.37457687,523.387587862563,75.8581100141044,0.0888314646805416,24.0632752371463,3.99512116727734,"Urban and Built-up",14.25,108.233333333333,0.948107212781906,16.3333333333333,80.2934153,80.2934153,0,652,604.576371297946,1000,57,76.42276423,82.92682927,55.53451652,45.95082268,73.98373984,74.79674797,c(-122.261902, 37.8245268)
"816","Lim Home",NA,"11/28/2023","12/05/2023",7,"","CA",86906.3529411765,36.8088235294118,43.1386174046111,7336.37491073663,4044.09873563595,43467.875,44752.5,45643.1666666667,36942,74,87689.4858435448,0.0279251882575983,3140157.37457687,523.387587862563,75.8581100141044,0.0888314646805416,24.0632752371463,3.99512116727734,"Urban and Built-up",14.25,108.233333333333,0.948107212781906,15.5,81.3818908,81.3818908,0,727,604.576371297946,1000,57,76.42276423,82.92682927,55.53451652,45.95082268,73.98373984,74.79674797,c(-122.261902, 37.8245268)
"817","Lim Home",NA,"11/28/2023","12/05/2023",7,"","CA",86906.3529411765,36.8088235294118,43.1386174046111,7336.37491073663,4044.09873563595,43467.875,44752.5,45643.1666666667,36942,74,87689.4858435448,0.0279251882575983,3140157.37457687,523.387587862563,75.8581100141044,0.0888314646805416,24.0632752371463,3.99512116727734,"Urban and Built-up",14.25,108.233333333333,0.948107212781906,18,35.8040487,35.8040487,0,482,604.576371297946,1000,57,76.42276423,82.92682927,55.53451652,45.95082268,73.98373984,74.79674797,c(-122.261902, 37.8245268)
"818","Lim Home",NA,"11/28/2023","12/05/2023",7,"","CA",86906.3529411765,36.8088235294118,43.1386174046111,7336.37491073663,4044.09873563595,43467.875,44752.5,45643.1666666667,36942,74,87689.4858435448,0.0279251882575983,3140157.37457687,523.387587862563,75.8581100141044,0.0888314646805416,24.0632752371463,3.99512116727734,"Urban and Built-up",14.25,108.233333333333,0.948107212781906,15,109.9760557,109.9760557,0,592,604.576371297946,1000,57,76.42276423,82.92682927,55.53451652,45.95082268,73.98373984,74.79674797,c(-122.261902, 37.8245268)
"819","Lim Home",NA,"11/28/2023","12/05/2023",7,"","CA",86906.3529411765,36.8088235294118,43.1386174046111,7336.37491073663,4044.09873563595,43467.875,44752.5,45643.1666666667,36942,74,87689.4858435448,0.0279251882575983,3140157.37457687,523.387587862563,75.8581100141044,0.0888314646805416,24.0632752371463,3.99512116727734,"Urban and Built-up",14.25,108.233333333333,0.948107212781906,14.6666666666667,49.306334,49.306334,0,796,604.576371297946,1000,57,76.42276423,82.92682927,55.53451652,45.95082268,73.98373984,74.79674797,c(-122.261902, 37.8245268)
"820","Lim Home",NA,"11/28/2023","12/05/2023",7,"","CA",86906.3529411765,36.8088235294118,43.1386174046111,7336.37491073663,4044.09873563595,43467.875,44752.5,45643.1666666667,36942,74,87689.4858435448,0.0279251882575983,3140157.37457687,523.387587862563,75.8581100141044,0.0888314646805416,24.0632752371463,3.99512116727734,"Urban and Built-up",14.25,108.233333333333,0.948107212781906,12.5,58.7712524,58.7712524,0,531,604.576371297946,1000,57,76.42276423,82.92682927,55.53451652,45.95082268,73.98373984,74.79674797,c(-122.261902, 37.8245268)
"821","Lim Home",NA,"11/28/2023","12/05/2023",7,"","CA",86906.3529411765,36.8088235294118,43.1386174046111,7336.37491073663,4044.09873563595,43467.875,44752.5,45643.1666666667,36942,74,87689.4858435448,0.0279251882575983,3140157.37457687,523.387587862563,75.8581100141044,0.0888314646805416,24.0632752371463,3.99512116727734,"Urban and Built-up",14.25,108.233333333333,0.948107212781906,16.1666666666667,67.6226215,67.6226215,0,844,604.576371297946,1000,57,76.42276423,82.92682927,55.53451652,45.95082268,73.98373984,74.79674797,c(-122.261902, 37.8245268)
"822","Lim Home",NA,"11/28/2023","12/05/2023",7,"","CA",86906.3529411765,36.8088235294118,43.1386174046111,7336.37491073663,4044.09873563595,43467.875,44752.5,45643.1666666667,36942,74,87689.4858435448,0.0279251882575983,3140157.37457687,523.387587862563,75.8581100141044,0.0888314646805416,24.0632752371463,3.99512116727734,"Urban and Built-up",14.25,108.233333333333,0.948107212781906,18.8333333333333,60.9580874,60.9580874,0,757,604.576371297946,1000,57,76.42276423,82.92682927,55.53451652,45.95082268,73.98373984,74.79674797,c(-122.261902, 37.8245268)
"823","Lim Home",NA,"11/28/2023","12/05/2023",7,"","CA",86906.3529411765,36.8088235294118,43.1386174046111,7336.37491073663,4044.09873563595,43467.875,44752.5,45643.1666666667,36942,74,87689.4858435448,0.0279251882575983,3140157.37457687,523.387587862563,75.8581100141044,0.0888314646805416,24.0632752371463,3.99512116727734,"Urban and Built-up",14.25,108.233333333333,0.948107212781906,15.3333333333333,40.4307491,40.4307491,0,782,604.576371297946,1000,57,76.42276423,82.92682927,55.53451652,45.95082268,73.98373984,74.79674797,c(-122.261902, 37.8245268)
"824","Lim Home",NA,"11/28/2023","12/05/2023",7,"","CA",86906.3529411765,36.8088235294118,43.1386174046111,7336.37491073663,4044.09873563595,43467.875,44752.5,45643.1666666667,36942,74,87689.4858435448,0.0279251882575983,3140157.37457687,523.387587862563,75.8581100141044,0.0888314646805416,24.0632752371463,3.99512116727734,"Urban and Built-up",14.25,108.233333333333,0.948107212781906,15.8333333333333,49.8880074,49.8880074,0,986,604.576371297946,1000,57,76.42276423,82.92682927,55.53451652,45.95082268,73.98373984,74.79674797,c(-122.261902, 37.8245268)
"825","Lim Home",NA,"11/28/2023","12/05/2023",7,"","CA",86906.3529411765,36.8088235294118,43.1386174046111,7336.37491073663,4044.09873563595,43467.875,44752.5,45643.1666666667,36942,74,87689.4858435448,0.0279251882575983,3140157.37457687,523.387587862563,75.8581100141044,0.0888314646805416,24.0632752371463,3.99512116727734,"Urban and Built-up",14.25,108.233333333333,0.948107212781906,13.1666666666667,32.2744723,32.2744723,0,1116,604.576371297946,1000,57,76.42276423,82.92682927,55.53451652,45.95082268,73.98373984,74.79674797,c(-122.261902, 37.8245268)
"826","Lim Home",NA,"11/28/2023","12/05/2023",7,"","CA",86906.3529411765,36.8088235294118,43.1386174046111,7336.37491073663,4044.09873563595,43467.875,44752.5,45643.1666666667,36942,74,87689.4858435448,0.0279251882575983,3140157.37457687,523.387587862563,75.8581100141044,0.0888314646805416,24.0632752371463,3.99512116727734,"Urban and Built-up",14.25,108.233333333333,0.948107212781906,13.1666666666667,58.4077683,58.4077683,0,772,604.576371297946,1000,57,76.42276423,82.92682927,55.53451652,45.95082268,73.98373984,74.79674797,c(-122.261902, 37.8245268)
"827","Lim Home",NA,"11/28/2023","12/05/2023",7,"","CA",86906.3529411765,36.8088235294118,43.1386174046111,7336.37491073663,4044.09873563595,43467.875,44752.5,45643.1666666667,36942,74,87689.4858435448,0.0279251882575983,3140157.37457687,523.387587862563,75.8581100141044,0.0888314646805416,24.0632752371463,3.99512116727734,"Urban and Built-up",14.25,108.233333333333,0.948107212781906,17,65.4874304,65.4874304,0,1163,604.576371297946,1000,57,76.42276423,82.92682927,55.53451652,45.95082268,73.98373984,74.79674797,c(-122.261902, 37.8245268)
"828","Lim Home",NA,"11/28/2023","12/05/2023",7,"","CA",86906.3529411765,36.8088235294118,43.1386174046111,7336.37491073663,4044.09873563595,43467.875,44752.5,45643.1666666667,36942,74,87689.4858435448,0.0279251882575983,3140157.37457687,523.387587862563,75.8581100141044,0.0888314646805416,24.0632752371463,3.99512116727734,"Urban and Built-up",14.25,108.233333333333,0.948107212781906,18,41.6961482,41.6961482,0,406,604.576371297946,1000,57,76.42276423,82.92682927,55.53451652,45.95082268,73.98373984,74.79674797,c(-122.261902, 37.8245268)
"829","Lim Home",NA,"11/28/2023","12/05/2023",7,"","CA",86906.3529411765,36.8088235294118,43.1386174046111,7336.37491073663,4044.09873563595,43467.875,44752.5,45643.1666666667,36942,74,87689.4858435448,0.0279251882575983,3140157.37457687,523.387587862563,75.8581100141044,0.0888314646805416,24.0632752371463,3.99512116727734,"Urban and Built-up",14.25,108.233333333333,0.948107212781906,14,35.8218399,35.8218399,0,427,604.576371297946,1000,57,76.42276423,82.92682927,55.53451652,45.95082268,73.98373984,74.79674797,c(-122.261902, 37.8245268)
"830","Lim Home",NA,"11/28/2023","12/05/2023",7,"","CA",86906.3529411765,36.8088235294118,43.1386174046111,7336.37491073663,4044.09873563595,43467.875,44752.5,45643.1666666667,36942,74,87689.4858435448,0.0279251882575983,3140157.37457687,523.387587862563,75.8581100141044,0.0888314646805416,24.0632752371463,3.99512116727734,"Urban and Built-up",14.25,108.233333333333,0.948107212781906,16.5,57.9911577,57.9911577,0,695,604.576371297946,1000,57,76.42276423,82.92682927,55.53451652,45.95082268,73.98373984,74.79674797,c(-122.261902, 37.8245268)
"831","Lim Home",NA,"11/28/2023","12/05/2023",7,"","CA",86906.3529411765,36.8088235294118,43.1386174046111,7336.37491073663,4044.09873563595,43467.875,44752.5,45643.1666666667,36942,74,87689.4858435448,0.0279251882575983,3140157.37457687,523.387587862563,75.8581100141044,0.0888314646805416,24.0632752371463,3.99512116727734,"Urban and Built-up",14.25,108.233333333333,0.948107212781906,15.1666666666667,34.9337625,34.9337625,0,421,604.576371297946,1000,57,76.42276423,82.92682927,55.53451652,45.95082268,73.98373984,74.79674797,c(-122.261902, 37.8245268)
"832","Lim Home",NA,"11/28/2023","12/05/2023",7,"","CA",86906.3529411765,36.8088235294118,43.1386174046111,7336.37491073663,4044.09873563595,43467.875,44752.5,45643.1666666667,36942,74,87689.4858435448,0.0279251882575983,3140157.37457687,523.387587862563,75.8581100141044,0.0888314646805416,24.0632752371463,3.99512116727734,"Urban and Built-up",14.25,108.233333333333,0.948107212781906,15.1666666666667,53.4931964,53.4931964,0,517,604.576371297946,1000,57,76.42276423,82.92682927,55.53451652,45.95082268,73.98373984,74.79674797,c(-122.261902, 37.8245268)
"833","Lim Home",NA,"11/28/2023","12/05/2023",7,"","CA",86906.3529411765,36.8088235294118,43.1386174046111,7336.37491073663,4044.09873563595,43467.875,44752.5,45643.1666666667,36942,74,87689.4858435448,0.0279251882575983,3140157.37457687,523.387587862563,75.8581100141044,0.0888314646805416,24.0632752371463,3.99512116727734,"Urban and Built-up",14.25,108.233333333333,0.948107212781906,15.5,49.9482998,49.9482998,0,516,604.576371297946,1000,57,76.42276423,82.92682927,55.53451652,45.95082268,73.98373984,74.79674797,c(-122.261902, 37.8245268)
"834","Lim Home",NA,"11/28/2023","12/05/2023",7,"","CA",86906.3529411765,36.8088235294118,43.1386174046111,7336.37491073663,4044.09873563595,43467.875,44752.5,45643.1666666667,36942,74,87689.4858435448,0.0279251882575983,3140157.37457687,523.387587862563,75.8581100141044,0.0888314646805416,24.0632752371463,3.99512116727734,"Urban and Built-up",14.25,108.233333333333,0.948107212781906,16.1666666666667,50.9814249,50.9814249,0,602,604.576371297946,1000,57,76.42276423,82.92682927,55.53451652,45.95082268,73.98373984,74.79674797,c(-122.261902, 37.8245268)
"835","Lim Home",NA,"11/28/2023","12/05/2023",7,"","CA",86906.3529411765,36.8088235294118,43.1386174046111,7336.37491073663,4044.09873563595,43467.875,44752.5,45643.1666666667,36942,74,87689.4858435448,0.0279251882575983,3140157.37457687,523.387587862563,75.8581100141044,0.0888314646805416,24.0632752371463,3.99512116727734,"Urban and Built-up",14.25,108.233333333333,0.948107212781906,18.3333333333333,66.2756794,66.2756794,0,1169,604.576371297946,1000,57,76.42276423,82.92682927,55.53451652,45.95082268,73.98373984,74.79674797,c(-122.261902, 37.8245268)
"836","Lim Home",NA,"11/28/2023","12/05/2023",7,"","CA",86906.3529411765,36.8088235294118,43.1386174046111,7336.37491073663,4044.09873563595,43467.875,44752.5,45643.1666666667,36942,74,87689.4858435448,0.0279251882575983,3140157.37457687,523.387587862563,75.8581100141044,0.0888314646805416,24.0632752371463,3.99512116727734,"Urban and Built-up",14.25,108.233333333333,0.948107212781906,15.1666666666667,70.2174186,70.2174186,0,1018,604.576371297946,1000,57,76.42276423,82.92682927,55.53451652,45.95082268,73.98373984,74.79674797,c(-122.261902, 37.8245268)
"837","Lim Home",NA,"11/28/2023","12/05/2023",7,"","CA",86906.3529411765,36.8088235294118,43.1386174046111,7336.37491073663,4044.09873563595,43467.875,44752.5,45643.1666666667,36942,74,87689.4858435448,0.0279251882575983,3140157.37457687,523.387587862563,75.8581100141044,0.0888314646805416,24.0632752371463,3.99512116727734,"Urban and Built-up",14.25,108.233333333333,0.948107212781906,17,29.0325203,29.0325203,0,389,604.576371297946,1000,57,76.42276423,82.92682927,55.53451652,45.95082268,73.98373984,74.79674797,c(-122.261902, 37.8245268)
"838","Lim Home",NA,"11/28/2023","12/05/2023",7,"","CA",86906.3529411765,36.8088235294118,43.1386174046111,7336.37491073663,4044.09873563595,43467.875,44752.5,45643.1666666667,36942,74,87689.4858435448,0.0279251882575983,3140157.37457687,523.387587862563,75.8581100141044,0.0888314646805416,24.0632752371463,3.99512116727734,"Urban and Built-up",14.25,108.233333333333,0.948107212781906,14.8333333333333,36.4116676,36.4116676,0,852,604.576371297946,1000,57,76.42276423,82.92682927,55.53451652,45.95082268,73.98373984,74.79674797,c(-122.261902, 37.8245268)
"839","Lim Home",NA,"11/28/2023","12/05/2023",7,"","CA",86906.3529411765,36.8088235294118,43.1386174046111,7336.37491073663,4044.09873563595,43467.875,44752.5,45643.1666666667,36942,74,87689.4858435448,0.0279251882575983,3140157.37457687,523.387587862563,75.8581100141044,0.0888314646805416,24.0632752371463,3.99512116727734,"Urban and Built-up",14.25,108.233333333333,0.948107212781906,13.1666666666667,18.8149353,18.8149353,0,632,604.576371297946,1000,57,76.42276423,82.92682927,55.53451652,45.95082268,73.98373984,74.79674797,c(-122.261902, 37.8245268)
"840","Lim Home",NA,"11/28/2023","12/05/2023",7,"","CA",86906.3529411765,36.8088235294118,43.1386174046111,7336.37491073663,4044.09873563595,43467.875,44752.5,45643.1666666667,36942,74,87689.4858435448,0.0279251882575983,3140157.37457687,523.387587862563,75.8581100141044,0.0888314646805416,24.0632752371463,3.99512116727734,"Urban and Built-up",14.25,108.233333333333,0.948107212781906,13,26.2711778,26.2711778,0,751,604.576371297946,1000,57,76.42276423,82.92682927,55.53451652,45.95082268,73.98373984,74.79674797,c(-122.261902, 37.8245268)
"841","Lim Home",NA,"11/28/2023","12/05/2023",7,"","CA",86906.3529411765,36.8088235294118,43.1386174046111,7336.37491073663,4044.09873563595,43467.875,44752.5,45643.1666666667,36942,74,87689.4858435448,0.0279251882575983,3140157.37457687,523.387587862563,75.8581100141044,0.0888314646805416,24.0632752371463,3.99512116727734,"Urban and Built-up",14.25,108.233333333333,0.948107212781906,17.6666666666667,20.4638336,20.4638336,0,553,604.576371297946,1000,57,76.42276423,82.92682927,55.53451652,45.95082268,73.98373984,74.79674797,c(-122.261902, 37.8245268)
"842","Lim Home",NA,"11/28/2023","12/05/2023",7,"","CA",86906.3529411765,36.8088235294118,43.1386174046111,7336.37491073663,4044.09873563595,43467.875,44752.5,45643.1666666667,36942,74,87689.4858435448,0.0279251882575983,3140157.37457687,523.387587862563,75.8581100141044,0.0888314646805416,24.0632752371463,3.99512116727734,"Urban and Built-up",14.25,108.233333333333,0.948107212781906,15.6666666666667,45.2165819,45.2165819,0,795,604.576371297946,1000,57,76.42276423,82.92682927,55.53451652,45.95082268,73.98373984,74.79674797,c(-122.261902, 37.8245268)
"843","Maness Home",NA,"01/24/2023","01/31/2023",7,"IOR","CA",81936.5185185185,36.2068965517241,20.6619655011143,6001.97270173449,2136.45273162285,12525.625,12288.5,11970.8333333333,14190,24,64138.9732085326,0.0204254008820755,3140157.3745766,880.253807386032,66.9709695603155,0.117418480695946,53.710269600618,3.38295745848726,"Urban and Built-up",14.25,102.45,0.935094580054283,12.6666666666667,46.2647801,46.2647801,0,457,945.994840709723,1000,58,65.04065041,68.29268293,41.23618129,34.78474582,47.96747967,47.96747967,c(-122.200324, 37.786196)
"844","Maness Home",NA,"01/24/2023","01/31/2023",7,"IOR","CA",81936.5185185185,36.2068965517241,20.6619655011143,6001.97270173449,2136.45273162285,12525.625,12288.5,11970.8333333333,14190,24,64138.9732085326,0.0204254008820755,3140157.3745766,880.253807386032,66.9709695603155,0.117418480695946,53.710269600618,3.38295745848726,"Urban and Built-up",14.25,102.45,0.935094580054283,12,101.0142329,101.0142329,0,642,945.994840709723,1000,58,65.04065041,68.29268293,41.23618129,34.78474582,47.96747967,47.96747967,c(-122.200324, 37.786196)
"845","Maness Home",NA,"01/24/2023","01/31/2023",7,"IOR","CA",81936.5185185185,36.2068965517241,20.6619655011143,6001.97270173449,2136.45273162285,12525.625,12288.5,11970.8333333333,14190,24,64138.9732085326,0.0204254008820755,3140157.3745766,880.253807386032,66.9709695603155,0.117418480695946,53.710269600618,3.38295745848726,"Urban and Built-up",14.25,102.45,0.935094580054283,15.8333333333333,61.7038352,61.7038352,0,1021,945.994840709723,1000,58,65.04065041,68.29268293,41.23618129,34.78474582,47.96747967,47.96747967,c(-122.200324, 37.786196)
"846","Maness Home",NA,"01/24/2023","01/31/2023",7,"IOR","CA",81936.5185185185,36.2068965517241,20.6619655011143,6001.97270173449,2136.45273162285,12525.625,12288.5,11970.8333333333,14190,24,64138.9732085326,0.0204254008820755,3140157.3745766,880.253807386032,66.9709695603155,0.117418480695946,53.710269600618,3.38295745848726,"Urban and Built-up",14.25,102.45,0.935094580054283,13.8333333333333,49.2378873,49.2378873,0,446,945.994840709723,1000,58,65.04065041,68.29268293,41.23618129,34.78474582,47.96747967,47.96747967,c(-122.200324, 37.786196)
"847","Maness Home",NA,"01/24/2023","01/31/2023",7,"IOR","CA",81936.5185185185,36.2068965517241,20.6619655011143,6001.97270173449,2136.45273162285,12525.625,12288.5,11970.8333333333,14190,24,64138.9732085326,0.0204254008820755,3140157.3745766,880.253807386032,66.9709695603155,0.117418480695946,53.710269600618,3.38295745848726,"Urban and Built-up",14.25,102.45,0.935094580054283,14.5,38.7460213,38.7460213,0,625,945.994840709723,1000,58,65.04065041,68.29268293,41.23618129,34.78474582,47.96747967,47.96747967,c(-122.200324, 37.786196)
"848","Maness Home",NA,"01/24/2023","01/31/2023",7,"IOR","CA",81936.5185185185,36.2068965517241,20.6619655011143,6001.97270173449,2136.45273162285,12525.625,12288.5,11970.8333333333,14190,24,64138.9732085326,0.0204254008820755,3140157.3745766,880.253807386032,66.9709695603155,0.117418480695946,53.710269600618,3.38295745848726,"Urban and Built-up",14.25,102.45,0.935094580054283,14.3333333333333,37.9948373,37.9948373,0,688,945.994840709723,1000,58,65.04065041,68.29268293,41.23618129,34.78474582,47.96747967,47.96747967,c(-122.200324, 37.786196)
"849","Maness Home",NA,"01/24/2023","01/31/2023",7,"IOR","CA",81936.5185185185,36.2068965517241,20.6619655011143,6001.97270173449,2136.45273162285,12525.625,12288.5,11970.8333333333,14190,24,64138.9732085326,0.0204254008820755,3140157.3745766,880.253807386032,66.9709695603155,0.117418480695946,53.710269600618,3.38295745848726,"Urban and Built-up",14.25,102.45,0.935094580054283,15.6666666666667,41.5179891,41.5179891,0,468,945.994840709723,1000,58,65.04065041,68.29268293,41.23618129,34.78474582,47.96747967,47.96747967,c(-122.200324, 37.786196)
"850","Maness Home",NA,"01/24/2023","01/31/2023",7,"IOR","CA",81936.5185185185,36.2068965517241,20.6619655011143,6001.97270173449,2136.45273162285,12525.625,12288.5,11970.8333333333,14190,24,64138.9732085326,0.0204254008820755,3140157.3745766,880.253807386032,66.9709695603155,0.117418480695946,53.710269600618,3.38295745848726,"Urban and Built-up",14.25,102.45,0.935094580054283,12.3333333333333,50.7538458,50.7538458,0,487,945.994840709723,1000,58,65.04065041,68.29268293,41.23618129,34.78474582,47.96747967,47.96747967,c(-122.200324, 37.786196)
"851","Maness Home",NA,"01/24/2023","01/31/2023",7,"IOR","CA",81936.5185185185,36.2068965517241,20.6619655011143,6001.97270173449,2136.45273162285,12525.625,12288.5,11970.8333333333,14190,24,64138.9732085326,0.0204254008820755,3140157.3745766,880.253807386032,66.9709695603155,0.117418480695946,53.710269600618,3.38295745848726,"Urban and Built-up",14.25,102.45,0.935094580054283,14,59.4579433,59.4579433,0,537,945.994840709723,1000,58,65.04065041,68.29268293,41.23618129,34.78474582,47.96747967,47.96747967,c(-122.200324, 37.786196)
"852","Maness Home",NA,"01/24/2023","01/31/2023",7,"IOR","CA",81936.5185185185,36.2068965517241,20.6619655011143,6001.97270173449,2136.45273162285,12525.625,12288.5,11970.8333333333,14190,24,64138.9732085326,0.0204254008820755,3140157.3745766,880.253807386032,66.9709695603155,0.117418480695946,53.710269600618,3.38295745848726,"Urban and Built-up",14.25,102.45,0.935094580054283,13.6666666666667,49.0528094,49.0528094,0,682,945.994840709723,1000,58,65.04065041,68.29268293,41.23618129,34.78474582,47.96747967,47.96747967,c(-122.200324, 37.786196)
"853","Maness Home",NA,"01/24/2023","01/31/2023",7,"IOR","CA",81936.5185185185,36.2068965517241,20.6619655011143,6001.97270173449,2136.45273162285,12525.625,12288.5,11970.8333333333,14190,24,64138.9732085326,0.0204254008820755,3140157.3745766,880.253807386032,66.9709695603155,0.117418480695946,53.710269600618,3.38295745848726,"Urban and Built-up",14.25,102.45,0.935094580054283,14.5,47.1827566,47.1827566,0,487,945.994840709723,1000,58,65.04065041,68.29268293,41.23618129,34.78474582,47.96747967,47.96747967,c(-122.200324, 37.786196)
"854","Maness Home",NA,"01/24/2023","01/31/2023",7,"IOR","CA",81936.5185185185,36.2068965517241,20.6619655011143,6001.97270173449,2136.45273162285,12525.625,12288.5,11970.8333333333,14190,24,64138.9732085326,0.0204254008820755,3140157.3745766,880.253807386032,66.9709695603155,0.117418480695946,53.710269600618,3.38295745848726,"Urban and Built-up",14.25,102.45,0.935094580054283,13.8333333333333,50.1556167,50.1556167,0,466,945.994840709723,1000,58,65.04065041,68.29268293,41.23618129,34.78474582,47.96747967,47.96747967,c(-122.200324, 37.786196)
"855","Maness Home",NA,"01/24/2023","01/31/2023",7,"IOR","CA",81936.5185185185,36.2068965517241,20.6619655011143,6001.97270173449,2136.45273162285,12525.625,12288.5,11970.8333333333,14190,24,64138.9732085326,0.0204254008820755,3140157.3745766,880.253807386032,66.9709695603155,0.117418480695946,53.710269600618,3.38295745848726,"Urban and Built-up",14.25,102.45,0.935094580054283,13.3333333333333,51.7546008,51.7546008,0,502,945.994840709723,1000,58,65.04065041,68.29268293,41.23618129,34.78474582,47.96747967,47.96747967,c(-122.200324, 37.786196)
"856","Maness Home",NA,"01/24/2023","01/31/2023",7,"IOR","CA",81936.5185185185,36.2068965517241,20.6619655011143,6001.97270173449,2136.45273162285,12525.625,12288.5,11970.8333333333,14190,24,64138.9732085326,0.0204254008820755,3140157.3745766,880.253807386032,66.9709695603155,0.117418480695946,53.710269600618,3.38295745848726,"Urban and Built-up",14.25,102.45,0.935094580054283,14.6666666666667,50.2915217,50.2915217,0,439,945.994840709723,1000,58,65.04065041,68.29268293,41.23618129,34.78474582,47.96747967,47.96747967,c(-122.200324, 37.786196)
"857","Maness Home",NA,"01/24/2023","01/31/2023",7,"IOR","CA",81936.5185185185,36.2068965517241,20.6619655011143,6001.97270173449,2136.45273162285,12525.625,12288.5,11970.8333333333,14190,24,64138.9732085326,0.0204254008820755,3140157.3745766,880.253807386032,66.9709695603155,0.117418480695946,53.710269600618,3.38295745848726,"Urban and Built-up",14.25,102.45,0.935094580054283,14.6666666666667,26.4211675,26.4211675,0,344,945.994840709723,1000,58,65.04065041,68.29268293,41.23618129,34.78474582,47.96747967,47.96747967,c(-122.200324, 37.786196)
"858","Maness Home",NA,"01/24/2023","01/31/2023",7,"IOR","CA",81936.5185185185,36.2068965517241,20.6619655011143,6001.97270173449,2136.45273162285,12525.625,12288.5,11970.8333333333,14190,24,64138.9732085326,0.0204254008820755,3140157.3745766,880.253807386032,66.9709695603155,0.117418480695946,53.710269600618,3.38295745848726,"Urban and Built-up",14.25,102.45,0.935094580054283,13.1666666666667,77.5429452,77.5429452,0,413,945.994840709723,1000,58,65.04065041,68.29268293,41.23618129,34.78474582,47.96747967,47.96747967,c(-122.200324, 37.786196)
"859","Maness Home",NA,"01/24/2023","01/31/2023",7,"IOR","CA",81936.5185185185,36.2068965517241,20.6619655011143,6001.97270173449,2136.45273162285,12525.625,12288.5,11970.8333333333,14190,24,64138.9732085326,0.0204254008820755,3140157.3745766,880.253807386032,66.9709695603155,0.117418480695946,53.710269600618,3.38295745848726,"Urban and Built-up",14.25,102.45,0.935094580054283,15.1666666666667,50.8665234,50.8665234,0,368,945.994840709723,1000,58,65.04065041,68.29268293,41.23618129,34.78474582,47.96747967,47.96747967,c(-122.200324, 37.786196)
"860","Maness Home",NA,"01/24/2023","01/31/2023",7,"IOR","CA",81936.5185185185,36.2068965517241,20.6619655011143,6001.97270173449,2136.45273162285,12525.625,12288.5,11970.8333333333,14190,24,64138.9732085326,0.0204254008820755,3140157.3745766,880.253807386032,66.9709695603155,0.117418480695946,53.710269600618,3.38295745848726,"Urban and Built-up",14.25,102.45,0.935094580054283,16.5,82.2526712,82.2526712,0,644,945.994840709723,1000,58,65.04065041,68.29268293,41.23618129,34.78474582,47.96747967,47.96747967,c(-122.200324, 37.786196)
"861","Maness Home",NA,"01/24/2023","01/31/2023",7,"IOR","CA",81936.5185185185,36.2068965517241,20.6619655011143,6001.97270173449,2136.45273162285,12525.625,12288.5,11970.8333333333,14190,24,64138.9732085326,0.0204254008820755,3140157.3745766,880.253807386032,66.9709695603155,0.117418480695946,53.710269600618,3.38295745848726,"Urban and Built-up",14.25,102.45,0.935094580054283,14.3333333333333,33.7704157,33.7704157,0,440,945.994840709723,1000,58,65.04065041,68.29268293,41.23618129,34.78474582,47.96747967,47.96747967,c(-122.200324, 37.786196)
"862","Maness Home",NA,"01/24/2023","01/31/2023",7,"IOR","CA",81936.5185185185,36.2068965517241,20.6619655011143,6001.97270173449,2136.45273162285,12525.625,12288.5,11970.8333333333,14190,24,64138.9732085326,0.0204254008820755,3140157.3745766,880.253807386032,66.9709695603155,0.117418480695946,53.710269600618,3.38295745848726,"Urban and Built-up",14.25,102.45,0.935094580054283,11.5,49.0510797,49.0510797,0,755,945.994840709723,1000,58,65.04065041,68.29268293,41.23618129,34.78474582,47.96747967,47.96747967,c(-122.200324, 37.786196)
"863","Maness Home",NA,"01/24/2023","01/31/2023",7,"IOR","CA",81936.5185185185,36.2068965517241,20.6619655011143,6001.97270173449,2136.45273162285,12525.625,12288.5,11970.8333333333,14190,24,64138.9732085326,0.0204254008820755,3140157.3745766,880.253807386032,66.9709695603155,0.117418480695946,53.710269600618,3.38295745848726,"Urban and Built-up",14.25,102.45,0.935094580054283,14.8333333333333,42.926212,42.926212,0,399,945.994840709723,1000,58,65.04065041,68.29268293,41.23618129,34.78474582,47.96747967,47.96747967,c(-122.200324, 37.786196)
"864","Maness Home",NA,"01/24/2023","01/31/2023",7,"IOR","CA",81936.5185185185,36.2068965517241,20.6619655011143,6001.97270173449,2136.45273162285,12525.625,12288.5,11970.8333333333,14190,24,64138.9732085326,0.0204254008820755,3140157.3745766,880.253807386032,66.9709695603155,0.117418480695946,53.710269600618,3.38295745848726,"Urban and Built-up",14.25,102.45,0.935094580054283,12.1666666666667,54.9767848,54.9767848,0,898,945.994840709723,1000,58,65.04065041,68.29268293,41.23618129,34.78474582,47.96747967,47.96747967,c(-122.200324, 37.786196)
"865","Maness Home",NA,"01/24/2023","01/31/2023",7,"IOR","CA",81936.5185185185,36.2068965517241,20.6619655011143,6001.97270173449,2136.45273162285,12525.625,12288.5,11970.8333333333,14190,24,64138.9732085326,0.0204254008820755,3140157.3745766,880.253807386032,66.9709695603155,0.117418480695946,53.710269600618,3.38295745848726,"Urban and Built-up",14.25,102.45,0.935094580054283,13.1666666666667,36.6543198,36.6543198,0,507,945.994840709723,1000,58,65.04065041,68.29268293,41.23618129,34.78474582,47.96747967,47.96747967,c(-122.200324, 37.786196)
"866","Maness Home",NA,"01/24/2023","01/31/2023",7,"IOR","CA",81936.5185185185,36.2068965517241,20.6619655011143,6001.97270173449,2136.45273162285,12525.625,12288.5,11970.8333333333,14190,24,64138.9732085326,0.0204254008820755,3140157.3745766,880.253807386032,66.9709695603155,0.117418480695946,53.710269600618,3.38295745848726,"Urban and Built-up",14.25,102.45,0.935094580054283,14.6666666666667,38.8105144,38.8105144,0,390,945.994840709723,1000,58,65.04065041,68.29268293,41.23618129,34.78474582,47.96747967,47.96747967,c(-122.200324, 37.786196)
"867","Maness Home",NA,"01/24/2023","01/31/2023",7,"IOR","CA",81936.5185185185,36.2068965517241,20.6619655011143,6001.97270173449,2136.45273162285,12525.625,12288.5,11970.8333333333,14190,24,64138.9732085326,0.0204254008820755,3140157.3745766,880.253807386032,66.9709695603155,0.117418480695946,53.710269600618,3.38295745848726,"Urban and Built-up",14.25,102.45,0.935094580054283,12,31.5576352,31.5576352,0,384,945.994840709723,1000,58,65.04065041,68.29268293,41.23618129,34.78474582,47.96747967,47.96747967,c(-122.200324, 37.786196)
"868","Maness Home",NA,"01/24/2023","01/31/2023",7,"IOR","CA",81936.5185185185,36.2068965517241,20.6619655011143,6001.97270173449,2136.45273162285,12525.625,12288.5,11970.8333333333,14190,24,64138.9732085326,0.0204254008820755,3140157.3745766,880.253807386032,66.9709695603155,0.117418480695946,53.710269600618,3.38295745848726,"Urban and Built-up",14.25,102.45,0.935094580054283,12,61.1864078,61.1864078,0,760,945.994840709723,1000,58,65.04065041,68.29268293,41.23618129,34.78474582,47.96747967,47.96747967,c(-122.200324, 37.786196)
"869","Maness Home",NA,"01/24/2023","01/31/2023",7,"IOR","CA",81936.5185185185,36.2068965517241,20.6619655011143,6001.97270173449,2136.45273162285,12525.625,12288.5,11970.8333333333,14190,24,64138.9732085326,0.0204254008820755,3140157.3745766,880.253807386032,66.9709695603155,0.117418480695946,53.710269600618,3.38295745848726,"Urban and Built-up",14.25,102.45,0.935094580054283,13.8333333333333,31.7446899,31.7446899,0,423,945.994840709723,1000,58,65.04065041,68.29268293,41.23618129,34.78474582,47.96747967,47.96747967,c(-122.200324, 37.786196)
"870","Maness Home",NA,"01/24/2023","01/31/2023",7,"IOR","CA",81936.5185185185,36.2068965517241,20.6619655011143,6001.97270173449,2136.45273162285,12525.625,12288.5,11970.8333333333,14190,24,64138.9732085326,0.0204254008820755,3140157.3745766,880.253807386032,66.9709695603155,0.117418480695946,53.710269600618,3.38295745848726,"Urban and Built-up",14.25,102.45,0.935094580054283,15.6666666666667,56.2562686,56.2562686,0,631,945.994840709723,1000,58,65.04065041,68.29268293,41.23618129,34.78474582,47.96747967,47.96747967,c(-122.200324, 37.786196)
"871","Maness Home",NA,"01/24/2023","01/31/2023",7,"IOR","CA",81936.5185185185,36.2068965517241,20.6619655011143,6001.97270173449,2136.45273162285,12525.625,12288.5,11970.8333333333,14190,24,64138.9732085326,0.0204254008820755,3140157.3745766,880.253807386032,66.9709695603155,0.117418480695946,53.710269600618,3.38295745848726,"Urban and Built-up",14.25,102.45,0.935094580054283,16,53.9083244,53.9083244,0,545,945.994840709723,1000,58,65.04065041,68.29268293,41.23618129,34.78474582,47.96747967,47.96747967,c(-122.200324, 37.786196)
"872","Maness Home",NA,"01/24/2023","01/31/2023",7,"IOR","CA",81936.5185185185,36.2068965517241,20.6619655011143,6001.97270173449,2136.45273162285,12525.625,12288.5,11970.8333333333,14190,24,64138.9732085326,0.0204254008820755,3140157.3745766,880.253807386032,66.9709695603155,0.117418480695946,53.710269600618,3.38295745848726,"Urban and Built-up",14.25,102.45,0.935094580054283,14.1666666666667,45.7347506,45.7347506,0,561,945.994840709723,1000,58,65.04065041,68.29268293,41.23618129,34.78474582,47.96747967,47.96747967,c(-122.200324, 37.786196)
"873","Marcus Home",NA,"01/27/2023","02/03/2023",7,"","CA",80097.8181818182,36.4166666666667,10.9941156057653,3165.32242690754,1262.71207429359,13675.25,13463,13694.5,13617.5,1,42286.6662801895,0.0134664162447862,3140157.37457706,465.594534306505,54.7667794698252,0.154780074709254,50.7511129165605,3.20188773999709,"Urban and Built-up",14.4000000953674,129,0.884479979674021,14.6666666666667,80.0601529,80.0601529,0,641,394.974675863384,1000,59,69.91869919,83.7398374,51.87585032,41.80509134,69.91869919,65.85365854,c(-122.334858, 37.985175)
"874","Marcus Home",NA,"01/27/2023","02/03/2023",7,"","CA",80097.8181818182,36.4166666666667,10.9941156057653,3165.32242690754,1262.71207429359,13675.25,13463,13694.5,13617.5,1,42286.6662801895,0.0134664162447862,3140157.37457706,465.594534306505,54.7667794698252,0.154780074709254,50.7511129165605,3.20188773999709,"Urban and Built-up",14.4000000953674,129,0.884479979674021,14.8333333333333,89.9718281,89.9718281,0,495,394.974675863384,1000,59,69.91869919,83.7398374,51.87585032,41.80509134,69.91869919,65.85365854,c(-122.334858, 37.985175)
"875","Marcus Home",NA,"01/27/2023","02/03/2023",7,"","CA",80097.8181818182,36.4166666666667,10.9941156057653,3165.32242690754,1262.71207429359,13675.25,13463,13694.5,13617.5,1,42286.6662801895,0.0134664162447862,3140157.37457706,465.594534306505,54.7667794698252,0.154780074709254,50.7511129165605,3.20188773999709,"Urban and Built-up",14.4000000953674,129,0.884479979674021,11,3721.2251832,2459.3638139,1261.8613693,2692,394.974675863384,1000,59,69.91869919,83.7398374,51.87585032,41.80509134,69.91869919,65.85365854,c(-122.334858, 37.985175)
"876","Marcus Home",NA,"01/27/2023","02/03/2023",7,"","CA",80097.8181818182,36.4166666666667,10.9941156057653,3165.32242690754,1262.71207429359,13675.25,13463,13694.5,13617.5,1,42286.6662801895,0.0134664162447862,3140157.37457706,465.594534306505,54.7667794698252,0.154780074709254,50.7511129165605,3.20188773999709,"Urban and Built-up",14.4000000953674,129,0.884479979674021,16,173.4572812,167.0771592,6.380122,160,394.974675863384,1000,59,69.91869919,83.7398374,51.87585032,41.80509134,69.91869919,65.85365854,c(-122.334858, 37.985175)
"877","Marcus Home",NA,"01/27/2023","02/03/2023",7,"","CA",80097.8181818182,36.4166666666667,10.9941156057653,3165.32242690754,1262.71207429359,13675.25,13463,13694.5,13617.5,1,42286.6662801895,0.0134664162447862,3140157.37457706,465.594534306505,54.7667794698252,0.154780074709254,50.7511129165605,3.20188773999709,"Urban and Built-up",14.4000000953674,129,0.884479979674021,16.8333333333333,233.7477044,233.7477044,0,1345,394.974675863384,1000,59,69.91869919,83.7398374,51.87585032,41.80509134,69.91869919,65.85365854,c(-122.334858, 37.985175)
"878","Marcus Home",NA,"01/27/2023","02/03/2023",7,"","CA",80097.8181818182,36.4166666666667,10.9941156057653,3165.32242690754,1262.71207429359,13675.25,13463,13694.5,13617.5,1,42286.6662801895,0.0134664162447862,3140157.37457706,465.594534306505,54.7667794698252,0.154780074709254,50.7511129165605,3.20188773999709,"Urban and Built-up",14.4000000953674,129,0.884479979674021,18.1666666666667,254.4361519,254.4361519,0,754,394.974675863384,1000,59,69.91869919,83.7398374,51.87585032,41.80509134,69.91869919,65.85365854,c(-122.334858, 37.985175)
"879","Marcus Home",NA,"01/27/2023","02/03/2023",7,"","CA",80097.8181818182,36.4166666666667,10.9941156057653,3165.32242690754,1262.71207429359,13675.25,13463,13694.5,13617.5,1,42286.6662801895,0.0134664162447862,3140157.37457706,465.594534306505,54.7667794698252,0.154780074709254,50.7511129165605,3.20188773999709,"Urban and Built-up",14.4000000953674,129,0.884479979674021,13.8333333333333,124.8910117,124.8910117,0,854,394.974675863384,1000,59,69.91869919,83.7398374,51.87585032,41.80509134,69.91869919,65.85365854,c(-122.334858, 37.985175)
"880","Marcus Home",NA,"01/27/2023","02/03/2023",7,"","CA",80097.8181818182,36.4166666666667,10.9941156057653,3165.32242690754,1262.71207429359,13675.25,13463,13694.5,13617.5,1,42286.6662801895,0.0134664162447862,3140157.37457706,465.594534306505,54.7667794698252,0.154780074709254,50.7511129165605,3.20188773999709,"Urban and Built-up",14.4000000953674,129,0.884479979674021,15,235.6128152,235.6128152,0,1345,394.974675863384,1000,59,69.91869919,83.7398374,51.87585032,41.80509134,69.91869919,65.85365854,c(-122.334858, 37.985175)
"881","Marcus Home",NA,"01/27/2023","02/03/2023",7,"","CA",80097.8181818182,36.4166666666667,10.9941156057653,3165.32242690754,1262.71207429359,13675.25,13463,13694.5,13617.5,1,42286.6662801895,0.0134664162447862,3140157.37457706,465.594534306505,54.7667794698252,0.154780074709254,50.7511129165605,3.20188773999709,"Urban and Built-up",14.4000000953674,129,0.884479979674021,14.3333333333333,110.2911082,110.2911082,0,832,394.974675863384,1000,59,69.91869919,83.7398374,51.87585032,41.80509134,69.91869919,65.85365854,c(-122.334858, 37.985175)
"882","Marina Bay Park","MBP","11/24/2023","12/11/2023",17,"","CA",90797.3333333333,38.675,29.5325696049088,1024.58977647822,464.974719939218,5146.83333333333,5001,5460.25,4520,10,38774.4337810663,0.0123479269207942,3140157.37457673,334.809862930615,56.7533860045143,0.084936698960442,3.84799208875742,3.40685620356346,"Urban and Built-up",14.3250002861023,127.86,0.900199502706528,14.1666666666667,985.9201044,567.9798593,417.9402451,750,1775.7334989535,1000,60,62.60162602,34.14634146,51.30386555,51.30386555,82.11382114,65.04065041,c(-122.34515, 37.91472)
"883","Marina Bay Park","MBP","11/24/2023","12/11/2023",17,"","CA",90797.3333333333,38.675,29.5325696049088,1024.58977647822,464.974719939218,5146.83333333333,5001,5460.25,4520,10,38774.4337810663,0.0123479269207942,3140157.37457673,334.809862930615,56.7533860045143,0.084936698960442,3.84799208875742,3.40685620356346,"Urban and Built-up",14.3250002861023,127.86,0.900199502706528,15.3333333333333,470.003968,469.9142707,0.0896973,529,1775.7334989535,1000,60,62.60162602,34.14634146,51.30386555,51.30386555,82.11382114,65.04065041,c(-122.34515, 37.91472)
"884","Marina Bay Park","MBP","11/24/2023","12/11/2023",17,"","CA",90797.3333333333,38.675,29.5325696049088,1024.58977647822,464.974719939218,5146.83333333333,5001,5460.25,4520,10,38774.4337810663,0.0123479269207942,3140157.37457673,334.809862930615,56.7533860045143,0.084936698960442,3.84799208875742,3.40685620356346,"Urban and Built-up",14.3250002861023,127.86,0.900199502706528,14.6666666666667,1878.5320365,490.0877618,1388.4442747,1722,1775.7334989535,1000,60,62.60162602,34.14634146,51.30386555,51.30386555,82.11382114,65.04065041,c(-122.34515, 37.91472)
"885","Mason Home","BMH","11/23/2022","12/07/2022",14,"Retired from UWIN","CA",118221.739130435,43.3869565217391,42.417409069693,4748.26203722276,2027.62769835978,12062.3333333333,12095,12281.8181818182,11458.75,54,59868.6817465993,0.0190655036054264,3140157.37457675,830.591402473874,60.060067681895,0.141793072709619,68.8656818970393,3.33411845204859,"Urban and Built-up",14.25,105.64,0.929300263524055,13.8333333333333,149.9630132,149.9630132,0,466,698.792370749403,1000,61,56.09756098,55.28455285,39.06558591,33.22367853,39.02439024,42.27642276,c(-122.218344, 37.803141)
"886","Mason Home","BMH","11/23/2022","12/07/2022",14,"Retired from UWIN","CA",118221.739130435,43.3869565217391,42.417409069693,4748.26203722276,2027.62769835978,12062.3333333333,12095,12281.8181818182,11458.75,54,59868.6817465993,0.0190655036054264,3140157.37457675,830.591402473874,60.060067681895,0.141793072709619,68.8656818970393,3.33411845204859,"Urban and Built-up",14.25,105.64,0.929300263524055,12,146.5984996,146.5984996,0,595,698.792370749403,1000,61,56.09756098,55.28455285,39.06558591,33.22367853,39.02439024,42.27642276,c(-122.218344, 37.803141)
"887","Mason Home","BMH","11/23/2022","12/07/2022",14,"Retired from UWIN","CA",118221.739130435,43.3869565217391,42.417409069693,4748.26203722276,2027.62769835978,12062.3333333333,12095,12281.8181818182,11458.75,54,59868.6817465993,0.0190655036054264,3140157.37457675,830.591402473874,60.060067681895,0.141793072709619,68.8656818970393,3.33411845204859,"Urban and Built-up",14.25,105.64,0.929300263524055,14.8333333333333,88.9705789,88.9705789,0,886,698.792370749403,1000,61,56.09756098,55.28455285,39.06558591,33.22367853,39.02439024,42.27642276,c(-122.218344, 37.803141)
"888","Mason Home","BMH","11/23/2022","12/07/2022",14,"Retired from UWIN","CA",118221.739130435,43.3869565217391,42.417409069693,4748.26203722276,2027.62769835978,12062.3333333333,12095,12281.8181818182,11458.75,54,59868.6817465993,0.0190655036054264,3140157.37457675,830.591402473874,60.060067681895,0.141793072709619,68.8656818970393,3.33411845204859,"Urban and Built-up",14.25,105.64,0.929300263524055,13.5,93.4635982,93.4635982,0,676,698.792370749403,1000,61,56.09756098,55.28455285,39.06558591,33.22367853,39.02439024,42.27642276,c(-122.218344, 37.803141)
"889","Mason Home","BMH","11/23/2022","12/07/2022",14,"Retired from UWIN","CA",118221.739130435,43.3869565217391,42.417409069693,4748.26203722276,2027.62769835978,12062.3333333333,12095,12281.8181818182,11458.75,54,59868.6817465993,0.0190655036054264,3140157.37457675,830.591402473874,60.060067681895,0.141793072709619,68.8656818970393,3.33411845204859,"Urban and Built-up",14.25,105.64,0.929300263524055,14.6666666666667,58.3934365,58.3934365,0,528,698.792370749403,1000,61,56.09756098,55.28455285,39.06558591,33.22367853,39.02439024,42.27642276,c(-122.218344, 37.803141)
"890","Mason Home","BMH","11/23/2022","12/07/2022",14,"Retired from UWIN","CA",118221.739130435,43.3869565217391,42.417409069693,4748.26203722276,2027.62769835978,12062.3333333333,12095,12281.8181818182,11458.75,54,59868.6817465993,0.0190655036054264,3140157.37457675,830.591402473874,60.060067681895,0.141793072709619,68.8656818970393,3.33411845204859,"Urban and Built-up",14.25,105.64,0.929300263524055,17,59.0858107,59.0858107,0,612,698.792370749403,1000,61,56.09756098,55.28455285,39.06558591,33.22367853,39.02439024,42.27642276,c(-122.218344, 37.803141)
"891","Mason Home","BMH","11/23/2022","12/07/2022",14,"Retired from UWIN","CA",118221.739130435,43.3869565217391,42.417409069693,4748.26203722276,2027.62769835978,12062.3333333333,12095,12281.8181818182,11458.75,54,59868.6817465993,0.0190655036054264,3140157.37457675,830.591402473874,60.060067681895,0.141793072709619,68.8656818970393,3.33411845204859,"Urban and Built-up",14.25,105.64,0.929300263524055,15.5,56.2419368,56.2419368,0,578,698.792370749403,1000,61,56.09756098,55.28455285,39.06558591,33.22367853,39.02439024,42.27642276,c(-122.218344, 37.803141)
"892","Mason Home","BMH","11/23/2022","12/07/2022",14,"Retired from UWIN","CA",118221.739130435,43.3869565217391,42.417409069693,4748.26203722276,2027.62769835978,12062.3333333333,12095,12281.8181818182,11458.75,54,59868.6817465993,0.0190655036054264,3140157.37457675,830.591402473874,60.060067681895,0.141793072709619,68.8656818970393,3.33411845204859,"Urban and Built-up",14.25,105.64,0.929300263524055,15.6666666666667,76.1426295,76.1426295,0,701,698.792370749403,1000,61,56.09756098,55.28455285,39.06558591,33.22367853,39.02439024,42.27642276,c(-122.218344, 37.803141)
"893","Mason Home","BMH","11/23/2022","12/07/2022",14,"Retired from UWIN","CA",118221.739130435,43.3869565217391,42.417409069693,4748.26203722276,2027.62769835978,12062.3333333333,12095,12281.8181818182,11458.75,54,59868.6817465993,0.0190655036054264,3140157.37457675,830.591402473874,60.060067681895,0.141793072709619,68.8656818970393,3.33411845204859,"Urban and Built-up",14.25,105.64,0.929300263524055,13.1666666666667,39.6459595,39.6459595,0,440,698.792370749403,1000,61,56.09756098,55.28455285,39.06558591,33.22367853,39.02439024,42.27642276,c(-122.218344, 37.803141)
"894","Mason Home","BMH","11/23/2022","12/07/2022",14,"Retired from UWIN","CA",118221.739130435,43.3869565217391,42.417409069693,4748.26203722276,2027.62769835978,12062.3333333333,12095,12281.8181818182,11458.75,54,59868.6817465993,0.0190655036054264,3140157.37457675,830.591402473874,60.060067681895,0.141793072709619,68.8656818970393,3.33411845204859,"Urban and Built-up",14.25,105.64,0.929300263524055,16.3333333333333,93.4240622,93.4240622,0,698,698.792370749403,1000,61,56.09756098,55.28455285,39.06558591,33.22367853,39.02439024,42.27642276,c(-122.218344, 37.803141)
"895","Mason Home","BMH","11/23/2022","12/07/2022",14,"Retired from UWIN","CA",118221.739130435,43.3869565217391,42.417409069693,4748.26203722276,2027.62769835978,12062.3333333333,12095,12281.8181818182,11458.75,54,59868.6817465993,0.0190655036054264,3140157.37457675,830.591402473874,60.060067681895,0.141793072709619,68.8656818970393,3.33411845204859,"Urban and Built-up",14.25,105.64,0.929300263524055,14.8333333333333,80.5266777,80.5266777,0,522,698.792370749403,1000,61,56.09756098,55.28455285,39.06558591,33.22367853,39.02439024,42.27642276,c(-122.218344, 37.803141)
"896","Mason Home","BMH","11/23/2022","12/07/2022",14,"Retired from UWIN","CA",118221.739130435,43.3869565217391,42.417409069693,4748.26203722276,2027.62769835978,12062.3333333333,12095,12281.8181818182,11458.75,54,59868.6817465993,0.0190655036054264,3140157.37457675,830.591402473874,60.060067681895,0.141793072709619,68.8656818970393,3.33411845204859,"Urban and Built-up",14.25,105.64,0.929300263524055,14.6666666666667,61.8152773,61.8152773,0,832,698.792370749403,1000,61,56.09756098,55.28455285,39.06558591,33.22367853,39.02439024,42.27642276,c(-122.218344, 37.803141)
"897","Mason Home","BMH","11/23/2022","12/07/2022",14,"Retired from UWIN","CA",118221.739130435,43.3869565217391,42.417409069693,4748.26203722276,2027.62769835978,12062.3333333333,12095,12281.8181818182,11458.75,54,59868.6817465993,0.0190655036054264,3140157.37457675,830.591402473874,60.060067681895,0.141793072709619,68.8656818970393,3.33411845204859,"Urban and Built-up",14.25,105.64,0.929300263524055,14.8333333333333,51.6201784,51.6201784,0,677,698.792370749403,1000,61,56.09756098,55.28455285,39.06558591,33.22367853,39.02439024,42.27642276,c(-122.218344, 37.803141)
"898","Mason Home","BMH","11/23/2022","12/07/2022",14,"Retired from UWIN","CA",118221.739130435,43.3869565217391,42.417409069693,4748.26203722276,2027.62769835978,12062.3333333333,12095,12281.8181818182,11458.75,54,59868.6817465993,0.0190655036054264,3140157.37457675,830.591402473874,60.060067681895,0.141793072709619,68.8656818970393,3.33411845204859,"Urban and Built-up",14.25,105.64,0.929300263524055,15,34.9656384,34.9656384,0,560,698.792370749403,1000,61,56.09756098,55.28455285,39.06558591,33.22367853,39.02439024,42.27642276,c(-122.218344, 37.803141)
"899","Mason Home","BMH","11/23/2022","12/07/2022",14,"Retired from UWIN","CA",118221.739130435,43.3869565217391,42.417409069693,4748.26203722276,2027.62769835978,12062.3333333333,12095,12281.8181818182,11458.75,54,59868.6817465993,0.0190655036054264,3140157.37457675,830.591402473874,60.060067681895,0.141793072709619,68.8656818970393,3.33411845204859,"Urban and Built-up",14.25,105.64,0.929300263524055,16.3333333333333,34.8294863,34.8294863,0,389,698.792370749403,1000,61,56.09756098,55.28455285,39.06558591,33.22367853,39.02439024,42.27642276,c(-122.218344, 37.803141)
"900","Mason Home","BMH","11/23/2022","12/07/2022",14,"Retired from UWIN","CA",118221.739130435,43.3869565217391,42.417409069693,4748.26203722276,2027.62769835978,12062.3333333333,12095,12281.8181818182,11458.75,54,59868.6817465993,0.0190655036054264,3140157.37457675,830.591402473874,60.060067681895,0.141793072709619,68.8656818970393,3.33411845204859,"Urban and Built-up",14.25,105.64,0.929300263524055,13.5,104.9085289,85.7498775,19.1586514,651,698.792370749403,1000,61,56.09756098,55.28455285,39.06558591,33.22367853,39.02439024,42.27642276,c(-122.218344, 37.803141)
"901","Mason Home","BMH","11/23/2022","12/07/2022",14,"Retired from UWIN","CA",118221.739130435,43.3869565217391,42.417409069693,4748.26203722276,2027.62769835978,12062.3333333333,12095,12281.8181818182,11458.75,54,59868.6817465993,0.0190655036054264,3140157.37457675,830.591402473874,60.060067681895,0.141793072709619,68.8656818970393,3.33411845204859,"Urban and Built-up",14.25,105.64,0.929300263524055,12.8333333333333,59.2928805,59.2928805,0,958,698.792370749403,1000,61,56.09756098,55.28455285,39.06558591,33.22367853,39.02439024,42.27642276,c(-122.218344, 37.803141)
"902","Mason Home","BMH","11/23/2022","12/07/2022",14,"Retired from UWIN","CA",118221.739130435,43.3869565217391,42.417409069693,4748.26203722276,2027.62769835978,12062.3333333333,12095,12281.8181818182,11458.75,54,59868.6817465993,0.0190655036054264,3140157.37457675,830.591402473874,60.060067681895,0.141793072709619,68.8656818970393,3.33411845204859,"Urban and Built-up",14.25,105.64,0.929300263524055,18,70.7649922,70.7649922,0,596,698.792370749403,1000,61,56.09756098,55.28455285,39.06558591,33.22367853,39.02439024,42.27642276,c(-122.218344, 37.803141)
"903","Mason Home","BMH","11/23/2022","12/07/2022",14,"Retired from UWIN","CA",118221.739130435,43.3869565217391,42.417409069693,4748.26203722276,2027.62769835978,12062.3333333333,12095,12281.8181818182,11458.75,54,59868.6817465993,0.0190655036054264,3140157.37457675,830.591402473874,60.060067681895,0.141793072709619,68.8656818970393,3.33411845204859,"Urban and Built-up",14.25,105.64,0.929300263524055,14.6666666666667,58.9355739,58.9355739,0,643,698.792370749403,1000,61,56.09756098,55.28455285,39.06558591,33.22367853,39.02439024,42.27642276,c(-122.218344, 37.803141)
"904","Mason Home","BMH","11/23/2022","12/07/2022",14,"Retired from UWIN","CA",118221.739130435,43.3869565217391,42.417409069693,4748.26203722276,2027.62769835978,12062.3333333333,12095,12281.8181818182,11458.75,54,59868.6817465993,0.0190655036054264,3140157.37457675,830.591402473874,60.060067681895,0.141793072709619,68.8656818970393,3.33411845204859,"Urban and Built-up",14.25,105.64,0.929300263524055,12,31.7133082,31.7133082,0,607,698.792370749403,1000,61,56.09756098,55.28455285,39.06558591,33.22367853,39.02439024,42.27642276,c(-122.218344, 37.803141)
"905","Mason Home","BMH","11/23/2022","12/07/2022",14,"Retired from UWIN","CA",118221.739130435,43.3869565217391,42.417409069693,4748.26203722276,2027.62769835978,12062.3333333333,12095,12281.8181818182,11458.75,54,59868.6817465993,0.0190655036054264,3140157.37457675,830.591402473874,60.060067681895,0.141793072709619,68.8656818970393,3.33411845204859,"Urban and Built-up",14.25,105.64,0.929300263524055,16,51.6041169,51.6041169,0,420,698.792370749403,1000,61,56.09756098,55.28455285,39.06558591,33.22367853,39.02439024,42.27642276,c(-122.218344, 37.803141)
"906","Mason Home","BMH","11/23/2022","12/07/2022",14,"Retired from UWIN","CA",118221.739130435,43.3869565217391,42.417409069693,4748.26203722276,2027.62769835978,12062.3333333333,12095,12281.8181818182,11458.75,54,59868.6817465993,0.0190655036054264,3140157.37457675,830.591402473874,60.060067681895,0.141793072709619,68.8656818970393,3.33411845204859,"Urban and Built-up",14.25,105.64,0.929300263524055,12.3333333333333,43.3321973,43.3321973,0,372,698.792370749403,1000,61,56.09756098,55.28455285,39.06558591,33.22367853,39.02439024,42.27642276,c(-122.218344, 37.803141)
"907","Mason Home","BMH","11/23/2022","12/07/2022",14,"Retired from UWIN","CA",118221.739130435,43.3869565217391,42.417409069693,4748.26203722276,2027.62769835978,12062.3333333333,12095,12281.8181818182,11458.75,54,59868.6817465993,0.0190655036054264,3140157.37457675,830.591402473874,60.060067681895,0.141793072709619,68.8656818970393,3.33411845204859,"Urban and Built-up",14.25,105.64,0.929300263524055,14.1666666666667,64.7033821,64.7033821,0,690,698.792370749403,1000,61,56.09756098,55.28455285,39.06558591,33.22367853,39.02439024,42.27642276,c(-122.218344, 37.803141)
"908","McKinley Park",NA,"11/30/2023","12/07/2023",7,"Failed site","CA",94692.5714285714,38.0681818181818,40.3394869133395,5153.33658996806,2244.10885169142,30427.75,29288,29489.6666666667,33242,95,62719.0818982949,0.0199732288598279,3140157.37457661,494.198627172065,70.4773175542406,0.071614281057776,6.35456350578859,3.44547480840951,"Urban and Built-up",14.25,101.56,0.902281433343887,16.8333333333333,515.4078517,399.7702408,115.6376109,505,1409.21361771363,1000,62,55.28455285,64.22764228,59.45572381,46.47651102,75.6097561,82.92682927,c(-122.24444, 37.7706)
"909","McKinley Park",NA,"11/30/2023","12/07/2023",7,"Failed site","CA",94692.5714285714,38.0681818181818,40.3394869133395,5153.33658996806,2244.10885169142,30427.75,29288,29489.6666666667,33242,95,62719.0818982949,0.0199732288598279,3140157.37457661,494.198627172065,70.4773175542406,0.071614281057776,6.35456350578859,3.44547480840951,"Urban and Built-up",14.25,101.56,0.902281433343887,12.5,74.5060862,74.5060862,0,1482,1409.21361771363,1000,62,55.28455285,64.22764228,59.45572381,46.47651102,75.6097561,82.92682927,c(-122.24444, 37.7706)
"910","McKinley Park",NA,"11/30/2023","12/07/2023",7,"Failed site","CA",94692.5714285714,38.0681818181818,40.3394869133395,5153.33658996806,2244.10885169142,30427.75,29288,29489.6666666667,33242,95,62719.0818982949,0.0199732288598279,3140157.37457661,494.198627172065,70.4773175542406,0.071614281057776,6.35456350578859,3.44547480840951,"Urban and Built-up",14.25,101.56,0.902281433343887,14.5,30.6841367,30.6841367,0,601,1409.21361771363,1000,62,55.28455285,64.22764228,59.45572381,46.47651102,75.6097561,82.92682927,c(-122.24444, 37.7706)
"911","McKinley Park",NA,"11/30/2023","12/07/2023",7,"Failed site","CA",94692.5714285714,38.0681818181818,40.3394869133395,5153.33658996806,2244.10885169142,30427.75,29288,29489.6666666667,33242,95,62719.0818982949,0.0199732288598279,3140157.37457661,494.198627172065,70.4773175542406,0.071614281057776,6.35456350578859,3.44547480840951,"Urban and Built-up",14.25,101.56,0.902281433343887,18.3333333333333,51.0184899,51.0184899,0,482,1409.21361771363,1000,62,55.28455285,64.22764228,59.45572381,46.47651102,75.6097561,82.92682927,c(-122.24444, 37.7706)
"912","McKinley Park",NA,"11/30/2023","12/07/2023",7,"Failed site","CA",94692.5714285714,38.0681818181818,40.3394869133395,5153.33658996806,2244.10885169142,30427.75,29288,29489.6666666667,33242,95,62719.0818982949,0.0199732288598279,3140157.37457661,494.198627172065,70.4773175542406,0.071614281057776,6.35456350578859,3.44547480840951,"Urban and Built-up",14.25,101.56,0.902281433343887,19,97.2494173,90.1040266,7.1453907,605,1409.21361771363,1000,62,55.28455285,64.22764228,59.45572381,46.47651102,75.6097561,82.92682927,c(-122.24444, 37.7706)
"913","McKinley Park",NA,"11/30/2023","12/07/2023",7,"Failed site","CA",94692.5714285714,38.0681818181818,40.3394869133395,5153.33658996806,2244.10885169142,30427.75,29288,29489.6666666667,33242,95,62719.0818982949,0.0199732288598279,3140157.37457661,494.198627172065,70.4773175542406,0.071614281057776,6.35456350578859,3.44547480840951,"Urban and Built-up",14.25,101.56,0.902281433343887,15.1666666666667,62.4824473,62.4824473,0,877,1409.21361771363,1000,62,55.28455285,64.22764228,59.45572381,46.47651102,75.6097561,82.92682927,c(-122.24444, 37.7706)
"914","McKinley Park",NA,"11/30/2023","12/07/2023",7,"Failed site","CA",94692.5714285714,38.0681818181818,40.3394869133395,5153.33658996806,2244.10885169142,30427.75,29288,29489.6666666667,33242,95,62719.0818982949,0.0199732288598279,3140157.37457661,494.198627172065,70.4773175542406,0.071614281057776,6.35456350578859,3.44547480840951,"Urban and Built-up",14.25,101.56,0.902281433343887,16.6666666666667,41.152034,41.152034,0,545,1409.21361771363,1000,62,55.28455285,64.22764228,59.45572381,46.47651102,75.6097561,82.92682927,c(-122.24444, 37.7706)
"915","McKinley Park",NA,"11/30/2023","12/07/2023",7,"Failed site","CA",94692.5714285714,38.0681818181818,40.3394869133395,5153.33658996806,2244.10885169142,30427.75,29288,29489.6666666667,33242,95,62719.0818982949,0.0199732288598279,3140157.37457661,494.198627172065,70.4773175542406,0.071614281057776,6.35456350578859,3.44547480840951,"Urban and Built-up",14.25,101.56,0.902281433343887,18.5,109.289859,109.289859,0,358,1409.21361771363,1000,62,55.28455285,64.22764228,59.45572381,46.47651102,75.6097561,82.92682927,c(-122.24444, 37.7706)
"916","McKinley Park",NA,"11/30/2023","12/07/2023",7,"Failed site","CA",94692.5714285714,38.0681818181818,40.3394869133395,5153.33658996806,2244.10885169142,30427.75,29288,29489.6666666667,33242,95,62719.0818982949,0.0199732288598279,3140157.37457661,494.198627172065,70.4773175542406,0.071614281057776,6.35456350578859,3.44547480840951,"Urban and Built-up",14.25,101.56,0.902281433343887,8,225.3260422,64.6178855,160.7081567,35,1409.21361771363,1000,62,55.28455285,64.22764228,59.45572381,46.47651102,75.6097561,82.92682927,c(-122.24444, 37.7706)
"917","McKinley Park",NA,"11/30/2023","12/07/2023",7,"Failed site","CA",94692.5714285714,38.0681818181818,40.3394869133395,5153.33658996806,2244.10885169142,30427.75,29288,29489.6666666667,33242,95,62719.0818982949,0.0199732288598279,3140157.37457661,494.198627172065,70.4773175542406,0.071614281057776,6.35456350578859,3.44547480840951,"Urban and Built-up",14.25,101.56,0.902281433343887,18.8333333333333,500.3804652,287.5369266,212.8435386,758,1409.21361771363,1000,62,55.28455285,64.22764228,59.45572381,46.47651102,75.6097561,82.92682927,c(-122.24444, 37.7706)
"918","McKinley Park",NA,"11/30/2023","12/07/2023",7,"Failed site","CA",94692.5714285714,38.0681818181818,40.3394869133395,5153.33658996806,2244.10885169142,30427.75,29288,29489.6666666667,33242,95,62719.0818982949,0.0199732288598279,3140157.37457661,494.198627172065,70.4773175542406,0.071614281057776,6.35456350578859,3.44547480840951,"Urban and Built-up",14.25,101.56,0.902281433343887,16.8333333333333,32.4800595,32.4800595,0,552,1409.21361771363,1000,62,55.28455285,64.22764228,59.45572381,46.47651102,75.6097561,82.92682927,c(-122.24444, 37.7706)
"919","McKinley Park",NA,"11/30/2023","12/07/2023",7,"Failed site","CA",94692.5714285714,38.0681818181818,40.3394869133395,5153.33658996806,2244.10885169142,30427.75,29288,29489.6666666667,33242,95,62719.0818982949,0.0199732288598279,3140157.37457661,494.198627172065,70.4773175542406,0.071614281057776,6.35456350578859,3.44547480840951,"Urban and Built-up",14.25,101.56,0.902281433343887,17,71.4299383,71.4299383,0,581,1409.21361771363,1000,62,55.28455285,64.22764228,59.45572381,46.47651102,75.6097561,82.92682927,c(-122.24444, 37.7706)
"920","McKinley Park",NA,"11/30/2023","12/07/2023",7,"Failed site","CA",94692.5714285714,38.0681818181818,40.3394869133395,5153.33658996806,2244.10885169142,30427.75,29288,29489.6666666667,33242,95,62719.0818982949,0.0199732288598279,3140157.37457661,494.198627172065,70.4773175542406,0.071614281057776,6.35456350578859,3.44547480840951,"Urban and Built-up",14.25,101.56,0.902281433343887,14.8333333333333,36.6239265,36.6239265,0,586,1409.21361771363,1000,62,55.28455285,64.22764228,59.45572381,46.47651102,75.6097561,82.92682927,c(-122.24444, 37.7706)
"921","McKinley Park",NA,"11/30/2023","12/07/2023",7,"Failed site","CA",94692.5714285714,38.0681818181818,40.3394869133395,5153.33658996806,2244.10885169142,30427.75,29288,29489.6666666667,33242,95,62719.0818982949,0.0199732288598279,3140157.37457661,494.198627172065,70.4773175542406,0.071614281057776,6.35456350578859,3.44547480840951,"Urban and Built-up",14.25,101.56,0.902281433343887,19.8333333333333,55.4094569,55.4094569,0,422,1409.21361771363,1000,62,55.28455285,64.22764228,59.45572381,46.47651102,75.6097561,82.92682927,c(-122.24444, 37.7706)
"922","McKinley Park",NA,"11/30/2023","12/07/2023",7,"Failed site","CA",94692.5714285714,38.0681818181818,40.3394869133395,5153.33658996806,2244.10885169142,30427.75,29288,29489.6666666667,33242,95,62719.0818982949,0.0199732288598279,3140157.37457661,494.198627172065,70.4773175542406,0.071614281057776,6.35456350578859,3.44547480840951,"Urban and Built-up",14.25,101.56,0.902281433343887,16.3333333333333,49.1343524,49.1343524,0,690,1409.21361771363,1000,62,55.28455285,64.22764228,59.45572381,46.47651102,75.6097561,82.92682927,c(-122.24444, 37.7706)
"923","McKinley Park",NA,"11/30/2023","12/07/2023",7,"Failed site","CA",94692.5714285714,38.0681818181818,40.3394869133395,5153.33658996806,2244.10885169142,30427.75,29288,29489.6666666667,33242,95,62719.0818982949,0.0199732288598279,3140157.37457661,494.198627172065,70.4773175542406,0.071614281057776,6.35456350578859,3.44547480840951,"Urban and Built-up",14.25,101.56,0.902281433343887,19.8333333333333,46.2815829,46.2815829,0,581,1409.21361771363,1000,62,55.28455285,64.22764228,59.45572381,46.47651102,75.6097561,82.92682927,c(-122.24444, 37.7706)
"924","McKinley Park",NA,"11/30/2023","12/07/2023",7,"Failed site","CA",94692.5714285714,38.0681818181818,40.3394869133395,5153.33658996806,2244.10885169142,30427.75,29288,29489.6666666667,33242,95,62719.0818982949,0.0199732288598279,3140157.37457661,494.198627172065,70.4773175542406,0.071614281057776,6.35456350578859,3.44547480840951,"Urban and Built-up",14.25,101.56,0.902281433343887,18.5,411.8788821,123.2532329,288.6256492,1131,1409.21361771363,1000,62,55.28455285,64.22764228,59.45572381,46.47651102,75.6097561,82.92682927,c(-122.24444, 37.7706)
"925","McKinley Park",NA,"11/30/2023","12/07/2023",7,"Failed site","CA",94692.5714285714,38.0681818181818,40.3394869133395,5153.33658996806,2244.10885169142,30427.75,29288,29489.6666666667,33242,95,62719.0818982949,0.0199732288598279,3140157.37457661,494.198627172065,70.4773175542406,0.071614281057776,6.35456350578859,3.44547480840951,"Urban and Built-up",14.25,101.56,0.902281433343887,12.1666666666667,46.3423695,46.3423695,0,765,1409.21361771363,1000,62,55.28455285,64.22764228,59.45572381,46.47651102,75.6097561,82.92682927,c(-122.24444, 37.7706)
"926","McKinley Park",NA,"11/30/2023","12/07/2023",7,"Failed site","CA",94692.5714285714,38.0681818181818,40.3394869133395,5153.33658996806,2244.10885169142,30427.75,29288,29489.6666666667,33242,95,62719.0818982949,0.0199732288598279,3140157.37457661,494.198627172065,70.4773175542406,0.071614281057776,6.35456350578859,3.44547480840951,"Urban and Built-up",14.25,101.56,0.902281433343887,14.5,27.3552055,27.3552055,0,361,1409.21361771363,1000,62,55.28455285,64.22764228,59.45572381,46.47651102,75.6097561,82.92682927,c(-122.24444, 37.7706)
"927","McKinley Park",NA,"11/30/2023","12/07/2023",7,"Failed site","CA",94692.5714285714,38.0681818181818,40.3394869133395,5153.33658996806,2244.10885169142,30427.75,29288,29489.6666666667,33242,95,62719.0818982949,0.0199732288598279,3140157.37457661,494.198627172065,70.4773175542406,0.071614281057776,6.35456350578859,3.44547480840951,"Urban and Built-up",14.25,101.56,0.902281433343887,16.3333333333333,82.1525957,72.5080356,9.6445601,548,1409.21361771363,1000,62,55.28455285,64.22764228,59.45572381,46.47651102,75.6097561,82.92682927,c(-122.24444, 37.7706)
"928","McKinley Park",NA,"11/30/2023","12/07/2023",7,"Failed site","CA",94692.5714285714,38.0681818181818,40.3394869133395,5153.33658996806,2244.10885169142,30427.75,29288,29489.6666666667,33242,95,62719.0818982949,0.0199732288598279,3140157.37457661,494.198627172065,70.4773175542406,0.071614281057776,6.35456350578859,3.44547480840951,"Urban and Built-up",14.25,101.56,0.902281433343887,17.8333333333333,97.1987618,97.1987618,0,642,1409.21361771363,1000,62,55.28455285,64.22764228,59.45572381,46.47651102,75.6097561,82.92682927,c(-122.24444, 37.7706)
"929","McKinley Park",NA,"11/30/2023","12/07/2023",7,"Failed site","CA",94692.5714285714,38.0681818181818,40.3394869133395,5153.33658996806,2244.10885169142,30427.75,29288,29489.6666666667,33242,95,62719.0818982949,0.0199732288598279,3140157.37457661,494.198627172065,70.4773175542406,0.071614281057776,6.35456350578859,3.44547480840951,"Urban and Built-up",14.25,101.56,0.902281433343887,14.3333333333333,48.5250038,48.5250038,0,684,1409.21361771363,1000,62,55.28455285,64.22764228,59.45572381,46.47651102,75.6097561,82.92682927,c(-122.24444, 37.7706)
"930","McLaughlin Eastshore State Park","MESP","11/29/2023","12/13/2023",14,"","CA",111552,37.68,39.2026631856432,3601.50162037246,1502.5510018411,14548.6,13653,13282.3636363636,18030.75,30,44863.3395682583,0.0142869717076881,3140157.37457619,713.765420907737,44.3662528216705,0.077724909767337,3.53625568435172,3.06730199423642,"Urban and Built-up",14.3250002861023,119.8,0.746212139725685,19.5,2268.6782265,819.5938821,1449.0843444,556,1359.22967719528,1000,63,82.92682927,70.73170732,60.13210098,58.38493484,95.12195122,83.7398374,c(-122.30742, 37.87153)
"931","McLaughlin Eastshore State Park","MESP","11/29/2023","12/13/2023",14,"","CA",111552,37.68,39.2026631856432,3601.50162037246,1502.5510018411,14548.6,13653,13282.3636363636,18030.75,30,44863.3395682583,0.0142869717076881,3140157.37457619,713.765420907737,44.3662528216705,0.077724909767337,3.53625568435172,3.06730199423642,"Urban and Built-up",14.3250002861023,119.8,0.746212139725685,17,87.0298555,87.0298555,0,920,1359.22967719528,1000,63,82.92682927,70.73170732,60.13210098,58.38493484,95.12195122,83.7398374,c(-122.30742, 37.87153)
"932","McLaughlin Eastshore State Park","MESP","11/29/2023","12/13/2023",14,"","CA",111552,37.68,39.2026631856432,3601.50162037246,1502.5510018411,14548.6,13653,13282.3636363636,18030.75,30,44863.3395682583,0.0142869717076881,3140157.37457619,713.765420907737,44.3662528216705,0.077724909767337,3.53625568435172,3.06730199423642,"Urban and Built-up",14.3250002861023,119.8,0.746212139725685,16.1666666666667,57.9417377,57.9417377,0,694,1359.22967719528,1000,63,82.92682927,70.73170732,60.13210098,58.38493484,95.12195122,83.7398374,c(-122.30742, 37.87153)
"933","McLaughlin Eastshore State Park","MESP","11/29/2023","12/13/2023",14,"","CA",111552,37.68,39.2026631856432,3601.50162037246,1502.5510018411,14548.6,13653,13282.3636363636,18030.75,30,44863.3395682583,0.0142869717076881,3140157.37457619,713.765420907737,44.3662528216705,0.077724909767337,3.53625568435172,3.06730199423642,"Urban and Built-up",14.3250002861023,119.8,0.746212139725685,18.3333333333333,297.204467,297.204467,0,483,1359.22967719528,1000,63,82.92682927,70.73170732,60.13210098,58.38493484,95.12195122,83.7398374,c(-122.30742, 37.87153)
"934","McLaughlin Eastshore State Park","MESP","11/29/2023","12/13/2023",14,"","CA",111552,37.68,39.2026631856432,3601.50162037246,1502.5510018411,14548.6,13653,13282.3636363636,18030.75,30,44863.3395682583,0.0142869717076881,3140157.37457619,713.765420907737,44.3662528216705,0.077724909767337,3.53625568435172,3.06730199423642,"Urban and Built-up",14.3250002861023,119.8,0.746212139725685,17.6666666666667,49.3552598,49.3552598,0,464,1359.22967719528,1000,63,82.92682927,70.73170732,60.13210098,58.38493484,95.12195122,83.7398374,c(-122.30742, 37.87153)
"935","Merrill Home",NA,"01/26/2023","02/10/2023",15,"IOR","CA",196298.444444444,44.9444444444444,62.8959283553836,2137.00737414818,816.615399346639,3861.5,3793.5,3989.33333333333,3478,1,36156.0508306091,0.0115140887916438,3140157.37457651,475.974742043285,30.4898477157359,0.222262644628963,127.785266632844,2.4553462949263,"Urban and Built-up",14.0999999046326,115.675,0.834864348173141,9.5,544.445314,544.445314,0,1161,697.037348118815,1000,64,42.27642276,18.69918699,34.38327414,32.17710731,35.77235772,19.51219512,c(-122.233913, 37.839858)
"936","Merrill Home",NA,"01/26/2023","02/10/2023",15,"IOR","CA",196298.444444444,44.9444444444444,62.8959283553836,2137.00737414818,816.615399346639,3861.5,3793.5,3989.33333333333,3478,1,36156.0508306091,0.0115140887916438,3140157.37457651,475.974742043285,30.4898477157359,0.222262644628963,127.785266632844,2.4553462949263,"Urban and Built-up",14.0999999046326,115.675,0.834864348173141,12.5,138.296928,138.296928,0,623,697.037348118815,1000,64,42.27642276,18.69918699,34.38327414,32.17710731,35.77235772,19.51219512,c(-122.233913, 37.839858)
"937","Merrill Home",NA,"01/26/2023","02/10/2023",15,"IOR","CA",196298.444444444,44.9444444444444,62.8959283553836,2137.00737414818,816.615399346639,3861.5,3793.5,3989.33333333333,3478,1,36156.0508306091,0.0115140887916438,3140157.37457651,475.974742043285,30.4898477157359,0.222262644628963,127.785266632844,2.4553462949263,"Urban and Built-up",14.0999999046326,115.675,0.834864348173141,15.8333333333333,105.3990224,105.3990224,0,625,697.037348118815,1000,64,42.27642276,18.69918699,34.38327414,32.17710731,35.77235772,19.51219512,c(-122.233913, 37.839858)
"938","Merrill Home",NA,"01/26/2023","02/10/2023",15,"IOR","CA",196298.444444444,44.9444444444444,62.8959283553836,2137.00737414818,816.615399346639,3861.5,3793.5,3989.33333333333,3478,1,36156.0508306091,0.0115140887916438,3140157.37457651,475.974742043285,30.4898477157359,0.222262644628963,127.785266632844,2.4553462949263,"Urban and Built-up",14.0999999046326,115.675,0.834864348173141,15.5,102.3483258,102.3483258,0,543,697.037348118815,1000,64,42.27642276,18.69918699,34.38327414,32.17710731,35.77235772,19.51219512,c(-122.233913, 37.839858)
"939","Merrill Home",NA,"01/26/2023","02/10/2023",15,"IOR","CA",196298.444444444,44.9444444444444,62.8959283553836,2137.00737414818,816.615399346639,3861.5,3793.5,3989.33333333333,3478,1,36156.0508306091,0.0115140887916438,3140157.37457651,475.974742043285,30.4898477157359,0.222262644628963,127.785266632844,2.4553462949263,"Urban and Built-up",14.0999999046326,115.675,0.834864348173141,14.6666666666667,84.9114672,84.9114672,0,431,697.037348118815,1000,64,42.27642276,18.69918699,34.38327414,32.17710731,35.77235772,19.51219512,c(-122.233913, 37.839858)
"940","Merrill Home",NA,"01/26/2023","02/10/2023",15,"IOR","CA",196298.444444444,44.9444444444444,62.8959283553836,2137.00737414818,816.615399346639,3861.5,3793.5,3989.33333333333,3478,1,36156.0508306091,0.0115140887916438,3140157.37457651,475.974742043285,30.4898477157359,0.222262644628963,127.785266632844,2.4553462949263,"Urban and Built-up",14.0999999046326,115.675,0.834864348173141,14.5,121.637446,121.637446,0,607,697.037348118815,1000,64,42.27642276,18.69918699,34.38327414,32.17710731,35.77235772,19.51219512,c(-122.233913, 37.839858)
"941","Merrill Home",NA,"01/26/2023","02/10/2023",15,"IOR","CA",196298.444444444,44.9444444444444,62.8959283553836,2137.00737414818,816.615399346639,3861.5,3793.5,3989.33333333333,3478,1,36156.0508306091,0.0115140887916438,3140157.37457651,475.974742043285,30.4898477157359,0.222262644628963,127.785266632844,2.4553462949263,"Urban and Built-up",14.0999999046326,115.675,0.834864348173141,14,122.4642426,122.4642426,0,500,697.037348118815,1000,64,42.27642276,18.69918699,34.38327414,32.17710731,35.77235772,19.51219512,c(-122.233913, 37.839858)
"942","Merrill Home",NA,"01/26/2023","02/10/2023",15,"IOR","CA",196298.444444444,44.9444444444444,62.8959283553836,2137.00737414818,816.615399346639,3861.5,3793.5,3989.33333333333,3478,1,36156.0508306091,0.0115140887916438,3140157.37457651,475.974742043285,30.4898477157359,0.222262644628963,127.785266632844,2.4553462949263,"Urban and Built-up",14.0999999046326,115.675,0.834864348173141,12.6666666666667,465.3552757,465.3552757,0,590,697.037348118815,1000,64,42.27642276,18.69918699,34.38327414,32.17710731,35.77235772,19.51219512,c(-122.233913, 37.839858)
"943","Merrill Home",NA,"01/26/2023","02/10/2023",15,"IOR","CA",196298.444444444,44.9444444444444,62.8959283553836,2137.00737414818,816.615399346639,3861.5,3793.5,3989.33333333333,3478,1,36156.0508306091,0.0115140887916438,3140157.37457651,475.974742043285,30.4898477157359,0.222262644628963,127.785266632844,2.4553462949263,"Urban and Built-up",14.0999999046326,115.675,0.834864348173141,11.6666666666667,251.2329946,244.9882834,6.2447112,616,697.037348118815,1000,64,42.27642276,18.69918699,34.38327414,32.17710731,35.77235772,19.51219512,c(-122.233913, 37.839858)
"944","Metropolitan Golf Links",NA,"12/01/2023","12/15/2023",14,"","CA",75119.6666666667,33.6,8.97023581314286,491.857603510455,117.76054083457,18828,18962,18593.0909090909,19474,1,22178.6118370321,0.00706289818994285,3140157.37457651,669.838736296801,72.3106850859882,0.123084064368382,4.30323078711943,3.76299589282875,"Urban and Built-up",14.3500003814697,97.7,0.89184920489788,14,462.0900963,462.0900963,0,811,1438.76775247848,1000,65,93.49593496,79.67479675,61.08829774,61.03340788,100,96.74796748,c(-122.1930927, 37.7197482)
"945","Metropolitan Golf Links",NA,"12/01/2023","12/15/2023",14,"","CA",75119.6666666667,33.6,8.97023581314286,491.857603510455,117.76054083457,18828,18962,18593.0909090909,19474,1,22178.6118370321,0.00706289818994285,3140157.37457651,669.838736296801,72.3106850859882,0.123084064368382,4.30323078711943,3.76299589282875,"Urban and Built-up",14.3500003814697,97.7,0.89184920489788,13.5,1173.7650302,831.3644906,342.4005396,960,1438.76775247848,1000,65,93.49593496,79.67479675,61.08829774,61.03340788,100,96.74796748,c(-122.1930927, 37.7197482)
"946","Metropolitan Golf Links",NA,"12/01/2023","12/15/2023",14,"","CA",75119.6666666667,33.6,8.97023581314286,491.857603510455,117.76054083457,18828,18962,18593.0909090909,19474,1,22178.6118370321,0.00706289818994285,3140157.37457651,669.838736296801,72.3106850859882,0.123084064368382,4.30323078711943,3.76299589282875,"Urban and Built-up",14.3500003814697,97.7,0.89184920489788,15.1666666666667,262.0497971,262.0497971,0,709,1438.76775247848,1000,65,93.49593496,79.67479675,61.08829774,61.03340788,100,96.74796748,c(-122.1930927, 37.7197482)
"947","Metropolitan Golf Links",NA,"12/01/2023","12/15/2023",14,"","CA",75119.6666666667,33.6,8.97023581314286,491.857603510455,117.76054083457,18828,18962,18593.0909090909,19474,1,22178.6118370321,0.00706289818994285,3140157.37457651,669.838736296801,72.3106850859882,0.123084064368382,4.30323078711943,3.76299589282875,"Urban and Built-up",14.3500003814697,97.7,0.89184920489788,3.66666666666667,3284.5456154,2631.9503147,652.5953007,0,1438.76775247848,1000,65,93.49593496,79.67479675,61.08829774,61.03340788,100,96.74796748,c(-122.1930927, 37.7197482)
"948","Middleton Home",NA,"02/20/2023","02/26/2023",6,"","CA",125196.666666667,40.3708333333333,59.9253701661765,5780.57046057369,2608.93805702268,22022.1428571429,21769,22203.2,21569.5,28,56910.5586528214,0.0181234734009128,3140157.37457672,868.374961303848,44.0075970737197,0.188208613199257,117.073677513046,2.72048934722332,"Urban and Built-up",14.1749999523163,123.425,0.886184051632881,14.1666666666667,119.7463897,118.8481812,0.8982085,457,646.143917277475,1000,66,14.63414634,26.82926829,38.20798876,27.71950304,21.95121951,39.02439024,c(-122.266458, 37.882987)
"949","Middleton Home",NA,"02/20/2023","02/26/2023",6,"","CA",125196.666666667,40.3708333333333,59.9253701661765,5780.57046057369,2608.93805702268,22022.1428571429,21769,22203.2,21569.5,28,56910.5586528214,0.0181234734009128,3140157.37457672,868.374961303848,44.0075970737197,0.188208613199257,117.073677513046,2.72048934722332,"Urban and Built-up",14.1749999523163,123.425,0.886184051632881,12,125.1697405,125.1697405,0,487,646.143917277475,1000,66,14.63414634,26.82926829,38.20798876,27.71950304,21.95121951,39.02439024,c(-122.266458, 37.882987)
"950","Middleton Home",NA,"02/20/2023","02/26/2023",6,"","CA",125196.666666667,40.3708333333333,59.9253701661765,5780.57046057369,2608.93805702268,22022.1428571429,21769,22203.2,21569.5,28,56910.5586528214,0.0181234734009128,3140157.37457672,868.374961303848,44.0075970737197,0.188208613199257,117.073677513046,2.72048934722332,"Urban and Built-up",14.1749999523163,123.425,0.886184051632881,11,39.4381484,39.4381484,0,422,646.143917277475,1000,66,14.63414634,26.82926829,38.20798876,27.71950304,21.95121951,39.02439024,c(-122.266458, 37.882987)
"951","Middleton Home",NA,"02/20/2023","02/26/2023",6,"","CA",125196.666666667,40.3708333333333,59.9253701661765,5780.57046057369,2608.93805702268,22022.1428571429,21769,22203.2,21569.5,28,56910.5586528214,0.0181234734009128,3140157.37457672,868.374961303848,44.0075970737197,0.188208613199257,117.073677513046,2.72048934722332,"Urban and Built-up",14.1749999523163,123.425,0.886184051632881,14.6666666666667,110.1416127,110.1416127,0,481,646.143917277475,1000,66,14.63414634,26.82926829,38.20798876,27.71950304,21.95121951,39.02439024,c(-122.266458, 37.882987)
"952","Middleton Home",NA,"02/20/2023","02/26/2023",6,"","CA",125196.666666667,40.3708333333333,59.9253701661765,5780.57046057369,2608.93805702268,22022.1428571429,21769,22203.2,21569.5,28,56910.5586528214,0.0181234734009128,3140157.37457672,868.374961303848,44.0075970737197,0.188208613199257,117.073677513046,2.72048934722332,"Urban and Built-up",14.1749999523163,123.425,0.886184051632881,16.1666666666667,123.0750738,123.0750738,0,570,646.143917277475,1000,66,14.63414634,26.82926829,38.20798876,27.71950304,21.95121951,39.02439024,c(-122.266458, 37.882987)
"953","Middleton Home",NA,"02/20/2023","02/26/2023",6,"","CA",125196.666666667,40.3708333333333,59.9253701661765,5780.57046057369,2608.93805702268,22022.1428571429,21769,22203.2,21569.5,28,56910.5586528214,0.0181234734009128,3140157.37457672,868.374961303848,44.0075970737197,0.188208613199257,117.073677513046,2.72048934722332,"Urban and Built-up",14.1749999523163,123.425,0.886184051632881,16.6666666666667,34.9569899,34.9569899,0,529,646.143917277475,1000,66,14.63414634,26.82926829,38.20798876,27.71950304,21.95121951,39.02439024,c(-122.266458, 37.882987)
"954","Middleton Home",NA,"02/20/2023","02/26/2023",6,"","CA",125196.666666667,40.3708333333333,59.9253701661765,5780.57046057369,2608.93805702268,22022.1428571429,21769,22203.2,21569.5,28,56910.5586528214,0.0181234734009128,3140157.37457672,868.374961303848,44.0075970737197,0.188208613199257,117.073677513046,2.72048934722332,"Urban and Built-up",14.1749999523163,123.425,0.886184051632881,14.5,28.8103774,28.8103774,0,506,646.143917277475,1000,66,14.63414634,26.82926829,38.20798876,27.71950304,21.95121951,39.02439024,c(-122.266458, 37.882987)
"955","Middleton Home",NA,"02/20/2023","02/26/2023",6,"","CA",125196.666666667,40.3708333333333,59.9253701661765,5780.57046057369,2608.93805702268,22022.1428571429,21769,22203.2,21569.5,28,56910.5586528214,0.0181234734009128,3140157.37457672,868.374961303848,44.0075970737197,0.188208613199257,117.073677513046,2.72048934722332,"Urban and Built-up",14.1749999523163,123.425,0.886184051632881,15.1666666666667,59.7937522,59.7937522,0,622,646.143917277475,1000,66,14.63414634,26.82926829,38.20798876,27.71950304,21.95121951,39.02439024,c(-122.266458, 37.882987)
"956","Middleton Home",NA,"02/20/2023","02/26/2023",6,"","CA",125196.666666667,40.3708333333333,59.9253701661765,5780.57046057369,2608.93805702268,22022.1428571429,21769,22203.2,21569.5,28,56910.5586528214,0.0181234734009128,3140157.37457672,868.374961303848,44.0075970737197,0.188208613199257,117.073677513046,2.72048934722332,"Urban and Built-up",14.1749999523163,123.425,0.886184051632881,15.3333333333333,54.4895036,54.4895036,0,310,646.143917277475,1000,66,14.63414634,26.82926829,38.20798876,27.71950304,21.95121951,39.02439024,c(-122.266458, 37.882987)
"957","Middleton Home",NA,"02/20/2023","02/26/2023",6,"","CA",125196.666666667,40.3708333333333,59.9253701661765,5780.57046057369,2608.93805702268,22022.1428571429,21769,22203.2,21569.5,28,56910.5586528214,0.0181234734009128,3140157.37457672,868.374961303848,44.0075970737197,0.188208613199257,117.073677513046,2.72048934722332,"Urban and Built-up",14.1749999523163,123.425,0.886184051632881,15.3333333333333,45.2254775,45.2254775,0,280,646.143917277475,1000,66,14.63414634,26.82926829,38.20798876,27.71950304,21.95121951,39.02439024,c(-122.266458, 37.882987)
"958","Middleton Home",NA,"02/20/2023","02/26/2023",6,"","CA",125196.666666667,40.3708333333333,59.9253701661765,5780.57046057369,2608.93805702268,22022.1428571429,21769,22203.2,21569.5,28,56910.5586528214,0.0181234734009128,3140157.37457672,868.374961303848,44.0075970737197,0.188208613199257,117.073677513046,2.72048934722332,"Urban and Built-up",14.1749999523163,123.425,0.886184051632881,17,71.2245982,71.2245982,0,618,646.143917277475,1000,66,14.63414634,26.82926829,38.20798876,27.71950304,21.95121951,39.02439024,c(-122.266458, 37.882987)
"959","Middleton Home",NA,"02/20/2023","02/26/2023",6,"","CA",125196.666666667,40.3708333333333,59.9253701661765,5780.57046057369,2608.93805702268,22022.1428571429,21769,22203.2,21569.5,28,56910.5586528214,0.0181234734009128,3140157.37457672,868.374961303848,44.0075970737197,0.188208613199257,117.073677513046,2.72048934722332,"Urban and Built-up",14.1749999523163,123.425,0.886184051632881,19.3333333333333,35.6098281,35.6098281,0,315,646.143917277475,1000,66,14.63414634,26.82926829,38.20798876,27.71950304,21.95121951,39.02439024,c(-122.266458, 37.882987)
"960","Middleton Home",NA,"02/20/2023","02/26/2023",6,"","CA",125196.666666667,40.3708333333333,59.9253701661765,5780.57046057369,2608.93805702268,22022.1428571429,21769,22203.2,21569.5,28,56910.5586528214,0.0181234734009128,3140157.37457672,868.374961303848,44.0075970737197,0.188208613199257,117.073677513046,2.72048934722332,"Urban and Built-up",14.1749999523163,123.425,0.886184051632881,15,68.2512439,68.2512439,0,477,646.143917277475,1000,66,14.63414634,26.82926829,38.20798876,27.71950304,21.95121951,39.02439024,c(-122.266458, 37.882987)
"961","Middleton Home",NA,"02/20/2023","02/26/2023",6,"","CA",125196.666666667,40.3708333333333,59.9253701661765,5780.57046057369,2608.93805702268,22022.1428571429,21769,22203.2,21569.5,28,56910.5586528214,0.0181234734009128,3140157.37457672,868.374961303848,44.0075970737197,0.188208613199257,117.073677513046,2.72048934722332,"Urban and Built-up",14.1749999523163,123.425,0.886184051632881,15.5,62.3354228,62.3354228,0,493,646.143917277475,1000,66,14.63414634,26.82926829,38.20798876,27.71950304,21.95121951,39.02439024,c(-122.266458, 37.882987)
"962","Middleton Home",NA,"02/20/2023","02/26/2023",6,"","CA",125196.666666667,40.3708333333333,59.9253701661765,5780.57046057369,2608.93805702268,22022.1428571429,21769,22203.2,21569.5,28,56910.5586528214,0.0181234734009128,3140157.37457672,868.374961303848,44.0075970737197,0.188208613199257,117.073677513046,2.72048934722332,"Urban and Built-up",14.1749999523163,123.425,0.886184051632881,17.8333333333333,47.0036091,47.0036091,0,771,646.143917277475,1000,66,14.63414634,26.82926829,38.20798876,27.71950304,21.95121951,39.02439024,c(-122.266458, 37.882987)
"963","Middleton Home",NA,"02/20/2023","02/26/2023",6,"","CA",125196.666666667,40.3708333333333,59.9253701661765,5780.57046057369,2608.93805702268,22022.1428571429,21769,22203.2,21569.5,28,56910.5586528214,0.0181234734009128,3140157.37457672,868.374961303848,44.0075970737197,0.188208613199257,117.073677513046,2.72048934722332,"Urban and Built-up",14.1749999523163,123.425,0.886184051632881,17,30.2863057,30.2863057,0,353,646.143917277475,1000,66,14.63414634,26.82926829,38.20798876,27.71950304,21.95121951,39.02439024,c(-122.266458, 37.882987)
"964","Middleton Home",NA,"02/20/2023","02/26/2023",6,"","CA",125196.666666667,40.3708333333333,59.9253701661765,5780.57046057369,2608.93805702268,22022.1428571429,21769,22203.2,21569.5,28,56910.5586528214,0.0181234734009128,3140157.37457672,868.374961303848,44.0075970737197,0.188208613199257,117.073677513046,2.72048934722332,"Urban and Built-up",14.1749999523163,123.425,0.886184051632881,16.1666666666667,40.2234322,40.2234322,0,538,646.143917277475,1000,66,14.63414634,26.82926829,38.20798876,27.71950304,21.95121951,39.02439024,c(-122.266458, 37.882987)
"965","Middleton Home",NA,"02/20/2023","02/26/2023",6,"","CA",125196.666666667,40.3708333333333,59.9253701661765,5780.57046057369,2608.93805702268,22022.1428571429,21769,22203.2,21569.5,28,56910.5586528214,0.0181234734009128,3140157.37457672,868.374961303848,44.0075970737197,0.188208613199257,117.073677513046,2.72048934722332,"Urban and Built-up",14.1749999523163,123.425,0.886184051632881,15.3333333333333,38.377101,38.377101,0,326,646.143917277475,1000,66,14.63414634,26.82926829,38.20798876,27.71950304,21.95121951,39.02439024,c(-122.266458, 37.882987)
"966","Middleton Home",NA,"02/20/2023","02/26/2023",6,"","CA",125196.666666667,40.3708333333333,59.9253701661765,5780.57046057369,2608.93805702268,22022.1428571429,21769,22203.2,21569.5,28,56910.5586528214,0.0181234734009128,3140157.37457672,868.374961303848,44.0075970737197,0.188208613199257,117.073677513046,2.72048934722332,"Urban and Built-up",14.1749999523163,123.425,0.886184051632881,16.8333333333333,46.5615472,46.5615472,0,561,646.143917277475,1000,66,14.63414634,26.82926829,38.20798876,27.71950304,21.95121951,39.02439024,c(-122.266458, 37.882987)
"967","Middleton Home",NA,"02/20/2023","02/26/2023",6,"","CA",125196.666666667,40.3708333333333,59.9253701661765,5780.57046057369,2608.93805702268,22022.1428571429,21769,22203.2,21569.5,28,56910.5586528214,0.0181234734009128,3140157.37457672,868.374961303848,44.0075970737197,0.188208613199257,117.073677513046,2.72048934722332,"Urban and Built-up",14.1749999523163,123.425,0.886184051632881,16.6666666666667,66.0162244,66.0162244,0,388,646.143917277475,1000,66,14.63414634,26.82926829,38.20798876,27.71950304,21.95121951,39.02439024,c(-122.266458, 37.882987)
"968","Middleton Home",NA,"02/20/2023","02/26/2023",6,"","CA",125196.666666667,40.3708333333333,59.9253701661765,5780.57046057369,2608.93805702268,22022.1428571429,21769,22203.2,21569.5,28,56910.5586528214,0.0181234734009128,3140157.37457672,868.374961303848,44.0075970737197,0.188208613199257,117.073677513046,2.72048934722332,"Urban and Built-up",14.1749999523163,123.425,0.886184051632881,14.6666666666667,64.6794134,64.6794134,0,438,646.143917277475,1000,66,14.63414634,26.82926829,38.20798876,27.71950304,21.95121951,39.02439024,c(-122.266458, 37.882987)
"969","Middleton Home",NA,"02/20/2023","02/26/2023",6,"","CA",125196.666666667,40.3708333333333,59.9253701661765,5780.57046057369,2608.93805702268,22022.1428571429,21769,22203.2,21569.5,28,56910.5586528214,0.0181234734009128,3140157.37457672,868.374961303848,44.0075970737197,0.188208613199257,117.073677513046,2.72048934722332,"Urban and Built-up",14.1749999523163,123.425,0.886184051632881,16,52.6382304,52.6382304,0,349,646.143917277475,1000,66,14.63414634,26.82926829,38.20798876,27.71950304,21.95121951,39.02439024,c(-122.266458, 37.882987)
"970","Middleton Home",NA,"02/20/2023","02/26/2023",6,"","CA",125196.666666667,40.3708333333333,59.9253701661765,5780.57046057369,2608.93805702268,22022.1428571429,21769,22203.2,21569.5,28,56910.5586528214,0.0181234734009128,3140157.37457672,868.374961303848,44.0075970737197,0.188208613199257,117.073677513046,2.72048934722332,"Urban and Built-up",14.1749999523163,123.425,0.886184051632881,13.5,419.8940648,419.8940648,0,253,646.143917277475,1000,66,14.63414634,26.82926829,38.20798876,27.71950304,21.95121951,39.02439024,c(-122.266458, 37.882987)
"971","Miller Knox-Crest Trail","MK-CT","11/24/2023","12/02/2023",8,"IOR","CA",136250,56.3,65.2542372881356,348.5553639117,189.88040443155,1708.33333333333,1652,1907.5,1310,1,22499.5280244163,0.00716509567532388,3140157.37457675,624.251811187734,51.3228902060401,0.0960405690413818,16.3663414840712,3.47241765944133,"Urban and Built-up",NA,131.025,0.88798326253891,8.33333333333333,2078.9439741,1135.9130167,943.0309574,931,1277.49029666734,1000,67,86.99186992,52.03252033,60.52621317,60.52621317,96.74796748,91.8699187,c(-122.37392, 37.91637)
"972","Miller Knox-Pickleweed","MK-PW","11/24/2023","12/02/2023",8,"","CA",136250,56.3,65.2542372881356,348.5553639117,189.88040443155,7100,7100,7100,NA,1,14056.3604986186,0.00447632357932768,3140157.37457697,181.14610356155,13.1461560123906,0.0543997332825095,9.22765484307308,1.71311225185024,"Urban and Built-up",NA,132.88,NA,1,21293.8165545,0,21293.8165545,0,1277.49029666734,1000,68,86.99186992,52.03252033,60.52621317,60.52621317,96.74796748,91.8699187,c(-122.38757, 37.91243)
"973","Miller Knox-Pickleweed","MK-PW","11/24/2023","12/02/2023",8,"","CA",136250,56.3,65.2542372881356,348.5553639117,189.88040443155,7100,7100,7100,NA,1,14056.3604986186,0.00447632357932768,3140157.37457697,181.14610356155,13.1461560123906,0.0543997332825095,9.22765484307308,1.71311225185024,"Urban and Built-up",NA,132.88,NA,8.33333333333333,2078.9439741,1135.9130167,943.0309574,931,1277.49029666734,1000,68,86.99186992,52.03252033,60.52621317,60.52621317,96.74796748,91.8699187,c(-122.38757, 37.91243)
"974","Mira Vista Park","MVP","11/19/2023","12/04/2023",15,"","CA",106010.263157895,41.935,33.1156735926848,3336.63687905066,1338.72128768452,18714.0625,18574,18264.1818181818,19703.8,19,66994.6763087449,0.0213348148889435,3140157.3745767,385.653818186619,63.9217735103078,0.131782572940824,52.6064982455907,2.92241574596062,"Urban and Built-up",14.3100002288818,129.62,0.898153379559517,12.8333333333333,49.6784666,49.6784666,0,468,488.521859577132,1000,69,95.12195122,86.17886179,50.43312182,40.59100214,65.85365854,63.41463415,c(-122.3211, 37.93756)
"975","Mira Vista Park","MVP","11/19/2023","12/04/2023",15,"","CA",106010.263157895,41.935,33.1156735926848,3336.63687905066,1338.72128768452,18714.0625,18574,18264.1818181818,19703.8,19,66994.6763087449,0.0213348148889435,3140157.3745767,385.653818186619,63.9217735103078,0.131782572940824,52.6064982455907,2.92241574596062,"Urban and Built-up",14.3100002288818,129.62,0.898153379559517,18.3333333333333,76.1305216,76.1305216,0,399,488.521859577132,1000,69,95.12195122,86.17886179,50.43312182,40.59100214,65.85365854,63.41463415,c(-122.3211, 37.93756)
"976","Mira Vista Park","MVP","11/19/2023","12/04/2023",15,"","CA",106010.263157895,41.935,33.1156735926848,3336.63687905066,1338.72128768452,18714.0625,18574,18264.1818181818,19703.8,19,66994.6763087449,0.0213348148889435,3140157.3745767,385.653818186619,63.9217735103078,0.131782572940824,52.6064982455907,2.92241574596062,"Urban and Built-up",14.3100002288818,129.62,0.898153379559517,15.1666666666667,58.5770318,58.5770318,0,452,488.521859577132,1000,69,95.12195122,86.17886179,50.43312182,40.59100214,65.85365854,63.41463415,c(-122.3211, 37.93756)
"977","Mira Vista Park","MVP","11/19/2023","12/04/2023",15,"","CA",106010.263157895,41.935,33.1156735926848,3336.63687905066,1338.72128768452,18714.0625,18574,18264.1818181818,19703.8,19,66994.6763087449,0.0213348148889435,3140157.3745767,385.653818186619,63.9217735103078,0.131782572940824,52.6064982455907,2.92241574596062,"Urban and Built-up",14.3100002288818,129.62,0.898153379559517,14.8333333333333,61.4606888,61.4606888,0,488,488.521859577132,1000,69,95.12195122,86.17886179,50.43312182,40.59100214,65.85365854,63.41463415,c(-122.3211, 37.93756)
"978","Mira Vista Park","MVP","11/19/2023","12/04/2023",15,"","CA",106010.263157895,41.935,33.1156735926848,3336.63687905066,1338.72128768452,18714.0625,18574,18264.1818181818,19703.8,19,66994.6763087449,0.0213348148889435,3140157.3745767,385.653818186619,63.9217735103078,0.131782572940824,52.6064982455907,2.92241574596062,"Urban and Built-up",14.3100002288818,129.62,0.898153379559517,14.5,56.0064505,56.0064505,0,565,488.521859577132,1000,69,95.12195122,86.17886179,50.43312182,40.59100214,65.85365854,63.41463415,c(-122.3211, 37.93756)
"979","Mira Vista Park","MVP","11/19/2023","12/04/2023",15,"","CA",106010.263157895,41.935,33.1156735926848,3336.63687905066,1338.72128768452,18714.0625,18574,18264.1818181818,19703.8,19,66994.6763087449,0.0213348148889435,3140157.3745767,385.653818186619,63.9217735103078,0.131782572940824,52.6064982455907,2.92241574596062,"Urban and Built-up",14.3100002288818,129.62,0.898153379559517,16.5,47.065137,47.065137,0,442,488.521859577132,1000,69,95.12195122,86.17886179,50.43312182,40.59100214,65.85365854,63.41463415,c(-122.3211, 37.93756)
"980","Mira Vista Park","MVP","11/19/2023","12/04/2023",15,"","CA",106010.263157895,41.935,33.1156735926848,3336.63687905066,1338.72128768452,18714.0625,18574,18264.1818181818,19703.8,19,66994.6763087449,0.0213348148889435,3140157.3745767,385.653818186619,63.9217735103078,0.131782572940824,52.6064982455907,2.92241574596062,"Urban and Built-up",14.3100002288818,129.62,0.898153379559517,16.6666666666667,46.2259854,46.2259854,0,452,488.521859577132,1000,69,95.12195122,86.17886179,50.43312182,40.59100214,65.85365854,63.41463415,c(-122.3211, 37.93756)
"981","Mira Vista Park","MVP","11/19/2023","12/04/2023",15,"","CA",106010.263157895,41.935,33.1156735926848,3336.63687905066,1338.72128768452,18714.0625,18574,18264.1818181818,19703.8,19,66994.6763087449,0.0213348148889435,3140157.3745767,385.653818186619,63.9217735103078,0.131782572940824,52.6064982455907,2.92241574596062,"Urban and Built-up",14.3100002288818,129.62,0.898153379559517,14.5,52.5885633,52.5885633,0,361,488.521859577132,1000,69,95.12195122,86.17886179,50.43312182,40.59100214,65.85365854,63.41463415,c(-122.3211, 37.93756)
"982","Mira Vista Park","MVP","11/19/2023","12/04/2023",15,"","CA",106010.263157895,41.935,33.1156735926848,3336.63687905066,1338.72128768452,18714.0625,18574,18264.1818181818,19703.8,19,66994.6763087449,0.0213348148889435,3140157.3745767,385.653818186619,63.9217735103078,0.131782572940824,52.6064982455907,2.92241574596062,"Urban and Built-up",14.3100002288818,129.62,0.898153379559517,17.1666666666667,124.9038609,124.9038609,0,564,488.521859577132,1000,69,95.12195122,86.17886179,50.43312182,40.59100214,65.85365854,63.41463415,c(-122.3211, 37.93756)
"983","Mira Vista Park","MVP","11/19/2023","12/04/2023",15,"","CA",106010.263157895,41.935,33.1156735926848,3336.63687905066,1338.72128768452,18714.0625,18574,18264.1818181818,19703.8,19,66994.6763087449,0.0213348148889435,3140157.3745767,385.653818186619,63.9217735103078,0.131782572940824,52.6064982455907,2.92241574596062,"Urban and Built-up",14.3100002288818,129.62,0.898153379559517,14.8333333333333,105.2764608,105.2764608,0,528,488.521859577132,1000,69,95.12195122,86.17886179,50.43312182,40.59100214,65.85365854,63.41463415,c(-122.3211, 37.93756)
"984","Mira Vista Park","MVP","11/19/2023","12/04/2023",15,"","CA",106010.263157895,41.935,33.1156735926848,3336.63687905066,1338.72128768452,18714.0625,18574,18264.1818181818,19703.8,19,66994.6763087449,0.0213348148889435,3140157.3745767,385.653818186619,63.9217735103078,0.131782572940824,52.6064982455907,2.92241574596062,"Urban and Built-up",14.3100002288818,129.62,0.898153379559517,17.6666666666667,169.0166471,169.0166471,0,542,488.521859577132,1000,69,95.12195122,86.17886179,50.43312182,40.59100214,65.85365854,63.41463415,c(-122.3211, 37.93756)
"985","Mira Vista Park","MVP","11/19/2023","12/04/2023",15,"","CA",106010.263157895,41.935,33.1156735926848,3336.63687905066,1338.72128768452,18714.0625,18574,18264.1818181818,19703.8,19,66994.6763087449,0.0213348148889435,3140157.3745767,385.653818186619,63.9217735103078,0.131782572940824,52.6064982455907,2.92241574596062,"Urban and Built-up",14.3100002288818,129.62,0.898153379559517,13,82.7115359,82.7115359,0,527,488.521859577132,1000,69,95.12195122,86.17886179,50.43312182,40.59100214,65.85365854,63.41463415,c(-122.3211, 37.93756)
"986","Mira Vista Park","MVP","11/19/2023","12/04/2023",15,"","CA",106010.263157895,41.935,33.1156735926848,3336.63687905066,1338.72128768452,18714.0625,18574,18264.1818181818,19703.8,19,66994.6763087449,0.0213348148889435,3140157.3745767,385.653818186619,63.9217735103078,0.131782572940824,52.6064982455907,2.92241574596062,"Urban and Built-up",14.3100002288818,129.62,0.898153379559517,13.6666666666667,93.1823984,93.1823984,0,513,488.521859577132,1000,69,95.12195122,86.17886179,50.43312182,40.59100214,65.85365854,63.41463415,c(-122.3211, 37.93756)
"987","Mira Vista Park","MVP","11/19/2023","12/04/2023",15,"","CA",106010.263157895,41.935,33.1156735926848,3336.63687905066,1338.72128768452,18714.0625,18574,18264.1818181818,19703.8,19,66994.6763087449,0.0213348148889435,3140157.3745767,385.653818186619,63.9217735103078,0.131782572940824,52.6064982455907,2.92241574596062,"Urban and Built-up",14.3100002288818,129.62,0.898153379559517,13.3333333333333,81.6008214,81.6008214,0,613,488.521859577132,1000,69,95.12195122,86.17886179,50.43312182,40.59100214,65.85365854,63.41463415,c(-122.3211, 37.93756)
"988","Mira Vista Park","MVP","11/19/2023","12/04/2023",15,"","CA",106010.263157895,41.935,33.1156735926848,3336.63687905066,1338.72128768452,18714.0625,18574,18264.1818181818,19703.8,19,66994.6763087449,0.0213348148889435,3140157.3745767,385.653818186619,63.9217735103078,0.131782572940824,52.6064982455907,2.92241574596062,"Urban and Built-up",14.3100002288818,129.62,0.898153379559517,14.6666666666667,66.0985087,66.0985087,0,351,488.521859577132,1000,69,95.12195122,86.17886179,50.43312182,40.59100214,65.85365854,63.41463415,c(-122.3211, 37.93756)
"989","Mira Vista Park","MVP","11/19/2023","12/04/2023",15,"","CA",106010.263157895,41.935,33.1156735926848,3336.63687905066,1338.72128768452,18714.0625,18574,18264.1818181818,19703.8,19,66994.6763087449,0.0213348148889435,3140157.3745767,385.653818186619,63.9217735103078,0.131782572940824,52.6064982455907,2.92241574596062,"Urban and Built-up",14.3100002288818,129.62,0.898153379559517,14.3333333333333,110.7437954,110.7437954,0,605,488.521859577132,1000,69,95.12195122,86.17886179,50.43312182,40.59100214,65.85365854,63.41463415,c(-122.3211, 37.93756)
"990","Mira Vista Park","MVP","11/19/2023","12/04/2023",15,"","CA",106010.263157895,41.935,33.1156735926848,3336.63687905066,1338.72128768452,18714.0625,18574,18264.1818181818,19703.8,19,66994.6763087449,0.0213348148889435,3140157.3745767,385.653818186619,63.9217735103078,0.131782572940824,52.6064982455907,2.92241574596062,"Urban and Built-up",14.3100002288818,129.62,0.898153379559517,18.6666666666667,83.243048,83.243048,0,453,488.521859577132,1000,69,95.12195122,86.17886179,50.43312182,40.59100214,65.85365854,63.41463415,c(-122.3211, 37.93756)
"991","Mira Vista Park","MVP","11/19/2023","12/04/2023",15,"","CA",106010.263157895,41.935,33.1156735926848,3336.63687905066,1338.72128768452,18714.0625,18574,18264.1818181818,19703.8,19,66994.6763087449,0.0213348148889435,3140157.3745767,385.653818186619,63.9217735103078,0.131782572940824,52.6064982455907,2.92241574596062,"Urban and Built-up",14.3100002288818,129.62,0.898153379559517,9.66666666666667,120.4600145,120.4600145,0,441,488.521859577132,1000,69,95.12195122,86.17886179,50.43312182,40.59100214,65.85365854,63.41463415,c(-122.3211, 37.93756)
"992","Mira Vista Park","MVP","11/19/2023","12/04/2023",15,"","CA",106010.263157895,41.935,33.1156735926848,3336.63687905066,1338.72128768452,18714.0625,18574,18264.1818181818,19703.8,19,66994.6763087449,0.0213348148889435,3140157.3745767,385.653818186619,63.9217735103078,0.131782572940824,52.6064982455907,2.92241574596062,"Urban and Built-up",14.3100002288818,129.62,0.898153379559517,13.1666666666667,119.9981846,119.9981846,0,824,488.521859577132,1000,69,95.12195122,86.17886179,50.43312182,40.59100214,65.85365854,63.41463415,c(-122.3211, 37.93756)
"993","Mira Vista Park","MVP","11/19/2023","12/04/2023",15,"","CA",106010.263157895,41.935,33.1156735926848,3336.63687905066,1338.72128768452,18714.0625,18574,18264.1818181818,19703.8,19,66994.6763087449,0.0213348148889435,3140157.3745767,385.653818186619,63.9217735103078,0.131782572940824,52.6064982455907,2.92241574596062,"Urban and Built-up",14.3100002288818,129.62,0.898153379559517,13.8333333333333,50.8121614,50.8121614,0,399,488.521859577132,1000,69,95.12195122,86.17886179,50.43312182,40.59100214,65.85365854,63.41463415,c(-122.3211, 37.93756)
"994","Mirmalek Home",NA,"11/23/2022","12/07/2022",14,"","CA",193328.222222222,46.1666666666667,62.2699602087323,1984.31415004199,785.875353780243,3720.2,3664,3580.09090909091,4105.5,1,50888.4894083343,0.0162057130704138,3140157.37457673,637.148806902525,34.5632929235974,0.201874250951798,180.349879025005,2.41790078226283,"Urban and Built-up",14.0299999237061,117.42,0.81165100634098,9.5,544.445314,544.445314,0,1161,504.102549711032,1000,70,28.45528455,19.51219512,34.38327414,27.72027739,22.76422764,19.51219512,c(-122.226323, 37.844884)
"995","Mirmalek Home",NA,"11/23/2022","12/07/2022",14,"","CA",193328.222222222,46.1666666666667,62.2699602087323,1984.31415004199,785.875353780243,3720.2,3664,3580.09090909091,4105.5,1,50888.4894083343,0.0162057130704138,3140157.37457673,637.148806902525,34.5632929235974,0.201874250951798,180.349879025005,2.41790078226283,"Urban and Built-up",14.0299999237061,117.42,0.81165100634098,10.1666666666667,1703.5911669,1703.5911669,0,1432,504.102549711032,1000,70,28.45528455,19.51219512,34.38327414,27.72027739,22.76422764,19.51219512,c(-122.226323, 37.844884)
"996","Mirmalek Home",NA,"11/23/2022","12/07/2022",14,"","CA",193328.222222222,46.1666666666667,62.2699602087323,1984.31415004199,785.875353780243,3720.2,3664,3580.09090909091,4105.5,1,50888.4894083343,0.0162057130704138,3140157.37457673,637.148806902525,34.5632929235974,0.201874250951798,180.349879025005,2.41790078226283,"Urban and Built-up",14.0299999237061,117.42,0.81165100634098,12.5,138.296928,138.296928,0,623,504.102549711032,1000,70,28.45528455,19.51219512,34.38327414,27.72027739,22.76422764,19.51219512,c(-122.226323, 37.844884)
"997","Mirmalek Home",NA,"11/23/2022","12/07/2022",14,"","CA",193328.222222222,46.1666666666667,62.2699602087323,1984.31415004199,785.875353780243,3720.2,3664,3580.09090909091,4105.5,1,50888.4894083343,0.0162057130704138,3140157.37457673,637.148806902525,34.5632929235974,0.201874250951798,180.349879025005,2.41790078226283,"Urban and Built-up",14.0299999237061,117.42,0.81165100634098,15.8333333333333,105.3990224,105.3990224,0,625,504.102549711032,1000,70,28.45528455,19.51219512,34.38327414,27.72027739,22.76422764,19.51219512,c(-122.226323, 37.844884)
"998","Mirmalek Home",NA,"11/23/2022","12/07/2022",14,"","CA",193328.222222222,46.1666666666667,62.2699602087323,1984.31415004199,785.875353780243,3720.2,3664,3580.09090909091,4105.5,1,50888.4894083343,0.0162057130704138,3140157.37457673,637.148806902525,34.5632929235974,0.201874250951798,180.349879025005,2.41790078226283,"Urban and Built-up",14.0299999237061,117.42,0.81165100634098,15.5,102.3483258,102.3483258,0,543,504.102549711032,1000,70,28.45528455,19.51219512,34.38327414,27.72027739,22.76422764,19.51219512,c(-122.226323, 37.844884)
"999","Mirmalek Home",NA,"11/23/2022","12/07/2022",14,"","CA",193328.222222222,46.1666666666667,62.2699602087323,1984.31415004199,785.875353780243,3720.2,3664,3580.09090909091,4105.5,1,50888.4894083343,0.0162057130704138,3140157.37457673,637.148806902525,34.5632929235974,0.201874250951798,180.349879025005,2.41790078226283,"Urban and Built-up",14.0299999237061,117.42,0.81165100634098,14.6666666666667,84.9114672,84.9114672,0,431,504.102549711032,1000,70,28.45528455,19.51219512,34.38327414,27.72027739,22.76422764,19.51219512,c(-122.226323, 37.844884)
"1000","Mirmalek Home",NA,"11/23/2022","12/07/2022",14,"","CA",193328.222222222,46.1666666666667,62.2699602087323,1984.31415004199,785.875353780243,3720.2,3664,3580.09090909091,4105.5,1,50888.4894083343,0.0162057130704138,3140157.37457673,637.148806902525,34.5632929235974,0.201874250951798,180.349879025005,2.41790078226283,"Urban and Built-up",14.0299999237061,117.42,0.81165100634098,14.5,121.637446,121.637446,0,607,504.102549711032,1000,70,28.45528455,19.51219512,34.38327414,27.72027739,22.76422764,19.51219512,c(-122.226323, 37.844884)
"1001","Mirmalek Home",NA,"11/23/2022","12/07/2022",14,"","CA",193328.222222222,46.1666666666667,62.2699602087323,1984.31415004199,785.875353780243,3720.2,3664,3580.09090909091,4105.5,1,50888.4894083343,0.0162057130704138,3140157.37457673,637.148806902525,34.5632929235974,0.201874250951798,180.349879025005,2.41790078226283,"Urban and Built-up",14.0299999237061,117.42,0.81165100634098,12.6666666666667,465.3552757,465.3552757,0,590,504.102549711032,1000,70,28.45528455,19.51219512,34.38327414,27.72027739,22.76422764,19.51219512,c(-122.226323, 37.844884)
"1002","Mirmalek Home",NA,"11/23/2022","12/07/2022",14,"","CA",193328.222222222,46.1666666666667,62.2699602087323,1984.31415004199,785.875353780243,3720.2,3664,3580.09090909091,4105.5,1,50888.4894083343,0.0162057130704138,3140157.37457673,637.148806902525,34.5632929235974,0.201874250951798,180.349879025005,2.41790078226283,"Urban and Built-up",14.0299999237061,117.42,0.81165100634098,11.6666666666667,251.2329946,244.9882834,6.2447112,616,504.102549711032,1000,70,28.45528455,19.51219512,34.38327414,27.72027739,22.76422764,19.51219512,c(-122.226323, 37.844884)
"1003","Monarch Bay Golf Club",NA,"11/28/2023","12/05/2023",7,"IOR","CA",111406.6,42.4,16.0505528004202,1661.10681238457,605.781167560041,8825.75,8404,7933.16666666667,11503.5,22,24193.448717541,0.00770453382795865,3140157.37457683,800.750789203038,33.0289814293752,0.100790469428299,2.67077043277045,2.32330176264687,"Urban and Built-up",14.3500003814697,99.2,0.784812286496162,14.1666666666667,682.0266404,141.1316592,540.8949812,432,1569.3788958838,1000,71,56.91056911,69.10569106,61.00003949,43.30442354,71.54471545,95.93495935,c(-122.185248, 37.694999)
"1004","Monarch Bay Golf Club",NA,"11/28/2023","12/05/2023",7,"IOR","CA",111406.6,42.4,16.0505528004202,1661.10681238457,605.781167560041,8825.75,8404,7933.16666666667,11503.5,22,24193.448717541,0.00770453382795865,3140157.37457683,800.750789203038,33.0289814293752,0.100790469428299,2.67077043277045,2.32330176264687,"Urban and Built-up",14.3500003814697,99.2,0.784812286496162,13.3333333333333,296.3040346,296.3040346,0,1305,1569.3788958838,1000,71,56.91056911,69.10569106,61.00003949,43.30442354,71.54471545,95.93495935,c(-122.185248, 37.694999)
"1005","Monarch Bay Golf Club",NA,"11/28/2023","12/05/2023",7,"IOR","CA",111406.6,42.4,16.0505528004202,1661.10681238457,605.781167560041,8825.75,8404,7933.16666666667,11503.5,22,24193.448717541,0.00770453382795865,3140157.37457683,800.750789203038,33.0289814293752,0.100790469428299,2.67077043277045,2.32330176264687,"Urban and Built-up",14.3500003814697,99.2,0.784812286496162,13.5,1173.7650302,831.3644906,342.4005396,960,1569.3788958838,1000,71,56.91056911,69.10569106,61.00003949,43.30442354,71.54471545,95.93495935,c(-122.185248, 37.694999)
"1006","Monarch Bay Golf Club",NA,"11/28/2023","12/05/2023",7,"IOR","CA",111406.6,42.4,16.0505528004202,1661.10681238457,605.781167560041,8825.75,8404,7933.16666666667,11503.5,22,24193.448717541,0.00770453382795865,3140157.37457683,800.750789203038,33.0289814293752,0.100790469428299,2.67077043277045,2.32330176264687,"Urban and Built-up",14.3500003814697,99.2,0.784812286496162,11,710.1107909,710.1107909,0,826,1569.3788958838,1000,71,56.91056911,69.10569106,61.00003949,43.30442354,71.54471545,95.93495935,c(-122.185248, 37.694999)
"1007","Monarch Bay Golf Club",NA,"11/28/2023","12/05/2023",7,"IOR","CA",111406.6,42.4,16.0505528004202,1661.10681238457,605.781167560041,8825.75,8404,7933.16666666667,11503.5,22,24193.448717541,0.00770453382795865,3140157.37457683,800.750789203038,33.0289814293752,0.100790469428299,2.67077043277045,2.32330176264687,"Urban and Built-up",14.3500003814697,99.2,0.784812286496162,11.6666666666667,335.497554,335.497554,0,584,1569.3788958838,1000,71,56.91056911,69.10569106,61.00003949,43.30442354,71.54471545,95.93495935,c(-122.185248, 37.694999)
"1008","Monarch Bay Golf Club",NA,"11/28/2023","12/05/2023",7,"IOR","CA",111406.6,42.4,16.0505528004202,1661.10681238457,605.781167560041,8825.75,8404,7933.16666666667,11503.5,22,24193.448717541,0.00770453382795865,3140157.37457683,800.750789203038,33.0289814293752,0.100790469428299,2.67077043277045,2.32330176264687,"Urban and Built-up",14.3500003814697,99.2,0.784812286496162,12,52.9589662,52.9589662,0,598,1569.3788958838,1000,71,56.91056911,69.10569106,61.00003949,43.30442354,71.54471545,95.93495935,c(-122.185248, 37.694999)
"1009","Monarch Bay Golf Club",NA,"11/28/2023","12/05/2023",7,"IOR","CA",111406.6,42.4,16.0505528004202,1661.10681238457,605.781167560041,8825.75,8404,7933.16666666667,11503.5,22,24193.448717541,0.00770453382795865,3140157.37457683,800.750789203038,33.0289814293752,0.100790469428299,2.67077043277045,2.32330176264687,"Urban and Built-up",14.3500003814697,99.2,0.784812286496162,1,34416.1339606,0,34416.1339606,0,1569.3788958838,1000,71,56.91056911,69.10569106,61.00003949,43.30442354,71.54471545,95.93495935,c(-122.185248, 37.694999)
"1010","Morello-Frosch Home",NA,"11/22/2022","12/03/2022",11,"","CA",95467.875,38.25,47.3521768813087,5169.10461414062,2498.69253227654,20952.1666666667,22322.5,20328.2222222222,22824,47,64670.9127551074,0.0205947998908271,3140157.37457647,622.389028400756,67.7702474690663,0.10846819004038,16.6924701429383,3.52334321900598,"Urban and Built-up",14.3000001907349,116.575,0.92456865310669,14.8333333333333,38.9417245,38.9417245,0,365,1550.99922500511,1000,72,78.04878049,73.98373984,60.13210098,50.29299012,81.30081301,83.7398374,c(-122.291413, 37.865678)
"1011","Morello-Frosch Home",NA,"11/22/2022","12/03/2022",11,"","CA",95467.875,38.25,47.3521768813087,5169.10461414062,2498.69253227654,20952.1666666667,22322.5,20328.2222222222,22824,47,64670.9127551074,0.0205947998908271,3140157.37457647,622.389028400756,67.7702474690663,0.10846819004038,16.6924701429383,3.52334321900598,"Urban and Built-up",14.3000001907349,116.575,0.92456865310669,19.5,2268.6782265,819.5938821,1449.0843444,556,1550.99922500511,1000,72,78.04878049,73.98373984,60.13210098,50.29299012,81.30081301,83.7398374,c(-122.291413, 37.865678)
"1012","Morello-Frosch Home",NA,"11/22/2022","12/03/2022",11,"","CA",95467.875,38.25,47.3521768813087,5169.10461414062,2498.69253227654,20952.1666666667,22322.5,20328.2222222222,22824,47,64670.9127551074,0.0205947998908271,3140157.37457647,622.389028400756,67.7702474690663,0.10846819004038,16.6924701429383,3.52334321900598,"Urban and Built-up",14.3000001907349,116.575,0.92456865310669,17,87.0298555,87.0298555,0,920,1550.99922500511,1000,72,78.04878049,73.98373984,60.13210098,50.29299012,81.30081301,83.7398374,c(-122.291413, 37.865678)
"1013","Morello-Frosch Home",NA,"11/22/2022","12/03/2022",11,"","CA",95467.875,38.25,47.3521768813087,5169.10461414062,2498.69253227654,20952.1666666667,22322.5,20328.2222222222,22824,47,64670.9127551074,0.0205947998908271,3140157.37457647,622.389028400756,67.7702474690663,0.10846819004038,16.6924701429383,3.52334321900598,"Urban and Built-up",14.3000001907349,116.575,0.92456865310669,17,38.4828598,38.4828598,0,449,1550.99922500511,1000,72,78.04878049,73.98373984,60.13210098,50.29299012,81.30081301,83.7398374,c(-122.291413, 37.865678)
"1014","Morello-Frosch Home",NA,"11/22/2022","12/03/2022",11,"","CA",95467.875,38.25,47.3521768813087,5169.10461414062,2498.69253227654,20952.1666666667,22322.5,20328.2222222222,22824,47,64670.9127551074,0.0205947998908271,3140157.37457647,622.389028400756,67.7702474690663,0.10846819004038,16.6924701429383,3.52334321900598,"Urban and Built-up",14.3000001907349,116.575,0.92456865310669,15.5,51.0076175,51.0076175,0,554,1550.99922500511,1000,72,78.04878049,73.98373984,60.13210098,50.29299012,81.30081301,83.7398374,c(-122.291413, 37.865678)
"1015","Morello-Frosch Home",NA,"11/22/2022","12/03/2022",11,"","CA",95467.875,38.25,47.3521768813087,5169.10461414062,2498.69253227654,20952.1666666667,22322.5,20328.2222222222,22824,47,64670.9127551074,0.0205947998908271,3140157.37457647,622.389028400756,67.7702474690663,0.10846819004038,16.6924701429383,3.52334321900598,"Urban and Built-up",14.3000001907349,116.575,0.92456865310669,17.5,76.460153,76.460153,0,540,1550.99922500511,1000,72,78.04878049,73.98373984,60.13210098,50.29299012,81.30081301,83.7398374,c(-122.291413, 37.865678)
"1016","Morello-Frosch Home",NA,"11/22/2022","12/03/2022",11,"","CA",95467.875,38.25,47.3521768813087,5169.10461414062,2498.69253227654,20952.1666666667,22322.5,20328.2222222222,22824,47,64670.9127551074,0.0205947998908271,3140157.37457647,622.389028400756,67.7702474690663,0.10846819004038,16.6924701429383,3.52334321900598,"Urban and Built-up",14.3000001907349,116.575,0.92456865310669,16.1666666666667,39.3274476,39.3274476,0,495,1550.99922500511,1000,72,78.04878049,73.98373984,60.13210098,50.29299012,81.30081301,83.7398374,c(-122.291413, 37.865678)
"1017","Morello-Frosch Home",NA,"11/22/2022","12/03/2022",11,"","CA",95467.875,38.25,47.3521768813087,5169.10461414062,2498.69253227654,20952.1666666667,22322.5,20328.2222222222,22824,47,64670.9127551074,0.0205947998908271,3140157.37457647,622.389028400756,67.7702474690663,0.10846819004038,16.6924701429383,3.52334321900598,"Urban and Built-up",14.3000001907349,116.575,0.92456865310669,13,39.1557131,39.1557131,0,503,1550.99922500511,1000,72,78.04878049,73.98373984,60.13210098,50.29299012,81.30081301,83.7398374,c(-122.291413, 37.865678)
"1018","Morello-Frosch Home",NA,"11/22/2022","12/03/2022",11,"","CA",95467.875,38.25,47.3521768813087,5169.10461414062,2498.69253227654,20952.1666666667,22322.5,20328.2222222222,22824,47,64670.9127551074,0.0205947998908271,3140157.37457647,622.389028400756,67.7702474690663,0.10846819004038,16.6924701429383,3.52334321900598,"Urban and Built-up",14.3000001907349,116.575,0.92456865310669,13.5,60.141669,60.141669,0,578,1550.99922500511,1000,72,78.04878049,73.98373984,60.13210098,50.29299012,81.30081301,83.7398374,c(-122.291413, 37.865678)
"1019","Morello-Frosch Home",NA,"11/22/2022","12/03/2022",11,"","CA",95467.875,38.25,47.3521768813087,5169.10461414062,2498.69253227654,20952.1666666667,22322.5,20328.2222222222,22824,47,64670.9127551074,0.0205947998908271,3140157.37457647,622.389028400756,67.7702474690663,0.10846819004038,16.6924701429383,3.52334321900598,"Urban and Built-up",14.3000001907349,116.575,0.92456865310669,13.6666666666667,60.5259095,60.5259095,0,767,1550.99922500511,1000,72,78.04878049,73.98373984,60.13210098,50.29299012,81.30081301,83.7398374,c(-122.291413, 37.865678)
"1020","Morello-Frosch Home",NA,"11/22/2022","12/03/2022",11,"","CA",95467.875,38.25,47.3521768813087,5169.10461414062,2498.69253227654,20952.1666666667,22322.5,20328.2222222222,22824,47,64670.9127551074,0.0205947998908271,3140157.37457647,622.389028400756,67.7702474690663,0.10846819004038,16.6924701429383,3.52334321900598,"Urban and Built-up",14.3000001907349,116.575,0.92456865310669,18,38.0546355,38.0546355,0,368,1550.99922500511,1000,72,78.04878049,73.98373984,60.13210098,50.29299012,81.30081301,83.7398374,c(-122.291413, 37.865678)
"1021","Morello-Frosch Home",NA,"11/22/2022","12/03/2022",11,"","CA",95467.875,38.25,47.3521768813087,5169.10461414062,2498.69253227654,20952.1666666667,22322.5,20328.2222222222,22824,47,64670.9127551074,0.0205947998908271,3140157.37457647,622.389028400756,67.7702474690663,0.10846819004038,16.6924701429383,3.52334321900598,"Urban and Built-up",14.3000001907349,116.575,0.92456865310669,17.3333333333333,68.182303,68.182303,0,757,1550.99922500511,1000,72,78.04878049,73.98373984,60.13210098,50.29299012,81.30081301,83.7398374,c(-122.291413, 37.865678)
"1022","Morello-Frosch Home",NA,"11/22/2022","12/03/2022",11,"","CA",95467.875,38.25,47.3521768813087,5169.10461414062,2498.69253227654,20952.1666666667,22322.5,20328.2222222222,22824,47,64670.9127551074,0.0205947998908271,3140157.37457647,622.389028400756,67.7702474690663,0.10846819004038,16.6924701429383,3.52334321900598,"Urban and Built-up",14.3000001907349,116.575,0.92456865310669,15.5,39.8134933,39.8134933,0,396,1550.99922500511,1000,72,78.04878049,73.98373984,60.13210098,50.29299012,81.30081301,83.7398374,c(-122.291413, 37.865678)
"1023","Morello-Frosch Home",NA,"11/22/2022","12/03/2022",11,"","CA",95467.875,38.25,47.3521768813087,5169.10461414062,2498.69253227654,20952.1666666667,22322.5,20328.2222222222,22824,47,64670.9127551074,0.0205947998908271,3140157.37457647,622.389028400756,67.7702474690663,0.10846819004038,16.6924701429383,3.52334321900598,"Urban and Built-up",14.3000001907349,116.575,0.92456865310669,16.1666666666667,57.9417377,57.9417377,0,694,1550.99922500511,1000,72,78.04878049,73.98373984,60.13210098,50.29299012,81.30081301,83.7398374,c(-122.291413, 37.865678)
"1024","Morello-Frosch Home",NA,"11/22/2022","12/03/2022",11,"","CA",95467.875,38.25,47.3521768813087,5169.10461414062,2498.69253227654,20952.1666666667,22322.5,20328.2222222222,22824,47,64670.9127551074,0.0205947998908271,3140157.37457647,622.389028400756,67.7702474690663,0.10846819004038,16.6924701429383,3.52334321900598,"Urban and Built-up",14.3000001907349,116.575,0.92456865310669,15,54.9281061,54.9281061,0,676,1550.99922500511,1000,72,78.04878049,73.98373984,60.13210098,50.29299012,81.30081301,83.7398374,c(-122.291413, 37.865678)
"1025","Morello-Frosch Home",NA,"11/22/2022","12/03/2022",11,"","CA",95467.875,38.25,47.3521768813087,5169.10461414062,2498.69253227654,20952.1666666667,22322.5,20328.2222222222,22824,47,64670.9127551074,0.0205947998908271,3140157.37457647,622.389028400756,67.7702474690663,0.10846819004038,16.6924701429383,3.52334321900598,"Urban and Built-up",14.3000001907349,116.575,0.92456865310669,16,55.0528916,55.0528916,0,579,1550.99922500511,1000,72,78.04878049,73.98373984,60.13210098,50.29299012,81.30081301,83.7398374,c(-122.291413, 37.865678)
"1026","Morello-Frosch Home",NA,"11/22/2022","12/03/2022",11,"","CA",95467.875,38.25,47.3521768813087,5169.10461414062,2498.69253227654,20952.1666666667,22322.5,20328.2222222222,22824,47,64670.9127551074,0.0205947998908271,3140157.37457647,622.389028400756,67.7702474690663,0.10846819004038,16.6924701429383,3.52334321900598,"Urban and Built-up",14.3000001907349,116.575,0.92456865310669,15.8333333333333,61.3729683,61.3729683,0,667,1550.99922500511,1000,72,78.04878049,73.98373984,60.13210098,50.29299012,81.30081301,83.7398374,c(-122.291413, 37.865678)
"1027","Morello-Frosch Home",NA,"11/22/2022","12/03/2022",11,"","CA",95467.875,38.25,47.3521768813087,5169.10461414062,2498.69253227654,20952.1666666667,22322.5,20328.2222222222,22824,47,64670.9127551074,0.0205947998908271,3140157.37457647,622.389028400756,67.7702474690663,0.10846819004038,16.6924701429383,3.52334321900598,"Urban and Built-up",14.3000001907349,116.575,0.92456865310669,18.3333333333333,297.204467,297.204467,0,483,1550.99922500511,1000,72,78.04878049,73.98373984,60.13210098,50.29299012,81.30081301,83.7398374,c(-122.291413, 37.865678)
"1028","Neumann Home",NA,"11/06/2023","11/22/2023",16,"","CA",105557.884615385,39.0133333333333,55.0753473050675,5990.74867476313,2916.08487350524,36643.2941176471,37433,36232.5384615385,37978.25,56,65257.7723062443,0.0207816884703236,3140157.3745768,585.888804102712,59.6891586674198,0.143663136570542,55.8405214745759,3.10086313150298,"Temperate or Subpolar Needleaf Forest",14.3000001907349,119,0.932349190115929,11,39.4381484,39.4381484,0,422,412.638026727045,1000,73,36.58536585,32.5203252,42.70250638,35.08540885,48.7804878,51.2195122,c(-122.275755, 37.878494)
"1029","Neumann Home",NA,"11/06/2023","11/22/2023",16,"","CA",105557.884615385,39.0133333333333,55.0753473050675,5990.74867476313,2916.08487350524,36643.2941176471,37433,36232.5384615385,37978.25,56,65257.7723062443,0.0207816884703236,3140157.3745768,585.888804102712,59.6891586674198,0.143663136570542,55.8405214745759,3.10086313150298,"Temperate or Subpolar Needleaf Forest",14.3000001907349,119,0.932349190115929,15.5,86.5601184,86.5601184,0,633,412.638026727045,1000,73,36.58536585,32.5203252,42.70250638,35.08540885,48.7804878,51.2195122,c(-122.275755, 37.878494)
"1030","Neumann Home",NA,"11/06/2023","11/22/2023",16,"","CA",105557.884615385,39.0133333333333,55.0753473050675,5990.74867476313,2916.08487350524,36643.2941176471,37433,36232.5384615385,37978.25,56,65257.7723062443,0.0207816884703236,3140157.3745768,585.888804102712,59.6891586674198,0.143663136570542,55.8405214745759,3.10086313150298,"Temperate or Subpolar Needleaf Forest",14.3000001907349,119,0.932349190115929,16.6666666666667,34.9569899,34.9569899,0,529,412.638026727045,1000,73,36.58536585,32.5203252,42.70250638,35.08540885,48.7804878,51.2195122,c(-122.275755, 37.878494)
"1031","Neumann Home",NA,"11/06/2023","11/22/2023",16,"","CA",105557.884615385,39.0133333333333,55.0753473050675,5990.74867476313,2916.08487350524,36643.2941176471,37433,36232.5384615385,37978.25,56,65257.7723062443,0.0207816884703236,3140157.3745768,585.888804102712,59.6891586674198,0.143663136570542,55.8405214745759,3.10086313150298,"Temperate or Subpolar Needleaf Forest",14.3000001907349,119,0.932349190115929,15.1666666666667,59.7937522,59.7937522,0,622,412.638026727045,1000,73,36.58536585,32.5203252,42.70250638,35.08540885,48.7804878,51.2195122,c(-122.275755, 37.878494)
"1032","Neumann Home",NA,"11/06/2023","11/22/2023",16,"","CA",105557.884615385,39.0133333333333,55.0753473050675,5990.74867476313,2916.08487350524,36643.2941176471,37433,36232.5384615385,37978.25,56,65257.7723062443,0.0207816884703236,3140157.3745768,585.888804102712,59.6891586674198,0.143663136570542,55.8405214745759,3.10086313150298,"Temperate or Subpolar Needleaf Forest",14.3000001907349,119,0.932349190115929,15.3333333333333,54.4895036,54.4895036,0,310,412.638026727045,1000,73,36.58536585,32.5203252,42.70250638,35.08540885,48.7804878,51.2195122,c(-122.275755, 37.878494)
"1033","Neumann Home",NA,"11/06/2023","11/22/2023",16,"","CA",105557.884615385,39.0133333333333,55.0753473050675,5990.74867476313,2916.08487350524,36643.2941176471,37433,36232.5384615385,37978.25,56,65257.7723062443,0.0207816884703236,3140157.3745768,585.888804102712,59.6891586674198,0.143663136570542,55.8405214745759,3.10086313150298,"Temperate or Subpolar Needleaf Forest",14.3000001907349,119,0.932349190115929,15.3333333333333,45.2254775,45.2254775,0,280,412.638026727045,1000,73,36.58536585,32.5203252,42.70250638,35.08540885,48.7804878,51.2195122,c(-122.275755, 37.878494)
"1034","Neumann Home",NA,"11/06/2023","11/22/2023",16,"","CA",105557.884615385,39.0133333333333,55.0753473050675,5990.74867476313,2916.08487350524,36643.2941176471,37433,36232.5384615385,37978.25,56,65257.7723062443,0.0207816884703236,3140157.3745768,585.888804102712,59.6891586674198,0.143663136570542,55.8405214745759,3.10086313150298,"Temperate or Subpolar Needleaf Forest",14.3000001907349,119,0.932349190115929,17,71.2245982,71.2245982,0,618,412.638026727045,1000,73,36.58536585,32.5203252,42.70250638,35.08540885,48.7804878,51.2195122,c(-122.275755, 37.878494)
"1035","Neumann Home",NA,"11/06/2023","11/22/2023",16,"","CA",105557.884615385,39.0133333333333,55.0753473050675,5990.74867476313,2916.08487350524,36643.2941176471,37433,36232.5384615385,37978.25,56,65257.7723062443,0.0207816884703236,3140157.3745768,585.888804102712,59.6891586674198,0.143663136570542,55.8405214745759,3.10086313150298,"Temperate or Subpolar Needleaf Forest",14.3000001907349,119,0.932349190115929,19.3333333333333,35.6098281,35.6098281,0,315,412.638026727045,1000,73,36.58536585,32.5203252,42.70250638,35.08540885,48.7804878,51.2195122,c(-122.275755, 37.878494)
"1036","Neumann Home",NA,"11/06/2023","11/22/2023",16,"","CA",105557.884615385,39.0133333333333,55.0753473050675,5990.74867476313,2916.08487350524,36643.2941176471,37433,36232.5384615385,37978.25,56,65257.7723062443,0.0207816884703236,3140157.3745768,585.888804102712,59.6891586674198,0.143663136570542,55.8405214745759,3.10086313150298,"Temperate or Subpolar Needleaf Forest",14.3000001907349,119,0.932349190115929,15,68.2512439,68.2512439,0,477,412.638026727045,1000,73,36.58536585,32.5203252,42.70250638,35.08540885,48.7804878,51.2195122,c(-122.275755, 37.878494)
"1037","Neumann Home",NA,"11/06/2023","11/22/2023",16,"","CA",105557.884615385,39.0133333333333,55.0753473050675,5990.74867476313,2916.08487350524,36643.2941176471,37433,36232.5384615385,37978.25,56,65257.7723062443,0.0207816884703236,3140157.3745768,585.888804102712,59.6891586674198,0.143663136570542,55.8405214745759,3.10086313150298,"Temperate or Subpolar Needleaf Forest",14.3000001907349,119,0.932349190115929,15.5,62.3354228,62.3354228,0,493,412.638026727045,1000,73,36.58536585,32.5203252,42.70250638,35.08540885,48.7804878,51.2195122,c(-122.275755, 37.878494)
"1038","Neumann Home",NA,"11/06/2023","11/22/2023",16,"","CA",105557.884615385,39.0133333333333,55.0753473050675,5990.74867476313,2916.08487350524,36643.2941176471,37433,36232.5384615385,37978.25,56,65257.7723062443,0.0207816884703236,3140157.3745768,585.888804102712,59.6891586674198,0.143663136570542,55.8405214745759,3.10086313150298,"Temperate or Subpolar Needleaf Forest",14.3000001907349,119,0.932349190115929,17.1666666666667,53.675062,53.675062,0,377,412.638026727045,1000,73,36.58536585,32.5203252,42.70250638,35.08540885,48.7804878,51.2195122,c(-122.275755, 37.878494)
"1039","Neumann Home",NA,"11/06/2023","11/22/2023",16,"","CA",105557.884615385,39.0133333333333,55.0753473050675,5990.74867476313,2916.08487350524,36643.2941176471,37433,36232.5384615385,37978.25,56,65257.7723062443,0.0207816884703236,3140157.3745768,585.888804102712,59.6891586674198,0.143663136570542,55.8405214745759,3.10086313150298,"Temperate or Subpolar Needleaf Forest",14.3000001907349,119,0.932349190115929,15.3333333333333,57.6197664,57.6197664,0,546,412.638026727045,1000,73,36.58536585,32.5203252,42.70250638,35.08540885,48.7804878,51.2195122,c(-122.275755, 37.878494)
"1040","Neumann Home",NA,"11/06/2023","11/22/2023",16,"","CA",105557.884615385,39.0133333333333,55.0753473050675,5990.74867476313,2916.08487350524,36643.2941176471,37433,36232.5384615385,37978.25,56,65257.7723062443,0.0207816884703236,3140157.3745768,585.888804102712,59.6891586674198,0.143663136570542,55.8405214745759,3.10086313150298,"Temperate or Subpolar Needleaf Forest",14.3000001907349,119,0.932349190115929,17.5,76.460153,76.460153,0,540,412.638026727045,1000,73,36.58536585,32.5203252,42.70250638,35.08540885,48.7804878,51.2195122,c(-122.275755, 37.878494)
"1041","Neumann Home",NA,"11/06/2023","11/22/2023",16,"","CA",105557.884615385,39.0133333333333,55.0753473050675,5990.74867476313,2916.08487350524,36643.2941176471,37433,36232.5384615385,37978.25,56,65257.7723062443,0.0207816884703236,3140157.3745768,585.888804102712,59.6891586674198,0.143663136570542,55.8405214745759,3.10086313150298,"Temperate or Subpolar Needleaf Forest",14.3000001907349,119,0.932349190115929,16.1666666666667,39.3274476,39.3274476,0,495,412.638026727045,1000,73,36.58536585,32.5203252,42.70250638,35.08540885,48.7804878,51.2195122,c(-122.275755, 37.878494)
"1042","Neumann Home",NA,"11/06/2023","11/22/2023",16,"","CA",105557.884615385,39.0133333333333,55.0753473050675,5990.74867476313,2916.08487350524,36643.2941176471,37433,36232.5384615385,37978.25,56,65257.7723062443,0.0207816884703236,3140157.3745768,585.888804102712,59.6891586674198,0.143663136570542,55.8405214745759,3.10086313150298,"Temperate or Subpolar Needleaf Forest",14.3000001907349,119,0.932349190115929,13,39.1557131,39.1557131,0,503,412.638026727045,1000,73,36.58536585,32.5203252,42.70250638,35.08540885,48.7804878,51.2195122,c(-122.275755, 37.878494)
"1043","Neumann Home",NA,"11/06/2023","11/22/2023",16,"","CA",105557.884615385,39.0133333333333,55.0753473050675,5990.74867476313,2916.08487350524,36643.2941176471,37433,36232.5384615385,37978.25,56,65257.7723062443,0.0207816884703236,3140157.3745768,585.888804102712,59.6891586674198,0.143663136570542,55.8405214745759,3.10086313150298,"Temperate or Subpolar Needleaf Forest",14.3000001907349,119,0.932349190115929,17.8333333333333,47.0036091,47.0036091,0,771,412.638026727045,1000,73,36.58536585,32.5203252,42.70250638,35.08540885,48.7804878,51.2195122,c(-122.275755, 37.878494)
"1044","Neumann Home",NA,"11/06/2023","11/22/2023",16,"","CA",105557.884615385,39.0133333333333,55.0753473050675,5990.74867476313,2916.08487350524,36643.2941176471,37433,36232.5384615385,37978.25,56,65257.7723062443,0.0207816884703236,3140157.3745768,585.888804102712,59.6891586674198,0.143663136570542,55.8405214745759,3.10086313150298,"Temperate or Subpolar Needleaf Forest",14.3000001907349,119,0.932349190115929,17,30.2863057,30.2863057,0,353,412.638026727045,1000,73,36.58536585,32.5203252,42.70250638,35.08540885,48.7804878,51.2195122,c(-122.275755, 37.878494)
"1045","Neumann Home",NA,"11/06/2023","11/22/2023",16,"","CA",105557.884615385,39.0133333333333,55.0753473050675,5990.74867476313,2916.08487350524,36643.2941176471,37433,36232.5384615385,37978.25,56,65257.7723062443,0.0207816884703236,3140157.3745768,585.888804102712,59.6891586674198,0.143663136570542,55.8405214745759,3.10086313150298,"Temperate or Subpolar Needleaf Forest",14.3000001907349,119,0.932349190115929,16.1666666666667,40.2234322,40.2234322,0,538,412.638026727045,1000,73,36.58536585,32.5203252,42.70250638,35.08540885,48.7804878,51.2195122,c(-122.275755, 37.878494)
"1046","Neumann Home",NA,"11/06/2023","11/22/2023",16,"","CA",105557.884615385,39.0133333333333,55.0753473050675,5990.74867476313,2916.08487350524,36643.2941176471,37433,36232.5384615385,37978.25,56,65257.7723062443,0.0207816884703236,3140157.3745768,585.888804102712,59.6891586674198,0.143663136570542,55.8405214745759,3.10086313150298,"Temperate or Subpolar Needleaf Forest",14.3000001907349,119,0.932349190115929,15.3333333333333,38.377101,38.377101,0,326,412.638026727045,1000,73,36.58536585,32.5203252,42.70250638,35.08540885,48.7804878,51.2195122,c(-122.275755, 37.878494)
"1047","Neumann Home",NA,"11/06/2023","11/22/2023",16,"","CA",105557.884615385,39.0133333333333,55.0753473050675,5990.74867476313,2916.08487350524,36643.2941176471,37433,36232.5384615385,37978.25,56,65257.7723062443,0.0207816884703236,3140157.3745768,585.888804102712,59.6891586674198,0.143663136570542,55.8405214745759,3.10086313150298,"Temperate or Subpolar Needleaf Forest",14.3000001907349,119,0.932349190115929,16.8333333333333,46.5615472,46.5615472,0,561,412.638026727045,1000,73,36.58536585,32.5203252,42.70250638,35.08540885,48.7804878,51.2195122,c(-122.275755, 37.878494)
"1048","Neumann Home",NA,"11/06/2023","11/22/2023",16,"","CA",105557.884615385,39.0133333333333,55.0753473050675,5990.74867476313,2916.08487350524,36643.2941176471,37433,36232.5384615385,37978.25,56,65257.7723062443,0.0207816884703236,3140157.3745768,585.888804102712,59.6891586674198,0.143663136570542,55.8405214745759,3.10086313150298,"Temperate or Subpolar Needleaf Forest",14.3000001907349,119,0.932349190115929,16.6666666666667,66.0162244,66.0162244,0,388,412.638026727045,1000,73,36.58536585,32.5203252,42.70250638,35.08540885,48.7804878,51.2195122,c(-122.275755, 37.878494)
"1049","Neumann Home",NA,"11/06/2023","11/22/2023",16,"","CA",105557.884615385,39.0133333333333,55.0753473050675,5990.74867476313,2916.08487350524,36643.2941176471,37433,36232.5384615385,37978.25,56,65257.7723062443,0.0207816884703236,3140157.3745768,585.888804102712,59.6891586674198,0.143663136570542,55.8405214745759,3.10086313150298,"Temperate or Subpolar Needleaf Forest",14.3000001907349,119,0.932349190115929,16.5,56.6380381,56.6380381,0,335,412.638026727045,1000,73,36.58536585,32.5203252,42.70250638,35.08540885,48.7804878,51.2195122,c(-122.275755, 37.878494)
"1050","Neumann Home",NA,"11/06/2023","11/22/2023",16,"","CA",105557.884615385,39.0133333333333,55.0753473050675,5990.74867476313,2916.08487350524,36643.2941176471,37433,36232.5384615385,37978.25,56,65257.7723062443,0.0207816884703236,3140157.3745768,585.888804102712,59.6891586674198,0.143663136570542,55.8405214745759,3.10086313150298,"Temperate or Subpolar Needleaf Forest",14.3000001907349,119,0.932349190115929,14.6666666666667,64.6794134,64.6794134,0,438,412.638026727045,1000,73,36.58536585,32.5203252,42.70250638,35.08540885,48.7804878,51.2195122,c(-122.275755, 37.878494)
"1051","Neumann Home",NA,"11/06/2023","11/22/2023",16,"","CA",105557.884615385,39.0133333333333,55.0753473050675,5990.74867476313,2916.08487350524,36643.2941176471,37433,36232.5384615385,37978.25,56,65257.7723062443,0.0207816884703236,3140157.3745768,585.888804102712,59.6891586674198,0.143663136570542,55.8405214745759,3.10086313150298,"Temperate or Subpolar Needleaf Forest",14.3000001907349,119,0.932349190115929,16,52.6382304,52.6382304,0,349,412.638026727045,1000,73,36.58536585,32.5203252,42.70250638,35.08540885,48.7804878,51.2195122,c(-122.275755, 37.878494)
"1052","Neumann Home",NA,"11/06/2023","11/22/2023",16,"","CA",105557.884615385,39.0133333333333,55.0753473050675,5990.74867476313,2916.08487350524,36643.2941176471,37433,36232.5384615385,37978.25,56,65257.7723062443,0.0207816884703236,3140157.3745768,585.888804102712,59.6891586674198,0.143663136570542,55.8405214745759,3.10086313150298,"Temperate or Subpolar Needleaf Forest",14.3000001907349,119,0.932349190115929,13.5,419.8940648,419.8940648,0,253,412.638026727045,1000,73,36.58536585,32.5203252,42.70250638,35.08540885,48.7804878,51.2195122,c(-122.275755, 37.878494)
"1053","Neumann Home",NA,"11/06/2023","11/22/2023",16,"","CA",105557.884615385,39.0133333333333,55.0753473050675,5990.74867476313,2916.08487350524,36643.2941176471,37433,36232.5384615385,37978.25,56,65257.7723062443,0.0207816884703236,3140157.3745768,585.888804102712,59.6891586674198,0.143663136570542,55.8405214745759,3.10086313150298,"Temperate or Subpolar Needleaf Forest",14.3000001907349,119,0.932349190115929,19.6666666666667,95.2451892,95.2451892,0,841,412.638026727045,1000,73,36.58536585,32.5203252,42.70250638,35.08540885,48.7804878,51.2195122,c(-122.275755, 37.878494)
"1054","Neumann Home",NA,"11/06/2023","11/22/2023",16,"","CA",105557.884615385,39.0133333333333,55.0753473050675,5990.74867476313,2916.08487350524,36643.2941176471,37433,36232.5384615385,37978.25,56,65257.7723062443,0.0207816884703236,3140157.3745768,585.888804102712,59.6891586674198,0.143663136570542,55.8405214745759,3.10086313150298,"Temperate or Subpolar Needleaf Forest",14.3000001907349,119,0.932349190115929,13.6666666666667,60.5259095,60.5259095,0,767,412.638026727045,1000,73,36.58536585,32.5203252,42.70250638,35.08540885,48.7804878,51.2195122,c(-122.275755, 37.878494)
"1055","Nicholl Park",NA,"11/27/2023","12/11/2023",14,"","CA",68378.7058823529,35.2473684210526,12.436368390245,4067.24894447353,1420.79149317368,15306.4,15219,14769.2727272727,16783.5,2,56398.9866906941,0.0179605605589409,3140157.37457695,372.571419173334,70.418453724605,0.103074806693657,15.3551158438755,3.50399613891811,"Urban and Built-up",14.3500003814697,128.375,0.934725061058998,14.1666666666667,985.9201044,567.9798593,417.9402451,750,380.390834252985,1000,74,99.18699187,98.37398374,56.59650758,48.06415558,78.04878049,77.23577236,c(-122.3403681, 37.9314647)
"1056","Nicholl Park",NA,"11/27/2023","12/11/2023",14,"","CA",68378.7058823529,35.2473684210526,12.436368390245,4067.24894447353,1420.79149317368,15306.4,15219,14769.2727272727,16783.5,2,56398.9866906941,0.0179605605589409,3140157.37457695,372.571419173334,70.418453724605,0.103074806693657,15.3551158438755,3.50399613891811,"Urban and Built-up",14.3500003814697,128.375,0.934725061058998,12,63.6445586,63.6445586,0,543,380.390834252985,1000,74,99.18699187,98.37398374,56.59650758,48.06415558,78.04878049,77.23577236,c(-122.3403681, 37.9314647)
"1057","Nicholl Park",NA,"11/27/2023","12/11/2023",14,"","CA",68378.7058823529,35.2473684210526,12.436368390245,4067.24894447353,1420.79149317368,15306.4,15219,14769.2727272727,16783.5,2,56398.9866906941,0.0179605605589409,3140157.37457695,372.571419173334,70.418453724605,0.103074806693657,15.3551158438755,3.50399613891811,"Urban and Built-up",14.3500003814697,128.375,0.934725061058998,16.1666666666667,63.0517657,63.0517657,0,599,380.390834252985,1000,74,99.18699187,98.37398374,56.59650758,48.06415558,78.04878049,77.23577236,c(-122.3403681, 37.9314647)
"1058","Nicholl Park",NA,"11/27/2023","12/11/2023",14,"","CA",68378.7058823529,35.2473684210526,12.436368390245,4067.24894447353,1420.79149317368,15306.4,15219,14769.2727272727,16783.5,2,56398.9866906941,0.0179605605589409,3140157.37457695,372.571419173334,70.418453724605,0.103074806693657,15.3551158438755,3.50399613891811,"Urban and Built-up",14.3500003814697,128.375,0.934725061058998,18,62.4975204,62.4975204,0,401,380.390834252985,1000,74,99.18699187,98.37398374,56.59650758,48.06415558,78.04878049,77.23577236,c(-122.3403681, 37.9314647)
"1059","Nicholl Park",NA,"11/27/2023","12/11/2023",14,"","CA",68378.7058823529,35.2473684210526,12.436368390245,4067.24894447353,1420.79149317368,15306.4,15219,14769.2727272727,16783.5,2,56398.9866906941,0.0179605605589409,3140157.37457695,372.571419173334,70.418453724605,0.103074806693657,15.3551158438755,3.50399613891811,"Urban and Built-up",14.3500003814697,128.375,0.934725061058998,14,65.582811,65.582811,0,656,380.390834252985,1000,74,99.18699187,98.37398374,56.59650758,48.06415558,78.04878049,77.23577236,c(-122.3403681, 37.9314647)
"1060","Nicholl Park",NA,"11/27/2023","12/11/2023",14,"","CA",68378.7058823529,35.2473684210526,12.436368390245,4067.24894447353,1420.79149317368,15306.4,15219,14769.2727272727,16783.5,2,56398.9866906941,0.0179605605589409,3140157.37457695,372.571419173334,70.418453724605,0.103074806693657,15.3551158438755,3.50399613891811,"Urban and Built-up",14.3500003814697,128.375,0.934725061058998,12.8333333333333,49.6784666,49.6784666,0,468,380.390834252985,1000,74,99.18699187,98.37398374,56.59650758,48.06415558,78.04878049,77.23577236,c(-122.3403681, 37.9314647)
"1061","Nicholl Park",NA,"11/27/2023","12/11/2023",14,"","CA",68378.7058823529,35.2473684210526,12.436368390245,4067.24894447353,1420.79149317368,15306.4,15219,14769.2727272727,16783.5,2,56398.9866906941,0.0179605605589409,3140157.37457695,372.571419173334,70.418453724605,0.103074806693657,15.3551158438755,3.50399613891811,"Urban and Built-up",14.3500003814697,128.375,0.934725061058998,14.8333333333333,61.4606888,61.4606888,0,488,380.390834252985,1000,74,99.18699187,98.37398374,56.59650758,48.06415558,78.04878049,77.23577236,c(-122.3403681, 37.9314647)
"1062","Nicholl Park",NA,"11/27/2023","12/11/2023",14,"","CA",68378.7058823529,35.2473684210526,12.436368390245,4067.24894447353,1420.79149317368,15306.4,15219,14769.2727272727,16783.5,2,56398.9866906941,0.0179605605589409,3140157.37457695,372.571419173334,70.418453724605,0.103074806693657,15.3551158438755,3.50399613891811,"Urban and Built-up",14.3500003814697,128.375,0.934725061058998,14.5,56.0064505,56.0064505,0,565,380.390834252985,1000,74,99.18699187,98.37398374,56.59650758,48.06415558,78.04878049,77.23577236,c(-122.3403681, 37.9314647)
"1063","Nicholl Park",NA,"11/27/2023","12/11/2023",14,"","CA",68378.7058823529,35.2473684210526,12.436368390245,4067.24894447353,1420.79149317368,15306.4,15219,14769.2727272727,16783.5,2,56398.9866906941,0.0179605605589409,3140157.37457695,372.571419173334,70.418453724605,0.103074806693657,15.3551158438755,3.50399613891811,"Urban and Built-up",14.3500003814697,128.375,0.934725061058998,16.5,47.065137,47.065137,0,442,380.390834252985,1000,74,99.18699187,98.37398374,56.59650758,48.06415558,78.04878049,77.23577236,c(-122.3403681, 37.9314647)
"1064","Nicholl Park",NA,"11/27/2023","12/11/2023",14,"","CA",68378.7058823529,35.2473684210526,12.436368390245,4067.24894447353,1420.79149317368,15306.4,15219,14769.2727272727,16783.5,2,56398.9866906941,0.0179605605589409,3140157.37457695,372.571419173334,70.418453724605,0.103074806693657,15.3551158438755,3.50399613891811,"Urban and Built-up",14.3500003814697,128.375,0.934725061058998,13.5,43.6020305,43.6020305,0,471,380.390834252985,1000,74,99.18699187,98.37398374,56.59650758,48.06415558,78.04878049,77.23577236,c(-122.3403681, 37.9314647)
"1065","Nicholl Park",NA,"11/27/2023","12/11/2023",14,"","CA",68378.7058823529,35.2473684210526,12.436368390245,4067.24894447353,1420.79149317368,15306.4,15219,14769.2727272727,16783.5,2,56398.9866906941,0.0179605605589409,3140157.37457695,372.571419173334,70.418453724605,0.103074806693657,15.3551158438755,3.50399613891811,"Urban and Built-up",14.3500003814697,128.375,0.934725061058998,15.3333333333333,470.003968,469.9142707,0.0896973,529,380.390834252985,1000,74,99.18699187,98.37398374,56.59650758,48.06415558,78.04878049,77.23577236,c(-122.3403681, 37.9314647)
"1066","Nicholl Park",NA,"11/27/2023","12/11/2023",14,"","CA",68378.7058823529,35.2473684210526,12.436368390245,4067.24894447353,1420.79149317368,15306.4,15219,14769.2727272727,16783.5,2,56398.9866906941,0.0179605605589409,3140157.37457695,372.571419173334,70.418453724605,0.103074806693657,15.3551158438755,3.50399613891811,"Urban and Built-up",14.3500003814697,128.375,0.934725061058998,17.1666666666667,124.9038609,124.9038609,0,564,380.390834252985,1000,74,99.18699187,98.37398374,56.59650758,48.06415558,78.04878049,77.23577236,c(-122.3403681, 37.9314647)
"1067","Nicholl Park",NA,"11/27/2023","12/11/2023",14,"","CA",68378.7058823529,35.2473684210526,12.436368390245,4067.24894447353,1420.79149317368,15306.4,15219,14769.2727272727,16783.5,2,56398.9866906941,0.0179605605589409,3140157.37457695,372.571419173334,70.418453724605,0.103074806693657,15.3551158438755,3.50399613891811,"Urban and Built-up",14.3500003814697,128.375,0.934725061058998,14.8333333333333,105.2764608,105.2764608,0,528,380.390834252985,1000,74,99.18699187,98.37398374,56.59650758,48.06415558,78.04878049,77.23577236,c(-122.3403681, 37.9314647)
"1068","Nicholl Park",NA,"11/27/2023","12/11/2023",14,"","CA",68378.7058823529,35.2473684210526,12.436368390245,4067.24894447353,1420.79149317368,15306.4,15219,14769.2727272727,16783.5,2,56398.9866906941,0.0179605605589409,3140157.37457695,372.571419173334,70.418453724605,0.103074806693657,15.3551158438755,3.50399613891811,"Urban and Built-up",14.3500003814697,128.375,0.934725061058998,14.1666666666667,90.2703249,90.2703249,0,697,380.390834252985,1000,74,99.18699187,98.37398374,56.59650758,48.06415558,78.04878049,77.23577236,c(-122.3403681, 37.9314647)
"1069","Nicholl Park",NA,"11/27/2023","12/11/2023",14,"","CA",68378.7058823529,35.2473684210526,12.436368390245,4067.24894447353,1420.79149317368,15306.4,15219,14769.2727272727,16783.5,2,56398.9866906941,0.0179605605589409,3140157.37457695,372.571419173334,70.418453724605,0.103074806693657,15.3551158438755,3.50399613891811,"Urban and Built-up",14.3500003814697,128.375,0.934725061058998,16.8333333333333,83.7639348,83.7639348,0,349,380.390834252985,1000,74,99.18699187,98.37398374,56.59650758,48.06415558,78.04878049,77.23577236,c(-122.3403681, 37.9314647)
"1070","Nicholl Park",NA,"11/27/2023","12/11/2023",14,"","CA",68378.7058823529,35.2473684210526,12.436368390245,4067.24894447353,1420.79149317368,15306.4,15219,14769.2727272727,16783.5,2,56398.9866906941,0.0179605605589409,3140157.37457695,372.571419173334,70.418453724605,0.103074806693657,15.3551158438755,3.50399613891811,"Urban and Built-up",14.3500003814697,128.375,0.934725061058998,16,80.5691789,80.5691789,0,455,380.390834252985,1000,74,99.18699187,98.37398374,56.59650758,48.06415558,78.04878049,77.23577236,c(-122.3403681, 37.9314647)
"1071","Nicholl Park",NA,"11/27/2023","12/11/2023",14,"","CA",68378.7058823529,35.2473684210526,12.436368390245,4067.24894447353,1420.79149317368,15306.4,15219,14769.2727272727,16783.5,2,56398.9866906941,0.0179605605589409,3140157.37457695,372.571419173334,70.418453724605,0.103074806693657,15.3551158438755,3.50399613891811,"Urban and Built-up",14.3500003814697,128.375,0.934725061058998,13.8333333333333,98.9222843,98.9222843,0,992,380.390834252985,1000,74,99.18699187,98.37398374,56.59650758,48.06415558,78.04878049,77.23577236,c(-122.3403681, 37.9314647)
"1072","Nicholl Park",NA,"11/27/2023","12/11/2023",14,"","CA",68378.7058823529,35.2473684210526,12.436368390245,4067.24894447353,1420.79149317368,15306.4,15219,14769.2727272727,16783.5,2,56398.9866906941,0.0179605605589409,3140157.37457695,372.571419173334,70.418453724605,0.103074806693657,15.3551158438755,3.50399613891811,"Urban and Built-up",14.3500003814697,128.375,0.934725061058998,14.8333333333333,87.2789323,87.2789323,0,526,380.390834252985,1000,74,99.18699187,98.37398374,56.59650758,48.06415558,78.04878049,77.23577236,c(-122.3403681, 37.9314647)
"1073","Nicholl Park",NA,"11/27/2023","12/11/2023",14,"","CA",68378.7058823529,35.2473684210526,12.436368390245,4067.24894447353,1420.79149317368,15306.4,15219,14769.2727272727,16783.5,2,56398.9866906941,0.0179605605589409,3140157.37457695,372.571419173334,70.418453724605,0.103074806693657,15.3551158438755,3.50399613891811,"Urban and Built-up",14.3500003814697,128.375,0.934725061058998,14.6666666666667,67.8000393,67.8000393,0,579,380.390834252985,1000,74,99.18699187,98.37398374,56.59650758,48.06415558,78.04878049,77.23577236,c(-122.3403681, 37.9314647)
"1074","Nicholl Park",NA,"11/27/2023","12/11/2023",14,"","CA",68378.7058823529,35.2473684210526,12.436368390245,4067.24894447353,1420.79149317368,15306.4,15219,14769.2727272727,16783.5,2,56398.9866906941,0.0179605605589409,3140157.37457695,372.571419173334,70.418453724605,0.103074806693657,15.3551158438755,3.50399613891811,"Urban and Built-up",14.3500003814697,128.375,0.934725061058998,14,53.4217845,53.4217845,0,545,380.390834252985,1000,74,99.18699187,98.37398374,56.59650758,48.06415558,78.04878049,77.23577236,c(-122.3403681, 37.9314647)
"1075","North Richmond Ballpark","NRB","11/08/2023","11/22/2023",14,"","CA",65203.1666666667,33.725,8.40808296861853,4298.08988080406,1208.3619223565,7182.6,7215,7027.45454545455,7609.25,1,38989.8191230562,0.012416517541039,3140157.37457682,979.826534437128,67.0698198198199,0.119983734765978,6.59271754355004,3.25780869242498,"Urban and Built-up",14.3500003814697,130.24,0.901607950528463,15.1666666666667,48.1358213,48.1358213,0,563,991.851895671353,1000,75,94.30894309,99.18699187,60.52621317,57.4118888,94.30894309,91.8699187,c(-122.36488, 37.96078)
"1076","North Richmond Ballpark","NRB","11/08/2023","11/22/2023",14,"","CA",65203.1666666667,33.725,8.40808296861853,4298.08988080406,1208.3619223565,7182.6,7215,7027.45454545455,7609.25,1,38989.8191230562,0.012416517541039,3140157.37457682,979.826534437128,67.0698198198199,0.119983734765978,6.59271754355004,3.25780869242498,"Urban and Built-up",14.3500003814697,130.24,0.901607950528463,15.6666666666667,77.7043015,77.7043015,0,605,991.851895671353,1000,75,94.30894309,99.18699187,60.52621317,57.4118888,94.30894309,91.8699187,c(-122.36488, 37.96078)
"1077","North Richmond Ballpark","NRB","11/08/2023","11/22/2023",14,"","CA",65203.1666666667,33.725,8.40808296861853,4298.08988080406,1208.3619223565,7182.6,7215,7027.45454545455,7609.25,1,38989.8191230562,0.012416517541039,3140157.37457682,979.826534437128,67.0698198198199,0.119983734765978,6.59271754355004,3.25780869242498,"Urban and Built-up",14.3500003814697,130.24,0.901607950528463,14.5,126.4786292,126.4786292,0,1256,991.851895671353,1000,75,94.30894309,99.18699187,60.52621317,57.4118888,94.30894309,91.8699187,c(-122.36488, 37.96078)
"1078","North Richmond Ballpark","NRB","11/08/2023","11/22/2023",14,"","CA",65203.1666666667,33.725,8.40808296861853,4298.08988080406,1208.3619223565,7182.6,7215,7027.45454545455,7609.25,1,38989.8191230562,0.012416517541039,3140157.37457682,979.826534437128,67.0698198198199,0.119983734765978,6.59271754355004,3.25780869242498,"Urban and Built-up",14.3500003814697,130.24,0.901607950528463,15.6666666666667,104.2198612,104.2198612,0,856,991.851895671353,1000,75,94.30894309,99.18699187,60.52621317,57.4118888,94.30894309,91.8699187,c(-122.36488, 37.96078)
"1079","North Richmond Ballpark","NRB","11/08/2023","11/22/2023",14,"","CA",65203.1666666667,33.725,8.40808296861853,4298.08988080406,1208.3619223565,7182.6,7215,7027.45454545455,7609.25,1,38989.8191230562,0.012416517541039,3140157.37457682,979.826534437128,67.0698198198199,0.119983734765978,6.59271754355004,3.25780869242498,"Urban and Built-up",14.3500003814697,130.24,0.901607950528463,17.3333333333333,34.7590628,34.7590628,0,321,991.851895671353,1000,75,94.30894309,99.18699187,60.52621317,57.4118888,94.30894309,91.8699187,c(-122.36488, 37.96078)
"1080","North Richmond Ballpark","NRB","11/08/2023","11/22/2023",14,"","CA",65203.1666666667,33.725,8.40808296861853,4298.08988080406,1208.3619223565,7182.6,7215,7027.45454545455,7609.25,1,38989.8191230562,0.012416517541039,3140157.37457682,979.826534437128,67.0698198198199,0.119983734765978,6.59271754355004,3.25780869242498,"Urban and Built-up",14.3500003814697,130.24,0.901607950528463,11,3721.2251832,2459.3638139,1261.8613693,2692,991.851895671353,1000,75,94.30894309,99.18699187,60.52621317,57.4118888,94.30894309,91.8699187,c(-122.36488, 37.96078)
"1081","North Richmond Ballpark","NRB","11/08/2023","11/22/2023",14,"","CA",65203.1666666667,33.725,8.40808296861853,4298.08988080406,1208.3619223565,7182.6,7215,7027.45454545455,7609.25,1,38989.8191230562,0.012416517541039,3140157.37457682,979.826534437128,67.0698198198199,0.119983734765978,6.59271754355004,3.25780869242498,"Urban and Built-up",14.3500003814697,130.24,0.901607950528463,10,4753.2687265,3046.313046,1706.9556805,864,991.851895671353,1000,75,94.30894309,99.18699187,60.52621317,57.4118888,94.30894309,91.8699187,c(-122.36488, 37.96078)
"1082","North Richmond Ballpark","NRB","11/08/2023","11/22/2023",14,"","CA",65203.1666666667,33.725,8.40808296861853,4298.08988080406,1208.3619223565,7182.6,7215,7027.45454545455,7609.25,1,38989.8191230562,0.012416517541039,3140157.37457682,979.826534437128,67.0698198198199,0.119983734765978,6.59271754355004,3.25780869242498,"Urban and Built-up",14.3500003814697,130.24,0.901607950528463,11.5,1552.7326633,1213.844156,338.8885073,874,991.851895671353,1000,75,94.30894309,99.18699187,60.52621317,57.4118888,94.30894309,91.8699187,c(-122.36488, 37.96078)
"1083","North Richmond Ballpark","NRB","11/08/2023","11/22/2023",14,"","CA",65203.1666666667,33.725,8.40808296861853,4298.08988080406,1208.3619223565,7182.6,7215,7027.45454545455,7609.25,1,38989.8191230562,0.012416517541039,3140157.37457682,979.826534437128,67.0698198198199,0.119983734765978,6.59271754355004,3.25780869242498,"Urban and Built-up",14.3500003814697,130.24,0.901607950528463,14.5,51.7247017,51.7247017,0,457,991.851895671353,1000,75,94.30894309,99.18699187,60.52621317,57.4118888,94.30894309,91.8699187,c(-122.36488, 37.96078)
"1084","North Richmond Ballpark","NRB","11/08/2023","11/22/2023",14,"","CA",65203.1666666667,33.725,8.40808296861853,4298.08988080406,1208.3619223565,7182.6,7215,7027.45454545455,7609.25,1,38989.8191230562,0.012416517541039,3140157.37457682,979.826534437128,67.0698198198199,0.119983734765978,6.59271754355004,3.25780869242498,"Urban and Built-up",14.3500003814697,130.24,0.901607950528463,13.1666666666667,171.062388,171.062388,0,805,991.851895671353,1000,75,94.30894309,99.18699187,60.52621317,57.4118888,94.30894309,91.8699187,c(-122.36488, 37.96078)
"1085","North Richmond Ballpark","NRB","11/08/2023","11/22/2023",14,"","CA",65203.1666666667,33.725,8.40808296861853,4298.08988080406,1208.3619223565,7182.6,7215,7027.45454545455,7609.25,1,38989.8191230562,0.012416517541039,3140157.37457682,979.826534437128,67.0698198198199,0.119983734765978,6.59271754355004,3.25780869242498,"Urban and Built-up",14.3500003814697,130.24,0.901607950528463,13.5,41.3877674,41.3877674,0,571,991.851895671353,1000,75,94.30894309,99.18699187,60.52621317,57.4118888,94.30894309,91.8699187,c(-122.36488, 37.96078)
"1086","North Richmond Ballpark","NRB","11/08/2023","11/22/2023",14,"","CA",65203.1666666667,33.725,8.40808296861853,4298.08988080406,1208.3619223565,7182.6,7215,7027.45454545455,7609.25,1,38989.8191230562,0.012416517541039,3140157.37457682,979.826534437128,67.0698198198199,0.119983734765978,6.59271754355004,3.25780869242498,"Urban and Built-up",14.3500003814697,130.24,0.901607950528463,17,58.1777182,58.1777182,0,757,991.851895671353,1000,75,94.30894309,99.18699187,60.52621317,57.4118888,94.30894309,91.8699187,c(-122.36488, 37.96078)
"1087","Ochoa Home",NA,"12/08/2023","12/22/2023",14,"","CA",96593.8,40.64,22.4372358841264,2662.15587868893,1033.44969487917,7329,7151,6778.72727272727,8842.25,1,34177.6906507781,0.0108840693550866,3140157.37457656,883.101735810666,37.4867456288777,0.128274535502775,17.1028718999024,2.39979356066037,"Urban and Built-up",14.7099998474121,124.266666666667,0.858703970909119,16.6666666666667,314.8656924,312.0334322,2.8322602,1509,3219.41693639084,1000,76,71.54471545,60.97560976,42.25086926,38.27008345,58.53658537,49.59349593,c(-122.2953581, 38.0093192)
"1088","Ochoa Home",NA,"12/08/2023","12/22/2023",14,"","CA",96593.8,40.64,22.4372358841264,2662.15587868893,1033.44969487917,7329,7151,6778.72727272727,8842.25,1,34177.6906507781,0.0108840693550866,3140157.37457656,883.101735810666,37.4867456288777,0.128274535502775,17.1028718999024,2.39979356066037,"Urban and Built-up",14.7099998474121,124.266666666667,0.858703970909119,15.1666666666667,154.6374039,154.6374039,0,1049,3219.41693639084,1000,76,71.54471545,60.97560976,42.25086926,38.27008345,58.53658537,49.59349593,c(-122.2953581, 38.0093192)
"1089","Ochoa Home",NA,"12/08/2023","12/22/2023",14,"","CA",96593.8,40.64,22.4372358841264,2662.15587868893,1033.44969487917,7329,7151,6778.72727272727,8842.25,1,34177.6906507781,0.0108840693550866,3140157.37457656,883.101735810666,37.4867456288777,0.128274535502775,17.1028718999024,2.39979356066037,"Urban and Built-up",14.7099998474121,124.266666666667,0.858703970909119,15.3333333333333,159.4304026,159.4304026,0,625,3219.41693639084,1000,76,71.54471545,60.97560976,42.25086926,38.27008345,58.53658537,49.59349593,c(-122.2953581, 38.0093192)
"1090","Ochoa Home",NA,"12/08/2023","12/22/2023",14,"","CA",96593.8,40.64,22.4372358841264,2662.15587868893,1033.44969487917,7329,7151,6778.72727272727,8842.25,1,34177.6906507781,0.0108840693550866,3140157.37457656,883.101735810666,37.4867456288777,0.128274535502775,17.1028718999024,2.39979356066037,"Urban and Built-up",14.7099998474121,124.266666666667,0.858703970909119,16.1666666666667,70.4818156,70.4818156,0,451,3219.41693639084,1000,76,71.54471545,60.97560976,42.25086926,38.27008345,58.53658537,49.59349593,c(-122.2953581, 38.0093192)
"1091","Ochoa Home",NA,"12/08/2023","12/22/2023",14,"","CA",96593.8,40.64,22.4372358841264,2662.15587868893,1033.44969487917,7329,7151,6778.72727272727,8842.25,1,34177.6906507781,0.0108840693550866,3140157.37457656,883.101735810666,37.4867456288777,0.128274535502775,17.1028718999024,2.39979356066037,"Urban and Built-up",14.7099998474121,124.266666666667,0.858703970909119,15.6666666666667,377.8648258,195.9463464,181.9184794,1065,3219.41693639084,1000,76,71.54471545,60.97560976,42.25086926,38.27008345,58.53658537,49.59349593,c(-122.2953581, 38.0093192)
"1092","Ochoa Home",NA,"12/08/2023","12/22/2023",14,"","CA",96593.8,40.64,22.4372358841264,2662.15587868893,1033.44969487917,7329,7151,6778.72727272727,8842.25,1,34177.6906507781,0.0108840693550866,3140157.37457656,883.101735810666,37.4867456288777,0.128274535502775,17.1028718999024,2.39979356066037,"Urban and Built-up",14.7099998474121,124.266666666667,0.858703970909119,16.1666666666667,638.9751487,420.8797467,218.095402,2485,3219.41693639084,1000,76,71.54471545,60.97560976,42.25086926,38.27008345,58.53658537,49.59349593,c(-122.2953581, 38.0093192)
"1093","Ochoa Home",NA,"12/08/2023","12/22/2023",14,"","CA",96593.8,40.64,22.4372358841264,2662.15587868893,1033.44969487917,7329,7151,6778.72727272727,8842.25,1,34177.6906507781,0.0108840693550866,3140157.37457656,883.101735810666,37.4867456288777,0.128274535502775,17.1028718999024,2.39979356066037,"Urban and Built-up",14.7099998474121,124.266666666667,0.858703970909119,14.5,183.2824714,157.4763358,25.8061356,670,3219.41693639084,1000,76,71.54471545,60.97560976,42.25086926,38.27008345,58.53658537,49.59349593,c(-122.2953581, 38.0093192)
"1094","Ochoa Home",NA,"12/08/2023","12/22/2023",14,"","CA",96593.8,40.64,22.4372358841264,2662.15587868893,1033.44969487917,7329,7151,6778.72727272727,8842.25,1,34177.6906507781,0.0108840693550866,3140157.37457656,883.101735810666,37.4867456288777,0.128274535502775,17.1028718999024,2.39979356066037,"Urban and Built-up",14.7099998474121,124.266666666667,0.858703970909119,16,242.5083878,242.5083878,0,1129,3219.41693639084,1000,76,71.54471545,60.97560976,42.25086926,38.27008345,58.53658537,49.59349593,c(-122.2953581, 38.0093192)
"1095","Osborne Home",NA,"12/01/2023","12/15/2023",14,"","CA",132164,49.5,32.8536796591825,638.801310873397,239.754575910631,8565,8565,8565,NA,1,26802.8290028697,0.00853550500999411,3140157.37457674,573.436973306246,17.469709777402,0.26091498169169,176.108033307198,1.9291252781478,"Temperate or Subpolar Needleaf Forest",14.0500001907349,102.08,0.66924549639225,10.3333333333333,663.0145193,627.11509,35.8994293,581,966.264620565635,1000,77,32.5203252,10.56910569,37.48539346,33.99515574,45.52845528,34.95934959,c(-122.1263676, 37.7533085)
"1096","Osborne Home",NA,"12/01/2023","12/15/2023",14,"","CA",132164,49.5,32.8536796591825,638.801310873397,239.754575910631,8565,8565,8565,NA,1,26802.8290028697,0.00853550500999411,3140157.37457674,573.436973306246,17.469709777402,0.26091498169169,176.108033307198,1.9291252781478,"Temperate or Subpolar Needleaf Forest",14.0500001907349,102.08,0.66924549639225,10.1666666666667,465.8610894,465.8610894,0,602,966.264620565635,1000,77,32.5203252,10.56910569,37.48539346,33.99515574,45.52845528,34.95934959,c(-122.1263676, 37.7533085)
"1097","Osborne Home",NA,"12/01/2023","12/15/2023",14,"","CA",132164,49.5,32.8536796591825,638.801310873397,239.754575910631,8565,8565,8565,NA,1,26802.8290028697,0.00853550500999411,3140157.37457674,573.436973306246,17.469709777402,0.26091498169169,176.108033307198,1.9291252781478,"Temperate or Subpolar Needleaf Forest",14.0500001907349,102.08,0.66924549639225,12.8333333333333,157.7241771,157.7241771,0,396,966.264620565635,1000,77,32.5203252,10.56910569,37.48539346,33.99515574,45.52845528,34.95934959,c(-122.1263676, 37.7533085)
"1098","Osborne Home",NA,"12/01/2023","12/15/2023",14,"","CA",132164,49.5,32.8536796591825,638.801310873397,239.754575910631,8565,8565,8565,NA,1,26802.8290028697,0.00853550500999411,3140157.37457674,573.436973306246,17.469709777402,0.26091498169169,176.108033307198,1.9291252781478,"Temperate or Subpolar Needleaf Forest",14.0500001907349,102.08,0.66924549639225,8.83333333333333,384.5310896,384.5310896,0,5,966.264620565635,1000,77,32.5203252,10.56910569,37.48539346,33.99515574,45.52845528,34.95934959,c(-122.1263676, 37.7533085)
"1099","Osborne Home",NA,"12/01/2023","12/15/2023",14,"","CA",132164,49.5,32.8536796591825,638.801310873397,239.754575910631,8565,8565,8565,NA,1,26802.8290028697,0.00853550500999411,3140157.37457674,573.436973306246,17.469709777402,0.26091498169169,176.108033307198,1.9291252781478,"Temperate or Subpolar Needleaf Forest",14.0500001907349,102.08,0.66924549639225,6,609.8899961,609.8899961,0,971,966.264620565635,1000,77,32.5203252,10.56910569,37.48539346,33.99515574,45.52845528,34.95934959,c(-122.1263676, 37.7533085)
"1100","Osborne Home",NA,"12/01/2023","12/15/2023",14,"","CA",132164,49.5,32.8536796591825,638.801310873397,239.754575910631,8565,8565,8565,NA,1,26802.8290028697,0.00853550500999411,3140157.37457674,573.436973306246,17.469709777402,0.26091498169169,176.108033307198,1.9291252781478,"Temperate or Subpolar Needleaf Forest",14.0500001907349,102.08,0.66924549639225,5.5,20001.5524954,19136.5757331,864.9767623,1180,966.264620565635,1000,77,32.5203252,10.56910569,37.48539346,33.99515574,45.52845528,34.95934959,c(-122.1263676, 37.7533085)
"1101","Oyster Bay Regional Shoreline","OBRS","11/30/2023","12/14/2023",14,"","CA",80958,35.7,16.7235527535823,927.110902488641,258.498204314813,4420.8,4532,4759.27272727273,3490,12,9429.36205495802,0.00300283104639945,3140157.37457634,712.544924673834,33.8883878241261,0.0717132756718023,4.78576669543551,2.9629294950261,"Urban and Built-up",14.3300003051758,98.48,0.785521492362022,13.3333333333333,296.3040346,296.3040346,0,1305,1438.76775247848,1000,78,97.56097561,79.67479675,61.08829774,61.00135599,99.18699187,96.74796748,c(-122.194922, 37.706867)
"1102","Oyster Bay Regional Shoreline","OBRS","11/30/2023","12/14/2023",14,"","CA",80958,35.7,16.7235527535823,927.110902488641,258.498204314813,4420.8,4532,4759.27272727273,3490,12,9429.36205495802,0.00300283104639945,3140157.37457634,712.544924673834,33.8883878241261,0.0717132756718023,4.78576669543551,2.9629294950261,"Urban and Built-up",14.3300003051758,98.48,0.785521492362022,13.5,1173.7650302,831.3644906,342.4005396,960,1438.76775247848,1000,78,97.56097561,79.67479675,61.08829774,61.00135599,99.18699187,96.74796748,c(-122.194922, 37.706867)
"1103","Oyster Bay Regional Shoreline","OBRS","11/30/2023","12/14/2023",14,"","CA",80958,35.7,16.7235527535823,927.110902488641,258.498204314813,4420.8,4532,4759.27272727273,3490,12,9429.36205495802,0.00300283104639945,3140157.37457634,712.544924673834,33.8883878241261,0.0717132756718023,4.78576669543551,2.9629294950261,"Urban and Built-up",14.3300003051758,98.48,0.785521492362022,1,34416.1339606,0,34416.1339606,0,1438.76775247848,1000,78,97.56097561,79.67479675,61.08829774,61.00135599,99.18699187,96.74796748,c(-122.194922, 37.706867)
"1104","Oyster Bay Regional Shoreline","OBRS","11/30/2023","12/14/2023",14,"","CA",80958,35.7,16.7235527535823,927.110902488641,258.498204314813,4420.8,4532,4759.27272727273,3490,12,9429.36205495802,0.00300283104639945,3140157.37457634,712.544924673834,33.8883878241261,0.0717132756718023,4.78576669543551,2.9629294950261,"Urban and Built-up",14.3300003051758,98.48,0.785521492362022,3.66666666666667,3284.5456154,2631.9503147,652.5953007,0,1438.76775247848,1000,78,97.56097561,79.67479675,61.08829774,61.00135599,99.18699187,96.74796748,c(-122.194922, 37.706867)
"1105","OZ Cali Trail",NA,"02/17/2023","02/24/2023",7,"","CA",135380.333333333,46.55,23.2703812200108,1213.46413132417,435.543696674908,4727.25,4267.5,4222.5,6241.5,1,22709.1366726542,0.00723184667638417,3140157.37457648,409.596412027186,20.573844419391,0.256184505950812,140.908472723425,2.15219197626705,"Urban and Built-up",14.125,100.975,0.734249249100685,12.1666666666667,95.3739283,95.3739283,0,317,832.299941069998,1000,NA,NA,NA,NA,NA,NA,NA,c(-122.137289, 37.752537)
"1106","OZ Cali Trail",NA,"02/17/2023","02/24/2023",7,"","CA",135380.333333333,46.55,23.2703812200108,1213.46413132417,435.543696674908,4727.25,4267.5,4222.5,6241.5,1,22709.1366726542,0.00723184667638417,3140157.37457648,409.596412027186,20.573844419391,0.256184505950812,140.908472723425,2.15219197626705,"Urban and Built-up",14.125,100.975,0.734249249100685,10.1666666666667,465.8610894,465.8610894,0,602,832.299941069998,1000,NA,NA,NA,NA,NA,NA,NA,c(-122.137289, 37.752537)
"1107","OZ Cali Trail",NA,"02/17/2023","02/24/2023",7,"","CA",135380.333333333,46.55,23.2703812200108,1213.46413132417,435.543696674908,4727.25,4267.5,4222.5,6241.5,1,22709.1366726542,0.00723184667638417,3140157.37457648,409.596412027186,20.573844419391,0.256184505950812,140.908472723425,2.15219197626705,"Urban and Built-up",14.125,100.975,0.734249249100685,12.8333333333333,157.7241771,157.7241771,0,396,832.299941069998,1000,NA,NA,NA,NA,NA,NA,NA,c(-122.137289, 37.752537)
"1108","OZ Cali Trail",NA,"02/17/2023","02/24/2023",7,"","CA",135380.333333333,46.55,23.2703812200108,1213.46413132417,435.543696674908,4727.25,4267.5,4222.5,6241.5,1,22709.1366726542,0.00723184667638417,3140157.37457648,409.596412027186,20.573844419391,0.256184505950812,140.908472723425,2.15219197626705,"Urban and Built-up",14.125,100.975,0.734249249100685,8.83333333333333,384.5310896,384.5310896,0,5,832.299941069998,1000,NA,NA,NA,NA,NA,NA,NA,c(-122.137289, 37.752537)
"1109","OZ Cali Trail",NA,"02/17/2023","02/24/2023",7,"","CA",135380.333333333,46.55,23.2703812200108,1213.46413132417,435.543696674908,4727.25,4267.5,4222.5,6241.5,1,22709.1366726542,0.00723184667638417,3140157.37457648,409.596412027186,20.573844419391,0.256184505950812,140.908472723425,2.15219197626705,"Urban and Built-up",14.125,100.975,0.734249249100685,6,609.8899961,609.8899961,0,971,832.299941069998,1000,NA,NA,NA,NA,NA,NA,NA,c(-122.137289, 37.752537)
"1110","OZ Creek",NA,"02/17/2023","03/11/2023",22,"","CA",110801,41.2111111111111,19.2175031069708,1748.76598204521,648.866610384641,7099.17391304348,7256,7534.5,6104.14285714286,1,41811.4670639754,0.0133150864993223,3140157.37457684,668.564438362982,33.7459108855049,0.212486088880365,91.5746000498939,2.68262076964478,"Urban and Built-up",14.2000000476837,99.75,0.806803385416667,12.5,351.6124276,351.6124276,0,349,428.094479075636,1000,80,50.40650407,40.6504065,37.48539346,36.53529895,53.65853659,34.95934959,c(-122.14673, 37.752737)
"1111","OZ Creek",NA,"02/17/2023","03/11/2023",22,"","CA",110801,41.2111111111111,19.2175031069708,1748.76598204521,648.866610384641,7099.17391304348,7256,7534.5,6104.14285714286,1,41811.4670639754,0.0133150864993223,3140157.37457684,668.564438362982,33.7459108855049,0.212486088880365,91.5746000498939,2.68262076964478,"Urban and Built-up",14.2000000476837,99.75,0.806803385416667,11.5,186.6057193,186.6057193,0,381,428.094479075636,1000,80,50.40650407,40.6504065,37.48539346,36.53529895,53.65853659,34.95934959,c(-122.14673, 37.752737)
"1112","OZ Creek",NA,"02/17/2023","03/11/2023",22,"","CA",110801,41.2111111111111,19.2175031069708,1748.76598204521,648.866610384641,7099.17391304348,7256,7534.5,6104.14285714286,1,41811.4670639754,0.0133150864993223,3140157.37457684,668.564438362982,33.7459108855049,0.212486088880365,91.5746000498939,2.68262076964478,"Urban and Built-up",14.2000000476837,99.75,0.806803385416667,9.66666666666667,95.8710935,95.8710935,0,319,428.094479075636,1000,80,50.40650407,40.6504065,37.48539346,36.53529895,53.65853659,34.95934959,c(-122.14673, 37.752737)
"1113","OZ Creek",NA,"02/17/2023","03/11/2023",22,"","CA",110801,41.2111111111111,19.2175031069708,1748.76598204521,648.866610384641,7099.17391304348,7256,7534.5,6104.14285714286,1,41811.4670639754,0.0133150864993223,3140157.37457684,668.564438362982,33.7459108855049,0.212486088880365,91.5746000498939,2.68262076964478,"Urban and Built-up",14.2000000476837,99.75,0.806803385416667,12.1666666666667,95.3739283,95.3739283,0,317,428.094479075636,1000,80,50.40650407,40.6504065,37.48539346,36.53529895,53.65853659,34.95934959,c(-122.14673, 37.752737)
"1114","OZ Creek",NA,"02/17/2023","03/11/2023",22,"","CA",110801,41.2111111111111,19.2175031069708,1748.76598204521,648.866610384641,7099.17391304348,7256,7534.5,6104.14285714286,1,41811.4670639754,0.0133150864993223,3140157.37457684,668.564438362982,33.7459108855049,0.212486088880365,91.5746000498939,2.68262076964478,"Urban and Built-up",14.2000000476837,99.75,0.806803385416667,10.1666666666667,465.8610894,465.8610894,0,602,428.094479075636,1000,80,50.40650407,40.6504065,37.48539346,36.53529895,53.65853659,34.95934959,c(-122.14673, 37.752737)
"1115","OZ Creek",NA,"02/17/2023","03/11/2023",22,"","CA",110801,41.2111111111111,19.2175031069708,1748.76598204521,648.866610384641,7099.17391304348,7256,7534.5,6104.14285714286,1,41811.4670639754,0.0133150864993223,3140157.37457684,668.564438362982,33.7459108855049,0.212486088880365,91.5746000498939,2.68262076964478,"Urban and Built-up",14.2000000476837,99.75,0.806803385416667,8.83333333333333,384.5310896,384.5310896,0,5,428.094479075636,1000,80,50.40650407,40.6504065,37.48539346,36.53529895,53.65853659,34.95934959,c(-122.14673, 37.752737)
"1116","OZ Creek",NA,"02/17/2023","03/11/2023",22,"","CA",110801,41.2111111111111,19.2175031069708,1748.76598204521,648.866610384641,7099.17391304348,7256,7534.5,6104.14285714286,1,41811.4670639754,0.0133150864993223,3140157.37457684,668.564438362982,33.7459108855049,0.212486088880365,91.5746000498939,2.68262076964478,"Urban and Built-up",14.2000000476837,99.75,0.806803385416667,14.3333333333333,81.22177,81.22177,0,539,428.094479075636,1000,80,50.40650407,40.6504065,37.48539346,36.53529895,53.65853659,34.95934959,c(-122.14673, 37.752737)
"1117","OZ Creek",NA,"02/17/2023","03/11/2023",22,"","CA",110801,41.2111111111111,19.2175031069708,1748.76598204521,648.866610384641,7099.17391304348,7256,7534.5,6104.14285714286,1,41811.4670639754,0.0133150864993223,3140157.37457684,668.564438362982,33.7459108855049,0.212486088880365,91.5746000498939,2.68262076964478,"Urban and Built-up",14.2000000476837,99.75,0.806803385416667,16.3333333333333,112.6126127,112.6126127,0,636,428.094479075636,1000,80,50.40650407,40.6504065,37.48539346,36.53529895,53.65853659,34.95934959,c(-122.14673, 37.752737)
"1118","OZ Creek",NA,"02/17/2023","03/11/2023",22,"","CA",110801,41.2111111111111,19.2175031069708,1748.76598204521,648.866610384641,7099.17391304348,7256,7534.5,6104.14285714286,1,41811.4670639754,0.0133150864993223,3140157.37457684,668.564438362982,33.7459108855049,0.212486088880365,91.5746000498939,2.68262076964478,"Urban and Built-up",14.2000000476837,99.75,0.806803385416667,6,609.8899961,609.8899961,0,971,428.094479075636,1000,80,50.40650407,40.6504065,37.48539346,36.53529895,53.65853659,34.95934959,c(-122.14673, 37.752737)
"1119","OZ Creek",NA,"02/17/2023","03/11/2023",22,"","CA",110801,41.2111111111111,19.2175031069708,1748.76598204521,648.866610384641,7099.17391304348,7256,7534.5,6104.14285714286,1,41811.4670639754,0.0133150864993223,3140157.37457684,668.564438362982,33.7459108855049,0.212486088880365,91.5746000498939,2.68262076964478,"Urban and Built-up",14.2000000476837,99.75,0.806803385416667,13.3333333333333,159.8381176,159.8381176,0,738,428.094479075636,1000,80,50.40650407,40.6504065,37.48539346,36.53529895,53.65853659,34.95934959,c(-122.14673, 37.752737)
"1120","OZ SEKI Gate",NA,"02/17/2023","03/11/2023",22,"","CA",96301.1818181818,36.4545454545455,15.0207806907132,3229.52390443066,1074.79566031472,12380.347826087,12619,12910.625,11168.2857142857,3,43188.5920975306,0.013753639370816,3140157.37457629,394.992559697629,37.5427927927929,0.200271389464932,80.7782427635191,2.77837900379045,"Urban and Built-up",14.2166666984558,99.3166666666667,0.79790548980236,11.5,186.6057193,186.6057193,0,381,428.094479075636,1000,81,51.2195122,47.15447154,37.48539346,36.77394489,55.28455285,34.95934959,c(-122.146167, 37.748906)
"1121","OZ SEKI Gate",NA,"02/17/2023","03/11/2023",22,"","CA",96301.1818181818,36.4545454545455,15.0207806907132,3229.52390443066,1074.79566031472,12380.347826087,12619,12910.625,11168.2857142857,3,43188.5920975306,0.013753639370816,3140157.37457629,394.992559697629,37.5427927927929,0.200271389464932,80.7782427635191,2.77837900379045,"Urban and Built-up",14.2166666984558,99.3166666666667,0.79790548980236,9.66666666666667,95.8710935,95.8710935,0,319,428.094479075636,1000,81,51.2195122,47.15447154,37.48539346,36.77394489,55.28455285,34.95934959,c(-122.146167, 37.748906)
"1122","OZ SEKI Gate",NA,"02/17/2023","03/11/2023",22,"","CA",96301.1818181818,36.4545454545455,15.0207806907132,3229.52390443066,1074.79566031472,12380.347826087,12619,12910.625,11168.2857142857,3,43188.5920975306,0.013753639370816,3140157.37457629,394.992559697629,37.5427927927929,0.200271389464932,80.7782427635191,2.77837900379045,"Urban and Built-up",14.2166666984558,99.3166666666667,0.79790548980236,12.1666666666667,95.3739283,95.3739283,0,317,428.094479075636,1000,81,51.2195122,47.15447154,37.48539346,36.77394489,55.28455285,34.95934959,c(-122.146167, 37.748906)
"1123","OZ SEKI Gate",NA,"02/17/2023","03/11/2023",22,"","CA",96301.1818181818,36.4545454545455,15.0207806907132,3229.52390443066,1074.79566031472,12380.347826087,12619,12910.625,11168.2857142857,3,43188.5920975306,0.013753639370816,3140157.37457629,394.992559697629,37.5427927927929,0.200271389464932,80.7782427635191,2.77837900379045,"Urban and Built-up",14.2166666984558,99.3166666666667,0.79790548980236,14.1666666666667,65.6176521,65.6176521,0,660,428.094479075636,1000,81,51.2195122,47.15447154,37.48539346,36.77394489,55.28455285,34.95934959,c(-122.146167, 37.748906)
"1124","OZ SEKI Gate",NA,"02/17/2023","03/11/2023",22,"","CA",96301.1818181818,36.4545454545455,15.0207806907132,3229.52390443066,1074.79566031472,12380.347826087,12619,12910.625,11168.2857142857,3,43188.5920975306,0.013753639370816,3140157.37457629,394.992559697629,37.5427927927929,0.200271389464932,80.7782427635191,2.77837900379045,"Urban and Built-up",14.2166666984558,99.3166666666667,0.79790548980236,8.83333333333333,384.5310896,384.5310896,0,5,428.094479075636,1000,81,51.2195122,47.15447154,37.48539346,36.77394489,55.28455285,34.95934959,c(-122.146167, 37.748906)
"1125","OZ SEKI Gate",NA,"02/17/2023","03/11/2023",22,"","CA",96301.1818181818,36.4545454545455,15.0207806907132,3229.52390443066,1074.79566031472,12380.347826087,12619,12910.625,11168.2857142857,3,43188.5920975306,0.013753639370816,3140157.37457629,394.992559697629,37.5427927927929,0.200271389464932,80.7782427635191,2.77837900379045,"Urban and Built-up",14.2166666984558,99.3166666666667,0.79790548980236,14.3333333333333,81.22177,81.22177,0,539,428.094479075636,1000,81,51.2195122,47.15447154,37.48539346,36.77394489,55.28455285,34.95934959,c(-122.146167, 37.748906)
"1126","OZ SEKI Gate",NA,"02/17/2023","03/11/2023",22,"","CA",96301.1818181818,36.4545454545455,15.0207806907132,3229.52390443066,1074.79566031472,12380.347826087,12619,12910.625,11168.2857142857,3,43188.5920975306,0.013753639370816,3140157.37457629,394.992559697629,37.5427927927929,0.200271389464932,80.7782427635191,2.77837900379045,"Urban and Built-up",14.2166666984558,99.3166666666667,0.79790548980236,16.3333333333333,112.6126127,112.6126127,0,636,428.094479075636,1000,81,51.2195122,47.15447154,37.48539346,36.77394489,55.28455285,34.95934959,c(-122.146167, 37.748906)
"1127","OZ SEKI Gate",NA,"02/17/2023","03/11/2023",22,"","CA",96301.1818181818,36.4545454545455,15.0207806907132,3229.52390443066,1074.79566031472,12380.347826087,12619,12910.625,11168.2857142857,3,43188.5920975306,0.013753639370816,3140157.37457629,394.992559697629,37.5427927927929,0.200271389464932,80.7782427635191,2.77837900379045,"Urban and Built-up",14.2166666984558,99.3166666666667,0.79790548980236,13,40.6635173,40.6635173,0,337,428.094479075636,1000,81,51.2195122,47.15447154,37.48539346,36.77394489,55.28455285,34.95934959,c(-122.146167, 37.748906)
"1128","OZ SEKI Gate",NA,"02/17/2023","03/11/2023",22,"","CA",96301.1818181818,36.4545454545455,15.0207806907132,3229.52390443066,1074.79566031472,12380.347826087,12619,12910.625,11168.2857142857,3,43188.5920975306,0.013753639370816,3140157.37457629,394.992559697629,37.5427927927929,0.200271389464932,80.7782427635191,2.77837900379045,"Urban and Built-up",14.2166666984558,99.3166666666667,0.79790548980236,14.6666666666667,38.4811301,38.4811301,0,414,428.094479075636,1000,81,51.2195122,47.15447154,37.48539346,36.77394489,55.28455285,34.95934959,c(-122.146167, 37.748906)
"1129","OZ SEKI Gate",NA,"02/17/2023","03/11/2023",22,"","CA",96301.1818181818,36.4545454545455,15.0207806907132,3229.52390443066,1074.79566031472,12380.347826087,12619,12910.625,11168.2857142857,3,43188.5920975306,0.013753639370816,3140157.37457629,394.992559697629,37.5427927927929,0.200271389464932,80.7782427635191,2.77837900379045,"Urban and Built-up",14.2166666984558,99.3166666666667,0.79790548980236,6,609.8899961,609.8899961,0,971,428.094479075636,1000,81,51.2195122,47.15447154,37.48539346,36.77394489,55.28455285,34.95934959,c(-122.146167, 37.748906)
"1130","OZ SEKI Gate",NA,"02/17/2023","03/11/2023",22,"","CA",96301.1818181818,36.4545454545455,15.0207806907132,3229.52390443066,1074.79566031472,12380.347826087,12619,12910.625,11168.2857142857,3,43188.5920975306,0.013753639370816,3140157.37457629,394.992559697629,37.5427927927929,0.200271389464932,80.7782427635191,2.77837900379045,"Urban and Built-up",14.2166666984558,99.3166666666667,0.79790548980236,13.3333333333333,159.8381176,159.8381176,0,738,428.094479075636,1000,81,51.2195122,47.15447154,37.48539346,36.77394489,55.28455285,34.95934959,c(-122.146167, 37.748906)
"1131","OZ SEKI Gate",NA,"02/17/2023","03/11/2023",22,"","CA",96301.1818181818,36.4545454545455,15.0207806907132,3229.52390443066,1074.79566031472,12380.347826087,12619,12910.625,11168.2857142857,3,43188.5920975306,0.013753639370816,3140157.37457629,394.992559697629,37.5427927927929,0.200271389464932,80.7782427635191,2.77837900379045,"Urban and Built-up",14.2166666984558,99.3166666666667,0.79790548980236,14.5,131.8305681,131.8305681,0,1076,428.094479075636,1000,81,51.2195122,47.15447154,37.48539346,36.77394489,55.28455285,34.95934959,c(-122.146167, 37.748906)
"1132","Phoenixx Home",NA,"01/27/2023","02/03/2023",7,"","CA",91639.5,46.95,31.5074903083365,1631.5062070439,621.847826192426,4191,4104.5,4228.5,4078.5,1,32708.3238230445,0.0104161415882711,3140157.37457669,514.707443804656,32.6332676611313,0.214966948342656,91.8727598212765,2.30920658699254,"Urban and Built-up",14.4749999046326,130.75,0.822781965136528,17.1666666666667,303.396793,303.396793,0,595,1588.95534929165,1000,82,69.10569106,58.53658537,40.8486294,38.53451849,60.97560976,45.52845528,c(-122.291056, 37.980515)
"1133","Phoenixx Home",NA,"01/27/2023","02/03/2023",7,"","CA",91639.5,46.95,31.5074903083365,1631.5062070439,621.847826192426,4191,4104.5,4228.5,4078.5,1,32708.3238230445,0.0104161415882711,3140157.37457669,514.707443804656,32.6332676611313,0.214966948342656,91.8727598212765,2.30920658699254,"Urban and Built-up",14.4749999046326,130.75,0.822781965136528,12.3333333333333,224.4028766,224.4028766,0,716,1588.95534929165,1000,82,69.10569106,58.53658537,40.8486294,38.53451849,60.97560976,45.52845528,c(-122.291056, 37.980515)
"1134","Phoenixx Home",NA,"01/27/2023","02/03/2023",7,"","CA",91639.5,46.95,31.5074903083365,1631.5062070439,621.847826192426,4191,4104.5,4228.5,4078.5,1,32708.3238230445,0.0104161415882711,3140157.37457669,514.707443804656,32.6332676611313,0.214966948342656,91.8727598212765,2.30920658699254,"Urban and Built-up",14.4749999046326,130.75,0.822781965136528,12.3333333333333,182.7736925,182.7736925,0,1046,1588.95534929165,1000,82,69.10569106,58.53658537,40.8486294,38.53451849,60.97560976,45.52845528,c(-122.291056, 37.980515)
"1135","Phoenixx Home",NA,"01/27/2023","02/03/2023",7,"","CA",91639.5,46.95,31.5074903083365,1631.5062070439,621.847826192426,4191,4104.5,4228.5,4078.5,1,32708.3238230445,0.0104161415882711,3140157.37457669,514.707443804656,32.6332676611313,0.214966948342656,91.8727598212765,2.30920658699254,"Urban and Built-up",14.4749999046326,130.75,0.822781965136528,16.1666666666667,378.9209312,378.9209312,0,835,1588.95534929165,1000,82,69.10569106,58.53658537,40.8486294,38.53451849,60.97560976,45.52845528,c(-122.291056, 37.980515)
"1136","Phoenixx Home",NA,"01/27/2023","02/03/2023",7,"","CA",91639.5,46.95,31.5074903083365,1631.5062070439,621.847826192426,4191,4104.5,4228.5,4078.5,1,32708.3238230445,0.0104161415882711,3140157.37457669,514.707443804656,32.6332676611313,0.214966948342656,91.8727598212765,2.30920658699254,"Urban and Built-up",14.4749999046326,130.75,0.822781965136528,12.1666666666667,464.9142022,464.9142022,0,890,1588.95534929165,1000,82,69.10569106,58.53658537,40.8486294,38.53451849,60.97560976,45.52845528,c(-122.291056, 37.980515)
"1137","Phoenixx Home",NA,"01/27/2023","02/03/2023",7,"","CA",91639.5,46.95,31.5074903083365,1631.5062070439,621.847826192426,4191,4104.5,4228.5,4078.5,1,32708.3238230445,0.0104161415882711,3140157.37457669,514.707443804656,32.6332676611313,0.214966948342656,91.8727598212765,2.30920658699254,"Urban and Built-up",14.4749999046326,130.75,0.822781965136528,13.5,270.5732645,270.5732645,0,1142,1588.95534929165,1000,82,69.10569106,58.53658537,40.8486294,38.53451849,60.97560976,45.52845528,c(-122.291056, 37.980515)
"1138","Phoenixx Home",NA,"01/27/2023","02/03/2023",7,"","CA",91639.5,46.95,31.5074903083365,1631.5062070439,621.847826192426,4191,4104.5,4228.5,4078.5,1,32708.3238230445,0.0104161415882711,3140157.37457669,514.707443804656,32.6332676611313,0.214966948342656,91.8727598212765,2.30920658699254,"Urban and Built-up",14.4749999046326,130.75,0.822781965136528,14.1666666666667,205.2563331,205.2563331,0,1015,1588.95534929165,1000,82,69.10569106,58.53658537,40.8486294,38.53451849,60.97560976,45.52845528,c(-122.291056, 37.980515)
"1139","Phoenixx Home",NA,"01/27/2023","02/03/2023",7,"","CA",91639.5,46.95,31.5074903083365,1631.5062070439,621.847826192426,4191,4104.5,4228.5,4078.5,1,32708.3238230445,0.0104161415882711,3140157.37457669,514.707443804656,32.6332676611313,0.214966948342656,91.8727598212765,2.30920658699254,"Urban and Built-up",14.4749999046326,130.75,0.822781965136528,12.1666666666667,126.4835712,126.4835712,0,573,1588.95534929165,1000,82,69.10569106,58.53658537,40.8486294,38.53451849,60.97560976,45.52845528,c(-122.291056, 37.980515)
"1140","Picone Home",NA,"11/23/2022","12/07/2022",14,"","CA",71114.7777777778,34.1190476190476,8.94543344211088,5154.17640503995,1785.70798134266,8781.2,8935,8790.27272727273,8756.25,1,48491.5904251386,0.0154424077015156,3140157.37457698,112.742694601813,55.2089215132694,0.147495195989603,40.5576019767099,3.22728040651104,"Urban and Built-up",14.3100002288818,99.02,0.896506562829018,17.3333333333333,30.647813,30.647813,0,353,1798.89866675626,1000,83,52.03252033,56.91056911,35.83212578,30.6057035,29.26829268,30.08130081,c(-122.16558, 37.761143)
"1141","Picone Home",NA,"11/23/2022","12/07/2022",14,"","CA",71114.7777777778,34.1190476190476,8.94543344211088,5154.17640503995,1785.70798134266,8781.2,8935,8790.27272727273,8756.25,1,48491.5904251386,0.0154424077015156,3140157.37457698,112.742694601813,55.2089215132694,0.147495195989603,40.5576019767099,3.22728040651104,"Urban and Built-up",14.3100002288818,99.02,0.896506562829018,13.6666666666667,36.5866144,36.5866144,0,426,1798.89866675626,1000,83,52.03252033,56.91056911,35.83212578,30.6057035,29.26829268,30.08130081,c(-122.16558, 37.761143)
"1142","Picone Home",NA,"11/23/2022","12/07/2022",14,"","CA",71114.7777777778,34.1190476190476,8.94543344211088,5154.17640503995,1785.70798134266,8781.2,8935,8790.27272727273,8756.25,1,48491.5904251386,0.0154424077015156,3140157.37457698,112.742694601813,55.2089215132694,0.147495195989603,40.5576019767099,3.22728040651104,"Urban and Built-up",14.3100002288818,99.02,0.896506562829018,11.5,186.6057193,186.6057193,0,381,1798.89866675626,1000,83,52.03252033,56.91056911,35.83212578,30.6057035,29.26829268,30.08130081,c(-122.16558, 37.761143)
"1143","Picone Home",NA,"11/23/2022","12/07/2022",14,"","CA",71114.7777777778,34.1190476190476,8.94543344211088,5154.17640503995,1785.70798134266,8781.2,8935,8790.27272727273,8756.25,1,48491.5904251386,0.0154424077015156,3140157.37457698,112.742694601813,55.2089215132694,0.147495195989603,40.5576019767099,3.22728040651104,"Urban and Built-up",14.3100002288818,99.02,0.896506562829018,13.8333333333333,46.0157033,46.0157033,0,495,1798.89866675626,1000,83,52.03252033,56.91056911,35.83212578,30.6057035,29.26829268,30.08130081,c(-122.16558, 37.761143)
"1144","Picone Home",NA,"11/23/2022","12/07/2022",14,"","CA",71114.7777777778,34.1190476190476,8.94543344211088,5154.17640503995,1785.70798134266,8781.2,8935,8790.27272727273,8756.25,1,48491.5904251386,0.0154424077015156,3140157.37457698,112.742694601813,55.2089215132694,0.147495195989603,40.5576019767099,3.22728040651104,"Urban and Built-up",14.3100002288818,99.02,0.896506562829018,13.8333333333333,30.5988872,30.5988872,0,394,1798.89866675626,1000,83,52.03252033,56.91056911,35.83212578,30.6057035,29.26829268,30.08130081,c(-122.16558, 37.761143)
"1145","Picone Home",NA,"11/23/2022","12/07/2022",14,"","CA",71114.7777777778,34.1190476190476,8.94543344211088,5154.17640503995,1785.70798134266,8781.2,8935,8790.27272727273,8756.25,1,48491.5904251386,0.0154424077015156,3140157.37457698,112.742694601813,55.2089215132694,0.147495195989603,40.5576019767099,3.22728040651104,"Urban and Built-up",14.3100002288818,99.02,0.896506562829018,9.66666666666667,95.8710935,95.8710935,0,319,1798.89866675626,1000,83,52.03252033,56.91056911,35.83212578,30.6057035,29.26829268,30.08130081,c(-122.16558, 37.761143)
"1146","Picone Home",NA,"11/23/2022","12/07/2022",14,"","CA",71114.7777777778,34.1190476190476,8.94543344211088,5154.17640503995,1785.70798134266,8781.2,8935,8790.27272727273,8756.25,1,48491.5904251386,0.0154424077015156,3140157.37457698,112.742694601813,55.2089215132694,0.147495195989603,40.5576019767099,3.22728040651104,"Urban and Built-up",14.3100002288818,99.02,0.896506562829018,14.1666666666667,37.5676014,37.5676014,0,432,1798.89866675626,1000,83,52.03252033,56.91056911,35.83212578,30.6057035,29.26829268,30.08130081,c(-122.16558, 37.761143)
"1147","Picone Home",NA,"11/23/2022","12/07/2022",14,"","CA",71114.7777777778,34.1190476190476,8.94543344211088,5154.17640503995,1785.70798134266,8781.2,8935,8790.27272727273,8756.25,1,48491.5904251386,0.0154424077015156,3140157.37457698,112.742694601813,55.2089215132694,0.147495195989603,40.5576019767099,3.22728040651104,"Urban and Built-up",14.3100002288818,99.02,0.896506562829018,12.6666666666667,115.0574201,115.0574201,0,479,1798.89866675626,1000,83,52.03252033,56.91056911,35.83212578,30.6057035,29.26829268,30.08130081,c(-122.16558, 37.761143)
"1148","Picone Home",NA,"11/23/2022","12/07/2022",14,"","CA",71114.7777777778,34.1190476190476,8.94543344211088,5154.17640503995,1785.70798134266,8781.2,8935,8790.27272727273,8756.25,1,48491.5904251386,0.0154424077015156,3140157.37457698,112.742694601813,55.2089215132694,0.147495195989603,40.5576019767099,3.22728040651104,"Urban and Built-up",14.3100002288818,99.02,0.896506562829018,12.3333333333333,99.8054197,99.8054197,0,537,1798.89866675626,1000,83,52.03252033,56.91056911,35.83212578,30.6057035,29.26829268,30.08130081,c(-122.16558, 37.761143)
"1149","Picone Home",NA,"11/23/2022","12/07/2022",14,"","CA",71114.7777777778,34.1190476190476,8.94543344211088,5154.17640503995,1785.70798134266,8781.2,8935,8790.27272727273,8756.25,1,48491.5904251386,0.0154424077015156,3140157.37457698,112.742694601813,55.2089215132694,0.147495195989603,40.5576019767099,3.22728040651104,"Urban and Built-up",14.3100002288818,99.02,0.896506562829018,12.6666666666667,48.1106171,48.1106171,0,405,1798.89866675626,1000,83,52.03252033,56.91056911,35.83212578,30.6057035,29.26829268,30.08130081,c(-122.16558, 37.761143)
"1150","Picone Home",NA,"11/23/2022","12/07/2022",14,"","CA",71114.7777777778,34.1190476190476,8.94543344211088,5154.17640503995,1785.70798134266,8781.2,8935,8790.27272727273,8756.25,1,48491.5904251386,0.0154424077015156,3140157.37457698,112.742694601813,55.2089215132694,0.147495195989603,40.5576019767099,3.22728040651104,"Urban and Built-up",14.3100002288818,99.02,0.896506562829018,15.1666666666667,48.5331581,48.5331581,0,370,1798.89866675626,1000,83,52.03252033,56.91056911,35.83212578,30.6057035,29.26829268,30.08130081,c(-122.16558, 37.761143)
"1151","Picone Home",NA,"11/23/2022","12/07/2022",14,"","CA",71114.7777777778,34.1190476190476,8.94543344211088,5154.17640503995,1785.70798134266,8781.2,8935,8790.27272727273,8756.25,1,48491.5904251386,0.0154424077015156,3140157.37457698,112.742694601813,55.2089215132694,0.147495195989603,40.5576019767099,3.22728040651104,"Urban and Built-up",14.3100002288818,99.02,0.896506562829018,12.6666666666667,47.336947,47.336947,0,570,1798.89866675626,1000,83,52.03252033,56.91056911,35.83212578,30.6057035,29.26829268,30.08130081,c(-122.16558, 37.761143)
"1152","Picone Home",NA,"11/23/2022","12/07/2022",14,"","CA",71114.7777777778,34.1190476190476,8.94543344211088,5154.17640503995,1785.70798134266,8781.2,8935,8790.27272727273,8756.25,1,48491.5904251386,0.0154424077015156,3140157.37457698,112.742694601813,55.2089215132694,0.147495195989603,40.5576019767099,3.22728040651104,"Urban and Built-up",14.3100002288818,99.02,0.896506562829018,14,56.1552047,56.1552047,0,568,1798.89866675626,1000,83,52.03252033,56.91056911,35.83212578,30.6057035,29.26829268,30.08130081,c(-122.16558, 37.761143)
"1153","Picone Home",NA,"11/23/2022","12/07/2022",14,"","CA",71114.7777777778,34.1190476190476,8.94543344211088,5154.17640503995,1785.70798134266,8781.2,8935,8790.27272727273,8756.25,1,48491.5904251386,0.0154424077015156,3140157.37457698,112.742694601813,55.2089215132694,0.147495195989603,40.5576019767099,3.22728040651104,"Urban and Built-up",14.3100002288818,99.02,0.896506562829018,15.5,65.0824335,65.0824335,0,436,1798.89866675626,1000,83,52.03252033,56.91056911,35.83212578,30.6057035,29.26829268,30.08130081,c(-122.16558, 37.761143)
"1154","Picone Home",NA,"11/23/2022","12/07/2022",14,"","CA",71114.7777777778,34.1190476190476,8.94543344211088,5154.17640503995,1785.70798134266,8781.2,8935,8790.27272727273,8756.25,1,48491.5904251386,0.0154424077015156,3140157.37457698,112.742694601813,55.2089215132694,0.147495195989603,40.5576019767099,3.22728040651104,"Urban and Built-up",14.3100002288818,99.02,0.896506562829018,13,34.7788308,34.7788308,0,346,1798.89866675626,1000,83,52.03252033,56.91056911,35.83212578,30.6057035,29.26829268,30.08130081,c(-122.16558, 37.761143)
"1155","Picone Home",NA,"11/23/2022","12/07/2022",14,"","CA",71114.7777777778,34.1190476190476,8.94543344211088,5154.17640503995,1785.70798134266,8781.2,8935,8790.27272727273,8756.25,1,48491.5904251386,0.0154424077015156,3140157.37457698,112.742694601813,55.2089215132694,0.147495195989603,40.5576019767099,3.22728040651104,"Urban and Built-up",14.3100002288818,99.02,0.896506562829018,13,28.6707659,28.6707659,0,325,1798.89866675626,1000,83,52.03252033,56.91056911,35.83212578,30.6057035,29.26829268,30.08130081,c(-122.16558, 37.761143)
"1156","Picone Home",NA,"11/23/2022","12/07/2022",14,"","CA",71114.7777777778,34.1190476190476,8.94543344211088,5154.17640503995,1785.70798134266,8781.2,8935,8790.27272727273,8756.25,1,48491.5904251386,0.0154424077015156,3140157.37457698,112.742694601813,55.2089215132694,0.147495195989603,40.5576019767099,3.22728040651104,"Urban and Built-up",14.3100002288818,99.02,0.896506562829018,11.1666666666667,60.8547996,60.8547996,0,352,1798.89866675626,1000,83,52.03252033,56.91056911,35.83212578,30.6057035,29.26829268,30.08130081,c(-122.16558, 37.761143)
"1157","Picone Home",NA,"11/23/2022","12/07/2022",14,"","CA",71114.7777777778,34.1190476190476,8.94543344211088,5154.17640503995,1785.70798134266,8781.2,8935,8790.27272727273,8756.25,1,48491.5904251386,0.0154424077015156,3140157.37457698,112.742694601813,55.2089215132694,0.147495195989603,40.5576019767099,3.22728040651104,"Urban and Built-up",14.3100002288818,99.02,0.896506562829018,13.3333333333333,159.8381176,159.8381176,0,738,1798.89866675626,1000,83,52.03252033,56.91056911,35.83212578,30.6057035,29.26829268,30.08130081,c(-122.16558, 37.761143)
"1158","Picone Home",NA,"11/23/2022","12/07/2022",14,"","CA",71114.7777777778,34.1190476190476,8.94543344211088,5154.17640503995,1785.70798134266,8781.2,8935,8790.27272727273,8756.25,1,48491.5904251386,0.0154424077015156,3140157.37457698,112.742694601813,55.2089215132694,0.147495195989603,40.5576019767099,3.22728040651104,"Urban and Built-up",14.3100002288818,99.02,0.896506562829018,14,52.7803129,52.7803129,0,785,1798.89866675626,1000,83,52.03252033,56.91056911,35.83212578,30.6057035,29.26829268,30.08130081,c(-122.16558, 37.761143)
"1159","Picone Home",NA,"11/23/2022","12/07/2022",14,"","CA",71114.7777777778,34.1190476190476,8.94543344211088,5154.17640503995,1785.70798134266,8781.2,8935,8790.27272727273,8756.25,1,48491.5904251386,0.0154424077015156,3140157.37457698,112.742694601813,55.2089215132694,0.147495195989603,40.5576019767099,3.22728040651104,"Urban and Built-up",14.3100002288818,99.02,0.896506562829018,12.1666666666667,42.866908,42.866908,0,422,1798.89866675626,1000,83,52.03252033,56.91056911,35.83212578,30.6057035,29.26829268,30.08130081,c(-122.16558, 37.761143)
"1160","Picone Home",NA,"11/23/2022","12/07/2022",14,"","CA",71114.7777777778,34.1190476190476,8.94543344211088,5154.17640503995,1785.70798134266,8781.2,8935,8790.27272727273,8756.25,1,48491.5904251386,0.0154424077015156,3140157.37457698,112.742694601813,55.2089215132694,0.147495195989603,40.5576019767099,3.22728040651104,"Urban and Built-up",14.3100002288818,99.02,0.896506562829018,13.6666666666667,43.9711979,43.9711979,0,400,1798.89866675626,1000,83,52.03252033,56.91056911,35.83212578,30.6057035,29.26829268,30.08130081,c(-122.16558, 37.761143)
"1161","Point Isabel Regional Shoreline","PIRS","11/24/2023","12/02/2023",8,"","CA",100352,37.525,36.1299004837715,1177.46112955876,497.670890314958,13626.1111111111,14075,12191.1666666667,16496,5,9509.76426009352,0.00302843556093319,3140157.37457632,993.661610298547,19.1420518602031,0.0337309665297796,1.76939678236598,2.41381183944161,"Urban and Built-up",14.3300003051758,124.88,0.695344179868698,14.1666666666667,985.9201044,567.9798593,417.9402451,750,1319.22151078428,1000,84,75.6097561,78.04878049,56.59650758,52.46078264,87.80487805,77.23577236,c(-122.32326, 37.89808)
"1162","Point Isabel Regional Shoreline","PIRS","11/24/2023","12/02/2023",8,"","CA",100352,37.525,36.1299004837715,1177.46112955876,497.670890314958,13626.1111111111,14075,12191.1666666667,16496,5,9509.76426009352,0.00302843556093319,3140157.37457632,993.661610298547,19.1420518602031,0.0337309665297796,1.76939678236598,2.41381183944161,"Urban and Built-up",14.3300003051758,124.88,0.695344179868698,12.5,433.4588664,159.3555313,274.1033351,360,1319.22151078428,1000,84,75.6097561,78.04878049,56.59650758,52.46078264,87.80487805,77.23577236,c(-122.32326, 37.89808)
"1163","Point Isabel Regional Shoreline","PIRS","11/24/2023","12/02/2023",8,"","CA",100352,37.525,36.1299004837715,1177.46112955876,497.670890314958,13626.1111111111,14075,12191.1666666667,16496,5,9509.76426009352,0.00302843556093319,3140157.37457632,993.661610298547,19.1420518602031,0.0337309665297796,1.76939678236598,2.41381183944161,"Urban and Built-up",14.3300003051758,124.88,0.695344179868698,17.8333333333333,677.3675699,273.9024428,403.4651271,798,1319.22151078428,1000,84,75.6097561,78.04878049,56.59650758,52.46078264,87.80487805,77.23577236,c(-122.32326, 37.89808)
"1164","Point Isabel Regional Shoreline","PIRS","11/24/2023","12/02/2023",8,"","CA",100352,37.525,36.1299004837715,1177.46112955876,497.670890314958,13626.1111111111,14075,12191.1666666667,16496,5,9509.76426009352,0.00302843556093319,3140157.37457632,993.661610298547,19.1420518602031,0.0337309665297796,1.76939678236598,2.41381183944161,"Urban and Built-up",14.3300003051758,124.88,0.695344179868698,14.5,141.4407813,141.4407813,0,733,1319.22151078428,1000,84,75.6097561,78.04878049,56.59650758,52.46078264,87.80487805,77.23577236,c(-122.32326, 37.89808)
"1165","Point Molate Beach Park","PMBP","11/24/2023","12/02/2023",8,"","CA",107870,46.2,51.8557794273595,118.239006766146,67.9742409834698,1494,1494,1494,NA,1,11042.4711119142,0.00351653429898646,3140157.37457669,857.806184966087,24.6401238041641,0.0984855839029387,58.8779081501386,2.00426557548484,"Urban and Built-up",NA,138.2,NA,1,21293.8165545,0,21293.8165545,0,3625.46821920173,1000,85,86.99186992,52.03252033,60.52621317,60.52621317,96.74796748,91.8699187,c(-122.410266, 37.940785)
"1166","Point Molate Beach Park","PMBP","11/24/2023","12/02/2023",8,"","CA",107870,46.2,51.8557794273595,118.239006766146,67.9742409834698,1494,1494,1494,NA,1,11042.4711119142,0.00351653429898646,3140157.37457669,857.806184966087,24.6401238041641,0.0984855839029387,58.8779081501386,2.00426557548484,"Urban and Built-up",NA,138.2,NA,10,4753.2687265,3046.313046,1706.9556805,864,3625.46821920173,1000,85,86.99186992,52.03252033,60.52621317,60.52621317,96.74796748,91.8699187,c(-122.410266, 37.940785)
"1167","Point Pinole East","PPE","11/08/2023","11/22/2023",14,"","CA",72401,36.8,14.142205663683,1506.45842231867,174.066017067305,2565.26666666667,2526,2768.63636363636,2006,1,14187.1656905085,0.00451797919600103,3140157.3745771,733.308827588184,21.5954263128177,0.166842054373189,11.4947605108601,2.55552324851706,"Urban and Built-up",NA,129.46,NA,11,3721.2251832,2459.3638139,1261.8613693,2692,958.508159360208,1000,86,73.17073171,30.08130081,51.87585032,51.87585032,84.55284553,65.85365854,c(-122.35264, 38.00112)
"1168","Point Pinole South","PPS","11/09/2023","11/15/2023",6,"","CA",72401,36.8,14.142205663683,1506.45842231867,174.066017067305,2004.57142857143,1891,2147,1648.5,1,17569.7650015098,0.00559518613422335,3140157.37457653,847.193986841024,18.3710992409334,0.152555755204244,13.196177004572,2.38984235404312,"Urban and Built-up",NA,129.58,0.847134411334991,1,21293.8165545,0,21293.8165545,0,958.508159360208,1000,87,73.17073171,30.08130081,51.87585032,51.87585032,84.55284553,65.85365854,c(-122.35696, 37.99319)
"1169","Point Pinole South","PPS","11/09/2023","11/15/2023",6,"","CA",72401,36.8,14.142205663683,1506.45842231867,174.066017067305,2004.57142857143,1891,2147,1648.5,1,17569.7650015098,0.00559518613422335,3140157.37457653,847.193986841024,18.3710992409334,0.152555755204244,13.196177004572,2.38984235404312,"Urban and Built-up",NA,129.58,0.847134411334991,11,3721.2251832,2459.3638139,1261.8613693,2692,958.508159360208,1000,87,73.17073171,30.08130081,51.87585032,51.87585032,84.55284553,65.85365854,c(-122.35696, 37.99319)
"1170","Point Pinole West","PPW","11/08/2023","11/22/2023",14,"","CA",60100,38,3.42146189735614,153.463126397578,52.049577036512,1075,1075,1075,NA,1,10719.3330948279,0.00341362925999045,3140157.37457615,361.096303969791,0.181382228490841,0.101708727640534,6.03530323909022,0.882875926354953,"Urban and Built-up",NA,130.44,NA,1,21293.8165545,0,21293.8165545,0,1184.38730516924,1000,88,73.17073171,30.08130081,51.87585032,51.87585032,84.55284553,65.85365854,c(-122.36557, 38.00415)
"1171","Point Pinole West","PPW","11/08/2023","11/22/2023",14,"","CA",60100,38,3.42146189735614,153.463126397578,52.049577036512,1075,1075,1075,NA,1,10719.3330948279,0.00341362925999045,3140157.37457615,361.096303969791,0.181382228490841,0.101708727640534,6.03530323909022,0.882875926354953,"Urban and Built-up",NA,130.44,NA,11,3721.2251832,2459.3638139,1261.8613693,2692,1184.38730516924,1000,88,73.17073171,30.08130081,51.87585032,51.87585032,84.55284553,65.85365854,c(-122.36557, 38.00415)
"1172","Rifle Range Road Trailhead","RRR","11/19/2023","12/11/2023",22,"","CA",127837.142857143,47.0571428571429,45.5320247254349,1076.93830317897,529.313424319312,5478.25,5468.5,5478.25,NA,1,20037.1818060198,0.00638094828247953,3140157.37457657,833.201070569283,10.9137542277341,0.280251292737293,173.362925637345,1.55288709989319,"Urban and Built-up",14.0699998855591,133.62,0.612619116902351,12.5,402.8095708,402.8095708,0,930,967.770809066389,1000,89,37.39837398,45.52845528,33.35097919,25.11595866,14.63414634,11.38211382,c(-122.29759, 37.9345)
"1173","Rifle Range Road Trailhead","RRR","11/19/2023","12/11/2023",22,"","CA",127837.142857143,47.0571428571429,45.5320247254349,1076.93830317897,529.313424319312,5478.25,5468.5,5478.25,NA,1,20037.1818060198,0.00638094828247953,3140157.37457657,833.201070569283,10.9137542277341,0.280251292737293,173.362925637345,1.55288709989319,"Urban and Built-up",14.0699998855591,133.62,0.612619116902351,17.6666666666667,169.0166471,169.0166471,0,542,967.770809066389,1000,89,37.39837398,45.52845528,33.35097919,25.11595866,14.63414634,11.38211382,c(-122.29759, 37.9345)
"1174","Rifle Range Road Trailhead","RRR","11/19/2023","12/11/2023",22,"","CA",127837.142857143,47.0571428571429,45.5320247254349,1076.93830317897,529.313424319312,5478.25,5468.5,5478.25,NA,1,20037.1818060198,0.00638094828247953,3140157.37457657,833.201070569283,10.9137542277341,0.280251292737293,173.362925637345,1.55288709989319,"Urban and Built-up",14.0699998855591,133.62,0.612619116902351,10.5,2208.2724076,2208.2724076,0,966,967.770809066389,1000,89,37.39837398,45.52845528,33.35097919,25.11595866,14.63414634,11.38211382,c(-122.29759, 37.9345)
"1175","Rifle Range Road Trailhead","RRR","11/19/2023","12/11/2023",22,"","CA",127837.142857143,47.0571428571429,45.5320247254349,1076.93830317897,529.313424319312,5478.25,5468.5,5478.25,NA,1,20037.1818060198,0.00638094828247953,3140157.37457657,833.201070569283,10.9137542277341,0.280251292737293,173.362925637345,1.55288709989319,"Urban and Built-up",14.0699998855591,133.62,0.612619116902351,13.6666666666667,93.1823984,93.1823984,0,513,967.770809066389,1000,89,37.39837398,45.52845528,33.35097919,25.11595866,14.63414634,11.38211382,c(-122.29759, 37.9345)
"1176","Rifle Range Road Trailhead","RRR","11/19/2023","12/11/2023",22,"","CA",127837.142857143,47.0571428571429,45.5320247254349,1076.93830317897,529.313424319312,5478.25,5468.5,5478.25,NA,1,20037.1818060198,0.00638094828247953,3140157.37457657,833.201070569283,10.9137542277341,0.280251292737293,173.362925637345,1.55288709989319,"Urban and Built-up",14.0699998855591,133.62,0.612619116902351,13.3333333333333,173.9099684,173.9099684,0,432,967.770809066389,1000,89,37.39837398,45.52845528,33.35097919,25.11595866,14.63414634,11.38211382,c(-122.29759, 37.9345)
"1177","Rifle Range Road Trailhead","RRR","11/19/2023","12/11/2023",22,"","CA",127837.142857143,47.0571428571429,45.5320247254349,1076.93830317897,529.313424319312,5478.25,5468.5,5478.25,NA,1,20037.1818060198,0.00638094828247953,3140157.37457657,833.201070569283,10.9137542277341,0.280251292737293,173.362925637345,1.55288709989319,"Urban and Built-up",14.0699998855591,133.62,0.612619116902351,11.3333333333333,109.0392996,109.0392996,0,389,967.770809066389,1000,89,37.39837398,45.52845528,33.35097919,25.11595866,14.63414634,11.38211382,c(-122.29759, 37.9345)
"1178","Rifle Range Road Trailhead","RRR","11/19/2023","12/11/2023",22,"","CA",127837.142857143,47.0571428571429,45.5320247254349,1076.93830317897,529.313424319312,5478.25,5468.5,5478.25,NA,1,20037.1818060198,0.00638094828247953,3140157.37457657,833.201070569283,10.9137542277341,0.280251292737293,173.362925637345,1.55288709989319,"Urban and Built-up",14.0699998855591,133.62,0.612619116902351,8.66666666666667,1690.0696078,1690.0696078,0,858,967.770809066389,1000,89,37.39837398,45.52845528,33.35097919,25.11595866,14.63414634,11.38211382,c(-122.29759, 37.9345)
"1179","Roberts Regional-Graham Trail","RR-GT","11/06/2023","11/13/2023",7,"","CA",165250.666666667,48.4333333333333,58.4213708173185,712.65968205245,269.68101823166,8566,8566,8566,NA,1,11544.2128340345,0.00367631664817102,3140157.37457703,490.653309013056,5.76868829337073,0.310442847127436,358.911398001097,1.47392096912501,"Urban and Built-up",13.6099998474121,118.3,0.507470823824406,10.8333333333333,130.2508578,130.2508578,0,350,1392.47796553475,1000,90,2.43902439,11.38211382,28.7144566,21.27916939,7.317073171,4.06504065,c(-122.17278, 37.80941)
"1180","Roberts Regional-Graham Trail","RR-GT","11/06/2023","11/13/2023",7,"","CA",165250.666666667,48.4333333333333,58.4213708173185,712.65968205245,269.68101823166,8566,8566,8566,NA,1,11544.2128340345,0.00367631664817102,3140157.37457703,490.653309013056,5.76868829337073,0.310442847127436,358.911398001097,1.47392096912501,"Urban and Built-up",13.6099998474121,118.3,0.507470823824406,14.6666666666667,352.9964347,352.9964347,0,1054,1392.47796553475,1000,90,2.43902439,11.38211382,28.7144566,21.27916939,7.317073171,4.06504065,c(-122.17278, 37.80941)
"1181","Roberts Regional-Graham Trail","RR-GT","11/06/2023","11/13/2023",7,"","CA",165250.666666667,48.4333333333333,58.4213708173185,712.65968205245,269.68101823166,8566,8566,8566,NA,1,11544.2128340345,0.00367631664817102,3140157.37457703,490.653309013056,5.76868829337073,0.310442847127436,358.911398001097,1.47392096912501,"Urban and Built-up",13.6099998474121,118.3,0.507470823824406,8.83333333333333,787.4103426,787.4103426,0,705,1392.47796553475,1000,90,2.43902439,11.38211382,28.7144566,21.27916939,7.317073171,4.06504065,c(-122.17278, 37.80941)
"1182","Roberts Regional-Graham Trail","RR-GT","11/06/2023","11/13/2023",7,"","CA",165250.666666667,48.4333333333333,58.4213708173185,712.65968205245,269.68101823166,8566,8566,8566,NA,1,11544.2128340345,0.00367631664817102,3140157.37457703,490.653309013056,5.76868829337073,0.310442847127436,358.911398001097,1.47392096912501,"Urban and Built-up",13.6099998474121,118.3,0.507470823824406,7.83333333333333,3409.6936111,3409.6936111,0,1153,1392.47796553475,1000,90,2.43902439,11.38211382,28.7144566,21.27916939,7.317073171,4.06504065,c(-122.17278, 37.80941)
"1183","Roberts Regional-Graham Trail","RR-GT","11/06/2023","11/13/2023",7,"","CA",165250.666666667,48.4333333333333,58.4213708173185,712.65968205245,269.68101823166,8566,8566,8566,NA,1,11544.2128340345,0.00367631664817102,3140157.37457703,490.653309013056,5.76868829337073,0.310442847127436,358.911398001097,1.47392096912501,"Urban and Built-up",13.6099998474121,118.3,0.507470823824406,11.5,862.6036139,862.6036139,0,710,1392.47796553475,1000,90,2.43902439,11.38211382,28.7144566,21.27916939,7.317073171,4.06504065,c(-122.17278, 37.80941)
"1184","Roberts Regional-Graham Trail","RR-GT","11/06/2023","11/13/2023",7,"","CA",165250.666666667,48.4333333333333,58.4213708173185,712.65968205245,269.68101823166,8566,8566,8566,NA,1,11544.2128340345,0.00367631664817102,3140157.37457703,490.653309013056,5.76868829337073,0.310442847127436,358.911398001097,1.47392096912501,"Urban and Built-up",13.6099998474121,118.3,0.507470823824406,5.5,20001.5524954,19136.5757331,864.9767623,1180,1392.47796553475,1000,90,2.43902439,11.38211382,28.7144566,21.27916939,7.317073171,4.06504065,c(-122.17278, 37.80941)
"1185","Rokoff Home",NA,"02/09/2023","02/24/2023",15,"","CA",78903,36.256,17.0478538468571,6215.31506508487,2161.93824293103,11529.3125,11468,11368.3333333333,12012.25,2,58251.5874666182,0.0185505312371385,3140157.37457682,460.107417719089,65.9686617730097,0.117113630617302,37.831710695119,3.40326264348429,"Urban and Built-up",14.2900001525879,100.68,0.932967007160187,14.1666666666667,57.1324852,57.1324852,0,619,945.994840709723,1000,91,52.84552846,61.78861789,47.86423727,35.74235838,50.40650407,58.53658537,c(-122.198793, 37.77776)
"1186","Rokoff Home",NA,"02/09/2023","02/24/2023",15,"","CA",78903,36.256,17.0478538468571,6215.31506508487,2161.93824293103,11529.3125,11468,11368.3333333333,12012.25,2,58251.5874666182,0.0185505312371385,3140157.37457682,460.107417719089,65.9686617730097,0.117113630617302,37.831710695119,3.40326264348429,"Urban and Built-up",14.2900001525879,100.68,0.932967007160187,14.8333333333333,37.4321906,37.4321906,0,513,945.994840709723,1000,91,52.84552846,61.78861789,47.86423727,35.74235838,50.40650407,58.53658537,c(-122.198793, 37.77776)
"1187","Rokoff Home",NA,"02/09/2023","02/24/2023",15,"","CA",78903,36.256,17.0478538468571,6215.31506508487,2161.93824293103,11529.3125,11468,11368.3333333333,12012.25,2,58251.5874666182,0.0185505312371385,3140157.37457682,460.107417719089,65.9686617730097,0.117113630617302,37.831710695119,3.40326264348429,"Urban and Built-up",14.2900001525879,100.68,0.932967007160187,12.6666666666667,46.2647801,46.2647801,0,457,945.994840709723,1000,91,52.84552846,61.78861789,47.86423727,35.74235838,50.40650407,58.53658537,c(-122.198793, 37.77776)
"1188","Rokoff Home",NA,"02/09/2023","02/24/2023",15,"","CA",78903,36.256,17.0478538468571,6215.31506508487,2161.93824293103,11529.3125,11468,11368.3333333333,12012.25,2,58251.5874666182,0.0185505312371385,3140157.37457682,460.107417719089,65.9686617730097,0.117113630617302,37.831710695119,3.40326264348429,"Urban and Built-up",14.2900001525879,100.68,0.932967007160187,14.5,38.7460213,38.7460213,0,625,945.994840709723,1000,91,52.84552846,61.78861789,47.86423727,35.74235838,50.40650407,58.53658537,c(-122.198793, 37.77776)
"1189","Rokoff Home",NA,"02/09/2023","02/24/2023",15,"","CA",78903,36.256,17.0478538468571,6215.31506508487,2161.93824293103,11529.3125,11468,11368.3333333333,12012.25,2,58251.5874666182,0.0185505312371385,3140157.37457682,460.107417719089,65.9686617730097,0.117113630617302,37.831710695119,3.40326264348429,"Urban and Built-up",14.2900001525879,100.68,0.932967007160187,12.3333333333333,50.7538458,50.7538458,0,487,945.994840709723,1000,91,52.84552846,61.78861789,47.86423727,35.74235838,50.40650407,58.53658537,c(-122.198793, 37.77776)
"1190","Rokoff Home",NA,"02/09/2023","02/24/2023",15,"","CA",78903,36.256,17.0478538468571,6215.31506508487,2161.93824293103,11529.3125,11468,11368.3333333333,12012.25,2,58251.5874666182,0.0185505312371385,3140157.37457682,460.107417719089,65.9686617730097,0.117113630617302,37.831710695119,3.40326264348429,"Urban and Built-up",14.2900001525879,100.68,0.932967007160187,15.6666666666667,27.8694206,27.8694206,0,362,945.994840709723,1000,91,52.84552846,61.78861789,47.86423727,35.74235838,50.40650407,58.53658537,c(-122.198793, 37.77776)
"1191","Rokoff Home",NA,"02/09/2023","02/24/2023",15,"","CA",78903,36.256,17.0478538468571,6215.31506508487,2161.93824293103,11529.3125,11468,11368.3333333333,12012.25,2,58251.5874666182,0.0185505312371385,3140157.37457682,460.107417719089,65.9686617730097,0.117113630617302,37.831710695119,3.40326264348429,"Urban and Built-up",14.2900001525879,100.68,0.932967007160187,16.1666666666667,57.5824543,57.5824543,0,742,945.994840709723,1000,91,52.84552846,61.78861789,47.86423727,35.74235838,50.40650407,58.53658537,c(-122.198793, 37.77776)
"1192","Rokoff Home",NA,"02/09/2023","02/24/2023",15,"","CA",78903,36.256,17.0478538468571,6215.31506508487,2161.93824293103,11529.3125,11468,11368.3333333333,12012.25,2,58251.5874666182,0.0185505312371385,3140157.37457682,460.107417719089,65.9686617730097,0.117113630617302,37.831710695119,3.40326264348429,"Urban and Built-up",14.2900001525879,100.68,0.932967007160187,14.3333333333333,36.7395693,36.7395693,0,434,945.994840709723,1000,91,52.84552846,61.78861789,47.86423727,35.74235838,50.40650407,58.53658537,c(-122.198793, 37.77776)
"1193","Rokoff Home",NA,"02/09/2023","02/24/2023",15,"","CA",78903,36.256,17.0478538468571,6215.31506508487,2161.93824293103,11529.3125,11468,11368.3333333333,12012.25,2,58251.5874666182,0.0185505312371385,3140157.37457682,460.107417719089,65.9686617730097,0.117113630617302,37.831710695119,3.40326264348429,"Urban and Built-up",14.2900001525879,100.68,0.932967007160187,14,59.4579433,59.4579433,0,537,945.994840709723,1000,91,52.84552846,61.78861789,47.86423727,35.74235838,50.40650407,58.53658537,c(-122.198793, 37.77776)
"1194","Rokoff Home",NA,"02/09/2023","02/24/2023",15,"","CA",78903,36.256,17.0478538468571,6215.31506508487,2161.93824293103,11529.3125,11468,11368.3333333333,12012.25,2,58251.5874666182,0.0185505312371385,3140157.37457682,460.107417719089,65.9686617730097,0.117113630617302,37.831710695119,3.40326264348429,"Urban and Built-up",14.2900001525879,100.68,0.932967007160187,13.6666666666667,49.0528094,49.0528094,0,682,945.994840709723,1000,91,52.84552846,61.78861789,47.86423727,35.74235838,50.40650407,58.53658537,c(-122.198793, 37.77776)
"1195","Rokoff Home",NA,"02/09/2023","02/24/2023",15,"","CA",78903,36.256,17.0478538468571,6215.31506508487,2161.93824293103,11529.3125,11468,11368.3333333333,12012.25,2,58251.5874666182,0.0185505312371385,3140157.37457682,460.107417719089,65.9686617730097,0.117113630617302,37.831710695119,3.40326264348429,"Urban and Built-up",14.2900001525879,100.68,0.932967007160187,14.5,47.1827566,47.1827566,0,487,945.994840709723,1000,91,52.84552846,61.78861789,47.86423727,35.74235838,50.40650407,58.53658537,c(-122.198793, 37.77776)
"1196","Rokoff Home",NA,"02/09/2023","02/24/2023",15,"","CA",78903,36.256,17.0478538468571,6215.31506508487,2161.93824293103,11529.3125,11468,11368.3333333333,12012.25,2,58251.5874666182,0.0185505312371385,3140157.37457682,460.107417719089,65.9686617730097,0.117113630617302,37.831710695119,3.40326264348429,"Urban and Built-up",14.2900001525879,100.68,0.932967007160187,13.8333333333333,74.6350724,74.6350724,0,701,945.994840709723,1000,91,52.84552846,61.78861789,47.86423727,35.74235838,50.40650407,58.53658537,c(-122.198793, 37.77776)
"1197","Rokoff Home",NA,"02/09/2023","02/24/2023",15,"","CA",78903,36.256,17.0478538468571,6215.31506508487,2161.93824293103,11529.3125,11468,11368.3333333333,12012.25,2,58251.5874666182,0.0185505312371385,3140157.37457682,460.107417719089,65.9686617730097,0.117113630617302,37.831710695119,3.40326264348429,"Urban and Built-up",14.2900001525879,100.68,0.932967007160187,13.8333333333333,50.1556167,50.1556167,0,466,945.994840709723,1000,91,52.84552846,61.78861789,47.86423727,35.74235838,50.40650407,58.53658537,c(-122.198793, 37.77776)
"1198","Rokoff Home",NA,"02/09/2023","02/24/2023",15,"","CA",78903,36.256,17.0478538468571,6215.31506508487,2161.93824293103,11529.3125,11468,11368.3333333333,12012.25,2,58251.5874666182,0.0185505312371385,3140157.37457682,460.107417719089,65.9686617730097,0.117113630617302,37.831710695119,3.40326264348429,"Urban and Built-up",14.2900001525879,100.68,0.932967007160187,13.3333333333333,51.7546008,51.7546008,0,502,945.994840709723,1000,91,52.84552846,61.78861789,47.86423727,35.74235838,50.40650407,58.53658537,c(-122.198793, 37.77776)
"1199","Rokoff Home",NA,"02/09/2023","02/24/2023",15,"","CA",78903,36.256,17.0478538468571,6215.31506508487,2161.93824293103,11529.3125,11468,11368.3333333333,12012.25,2,58251.5874666182,0.0185505312371385,3140157.37457682,460.107417719089,65.9686617730097,0.117113630617302,37.831710695119,3.40326264348429,"Urban and Built-up",14.2900001525879,100.68,0.932967007160187,14.6666666666667,50.2915217,50.2915217,0,439,945.994840709723,1000,91,52.84552846,61.78861789,47.86423727,35.74235838,50.40650407,58.53658537,c(-122.198793, 37.77776)
"1200","Rokoff Home",NA,"02/09/2023","02/24/2023",15,"","CA",78903,36.256,17.0478538468571,6215.31506508487,2161.93824293103,11529.3125,11468,11368.3333333333,12012.25,2,58251.5874666182,0.0185505312371385,3140157.37457682,460.107417719089,65.9686617730097,0.117113630617302,37.831710695119,3.40326264348429,"Urban and Built-up",14.2900001525879,100.68,0.932967007160187,15.1666666666667,31.8247503,31.8247503,0,371,945.994840709723,1000,91,52.84552846,61.78861789,47.86423727,35.74235838,50.40650407,58.53658537,c(-122.198793, 37.77776)
"1201","Rokoff Home",NA,"02/09/2023","02/24/2023",15,"","CA",78903,36.256,17.0478538468571,6215.31506508487,2161.93824293103,11529.3125,11468,11368.3333333333,12012.25,2,58251.5874666182,0.0185505312371385,3140157.37457682,460.107417719089,65.9686617730097,0.117113630617302,37.831710695119,3.40326264348429,"Urban and Built-up",14.2900001525879,100.68,0.932967007160187,12.1666666666667,44.3905266,44.3905266,0,641,945.994840709723,1000,91,52.84552846,61.78861789,47.86423727,35.74235838,50.40650407,58.53658537,c(-122.198793, 37.77776)
"1202","Rokoff Home",NA,"02/09/2023","02/24/2023",15,"","CA",78903,36.256,17.0478538468571,6215.31506508487,2161.93824293103,11529.3125,11468,11368.3333333333,12012.25,2,58251.5874666182,0.0185505312371385,3140157.37457682,460.107417719089,65.9686617730097,0.117113630617302,37.831710695119,3.40326264348429,"Urban and Built-up",14.2900001525879,100.68,0.932967007160187,13.3333333333333,176.6826775,176.6826775,0,387,945.994840709723,1000,91,52.84552846,61.78861789,47.86423727,35.74235838,50.40650407,58.53658537,c(-122.198793, 37.77776)
"1203","Rokoff Home",NA,"02/09/2023","02/24/2023",15,"","CA",78903,36.256,17.0478538468571,6215.31506508487,2161.93824293103,11529.3125,11468,11368.3333333333,12012.25,2,58251.5874666182,0.0185505312371385,3140157.37457682,460.107417719089,65.9686617730097,0.117113630617302,37.831710695119,3.40326264348429,"Urban and Built-up",14.2900001525879,100.68,0.932967007160187,13.1666666666667,77.5429452,77.5429452,0,413,945.994840709723,1000,91,52.84552846,61.78861789,47.86423727,35.74235838,50.40650407,58.53658537,c(-122.198793, 37.77776)
"1204","Rokoff Home",NA,"02/09/2023","02/24/2023",15,"","CA",78903,36.256,17.0478538468571,6215.31506508487,2161.93824293103,11529.3125,11468,11368.3333333333,12012.25,2,58251.5874666182,0.0185505312371385,3140157.37457682,460.107417719089,65.9686617730097,0.117113630617302,37.831710695119,3.40326264348429,"Urban and Built-up",14.2900001525879,100.68,0.932967007160187,15.1666666666667,50.8665234,50.8665234,0,368,945.994840709723,1000,91,52.84552846,61.78861789,47.86423727,35.74235838,50.40650407,58.53658537,c(-122.198793, 37.77776)
"1205","Rokoff Home",NA,"02/09/2023","02/24/2023",15,"","CA",78903,36.256,17.0478538468571,6215.31506508487,2161.93824293103,11529.3125,11468,11368.3333333333,12012.25,2,58251.5874666182,0.0185505312371385,3140157.37457682,460.107417719089,65.9686617730097,0.117113630617302,37.831710695119,3.40326264348429,"Urban and Built-up",14.2900001525879,100.68,0.932967007160187,16.5,82.2526712,82.2526712,0,644,945.994840709723,1000,91,52.84552846,61.78861789,47.86423727,35.74235838,50.40650407,58.53658537,c(-122.198793, 37.77776)
"1206","Rokoff Home",NA,"02/09/2023","02/24/2023",15,"","CA",78903,36.256,17.0478538468571,6215.31506508487,2161.93824293103,11529.3125,11468,11368.3333333333,12012.25,2,58251.5874666182,0.0185505312371385,3140157.37457682,460.107417719089,65.9686617730097,0.117113630617302,37.831710695119,3.40326264348429,"Urban and Built-up",14.2900001525879,100.68,0.932967007160187,13.5,40.9546011,40.9546011,0,418,945.994840709723,1000,91,52.84552846,61.78861789,47.86423727,35.74235838,50.40650407,58.53658537,c(-122.198793, 37.77776)
"1207","Rokoff Home",NA,"02/09/2023","02/24/2023",15,"","CA",78903,36.256,17.0478538468571,6215.31506508487,2161.93824293103,11529.3125,11468,11368.3333333333,12012.25,2,58251.5874666182,0.0185505312371385,3140157.37457682,460.107417719089,65.9686617730097,0.117113630617302,37.831710695119,3.40326264348429,"Urban and Built-up",14.2900001525879,100.68,0.932967007160187,14.6666666666667,38.8105144,38.8105144,0,390,945.994840709723,1000,91,52.84552846,61.78861789,47.86423727,35.74235838,50.40650407,58.53658537,c(-122.198793, 37.77776)
"1208","Rokoff Home",NA,"02/09/2023","02/24/2023",15,"","CA",78903,36.256,17.0478538468571,6215.31506508487,2161.93824293103,11529.3125,11468,11368.3333333333,12012.25,2,58251.5874666182,0.0185505312371385,3140157.37457682,460.107417719089,65.9686617730097,0.117113630617302,37.831710695119,3.40326264348429,"Urban and Built-up",14.2900001525879,100.68,0.932967007160187,12,61.1864078,61.1864078,0,760,945.994840709723,1000,91,52.84552846,61.78861789,47.86423727,35.74235838,50.40650407,58.53658537,c(-122.198793, 37.77776)
"1209","Rokoff Home",NA,"02/09/2023","02/24/2023",15,"","CA",78903,36.256,17.0478538468571,6215.31506508487,2161.93824293103,11529.3125,11468,11368.3333333333,12012.25,2,58251.5874666182,0.0185505312371385,3140157.37457682,460.107417719089,65.9686617730097,0.117113630617302,37.831710695119,3.40326264348429,"Urban and Built-up",14.2900001525879,100.68,0.932967007160187,13.8333333333333,31.7446899,31.7446899,0,423,945.994840709723,1000,91,52.84552846,61.78861789,47.86423727,35.74235838,50.40650407,58.53658537,c(-122.198793, 37.77776)
"1210","Rokoff Home",NA,"02/09/2023","02/24/2023",15,"","CA",78903,36.256,17.0478538468571,6215.31506508487,2161.93824293103,11529.3125,11468,11368.3333333333,12012.25,2,58251.5874666182,0.0185505312371385,3140157.37457682,460.107417719089,65.9686617730097,0.117113630617302,37.831710695119,3.40326264348429,"Urban and Built-up",14.2900001525879,100.68,0.932967007160187,14.1666666666667,45.7347506,45.7347506,0,561,945.994840709723,1000,91,52.84552846,61.78861789,47.86423727,35.74235838,50.40650407,58.53658537,c(-122.198793, 37.77776)
"1211","Scharnagl Home","ASH","11/23/2022","12/03/2022",10,"Retired from UWIN","CA",203563.538461538,43.8307692307692,62.7688354093309,2037.56996913115,735.801585711862,9212.54545454545,8962,9223.5,9183.33333333333,16,52104.8389234236,0.0165930661135867,3140157.37457704,792.564422785355,26.6823695345558,0.224854507594888,203.20572845271,2.5091080646414,"Urban and Built-up",13.9499998092651,116.925,0.795352590084076,9.5,544.445314,544.445314,0,1161,940.064157931755,1000,92,13.00813008,8.130081301,34.38327414,28.08323082,25.20325203,19.51219512,c(-122.217325, 37.831654)
"1212","Scharnagl Home","ASH","11/23/2022","12/03/2022",10,"Retired from UWIN","CA",203563.538461538,43.8307692307692,62.7688354093309,2037.56996913115,735.801585711862,9212.54545454545,8962,9223.5,9183.33333333333,16,52104.8389234236,0.0165930661135867,3140157.37457704,792.564422785355,26.6823695345558,0.224854507594888,203.20572845271,2.5091080646414,"Urban and Built-up",13.9499998092651,116.925,0.795352590084076,5.83333333333333,335.2294505,335.2294505,0,904,940.064157931755,1000,92,13.00813008,8.130081301,34.38327414,28.08323082,25.20325203,19.51219512,c(-122.217325, 37.831654)
"1213","Scharnagl Home","ASH","11/23/2022","12/03/2022",10,"Retired from UWIN","CA",203563.538461538,43.8307692307692,62.7688354093309,2037.56996913115,735.801585711862,9212.54545454545,8962,9223.5,9183.33333333333,16,52104.8389234236,0.0165930661135867,3140157.37457704,792.564422785355,26.6823695345558,0.224854507594888,203.20572845271,2.5091080646414,"Urban and Built-up",13.9499998092651,116.925,0.795352590084076,11,168.1078133,168.1078133,0,690,940.064157931755,1000,92,13.00813008,8.130081301,34.38327414,28.08323082,25.20325203,19.51219512,c(-122.217325, 37.831654)
"1214","Scharnagl Home","ASH","11/23/2022","12/03/2022",10,"Retired from UWIN","CA",203563.538461538,43.8307692307692,62.7688354093309,2037.56996913115,735.801585711862,9212.54545454545,8962,9223.5,9183.33333333333,16,52104.8389234236,0.0165930661135867,3140157.37457704,792.564422785355,26.6823695345558,0.224854507594888,203.20572845271,2.5091080646414,"Urban and Built-up",13.9499998092651,116.925,0.795352590084076,12.3333333333333,125.670118,125.670118,0,458,940.064157931755,1000,92,13.00813008,8.130081301,34.38327414,28.08323082,25.20325203,19.51219512,c(-122.217325, 37.831654)
"1215","Scharnagl Home","ASH","11/23/2022","12/03/2022",10,"Retired from UWIN","CA",203563.538461538,43.8307692307692,62.7688354093309,2037.56996913115,735.801585711862,9212.54545454545,8962,9223.5,9183.33333333333,16,52104.8389234236,0.0165930661135867,3140157.37457704,792.564422785355,26.6823695345558,0.224854507594888,203.20572845271,2.5091080646414,"Urban and Built-up",13.9499998092651,116.925,0.795352590084076,12.5,138.296928,138.296928,0,623,940.064157931755,1000,92,13.00813008,8.130081301,34.38327414,28.08323082,25.20325203,19.51219512,c(-122.217325, 37.831654)
"1216","Scharnagl Home","ASH","11/23/2022","12/03/2022",10,"Retired from UWIN","CA",203563.538461538,43.8307692307692,62.7688354093309,2037.56996913115,735.801585711862,9212.54545454545,8962,9223.5,9183.33333333333,16,52104.8389234236,0.0165930661135867,3140157.37457704,792.564422785355,26.6823695345558,0.224854507594888,203.20572845271,2.5091080646414,"Urban and Built-up",13.9499998092651,116.925,0.795352590084076,15.8333333333333,105.3990224,105.3990224,0,625,940.064157931755,1000,92,13.00813008,8.130081301,34.38327414,28.08323082,25.20325203,19.51219512,c(-122.217325, 37.831654)
"1217","Scharnagl Home","ASH","11/23/2022","12/03/2022",10,"Retired from UWIN","CA",203563.538461538,43.8307692307692,62.7688354093309,2037.56996913115,735.801585711862,9212.54545454545,8962,9223.5,9183.33333333333,16,52104.8389234236,0.0165930661135867,3140157.37457704,792.564422785355,26.6823695345558,0.224854507594888,203.20572845271,2.5091080646414,"Urban and Built-up",13.9499998092651,116.925,0.795352590084076,17.6666666666667,266.6448687,266.6448687,0,997,940.064157931755,1000,92,13.00813008,8.130081301,34.38327414,28.08323082,25.20325203,19.51219512,c(-122.217325, 37.831654)
"1218","Scharnagl Home","ASH","11/23/2022","12/03/2022",10,"Retired from UWIN","CA",203563.538461538,43.8307692307692,62.7688354093309,2037.56996913115,735.801585711862,9212.54545454545,8962,9223.5,9183.33333333333,16,52104.8389234236,0.0165930661135867,3140157.37457704,792.564422785355,26.6823695345558,0.224854507594888,203.20572845271,2.5091080646414,"Urban and Built-up",13.9499998092651,116.925,0.795352590084076,15.5,102.3483258,102.3483258,0,543,940.064157931755,1000,92,13.00813008,8.130081301,34.38327414,28.08323082,25.20325203,19.51219512,c(-122.217325, 37.831654)
"1219","Scharnagl Home","ASH","11/23/2022","12/03/2022",10,"Retired from UWIN","CA",203563.538461538,43.8307692307692,62.7688354093309,2037.56996913115,735.801585711862,9212.54545454545,8962,9223.5,9183.33333333333,16,52104.8389234236,0.0165930661135867,3140157.37457704,792.564422785355,26.6823695345558,0.224854507594888,203.20572845271,2.5091080646414,"Urban and Built-up",13.9499998092651,116.925,0.795352590084076,12.8333333333333,139.3280763,139.3280763,0,323,940.064157931755,1000,92,13.00813008,8.130081301,34.38327414,28.08323082,25.20325203,19.51219512,c(-122.217325, 37.831654)
"1220","Scharnagl Home","ASH","11/23/2022","12/03/2022",10,"Retired from UWIN","CA",203563.538461538,43.8307692307692,62.7688354093309,2037.56996913115,735.801585711862,9212.54545454545,8962,9223.5,9183.33333333333,16,52104.8389234236,0.0165930661135867,3140157.37457704,792.564422785355,26.6823695345558,0.224854507594888,203.20572845271,2.5091080646414,"Urban and Built-up",13.9499998092651,116.925,0.795352590084076,15.1666666666667,114.3326758,114.3326758,0,489,940.064157931755,1000,92,13.00813008,8.130081301,34.38327414,28.08323082,25.20325203,19.51219512,c(-122.217325, 37.831654)
"1221","Scharnagl Home","ASH","11/23/2022","12/03/2022",10,"Retired from UWIN","CA",203563.538461538,43.8307692307692,62.7688354093309,2037.56996913115,735.801585711862,9212.54545454545,8962,9223.5,9183.33333333333,16,52104.8389234236,0.0165930661135867,3140157.37457704,792.564422785355,26.6823695345558,0.224854507594888,203.20572845271,2.5091080646414,"Urban and Built-up",13.9499998092651,116.925,0.795352590084076,10.5,270.0971028,268.8267617,1.2703411,872,940.064157931755,1000,92,13.00813008,8.130081301,34.38327414,28.08323082,25.20325203,19.51219512,c(-122.217325, 37.831654)
"1222","Scharnagl Home","ASH","11/23/2022","12/03/2022",10,"Retired from UWIN","CA",203563.538461538,43.8307692307692,62.7688354093309,2037.56996913115,735.801585711862,9212.54545454545,8962,9223.5,9183.33333333333,16,52104.8389234236,0.0165930661135867,3140157.37457704,792.564422785355,26.6823695345558,0.224854507594888,203.20572845271,2.5091080646414,"Urban and Built-up",13.9499998092651,116.925,0.795352590084076,14,122.4642426,122.4642426,0,500,940.064157931755,1000,92,13.00813008,8.130081301,34.38327414,28.08323082,25.20325203,19.51219512,c(-122.217325, 37.831654)
"1223","Scharnagl Home","ASH","11/23/2022","12/03/2022",10,"Retired from UWIN","CA",203563.538461538,43.8307692307692,62.7688354093309,2037.56996913115,735.801585711862,9212.54545454545,8962,9223.5,9183.33333333333,16,52104.8389234236,0.0165930661135867,3140157.37457704,792.564422785355,26.6823695345558,0.224854507594888,203.20572845271,2.5091080646414,"Urban and Built-up",13.9499998092651,116.925,0.795352590084076,12.6666666666667,465.3552757,465.3552757,0,590,940.064157931755,1000,92,13.00813008,8.130081301,34.38327414,28.08323082,25.20325203,19.51219512,c(-122.217325, 37.831654)
"1224","Schell Home","CSH","11/21/2022","12/02/2022",11,"","CA",105837,45.53,31.7292150925712,1897.11866008993,687.65868233768,4174.75,4032,4316.4,3466.5,1,32462.9658553176,0.0103380060242027,3140157.37457662,577.710519128936,39.4253878702394,0.199956393393609,65.442659408142,2.45473951830264,"Urban and Built-up",14.4749999046326,133.55,0.82026045024395,12.3333333333333,224.4028766,224.4028766,0,716,1588.95534929165,1000,93,39.83739837,50.40650407,40.8486294,25.07091916,13.82113821,45.52845528,c(-122.290044, 37.966222)
"1225","Schell Home","CSH","11/21/2022","12/02/2022",11,"","CA",105837,45.53,31.7292150925712,1897.11866008993,687.65868233768,4174.75,4032,4316.4,3466.5,1,32462.9658553176,0.0103380060242027,3140157.37457662,577.710519128936,39.4253878702394,0.199956393393609,65.442659408142,2.45473951830264,"Urban and Built-up",14.4749999046326,133.55,0.82026045024395,10.5,2208.2724076,2208.2724076,0,966,1588.95534929165,1000,93,39.83739837,50.40650407,40.8486294,25.07091916,13.82113821,45.52845528,c(-122.290044, 37.966222)
"1226","Schell Home","CSH","11/21/2022","12/02/2022",11,"","CA",105837,45.53,31.7292150925712,1897.11866008993,687.65868233768,4174.75,4032,4316.4,3466.5,1,32462.9658553176,0.0103380060242027,3140157.37457662,577.710519128936,39.4253878702394,0.199956393393609,65.442659408142,2.45473951830264,"Urban and Built-up",14.4749999046326,133.55,0.82026045024395,12.3333333333333,182.7736925,182.7736925,0,1046,1588.95534929165,1000,93,39.83739837,50.40650407,40.8486294,25.07091916,13.82113821,45.52845528,c(-122.290044, 37.966222)
"1227","Schell Home","CSH","11/21/2022","12/02/2022",11,"","CA",105837,45.53,31.7292150925712,1897.11866008993,687.65868233768,4174.75,4032,4316.4,3466.5,1,32462.9658553176,0.0103380060242027,3140157.37457662,577.710519128936,39.4253878702394,0.199956393393609,65.442659408142,2.45473951830264,"Urban and Built-up",14.4749999046326,133.55,0.82026045024395,11.5,147.7304647,147.7304647,0,543,1588.95534929165,1000,93,39.83739837,50.40650407,40.8486294,25.07091916,13.82113821,45.52845528,c(-122.290044, 37.966222)
"1228","Schell Home","CSH","11/21/2022","12/02/2022",11,"","CA",105837,45.53,31.7292150925712,1897.11866008993,687.65868233768,4174.75,4032,4316.4,3466.5,1,32462.9658553176,0.0103380060242027,3140157.37457662,577.710519128936,39.4253878702394,0.199956393393609,65.442659408142,2.45473951830264,"Urban and Built-up",14.4749999046326,133.55,0.82026045024395,13.5,53.6110631,53.6110631,0,503,1588.95534929165,1000,93,39.83739837,50.40650407,40.8486294,25.07091916,13.82113821,45.52845528,c(-122.290044, 37.966222)
"1229","Schell Home","CSH","11/21/2022","12/02/2022",11,"","CA",105837,45.53,31.7292150925712,1897.11866008993,687.65868233768,4174.75,4032,4316.4,3466.5,1,32462.9658553176,0.0103380060242027,3140157.37457662,577.710519128936,39.4253878702394,0.199956393393609,65.442659408142,2.45473951830264,"Urban and Built-up",14.4749999046326,133.55,0.82026045024395,8.66666666666667,1690.0696078,1690.0696078,0,858,1588.95534929165,1000,93,39.83739837,50.40650407,40.8486294,25.07091916,13.82113821,45.52845528,c(-122.290044, 37.966222)
"1230","Schell Home","CSH","11/21/2022","12/02/2022",11,"","CA",105837,45.53,31.7292150925712,1897.11866008993,687.65868233768,4174.75,4032,4316.4,3466.5,1,32462.9658553176,0.0103380060242027,3140157.37457662,577.710519128936,39.4253878702394,0.199956393393609,65.442659408142,2.45473951830264,"Urban and Built-up",14.4749999046326,133.55,0.82026045024395,11.3333333333333,508.4332071,508.4332071,0,892,1588.95534929165,1000,93,39.83739837,50.40650407,40.8486294,25.07091916,13.82113821,45.52845528,c(-122.290044, 37.966222)
"1231","Schell Home","CSH","11/21/2022","12/02/2022",11,"","CA",105837,45.53,31.7292150925712,1897.11866008993,687.65868233768,4174.75,4032,4316.4,3466.5,1,32462.9658553176,0.0103380060242027,3140157.37457662,577.710519128936,39.4253878702394,0.199956393393609,65.442659408142,2.45473951830264,"Urban and Built-up",14.4749999046326,133.55,0.82026045024395,12.1666666666667,464.9142022,464.9142022,0,890,1588.95534929165,1000,93,39.83739837,50.40650407,40.8486294,25.07091916,13.82113821,45.52845528,c(-122.290044, 37.966222)
"1232","Schell Home","CSH","11/21/2022","12/02/2022",11,"","CA",105837,45.53,31.7292150925712,1897.11866008993,687.65868233768,4174.75,4032,4316.4,3466.5,1,32462.9658553176,0.0103380060242027,3140157.37457662,577.710519128936,39.4253878702394,0.199956393393609,65.442659408142,2.45473951830264,"Urban and Built-up",14.4749999046326,133.55,0.82026045024395,13.1666666666667,87.8848215,87.8848215,0,400,1588.95534929165,1000,93,39.83739837,50.40650407,40.8486294,25.07091916,13.82113821,45.52845528,c(-122.290044, 37.966222)
"1233","Schell Home","CSH","11/21/2022","12/02/2022",11,"","CA",105837,45.53,31.7292150925712,1897.11866008993,687.65868233768,4174.75,4032,4316.4,3466.5,1,32462.9658553176,0.0103380060242027,3140157.37457662,577.710519128936,39.4253878702394,0.199956393393609,65.442659408142,2.45473951830264,"Urban and Built-up",14.4749999046326,133.55,0.82026045024395,12.1666666666667,126.4835712,126.4835712,0,573,1588.95534929165,1000,93,39.83739837,50.40650407,40.8486294,25.07091916,13.82113821,45.52845528,c(-122.290044, 37.966222)
"1234","Scott Home",NA,"11/27/2022","12/11/2022",14,"","CA",175168.571428571,51.9142857142857,68.6085435792018,2595.64995689505,1095.61410511046,3661,3753,3747,3489,1,49519.0361228721,0.0157696033083527,3140157.37457666,994.51615940687,35.0115427927928,0.212923185754567,164.218328126505,2.18592565325107,"Urban and Built-up",14.0750000476837,128.025,0.82288508117199,13.1666666666667,77.0302127,77.0302127,0,306,1129.37156077281,1000,94,21.13821138,20.32520325,31.43515873,21.92927807,9.756097561,8.130081301,c(-122.275291, 37.90107)
"1235","Scott Home",NA,"11/27/2022","12/11/2022",14,"","CA",175168.571428571,51.9142857142857,68.6085435792018,2595.64995689505,1095.61410511046,3661,3753,3747,3489,1,49519.0361228721,0.0157696033083527,3140157.37457666,994.51615940687,35.0115427927928,0.212923185754567,164.218328126505,2.18592565325107,"Urban and Built-up",14.0750000476837,128.025,0.82288508117199,15.3333333333333,107.1853083,107.1853083,0,531,1129.37156077281,1000,94,21.13821138,20.32520325,31.43515873,21.92927807,9.756097561,8.130081301,c(-122.275291, 37.90107)
"1236","Scott Home",NA,"11/27/2022","12/11/2022",14,"","CA",175168.571428571,51.9142857142857,68.6085435792018,2595.64995689505,1095.61410511046,3661,3753,3747,3489,1,49519.0361228721,0.0157696033083527,3140157.37457666,994.51615940687,35.0115427927928,0.212923185754567,164.218328126505,2.18592565325107,"Urban and Built-up",14.0750000476837,128.025,0.82288508117199,11.6666666666667,63.4851791,63.1123052,0.3728739,301,1129.37156077281,1000,94,21.13821138,20.32520325,31.43515873,21.92927807,9.756097561,8.130081301,c(-122.275291, 37.90107)
"1237","Scott Home",NA,"11/27/2022","12/11/2022",14,"","CA",175168.571428571,51.9142857142857,68.6085435792018,2595.64995689505,1095.61410511046,3661,3753,3747,3489,1,49519.0361228721,0.0157696033083527,3140157.37457666,994.51615940687,35.0115427927928,0.212923185754567,164.218328126505,2.18592565325107,"Urban and Built-up",14.0750000476837,128.025,0.82288508117199,17.3333333333333,51.221359,51.221359,0,319,1129.37156077281,1000,94,21.13821138,20.32520325,31.43515873,21.92927807,9.756097561,8.130081301,c(-122.275291, 37.90107)
"1238","Scott Home",NA,"11/27/2022","12/11/2022",14,"","CA",175168.571428571,51.9142857142857,68.6085435792018,2595.64995689505,1095.61410511046,3661,3753,3747,3489,1,49519.0361228721,0.0157696033083527,3140157.37457666,994.51615940687,35.0115427927928,0.212923185754567,164.218328126505,2.18592565325107,"Urban and Built-up",14.0750000476837,128.025,0.82288508117199,16.1666666666667,123.0750738,123.0750738,0,570,1129.37156077281,1000,94,21.13821138,20.32520325,31.43515873,21.92927807,9.756097561,8.130081301,c(-122.275291, 37.90107)
"1239","Scott Home",NA,"11/27/2022","12/11/2022",14,"","CA",175168.571428571,51.9142857142857,68.6085435792018,2595.64995689505,1095.61410511046,3661,3753,3747,3489,1,49519.0361228721,0.0157696033083527,3140157.37457666,994.51615940687,35.0115427927928,0.212923185754567,164.218328126505,2.18592565325107,"Urban and Built-up",14.0750000476837,128.025,0.82288508117199,14.6666666666667,71.4287028,71.4287028,0,326,1129.37156077281,1000,94,21.13821138,20.32520325,31.43515873,21.92927807,9.756097561,8.130081301,c(-122.275291, 37.90107)
"1240","Scott Home",NA,"11/27/2022","12/11/2022",14,"","CA",175168.571428571,51.9142857142857,68.6085435792018,2595.64995689505,1095.61410511046,3661,3753,3747,3489,1,49519.0361228721,0.0157696033083527,3140157.37457666,994.51615940687,35.0115427927928,0.212923185754567,164.218328126505,2.18592565325107,"Urban and Built-up",14.0750000476837,128.025,0.82288508117199,13.1666666666667,76.9975955,76.9975955,0,350,1129.37156077281,1000,94,21.13821138,20.32520325,31.43515873,21.92927807,9.756097561,8.130081301,c(-122.275291, 37.90107)
"1241","Scott Home",NA,"11/27/2022","12/11/2022",14,"","CA",175168.571428571,51.9142857142857,68.6085435792018,2595.64995689505,1095.61410511046,3661,3753,3747,3489,1,49519.0361228721,0.0157696033083527,3140157.37457666,994.51615940687,35.0115427927928,0.212923185754567,164.218328126505,2.18592565325107,"Urban and Built-up",14.0750000476837,128.025,0.82288508117199,15.5,82.6173908,82.6173908,0,565,1129.37156077281,1000,94,21.13821138,20.32520325,31.43515873,21.92927807,9.756097561,8.130081301,c(-122.275291, 37.90107)
"1242","Scott Home",NA,"11/27/2022","12/11/2022",14,"","CA",175168.571428571,51.9142857142857,68.6085435792018,2595.64995689505,1095.61410511046,3661,3753,3747,3489,1,49519.0361228721,0.0157696033083527,3140157.37457666,994.51615940687,35.0115427927928,0.212923185754567,164.218328126505,2.18592565325107,"Urban and Built-up",14.0750000476837,128.025,0.82288508117199,18.3333333333333,68.1788436,68.1788436,0,532,1129.37156077281,1000,94,21.13821138,20.32520325,31.43515873,21.92927807,9.756097561,8.130081301,c(-122.275291, 37.90107)
"1243","Scott Home",NA,"11/27/2022","12/11/2022",14,"","CA",175168.571428571,51.9142857142857,68.6085435792018,2595.64995689505,1095.61410511046,3661,3753,3747,3489,1,49519.0361228721,0.0157696033083527,3140157.37457666,994.51615940687,35.0115427927928,0.212923185754567,164.218328126505,2.18592565325107,"Urban and Built-up",14.0750000476837,128.025,0.82288508117199,12.6666666666667,155.1370401,155.1370401,0,510,1129.37156077281,1000,94,21.13821138,20.32520325,31.43515873,21.92927807,9.756097561,8.130081301,c(-122.275291, 37.90107)
"1244","Scott Home",NA,"11/27/2022","12/11/2022",14,"","CA",175168.571428571,51.9142857142857,68.6085435792018,2595.64995689505,1095.61410511046,3661,3753,3747,3489,1,49519.0361228721,0.0157696033083527,3140157.37457666,994.51615940687,35.0115427927928,0.212923185754567,164.218328126505,2.18592565325107,"Urban and Built-up",14.0750000476837,128.025,0.82288508117199,13,112.8599598,112.8599598,0,416,1129.37156077281,1000,94,21.13821138,20.32520325,31.43515873,21.92927807,9.756097561,8.130081301,c(-122.275291, 37.90107)
"1245","Scott Home",NA,"11/27/2022","12/11/2022",14,"","CA",175168.571428571,51.9142857142857,68.6085435792018,2595.64995689505,1095.61410511046,3661,3753,3747,3489,1,49519.0361228721,0.0157696033083527,3140157.37457666,994.51615940687,35.0115427927928,0.212923185754567,164.218328126505,2.18592565325107,"Urban and Built-up",14.0750000476837,128.025,0.82288508117199,11.8333333333333,228.8914481,228.8914481,0,890,1129.37156077281,1000,94,21.13821138,20.32520325,31.43515873,21.92927807,9.756097561,8.130081301,c(-122.275291, 37.90107)
"1246","Scott Home",NA,"11/27/2022","12/11/2022",14,"","CA",175168.571428571,51.9142857142857,68.6085435792018,2595.64995689505,1095.61410511046,3661,3753,3747,3489,1,49519.0361228721,0.0157696033083527,3140157.37457666,994.51615940687,35.0115427927928,0.212923185754567,164.218328126505,2.18592565325107,"Urban and Built-up",14.0750000476837,128.025,0.82288508117199,4,17980.3370117,16534.8341347,1445.502877,977,1129.37156077281,1000,94,21.13821138,20.32520325,31.43515873,21.92927807,9.756097561,8.130081301,c(-122.275291, 37.90107)
"1247","Scott Home",NA,"11/27/2022","12/11/2022",14,"","CA",175168.571428571,51.9142857142857,68.6085435792018,2595.64995689505,1095.61410511046,3661,3753,3747,3489,1,49519.0361228721,0.0157696033083527,3140157.37457666,994.51615940687,35.0115427927928,0.212923185754567,164.218328126505,2.18592565325107,"Urban and Built-up",14.0750000476837,128.025,0.82288508117199,12.3333333333333,63.6519716,57.6738813,5.9780903,377,1129.37156077281,1000,94,21.13821138,20.32520325,31.43515873,21.92927807,9.756097561,8.130081301,c(-122.275291, 37.90107)
"1248","Shannon Home",NA,"11/21/2022","12/06/2022",15,"","CA",72917.3636363636,38.1461538461538,29.7878656563026,3510.07893958705,1471.73175031062,10049.5,9767,9897.91666666667,10504.25,9,60816.5327217252,0.0193673518448804,3140157.37457682,589.53136231086,60.4850788288286,0.116856895913691,10.9579668418576,3.12839234169776,"Urban and Built-up",14.3500003814697,127.1,0.921979188919067,14.1666666666667,985.9201044,567.9798593,417.9402451,750,600.661715009413,1000,95,81.30081301,76.42276423,56.59650758,52.96412455,89.43089431,77.23577236,c(-122.320163, 37.91391)
"1249","Shannon Home",NA,"11/21/2022","12/06/2022",15,"","CA",72917.3636363636,38.1461538461538,29.7878656563026,3510.07893958705,1471.73175031062,10049.5,9767,9897.91666666667,10504.25,9,60816.5327217252,0.0193673518448804,3140157.37457682,589.53136231086,60.4850788288286,0.116856895913691,10.9579668418576,3.12839234169776,"Urban and Built-up",14.3500003814697,127.1,0.921979188919067,14.6666666666667,1878.5320365,490.0877618,1388.4442747,1722,600.661715009413,1000,95,81.30081301,76.42276423,56.59650758,52.96412455,89.43089431,77.23577236,c(-122.320163, 37.91391)
"1250","Shannon Home",NA,"11/21/2022","12/06/2022",15,"","CA",72917.3636363636,38.1461538461538,29.7878656563026,3510.07893958705,1471.73175031062,10049.5,9767,9897.91666666667,10504.25,9,60816.5327217252,0.0193673518448804,3140157.37457682,589.53136231086,60.4850788288286,0.116856895913691,10.9579668418576,3.12839234169776,"Urban and Built-up",14.3500003814697,127.1,0.921979188919067,14.5,91.2369801,91.2369801,0,305,600.661715009413,1000,95,81.30081301,76.42276423,56.59650758,52.96412455,89.43089431,77.23577236,c(-122.320163, 37.91391)
"1251","Shannon Home",NA,"11/21/2022","12/06/2022",15,"","CA",72917.3636363636,38.1461538461538,29.7878656563026,3510.07893958705,1471.73175031062,10049.5,9767,9897.91666666667,10504.25,9,60816.5327217252,0.0193673518448804,3140157.37457682,589.53136231086,60.4850788288286,0.116856895913691,10.9579668418576,3.12839234169776,"Urban and Built-up",14.3500003814697,127.1,0.921979188919067,13.8333333333333,98.9222843,98.9222843,0,992,600.661715009413,1000,95,81.30081301,76.42276423,56.59650758,52.96412455,89.43089431,77.23577236,c(-122.320163, 37.91391)
"1252","Shannon Home",NA,"11/21/2022","12/06/2022",15,"","CA",72917.3636363636,38.1461538461538,29.7878656563026,3510.07893958705,1471.73175031062,10049.5,9767,9897.91666666667,10504.25,9,60816.5327217252,0.0193673518448804,3140157.37457682,589.53136231086,60.4850788288286,0.116856895913691,10.9579668418576,3.12839234169776,"Urban and Built-up",14.3500003814697,127.1,0.921979188919067,12.3333333333333,156.6764731,156.6764731,0,1126,600.661715009413,1000,95,81.30081301,76.42276423,56.59650758,52.96412455,89.43089431,77.23577236,c(-122.320163, 37.91391)
"1253","Shannon Home",NA,"11/21/2022","12/06/2022",15,"","CA",72917.3636363636,38.1461538461538,29.7878656563026,3510.07893958705,1471.73175031062,10049.5,9767,9897.91666666667,10504.25,9,60816.5327217252,0.0193673518448804,3140157.37457682,589.53136231086,60.4850788288286,0.116856895913691,10.9579668418576,3.12839234169776,"Urban and Built-up",14.3500003814697,127.1,0.921979188919067,14.5,141.4407813,141.4407813,0,733,600.661715009413,1000,95,81.30081301,76.42276423,56.59650758,52.96412455,89.43089431,77.23577236,c(-122.320163, 37.91391)
"1254","Shannon Home",NA,"11/21/2022","12/06/2022",15,"","CA",72917.3636363636,38.1461538461538,29.7878656563026,3510.07893958705,1471.73175031062,10049.5,9767,9897.91666666667,10504.25,9,60816.5327217252,0.0193673518448804,3140157.37457682,589.53136231086,60.4850788288286,0.116856895913691,10.9579668418576,3.12839234169776,"Urban and Built-up",14.3500003814697,127.1,0.921979188919067,14.3333333333333,96.2271646,96.2271646,0,851,600.661715009413,1000,95,81.30081301,76.42276423,56.59650758,52.96412455,89.43089431,77.23577236,c(-122.320163, 37.91391)
"1255","Shannon Home",NA,"11/21/2022","12/06/2022",15,"","CA",72917.3636363636,38.1461538461538,29.7878656563026,3510.07893958705,1471.73175031062,10049.5,9767,9897.91666666667,10504.25,9,60816.5327217252,0.0193673518448804,3140157.37457682,589.53136231086,60.4850788288286,0.116856895913691,10.9579668418576,3.12839234169776,"Urban and Built-up",14.3500003814697,127.1,0.921979188919067,17.5,87.3370008,87.3370008,0,701,600.661715009413,1000,95,81.30081301,76.42276423,56.59650758,52.96412455,89.43089431,77.23577236,c(-122.320163, 37.91391)
"1256","Shannon Home",NA,"11/21/2022","12/06/2022",15,"","CA",72917.3636363636,38.1461538461538,29.7878656563026,3510.07893958705,1471.73175031062,10049.5,9767,9897.91666666667,10504.25,9,60816.5327217252,0.0193673518448804,3140157.37457682,589.53136231086,60.4850788288286,0.116856895913691,10.9579668418576,3.12839234169776,"Urban and Built-up",14.3500003814697,127.1,0.921979188919067,16.5,148.7210886,148.7210886,0,897,600.661715009413,1000,95,81.30081301,76.42276423,56.59650758,52.96412455,89.43089431,77.23577236,c(-122.320163, 37.91391)
"1257","Shannon Home",NA,"11/21/2022","12/06/2022",15,"","CA",72917.3636363636,38.1461538461538,29.7878656563026,3510.07893958705,1471.73175031062,10049.5,9767,9897.91666666667,10504.25,9,60816.5327217252,0.0193673518448804,3140157.37457682,589.53136231086,60.4850788288286,0.116856895913691,10.9579668418576,3.12839234169776,"Urban and Built-up",14.3500003814697,127.1,0.921979188919067,18.6666666666667,83.243048,83.243048,0,453,600.661715009413,1000,95,81.30081301,76.42276423,56.59650758,52.96412455,89.43089431,77.23577236,c(-122.320163, 37.91391)
"1258","Shannon Home",NA,"11/21/2022","12/06/2022",15,"","CA",72917.3636363636,38.1461538461538,29.7878656563026,3510.07893958705,1471.73175031062,10049.5,9767,9897.91666666667,10504.25,9,60816.5327217252,0.0193673518448804,3140157.37457682,589.53136231086,60.4850788288286,0.116856895913691,10.9579668418576,3.12839234169776,"Urban and Built-up",14.3500003814697,127.1,0.921979188919067,19.3333333333333,63.1481347,63.1481347,0,367,600.661715009413,1000,95,81.30081301,76.42276423,56.59650758,52.96412455,89.43089431,77.23577236,c(-122.320163, 37.91391)
"1259","Shannon Home",NA,"11/21/2022","12/06/2022",15,"","CA",72917.3636363636,38.1461538461538,29.7878656563026,3510.07893958705,1471.73175031062,10049.5,9767,9897.91666666667,10504.25,9,60816.5327217252,0.0193673518448804,3140157.37457682,589.53136231086,60.4850788288286,0.116856895913691,10.9579668418576,3.12839234169776,"Urban and Built-up",14.3500003814697,127.1,0.921979188919067,14.8333333333333,68.1281881,68.1281881,0,495,600.661715009413,1000,95,81.30081301,76.42276423,56.59650758,52.96412455,89.43089431,77.23577236,c(-122.320163, 37.91391)
"1260","Shannon Home",NA,"11/21/2022","12/06/2022",15,"","CA",72917.3636363636,38.1461538461538,29.7878656563026,3510.07893958705,1471.73175031062,10049.5,9767,9897.91666666667,10504.25,9,60816.5327217252,0.0193673518448804,3140157.37457682,589.53136231086,60.4850788288286,0.116856895913691,10.9579668418576,3.12839234169776,"Urban and Built-up",14.3500003814697,127.1,0.921979188919067,17.8333333333333,57.0889956,57.0889956,0,619,600.661715009413,1000,95,81.30081301,76.42276423,56.59650758,52.96412455,89.43089431,77.23577236,c(-122.320163, 37.91391)
"1261","Shannon Home",NA,"11/21/2022","12/06/2022",15,"","CA",72917.3636363636,38.1461538461538,29.7878656563026,3510.07893958705,1471.73175031062,10049.5,9767,9897.91666666667,10504.25,9,60816.5327217252,0.0193673518448804,3140157.37457682,589.53136231086,60.4850788288286,0.116856895913691,10.9579668418576,3.12839234169776,"Urban and Built-up",14.3500003814697,127.1,0.921979188919067,17.3333333333333,47.6393974,47.6393974,0,583,600.661715009413,1000,95,81.30081301,76.42276423,56.59650758,52.96412455,89.43089431,77.23577236,c(-122.320163, 37.91391)
"1262","Sherman Home",NA,"11/22/2022","12/02/2022",10,"Wilson Sherman #2","CA",183497.333333333,50.4833333333333,70.4638423266272,2425.14034899719,997.607887283832,4074,3987,4029.77777777778,4273,1,43526.6359587753,0.0138612912560281,3140157.37457693,975.025707765914,19.0780061954379,0.254047677555277,259.042712500881,1.88446161493955,"Urban and Built-up",13.8500001430511,128.875,0.797304287552834,13.1666666666667,77.0302127,77.0302127,0,306,855.756102391557,1000,96,12.19512195,38.21138211,33.62227227,20.09189324,2.43902439,12.19512195,c(-122.257487, 37.892485)
"1263","Sherman Home",NA,"11/22/2022","12/02/2022",10,"Wilson Sherman #2","CA",183497.333333333,50.4833333333333,70.4638423266272,2425.14034899719,997.607887283832,4074,3987,4029.77777777778,4273,1,43526.6359587753,0.0138612912560281,3140157.37457693,975.025707765914,19.0780061954379,0.254047677555277,259.042712500881,1.88446161493955,"Urban and Built-up",13.8500001430511,128.875,0.797304287552834,15.3333333333333,107.1853083,107.1853083,0,531,855.756102391557,1000,96,12.19512195,38.21138211,33.62227227,20.09189324,2.43902439,12.19512195,c(-122.257487, 37.892485)
"1264","Sherman Home",NA,"11/22/2022","12/02/2022",10,"Wilson Sherman #2","CA",183497.333333333,50.4833333333333,70.4638423266272,2425.14034899719,997.607887283832,4074,3987,4029.77777777778,4273,1,43526.6359587753,0.0138612912560281,3140157.37457693,975.025707765914,19.0780061954379,0.254047677555277,259.042712500881,1.88446161493955,"Urban and Built-up",13.8500001430511,128.875,0.797304287552834,14.1666666666667,119.7463897,118.8481812,0.8982085,457,855.756102391557,1000,96,12.19512195,38.21138211,33.62227227,20.09189324,2.43902439,12.19512195,c(-122.257487, 37.892485)
"1265","Sherman Home",NA,"11/22/2022","12/02/2022",10,"Wilson Sherman #2","CA",183497.333333333,50.4833333333333,70.4638423266272,2425.14034899719,997.607887283832,4074,3987,4029.77777777778,4273,1,43526.6359587753,0.0138612912560281,3140157.37457693,975.025707765914,19.0780061954379,0.254047677555277,259.042712500881,1.88446161493955,"Urban and Built-up",13.8500001430511,128.875,0.797304287552834,12,125.1697405,125.1697405,0,487,855.756102391557,1000,96,12.19512195,38.21138211,33.62227227,20.09189324,2.43902439,12.19512195,c(-122.257487, 37.892485)
"1266","Sherman Home",NA,"11/22/2022","12/02/2022",10,"Wilson Sherman #2","CA",183497.333333333,50.4833333333333,70.4638423266272,2425.14034899719,997.607887283832,4074,3987,4029.77777777778,4273,1,43526.6359587753,0.0138612912560281,3140157.37457693,975.025707765914,19.0780061954379,0.254047677555277,259.042712500881,1.88446161493955,"Urban and Built-up",13.8500001430511,128.875,0.797304287552834,14.6666666666667,110.1416127,110.1416127,0,481,855.756102391557,1000,96,12.19512195,38.21138211,33.62227227,20.09189324,2.43902439,12.19512195,c(-122.257487, 37.892485)
"1267","Sherman Home",NA,"11/22/2022","12/02/2022",10,"Wilson Sherman #2","CA",183497.333333333,50.4833333333333,70.4638423266272,2425.14034899719,997.607887283832,4074,3987,4029.77777777778,4273,1,43526.6359587753,0.0138612912560281,3140157.37457693,975.025707765914,19.0780061954379,0.254047677555277,259.042712500881,1.88446161493955,"Urban and Built-up",13.8500001430511,128.875,0.797304287552834,16.1666666666667,123.0750738,123.0750738,0,570,855.756102391557,1000,96,12.19512195,38.21138211,33.62227227,20.09189324,2.43902439,12.19512195,c(-122.257487, 37.892485)
"1268","Sherman Home",NA,"11/22/2022","12/02/2022",10,"Wilson Sherman #2","CA",183497.333333333,50.4833333333333,70.4638423266272,2425.14034899719,997.607887283832,4074,3987,4029.77777777778,4273,1,43526.6359587753,0.0138612912560281,3140157.37457693,975.025707765914,19.0780061954379,0.254047677555277,259.042712500881,1.88446161493955,"Urban and Built-up",13.8500001430511,128.875,0.797304287552834,14,164.0667399,164.0667399,0,527,855.756102391557,1000,96,12.19512195,38.21138211,33.62227227,20.09189324,2.43902439,12.19512195,c(-122.257487, 37.892485)
"1269","Sherman Home",NA,"11/22/2022","12/02/2022",10,"Wilson Sherman #2","CA",183497.333333333,50.4833333333333,70.4638423266272,2425.14034899719,997.607887283832,4074,3987,4029.77777777778,4273,1,43526.6359587753,0.0138612912560281,3140157.37457693,975.025707765914,19.0780061954379,0.254047677555277,259.042712500881,1.88446161493955,"Urban and Built-up",13.8500001430511,128.875,0.797304287552834,11.1666666666667,104.6159625,104.6159625,0,406,855.756102391557,1000,96,12.19512195,38.21138211,33.62227227,20.09189324,2.43902439,12.19512195,c(-122.257487, 37.892485)
"1270","Sherman Home",NA,"11/22/2022","12/02/2022",10,"Wilson Sherman #2","CA",183497.333333333,50.4833333333333,70.4638423266272,2425.14034899719,997.607887283832,4074,3987,4029.77777777778,4273,1,43526.6359587753,0.0138612912560281,3140157.37457693,975.025707765914,19.0780061954379,0.254047677555277,259.042712500881,1.88446161493955,"Urban and Built-up",13.8500001430511,128.875,0.797304287552834,15.3333333333333,54.4895036,54.4895036,0,310,855.756102391557,1000,96,12.19512195,38.21138211,33.62227227,20.09189324,2.43902439,12.19512195,c(-122.257487, 37.892485)
"1271","Sherman Home",NA,"11/22/2022","12/02/2022",10,"Wilson Sherman #2","CA",183497.333333333,50.4833333333333,70.4638423266272,2425.14034899719,997.607887283832,4074,3987,4029.77777777778,4273,1,43526.6359587753,0.0138612912560281,3140157.37457693,975.025707765914,19.0780061954379,0.254047677555277,259.042712500881,1.88446161493955,"Urban and Built-up",13.8500001430511,128.875,0.797304287552834,14.6666666666667,64.6794134,64.6794134,0,438,855.756102391557,1000,96,12.19512195,38.21138211,33.62227227,20.09189324,2.43902439,12.19512195,c(-122.257487, 37.892485)
"1272","Sherman Home",NA,"11/22/2022","12/02/2022",10,"Wilson Sherman #2","CA",183497.333333333,50.4833333333333,70.4638423266272,2425.14034899719,997.607887283832,4074,3987,4029.77777777778,4273,1,43526.6359587753,0.0138612912560281,3140157.37457693,975.025707765914,19.0780061954379,0.254047677555277,259.042712500881,1.88446161493955,"Urban and Built-up",13.8500001430511,128.875,0.797304287552834,6.5,3400.4955607,3400.4955607,0,875,855.756102391557,1000,96,12.19512195,38.21138211,33.62227227,20.09189324,2.43902439,12.19512195,c(-122.257487, 37.892485)
"1273","Sherman Home",NA,"11/22/2022","12/02/2022",10,"Wilson Sherman #2","CA",183497.333333333,50.4833333333333,70.4638423266272,2425.14034899719,997.607887283832,4074,3987,4029.77777777778,4273,1,43526.6359587753,0.0138612912560281,3140157.37457693,975.025707765914,19.0780061954379,0.254047677555277,259.042712500881,1.88446161493955,"Urban and Built-up",13.8500001430511,128.875,0.797304287552834,4,17980.3370117,16534.8341347,1445.502877,977,855.756102391557,1000,96,12.19512195,38.21138211,33.62227227,20.09189324,2.43902439,12.19512195,c(-122.257487, 37.892485)
"1274","Sherrer Home",NA,"02/09/2023","02/24/2023",15,"","CA",142621.571428571,45.5714285714286,36.439300227883,3580.60719903522,1238.20009300016,5468.0625,5464,5459.75,5493,3,46572.7348748431,0.0148313378341799,3140157.37457702,537.971950713938,40.0078962210942,0.11153438704017,3.0632532097987,2.38189159694603,"Urban and Built-up",NA,101.85,NA,15.1666666666667,41.6333848,41.6333848,0,464,1373.73094376958,1000,97,7.317073171,4.87804878,38.98745264,31.30182149,31.70731707,41.46341463,c(-122.249759, 37.740986)
"1275","Sherrer Home",NA,"02/09/2023","02/24/2023",15,"","CA",142621.571428571,45.5714285714286,36.439300227883,3580.60719903522,1238.20009300016,5468.0625,5464,5459.75,5493,3,46572.7348748431,0.0148313378341799,3140157.37457702,537.971950713938,40.0078962210942,0.11153438704017,3.0632532097987,2.38189159694603,"Urban and Built-up",NA,101.85,NA,13.8333333333333,264.9092383,179.8781747,85.0310636,1144,1373.73094376958,1000,97,7.317073171,4.87804878,38.98745264,31.30182149,31.70731707,41.46341463,c(-122.249759, 37.740986)
"1276","Sherrer Home",NA,"02/09/2023","02/24/2023",15,"","CA",142621.571428571,45.5714285714286,36.439300227883,3580.60719903522,1238.20009300016,5468.0625,5464,5459.75,5493,3,46572.7348748431,0.0148313378341799,3140157.37457702,537.971950713938,40.0078962210942,0.11153438704017,3.0632532097987,2.38189159694603,"Urban and Built-up",NA,101.85,NA,17.6666666666667,211.5326731,211.5326731,0,1288,1373.73094376958,1000,97,7.317073171,4.87804878,38.98745264,31.30182149,31.70731707,41.46341463,c(-122.249759, 37.740986)
"1277","Sherrer Home",NA,"02/09/2023","02/24/2023",15,"","CA",142621.571428571,45.5714285714286,36.439300227883,3580.60719903522,1238.20009300016,5468.0625,5464,5459.75,5493,3,46572.7348748431,0.0148313378341799,3140157.37457702,537.971950713938,40.0078962210942,0.11153438704017,3.0632532097987,2.38189159694603,"Urban and Built-up",NA,101.85,NA,15.5,193.0001731,160.7155697,32.2846034,975,1373.73094376958,1000,97,7.317073171,4.87804878,38.98745264,31.30182149,31.70731707,41.46341463,c(-122.249759, 37.740986)
"1278","Sherrer Home",NA,"02/09/2023","02/24/2023",15,"","CA",142621.571428571,45.5714285714286,36.439300227883,3580.60719903522,1238.20009300016,5468.0625,5464,5459.75,5493,3,46572.7348748431,0.0148313378341799,3140157.37457702,537.971950713938,40.0078962210942,0.11153438704017,3.0632532097987,2.38189159694603,"Urban and Built-up",NA,101.85,NA,18.5,411.8788821,123.2532329,288.6256492,1131,1373.73094376958,1000,97,7.317073171,4.87804878,38.98745264,31.30182149,31.70731707,41.46341463,c(-122.249759, 37.740986)
"1279","Sherrer Home",NA,"02/09/2023","02/24/2023",15,"","CA",142621.571428571,45.5714285714286,36.439300227883,3580.60719903522,1238.20009300016,5468.0625,5464,5459.75,5493,3,46572.7348748431,0.0148313378341799,3140157.37457702,537.971950713938,40.0078962210942,0.11153438704017,3.0632532097987,2.38189159694603,"Urban and Built-up",NA,101.85,NA,13.8333333333333,35.9315523,35.9315523,0,491,1373.73094376958,1000,97,7.317073171,4.87804878,38.98745264,31.30182149,31.70731707,41.46341463,c(-122.249759, 37.740986)
"1280","Sherrer Home",NA,"02/09/2023","02/24/2023",15,"","CA",142621.571428571,45.5714285714286,36.439300227883,3580.60719903522,1238.20009300016,5468.0625,5464,5459.75,5493,3,46572.7348748431,0.0148313378341799,3140157.37457702,537.971950713938,40.0078962210942,0.11153438704017,3.0632532097987,2.38189159694603,"Urban and Built-up",NA,101.85,NA,15.5,1243.6730796,848.9807438,394.6923358,1374,1373.73094376958,1000,97,7.317073171,4.87804878,38.98745264,31.30182149,31.70731707,41.46341463,c(-122.249759, 37.740986)
"1281","Sherrer Home",NA,"02/09/2023","02/24/2023",15,"","CA",142621.571428571,45.5714285714286,36.439300227883,3580.60719903522,1238.20009300016,5468.0625,5464,5459.75,5493,3,46572.7348748431,0.0148313378341799,3140157.37457702,537.971950713938,40.0078962210942,0.11153438704017,3.0632532097987,2.38189159694603,"Urban and Built-up",NA,101.85,NA,16.3333333333333,316.7332742,117.881526,198.8517482,921,1373.73094376958,1000,97,7.317073171,4.87804878,38.98745264,31.30182149,31.70731707,41.46341463,c(-122.249759, 37.740986)
"1282","Shunick Home",NA,"02/17/2023","02/23/2023",6,"IOR","CA",207817.076923077,45.4307692307692,62.277706655383,2211.86108204058,790.985963595438,3540.85714285714,3525,3343.2,4035,1,44008.9406225686,0.0140148837694801,3140157.37457673,468.990208844863,30.545505776275,0.215610418844271,156.212685453613,2.37166463687265,"Urban and Built-up",14.0666666030884,113.916666666667,0.795682450135549,9.5,544.445314,544.445314,0,1161,891.603322570102,1000,98,23.57723577,29.26829268,35.0516685,32.06961585,34.95934959,24.3902439,c(-122.227752, 37.833482)
"1283","Shunick Home",NA,"02/17/2023","02/23/2023",6,"IOR","CA",207817.076923077,45.4307692307692,62.277706655383,2211.86108204058,790.985963595438,3540.85714285714,3525,3343.2,4035,1,44008.9406225686,0.0140148837694801,3140157.37457673,468.990208844863,30.545505776275,0.215610418844271,156.212685453613,2.37166463687265,"Urban and Built-up",14.0666666030884,113.916666666667,0.795682450135549,12.5,138.296928,138.296928,0,623,891.603322570102,1000,98,23.57723577,29.26829268,35.0516685,32.06961585,34.95934959,24.3902439,c(-122.227752, 37.833482)
"1284","Shunick Home",NA,"02/17/2023","02/23/2023",6,"IOR","CA",207817.076923077,45.4307692307692,62.277706655383,2211.86108204058,790.985963595438,3540.85714285714,3525,3343.2,4035,1,44008.9406225686,0.0140148837694801,3140157.37457673,468.990208844863,30.545505776275,0.215610418844271,156.212685453613,2.37166463687265,"Urban and Built-up",14.0666666030884,113.916666666667,0.795682450135549,15.8333333333333,105.3990224,105.3990224,0,625,891.603322570102,1000,98,23.57723577,29.26829268,35.0516685,32.06961585,34.95934959,24.3902439,c(-122.227752, 37.833482)
"1285","Shunick Home",NA,"02/17/2023","02/23/2023",6,"IOR","CA",207817.076923077,45.4307692307692,62.277706655383,2211.86108204058,790.985963595438,3540.85714285714,3525,3343.2,4035,1,44008.9406225686,0.0140148837694801,3140157.37457673,468.990208844863,30.545505776275,0.215610418844271,156.212685453613,2.37166463687265,"Urban and Built-up",14.0666666030884,113.916666666667,0.795682450135549,15.5,102.3483258,102.3483258,0,543,891.603322570102,1000,98,23.57723577,29.26829268,35.0516685,32.06961585,34.95934959,24.3902439,c(-122.227752, 37.833482)
"1286","Shunick Home",NA,"02/17/2023","02/23/2023",6,"IOR","CA",207817.076923077,45.4307692307692,62.277706655383,2211.86108204058,790.985963595438,3540.85714285714,3525,3343.2,4035,1,44008.9406225686,0.0140148837694801,3140157.37457673,468.990208844863,30.545505776275,0.215610418844271,156.212685453613,2.37166463687265,"Urban and Built-up",14.0666666030884,113.916666666667,0.795682450135549,14.8333333333333,113.5118096,113.5118096,0,430,891.603322570102,1000,98,23.57723577,29.26829268,35.0516685,32.06961585,34.95934959,24.3902439,c(-122.227752, 37.833482)
"1287","Shunick Home",NA,"02/17/2023","02/23/2023",6,"IOR","CA",207817.076923077,45.4307692307692,62.277706655383,2211.86108204058,790.985963595438,3540.85714285714,3525,3343.2,4035,1,44008.9406225686,0.0140148837694801,3140157.37457673,468.990208844863,30.545505776275,0.215610418844271,156.212685453613,2.37166463687265,"Urban and Built-up",14.0666666030884,113.916666666667,0.795682450135549,12.8333333333333,139.3280763,139.3280763,0,323,891.603322570102,1000,98,23.57723577,29.26829268,35.0516685,32.06961585,34.95934959,24.3902439,c(-122.227752, 37.833482)
"1288","Shunick Home",NA,"02/17/2023","02/23/2023",6,"IOR","CA",207817.076923077,45.4307692307692,62.277706655383,2211.86108204058,790.985963595438,3540.85714285714,3525,3343.2,4035,1,44008.9406225686,0.0140148837694801,3140157.37457673,468.990208844863,30.545505776275,0.215610418844271,156.212685453613,2.37166463687265,"Urban and Built-up",14.0666666030884,113.916666666667,0.795682450135549,18.3333333333333,152.8012038,152.8012038,0,974,891.603322570102,1000,98,23.57723577,29.26829268,35.0516685,32.06961585,34.95934959,24.3902439,c(-122.227752, 37.833482)
"1289","Shunick Home",NA,"02/17/2023","02/23/2023",6,"IOR","CA",207817.076923077,45.4307692307692,62.277706655383,2211.86108204058,790.985963595438,3540.85714285714,3525,3343.2,4035,1,44008.9406225686,0.0140148837694801,3140157.37457673,468.990208844863,30.545505776275,0.215610418844271,156.212685453613,2.37166463687265,"Urban and Built-up",14.0666666030884,113.916666666667,0.795682450135549,14.8333333333333,112.5192089,112.5192089,0,775,891.603322570102,1000,98,23.57723577,29.26829268,35.0516685,32.06961585,34.95934959,24.3902439,c(-122.227752, 37.833482)
"1290","Shunick Home",NA,"02/17/2023","02/23/2023",6,"IOR","CA",207817.076923077,45.4307692307692,62.277706655383,2211.86108204058,790.985963595438,3540.85714285714,3525,3343.2,4035,1,44008.9406225686,0.0140148837694801,3140157.37457673,468.990208844863,30.545505776275,0.215610418844271,156.212685453613,2.37166463687265,"Urban and Built-up",14.0666666030884,113.916666666667,0.795682450135549,15.1666666666667,114.3326758,114.3326758,0,489,891.603322570102,1000,98,23.57723577,29.26829268,35.0516685,32.06961585,34.95934959,24.3902439,c(-122.227752, 37.833482)
"1291","Shunick Home",NA,"02/17/2023","02/23/2023",6,"IOR","CA",207817.076923077,45.4307692307692,62.277706655383,2211.86108204058,790.985963595438,3540.85714285714,3525,3343.2,4035,1,44008.9406225686,0.0140148837694801,3140157.37457673,468.990208844863,30.545505776275,0.215610418844271,156.212685453613,2.37166463687265,"Urban and Built-up",14.0666666030884,113.916666666667,0.795682450135549,10.5,270.0971028,268.8267617,1.2703411,872,891.603322570102,1000,98,23.57723577,29.26829268,35.0516685,32.06961585,34.95934959,24.3902439,c(-122.227752, 37.833482)
"1292","Shunick Home",NA,"02/17/2023","02/23/2023",6,"IOR","CA",207817.076923077,45.4307692307692,62.277706655383,2211.86108204058,790.985963595438,3540.85714285714,3525,3343.2,4035,1,44008.9406225686,0.0140148837694801,3140157.37457673,468.990208844863,30.545505776275,0.215610418844271,156.212685453613,2.37166463687265,"Urban and Built-up",14.0666666030884,113.916666666667,0.795682450135549,14,122.4642426,122.4642426,0,500,891.603322570102,1000,98,23.57723577,29.26829268,35.0516685,32.06961585,34.95934959,24.3902439,c(-122.227752, 37.833482)
"1293","Shunick Home",NA,"02/17/2023","02/23/2023",6,"IOR","CA",207817.076923077,45.4307692307692,62.277706655383,2211.86108204058,790.985963595438,3540.85714285714,3525,3343.2,4035,1,44008.9406225686,0.0140148837694801,3140157.37457673,468.990208844863,30.545505776275,0.215610418844271,156.212685453613,2.37166463687265,"Urban and Built-up",14.0666666030884,113.916666666667,0.795682450135549,12.6666666666667,465.3552757,465.3552757,0,590,891.603322570102,1000,98,23.57723577,29.26829268,35.0516685,32.06961585,34.95934959,24.3902439,c(-122.227752, 37.833482)
"1294","Shunick Home",NA,"02/17/2023","02/23/2023",6,"IOR","CA",207817.076923077,45.4307692307692,62.277706655383,2211.86108204058,790.985963595438,3540.85714285714,3525,3343.2,4035,1,44008.9406225686,0.0140148837694801,3140157.37457673,468.990208844863,30.545505776275,0.215610418844271,156.212685453613,2.37166463687265,"Urban and Built-up",14.0666666030884,113.916666666667,0.795682450135549,11.6666666666667,251.2329946,244.9882834,6.2447112,616,891.603322570102,1000,98,23.57723577,29.26829268,35.0516685,32.06961585,34.95934959,24.3902439,c(-122.227752, 37.833482)
"1295","Sibley Volcanic Regional Preserve","SVR","11/06/2023","11/20/2023",14,"","CA",201301.285714286,44.4,59.967522881858,978.637363808985,480.998606485085,NA,NA,NA,NA,1,16705.8948362369,0.00532008203521531,3140157.37457716,928.017222592304,4.51311706629049,0.285006920529869,361.298075368887,1.41678780169736,"Urban and Built-up",13.5899997711182,127.92,0.583078920841217,9.5,544.445314,544.445314,0,1161,507.998215745077,1000,99,29.26829268,15.44715447,34.01873279,29.15872212,26.82926829,16.2601626,c(-122.2071, 37.85588)
"1296","Sibley Volcanic Regional Preserve","SVR","11/06/2023","11/20/2023",14,"","CA",201301.285714286,44.4,59.967522881858,978.637363808985,480.998606485085,NA,NA,NA,NA,1,16705.8948362369,0.00532008203521531,3140157.37457716,928.017222592304,4.51311706629049,0.285006920529869,361.298075368887,1.41678780169736,"Urban and Built-up",13.5899997711182,127.92,0.583078920841217,5.83333333333333,335.2294505,335.2294505,0,904,507.998215745077,1000,99,29.26829268,15.44715447,34.01873279,29.15872212,26.82926829,16.2601626,c(-122.2071, 37.85588)
"1297","Sibley Volcanic Regional Preserve","SVR","11/06/2023","11/20/2023",14,"","CA",201301.285714286,44.4,59.967522881858,978.637363808985,480.998606485085,NA,NA,NA,NA,1,16705.8948362369,0.00532008203521531,3140157.37457716,928.017222592304,4.51311706629049,0.285006920529869,361.298075368887,1.41678780169736,"Urban and Built-up",13.5899997711182,127.92,0.583078920841217,10.1666666666667,1703.5911669,1703.5911669,0,1432,507.998215745077,1000,99,29.26829268,15.44715447,34.01873279,29.15872212,26.82926829,16.2601626,c(-122.2071, 37.85588)
"1298","Sibley Volcanic Regional Preserve","SVR","11/06/2023","11/20/2023",14,"","CA",201301.285714286,44.4,59.967522881858,978.637363808985,480.998606485085,NA,NA,NA,NA,1,16705.8948362369,0.00532008203521531,3140157.37457716,928.017222592304,4.51311706629049,0.285006920529869,361.298075368887,1.41678780169736,"Urban and Built-up",13.5899997711182,127.92,0.583078920841217,6.5,3400.4955607,3400.4955607,0,875,507.998215745077,1000,99,29.26829268,15.44715447,34.01873279,29.15872212,26.82926829,16.2601626,c(-122.2071, 37.85588)
"1299","Sibley Volcanic Regional Preserve","SVR","11/06/2023","11/20/2023",14,"","CA",201301.285714286,44.4,59.967522881858,978.637363808985,480.998606485085,NA,NA,NA,NA,1,16705.8948362369,0.00532008203521531,3140157.37457716,928.017222592304,4.51311706629049,0.285006920529869,361.298075368887,1.41678780169736,"Urban and Built-up",13.5899997711182,127.92,0.583078920841217,11.5,2958.7697167,2958.283671,0.4860457,961,507.998215745077,1000,99,29.26829268,15.44715447,34.01873279,29.15872212,26.82926829,16.2601626,c(-122.2071, 37.85588)
"1300","Skyline Gate Staging Area","SKSA","11/06/2023","11/20/2023",14,"","CA",184386.75,47.375,66.094037984955,1269.84665211385,491.329334013726,2315.33333333333,2399,2307,2338.25,1,25737.0810376951,0.0081961118401473,3140157.37457683,689.842566792664,5.1841511562323,0.306807624289391,351.825767026437,1.571375898366,"Urban and Built-up",13.625,124.675,0.57049294312795,6,89.3073762,89.3073762,0,391,1265.29604530478,1000,100,0.81300813,2.43902439,31.4845626,19.91680298,0.81300813,8.943089431,c(-122.18439, 37.83056)
"1301","Skyline Gate Staging Area","SKSA","11/06/2023","11/20/2023",14,"","CA",184386.75,47.375,66.094037984955,1269.84665211385,491.329334013726,2315.33333333333,2399,2307,2338.25,1,25737.0810376951,0.0081961118401473,3140157.37457683,689.842566792664,5.1841511562323,0.306807624289391,351.825767026437,1.571375898366,"Urban and Built-up",13.625,124.675,0.57049294312795,14.6666666666667,198.5317537,198.5317537,0,769,1265.29604530478,1000,100,0.81300813,2.43902439,31.4845626,19.91680298,0.81300813,8.943089431,c(-122.18439, 37.83056)
"1302","Skyline Gate Staging Area","SKSA","11/06/2023","11/20/2023",14,"","CA",184386.75,47.375,66.094037984955,1269.84665211385,491.329334013726,2315.33333333333,2399,2307,2338.25,1,25737.0810376951,0.0081961118401473,3140157.37457683,689.842566792664,5.1841511562323,0.306807624289391,351.825767026437,1.571375898366,"Urban and Built-up",13.625,124.675,0.57049294312795,17.6666666666667,266.6448687,266.6448687,0,997,1265.29604530478,1000,100,0.81300813,2.43902439,31.4845626,19.91680298,0.81300813,8.943089431,c(-122.18439, 37.83056)
"1303","Skyline Gate Staging Area","SKSA","11/06/2023","11/20/2023",14,"","CA",184386.75,47.375,66.094037984955,1269.84665211385,491.329334013726,2315.33333333333,2399,2307,2338.25,1,25737.0810376951,0.0081961118401473,3140157.37457683,689.842566792664,5.1841511562323,0.306807624289391,351.825767026437,1.571375898366,"Urban and Built-up",13.625,124.675,0.57049294312795,6.5,150.4498002,150.4498002,0,548,1265.29604530478,1000,100,0.81300813,2.43902439,31.4845626,19.91680298,0.81300813,8.943089431,c(-122.18439, 37.83056)
"1304","Skyline Gate Staging Area","SKSA","11/06/2023","11/20/2023",14,"","CA",184386.75,47.375,66.094037984955,1269.84665211385,491.329334013726,2315.33333333333,2399,2307,2338.25,1,25737.0810376951,0.0081961118401473,3140157.37457683,689.842566792664,5.1841511562323,0.306807624289391,351.825767026437,1.571375898366,"Urban and Built-up",13.625,124.675,0.57049294312795,8.83333333333333,787.4103426,787.4103426,0,705,1265.29604530478,1000,100,0.81300813,2.43902439,31.4845626,19.91680298,0.81300813,8.943089431,c(-122.18439, 37.83056)
"1305","Skyline Gate Staging Area","SKSA","11/06/2023","11/20/2023",14,"","CA",184386.75,47.375,66.094037984955,1269.84665211385,491.329334013726,2315.33333333333,2399,2307,2338.25,1,25737.0810376951,0.0081961118401473,3140157.37457683,689.842566792664,5.1841511562323,0.306807624289391,351.825767026437,1.571375898366,"Urban and Built-up",13.625,124.675,0.57049294312795,7.83333333333333,3409.6936111,3409.6936111,0,1153,1265.29604530478,1000,100,0.81300813,2.43902439,31.4845626,19.91680298,0.81300813,8.943089431,c(-122.18439, 37.83056)
"1306","Skyline Gate Staging Area","SKSA","11/06/2023","11/20/2023",14,"","CA",184386.75,47.375,66.094037984955,1269.84665211385,491.329334013726,2315.33333333333,2399,2307,2338.25,1,25737.0810376951,0.0081961118401473,3140157.37457683,689.842566792664,5.1841511562323,0.306807624289391,351.825767026437,1.571375898366,"Urban and Built-up",13.625,124.675,0.57049294312795,11.5,2958.7697167,2958.283671,0.4860457,961,1265.29604530478,1000,100,0.81300813,2.43902439,31.4845626,19.91680298,0.81300813,8.943089431,c(-122.18439, 37.83056)
"1307","Skyline Gate Staging Area","SKSA","11/06/2023","11/20/2023",14,"","CA",184386.75,47.375,66.094037984955,1269.84665211385,491.329334013726,2315.33333333333,2399,2307,2338.25,1,25737.0810376951,0.0081961118401473,3140157.37457683,689.842566792664,5.1841511562323,0.306807624289391,351.825767026437,1.571375898366,"Urban and Built-up",13.625,124.675,0.57049294312795,10.3333333333333,165.7914979,165.7914979,0,557,1265.29604530478,1000,100,0.81300813,2.43902439,31.4845626,19.91680298,0.81300813,8.943089431,c(-122.18439, 37.83056)
"1308","Sobrante Ridge Regional Preserve","SRRP","11/09/2023","11/18/2023",9,"","CA",137394.5,47.85,37.1165241783595,605.185212423298,208.994001540091,NA,NA,NA,NA,1,12485.1293376535,0.00397595656788874,3140157.37457695,945.274003612533,8.52563380281675,0.290616423217919,150.620525797565,1.40311733737264,"Urban and Built-up",14.3100002288818,133.34,0.620787352323532,11.3333333333333,508.4332071,508.4332071,0,892,2501.79548540458,1000,101,4.87804878,34.95934959,40.8486294,15.32905257,0,45.52845528,c(-122.26092, 37.96875)
"1309","Sobrante Ridge Regional Preserve","SRRP","11/09/2023","11/18/2023",9,"","CA",137394.5,47.85,37.1165241783595,605.185212423298,208.994001540091,NA,NA,NA,NA,1,12485.1293376535,0.00397595656788874,3140157.37457695,945.274003612533,8.52563380281675,0.290616423217919,150.620525797565,1.40311733737264,"Urban and Built-up",14.3100002288818,133.34,0.620787352323532,9.83333333333333,943.039853,943.039853,0,863,2501.79548540458,1000,101,4.87804878,34.95934959,40.8486294,15.32905257,0,45.52845528,c(-122.26092, 37.96875)
"1310","Sobrante Ridge Regional Preserve","SRRP","11/09/2023","11/18/2023",9,"","CA",137394.5,47.85,37.1165241783595,605.185212423298,208.994001540091,NA,NA,NA,NA,1,12485.1293376535,0.00397595656788874,3140157.37457695,945.274003612533,8.52563380281675,0.290616423217919,150.620525797565,1.40311733737264,"Urban and Built-up",14.3100002288818,133.34,0.620787352323532,12.1666666666667,464.9142022,464.9142022,0,890,2501.79548540458,1000,101,4.87804878,34.95934959,40.8486294,15.32905257,0,45.52845528,c(-122.26092, 37.96875)
"1311","Sobrante Ridge Regional Preserve","SRRP","11/09/2023","11/18/2023",9,"","CA",137394.5,47.85,37.1165241783595,605.185212423298,208.994001540091,NA,NA,NA,NA,1,12485.1293376535,0.00397595656788874,3140157.37457695,945.274003612533,8.52563380281675,0.290616423217919,150.620525797565,1.40311733737264,"Urban and Built-up",14.3100002288818,133.34,0.620787352323532,4,17980.3370117,16534.8341347,1445.502877,977,2501.79548540458,1000,101,4.87804878,34.95934959,40.8486294,15.32905257,0,45.52845528,c(-122.26092, 37.96875)
"1312","Squire Home",NA,"11/28/2023","12/05/2023",7,"","CA",146772.958333333,43.075,48.2540114957394,4583.96561924322,2014.49081182827,11293.25,11870,12502.8333333333,7664.5,31,63033.0228918138,0.0200732050572157,3140157.37457708,653.993934615427,53.6776742873277,0.156238970247338,57.4942217929298,3.37582064223245,"Temperate or Subpolar Needleaf Forest",14.233333269755,106.583333333333,0.920812457799911,13.8333333333333,41.9877262,41.9877262,0,369,740.741136396437,1000,102,60.16260163,54.47154472,41.72079078,35.93759344,51.2195122,48.7804878,c(-122.229514, 37.807332)
"1313","Squire Home",NA,"11/28/2023","12/05/2023",7,"","CA",146772.958333333,43.075,48.2540114957394,4583.96561924322,2014.49081182827,11293.25,11870,12502.8333333333,7664.5,31,63033.0228918138,0.0200732050572157,3140157.37457708,653.993934615427,53.6776742873277,0.156238970247338,57.4942217929298,3.37582064223245,"Temperate or Subpolar Needleaf Forest",14.233333269755,106.583333333333,0.920812457799911,14.6666666666667,58.3934365,58.3934365,0,528,740.741136396437,1000,102,60.16260163,54.47154472,41.72079078,35.93759344,51.2195122,48.7804878,c(-122.229514, 37.807332)
"1314","Squire Home",NA,"11/28/2023","12/05/2023",7,"","CA",146772.958333333,43.075,48.2540114957394,4583.96561924322,2014.49081182827,11293.25,11870,12502.8333333333,7664.5,31,63033.0228918138,0.0200732050572157,3140157.37457708,653.993934615427,53.6776742873277,0.156238970247338,57.4942217929298,3.37582064223245,"Temperate or Subpolar Needleaf Forest",14.233333269755,106.583333333333,0.920812457799911,17,59.0858107,59.0858107,0,612,740.741136396437,1000,102,60.16260163,54.47154472,41.72079078,35.93759344,51.2195122,48.7804878,c(-122.229514, 37.807332)
"1315","Squire Home",NA,"11/28/2023","12/05/2023",7,"","CA",146772.958333333,43.075,48.2540114957394,4583.96561924322,2014.49081182827,11293.25,11870,12502.8333333333,7664.5,31,63033.0228918138,0.0200732050572157,3140157.37457708,653.993934615427,53.6776742873277,0.156238970247338,57.4942217929298,3.37582064223245,"Temperate or Subpolar Needleaf Forest",14.233333269755,106.583333333333,0.920812457799911,15.5,56.2419368,56.2419368,0,578,740.741136396437,1000,102,60.16260163,54.47154472,41.72079078,35.93759344,51.2195122,48.7804878,c(-122.229514, 37.807332)
"1316","Squire Home",NA,"11/28/2023","12/05/2023",7,"","CA",146772.958333333,43.075,48.2540114957394,4583.96561924322,2014.49081182827,11293.25,11870,12502.8333333333,7664.5,31,63033.0228918138,0.0200732050572157,3140157.37457708,653.993934615427,53.6776742873277,0.156238970247338,57.4942217929298,3.37582064223245,"Temperate or Subpolar Needleaf Forest",14.233333269755,106.583333333333,0.920812457799911,15.6666666666667,76.1426295,76.1426295,0,701,740.741136396437,1000,102,60.16260163,54.47154472,41.72079078,35.93759344,51.2195122,48.7804878,c(-122.229514, 37.807332)
"1317","Squire Home",NA,"11/28/2023","12/05/2023",7,"","CA",146772.958333333,43.075,48.2540114957394,4583.96561924322,2014.49081182827,11293.25,11870,12502.8333333333,7664.5,31,63033.0228918138,0.0200732050572157,3140157.37457708,653.993934615427,53.6776742873277,0.156238970247338,57.4942217929298,3.37582064223245,"Temperate or Subpolar Needleaf Forest",14.233333269755,106.583333333333,0.920812457799911,11.6666666666667,168.7352002,168.7352002,0,499,740.741136396437,1000,102,60.16260163,54.47154472,41.72079078,35.93759344,51.2195122,48.7804878,c(-122.229514, 37.807332)
"1318","Squire Home",NA,"11/28/2023","12/05/2023",7,"","CA",146772.958333333,43.075,48.2540114957394,4583.96561924322,2014.49081182827,11293.25,11870,12502.8333333333,7664.5,31,63033.0228918138,0.0200732050572157,3140157.37457708,653.993934615427,53.6776742873277,0.156238970247338,57.4942217929298,3.37582064223245,"Temperate or Subpolar Needleaf Forest",14.233333269755,106.583333333333,0.920812457799911,14.8333333333333,113.5118096,113.5118096,0,430,740.741136396437,1000,102,60.16260163,54.47154472,41.72079078,35.93759344,51.2195122,48.7804878,c(-122.229514, 37.807332)
"1319","Squire Home",NA,"11/28/2023","12/05/2023",7,"","CA",146772.958333333,43.075,48.2540114957394,4583.96561924322,2014.49081182827,11293.25,11870,12502.8333333333,7664.5,31,63033.0228918138,0.0200732050572157,3140157.37457708,653.993934615427,53.6776742873277,0.156238970247338,57.4942217929298,3.37582064223245,"Temperate or Subpolar Needleaf Forest",14.233333269755,106.583333333333,0.920812457799911,13.1666666666667,39.6459595,39.6459595,0,440,740.741136396437,1000,102,60.16260163,54.47154472,41.72079078,35.93759344,51.2195122,48.7804878,c(-122.229514, 37.807332)
"1320","Squire Home",NA,"11/28/2023","12/05/2023",7,"","CA",146772.958333333,43.075,48.2540114957394,4583.96561924322,2014.49081182827,11293.25,11870,12502.8333333333,7664.5,31,63033.0228918138,0.0200732050572157,3140157.37457708,653.993934615427,53.6776742873277,0.156238970247338,57.4942217929298,3.37582064223245,"Temperate or Subpolar Needleaf Forest",14.233333269755,106.583333333333,0.920812457799911,16.3333333333333,93.4240622,93.4240622,0,698,740.741136396437,1000,102,60.16260163,54.47154472,41.72079078,35.93759344,51.2195122,48.7804878,c(-122.229514, 37.807332)
"1321","Squire Home",NA,"11/28/2023","12/05/2023",7,"","CA",146772.958333333,43.075,48.2540114957394,4583.96561924322,2014.49081182827,11293.25,11870,12502.8333333333,7664.5,31,63033.0228918138,0.0200732050572157,3140157.37457708,653.993934615427,53.6776742873277,0.156238970247338,57.4942217929298,3.37582064223245,"Temperate or Subpolar Needleaf Forest",14.233333269755,106.583333333333,0.920812457799911,14.8333333333333,80.5266777,80.5266777,0,522,740.741136396437,1000,102,60.16260163,54.47154472,41.72079078,35.93759344,51.2195122,48.7804878,c(-122.229514, 37.807332)
"1322","Squire Home",NA,"11/28/2023","12/05/2023",7,"","CA",146772.958333333,43.075,48.2540114957394,4583.96561924322,2014.49081182827,11293.25,11870,12502.8333333333,7664.5,31,63033.0228918138,0.0200732050572157,3140157.37457708,653.993934615427,53.6776742873277,0.156238970247338,57.4942217929298,3.37582064223245,"Temperate or Subpolar Needleaf Forest",14.233333269755,106.583333333333,0.920812457799911,15,49.0673883,49.0673883,0,357,740.741136396437,1000,102,60.16260163,54.47154472,41.72079078,35.93759344,51.2195122,48.7804878,c(-122.229514, 37.807332)
"1323","Squire Home",NA,"11/28/2023","12/05/2023",7,"","CA",146772.958333333,43.075,48.2540114957394,4583.96561924322,2014.49081182827,11293.25,11870,12502.8333333333,7664.5,31,63033.0228918138,0.0200732050572157,3140157.37457708,653.993934615427,53.6776742873277,0.156238970247338,57.4942217929298,3.37582064223245,"Temperate or Subpolar Needleaf Forest",14.233333269755,106.583333333333,0.920812457799911,14.3333333333333,69.8092094,69.8092094,0,429,740.741136396437,1000,102,60.16260163,54.47154472,41.72079078,35.93759344,51.2195122,48.7804878,c(-122.229514, 37.807332)
"1324","Squire Home",NA,"11/28/2023","12/05/2023",7,"","CA",146772.958333333,43.075,48.2540114957394,4583.96561924322,2014.49081182827,11293.25,11870,12502.8333333333,7664.5,31,63033.0228918138,0.0200732050572157,3140157.37457708,653.993934615427,53.6776742873277,0.156238970247338,57.4942217929298,3.37582064223245,"Temperate or Subpolar Needleaf Forest",14.233333269755,106.583333333333,0.920812457799911,13,41.4006166,41.4006166,0,312,740.741136396437,1000,102,60.16260163,54.47154472,41.72079078,35.93759344,51.2195122,48.7804878,c(-122.229514, 37.807332)
"1325","Squire Home",NA,"11/28/2023","12/05/2023",7,"","CA",146772.958333333,43.075,48.2540114957394,4583.96561924322,2014.49081182827,11293.25,11870,12502.8333333333,7664.5,31,63033.0228918138,0.0200732050572157,3140157.37457708,653.993934615427,53.6776742873277,0.156238970247338,57.4942217929298,3.37582064223245,"Temperate or Subpolar Needleaf Forest",14.233333269755,106.583333333333,0.920812457799911,13.8333333333333,69.6822,69.6822,0,520,740.741136396437,1000,102,60.16260163,54.47154472,41.72079078,35.93759344,51.2195122,48.7804878,c(-122.229514, 37.807332)
"1326","Squire Home",NA,"11/28/2023","12/05/2023",7,"","CA",146772.958333333,43.075,48.2540114957394,4583.96561924322,2014.49081182827,11293.25,11870,12502.8333333333,7664.5,31,63033.0228918138,0.0200732050572157,3140157.37457708,653.993934615427,53.6776742873277,0.156238970247338,57.4942217929298,3.37582064223245,"Temperate or Subpolar Needleaf Forest",14.233333269755,106.583333333333,0.920812457799911,13.8333333333333,80.7799552,80.7799552,0,741,740.741136396437,1000,102,60.16260163,54.47154472,41.72079078,35.93759344,51.2195122,48.7804878,c(-122.229514, 37.807332)
"1327","Squire Home",NA,"11/28/2023","12/05/2023",7,"","CA",146772.958333333,43.075,48.2540114957394,4583.96561924322,2014.49081182827,11293.25,11870,12502.8333333333,7664.5,31,63033.0228918138,0.0200732050572157,3140157.37457708,653.993934615427,53.6776742873277,0.156238970247338,57.4942217929298,3.37582064223245,"Temperate or Subpolar Needleaf Forest",14.233333269755,106.583333333333,0.920812457799911,14,43.7043299,43.7043299,0,629,740.741136396437,1000,102,60.16260163,54.47154472,41.72079078,35.93759344,51.2195122,48.7804878,c(-122.229514, 37.807332)
"1328","Squire Home",NA,"11/28/2023","12/05/2023",7,"","CA",146772.958333333,43.075,48.2540114957394,4583.96561924322,2014.49081182827,11293.25,11870,12502.8333333333,7664.5,31,63033.0228918138,0.0200732050572157,3140157.37457708,653.993934615427,53.6776742873277,0.156238970247338,57.4942217929298,3.37582064223245,"Temperate or Subpolar Needleaf Forest",14.233333269755,106.583333333333,0.920812457799911,13.6666666666667,29.6221009,29.6221009,0,351,740.741136396437,1000,102,60.16260163,54.47154472,41.72079078,35.93759344,51.2195122,48.7804878,c(-122.229514, 37.807332)
"1329","Squire Home",NA,"11/28/2023","12/05/2023",7,"","CA",146772.958333333,43.075,48.2540114957394,4583.96561924322,2014.49081182827,11293.25,11870,12502.8333333333,7664.5,31,63033.0228918138,0.0200732050572157,3140157.37457708,653.993934615427,53.6776742873277,0.156238970247338,57.4942217929298,3.37582064223245,"Temperate or Subpolar Needleaf Forest",14.233333269755,106.583333333333,0.920812457799911,13.3333333333333,48.5432892,48.5432892,0,477,740.741136396437,1000,102,60.16260163,54.47154472,41.72079078,35.93759344,51.2195122,48.7804878,c(-122.229514, 37.807332)
"1330","Squire Home",NA,"11/28/2023","12/05/2023",7,"","CA",146772.958333333,43.075,48.2540114957394,4583.96561924322,2014.49081182827,11293.25,11870,12502.8333333333,7664.5,31,63033.0228918138,0.0200732050572157,3140157.37457708,653.993934615427,53.6776742873277,0.156238970247338,57.4942217929298,3.37582064223245,"Temperate or Subpolar Needleaf Forest",14.233333269755,106.583333333333,0.920812457799911,13.6666666666667,32.6236246,32.6236246,0,816,740.741136396437,1000,102,60.16260163,54.47154472,41.72079078,35.93759344,51.2195122,48.7804878,c(-122.229514, 37.807332)
"1331","Squire Home",NA,"11/28/2023","12/05/2023",7,"","CA",146772.958333333,43.075,48.2540114957394,4583.96561924322,2014.49081182827,11293.25,11870,12502.8333333333,7664.5,31,63033.0228918138,0.0200732050572157,3140157.37457708,653.993934615427,53.6776742873277,0.156238970247338,57.4942217929298,3.37582064223245,"Temperate or Subpolar Needleaf Forest",14.233333269755,106.583333333333,0.920812457799911,14.8333333333333,51.6201784,51.6201784,0,677,740.741136396437,1000,102,60.16260163,54.47154472,41.72079078,35.93759344,51.2195122,48.7804878,c(-122.229514, 37.807332)
"1332","Squire Home",NA,"11/28/2023","12/05/2023",7,"","CA",146772.958333333,43.075,48.2540114957394,4583.96561924322,2014.49081182827,11293.25,11870,12502.8333333333,7664.5,31,63033.0228918138,0.0200732050572157,3140157.37457708,653.993934615427,53.6776742873277,0.156238970247338,57.4942217929298,3.37582064223245,"Temperate or Subpolar Needleaf Forest",14.233333269755,106.583333333333,0.920812457799911,15,34.9656384,34.9656384,0,560,740.741136396437,1000,102,60.16260163,54.47154472,41.72079078,35.93759344,51.2195122,48.7804878,c(-122.229514, 37.807332)
"1333","Squire Home",NA,"11/28/2023","12/05/2023",7,"","CA",146772.958333333,43.075,48.2540114957394,4583.96561924322,2014.49081182827,11293.25,11870,12502.8333333333,7664.5,31,63033.0228918138,0.0200732050572157,3140157.37457708,653.993934615427,53.6776742873277,0.156238970247338,57.4942217929298,3.37582064223245,"Temperate or Subpolar Needleaf Forest",14.233333269755,106.583333333333,0.920812457799911,13.5,104.9085289,85.7498775,19.1586514,651,740.741136396437,1000,102,60.16260163,54.47154472,41.72079078,35.93759344,51.2195122,48.7804878,c(-122.229514, 37.807332)
"1334","Squire Home",NA,"11/28/2023","12/05/2023",7,"","CA",146772.958333333,43.075,48.2540114957394,4583.96561924322,2014.49081182827,11293.25,11870,12502.8333333333,7664.5,31,63033.0228918138,0.0200732050572157,3140157.37457708,653.993934615427,53.6776742873277,0.156238970247338,57.4942217929298,3.37582064223245,"Temperate or Subpolar Needleaf Forest",14.233333269755,106.583333333333,0.920812457799911,12.8333333333333,93.737385,93.737385,0,313,740.741136396437,1000,102,60.16260163,54.47154472,41.72079078,35.93759344,51.2195122,48.7804878,c(-122.229514, 37.807332)
"1335","Squire Home",NA,"11/28/2023","12/05/2023",7,"","CA",146772.958333333,43.075,48.2540114957394,4583.96561924322,2014.49081182827,11293.25,11870,12502.8333333333,7664.5,31,63033.0228918138,0.0200732050572157,3140157.37457708,653.993934615427,53.6776742873277,0.156238970247338,57.4942217929298,3.37582064223245,"Temperate or Subpolar Needleaf Forest",14.233333269755,106.583333333333,0.920812457799911,14.1666666666667,64.7033821,64.7033821,0,690,740.741136396437,1000,102,60.16260163,54.47154472,41.72079078,35.93759344,51.2195122,48.7804878,c(-122.229514, 37.807332)
"1336","Sunset View Cemetery","SVC","02/21/2023","03/07/2023",14,"","CA",150273.5,47.8888888888889,60.6805470472997,3152.9179854579,1355.52717201072,6038.6,6600,6497.90909090909,4775.5,3,46198.7132706549,0.0147122286432822,3140157.37457628,744.315842701553,41.2336895388076,0.195595578878148,94.3920741148629,2.27844407558672,"Temperate or Subpolar Needleaf Forest",14.1699998855591,128.6,0.880839371681213,17.3333333333333,51.221359,51.221359,0,319,411.493166665083,1000,103,19.51219512,22.76422764,39.54378808,27.8813398,23.57723577,43.08943089,c(-122.2867, 37.90574)
"1337","Sunset View Cemetery","SVC","02/21/2023","03/07/2023",14,"","CA",150273.5,47.8888888888889,60.6805470472997,3152.9179854579,1355.52717201072,6038.6,6600,6497.90909090909,4775.5,3,46198.7132706549,0.0147122286432822,3140157.37457628,744.315842701553,41.2336895388076,0.195595578878148,94.3920741148629,2.27844407558672,"Temperate or Subpolar Needleaf Forest",14.1699998855591,128.6,0.880839371681213,14.6666666666667,71.4287028,71.4287028,0,326,411.493166665083,1000,103,19.51219512,22.76422764,39.54378808,27.8813398,23.57723577,43.08943089,c(-122.2867, 37.90574)
"1338","Sunset View Cemetery","SVC","02/21/2023","03/07/2023",14,"","CA",150273.5,47.8888888888889,60.6805470472997,3152.9179854579,1355.52717201072,6038.6,6600,6497.90909090909,4775.5,3,46198.7132706549,0.0147122286432822,3140157.37457628,744.315842701553,41.2336895388076,0.195595578878148,94.3920741148629,2.27844407558672,"Temperate or Subpolar Needleaf Forest",14.1699998855591,128.6,0.880839371681213,13.1666666666667,76.9975955,76.9975955,0,350,411.493166665083,1000,103,19.51219512,22.76422764,39.54378808,27.8813398,23.57723577,43.08943089,c(-122.2867, 37.90574)
"1339","Sunset View Cemetery","SVC","02/21/2023","03/07/2023",14,"","CA",150273.5,47.8888888888889,60.6805470472997,3152.9179854579,1355.52717201072,6038.6,6600,6497.90909090909,4775.5,3,46198.7132706549,0.0147122286432822,3140157.37457628,744.315842701553,41.2336895388076,0.195595578878148,94.3920741148629,2.27844407558672,"Temperate or Subpolar Needleaf Forest",14.1699998855591,128.6,0.880839371681213,15.5,82.6173908,82.6173908,0,565,411.493166665083,1000,103,19.51219512,22.76422764,39.54378808,27.8813398,23.57723577,43.08943089,c(-122.2867, 37.90574)
"1340","Sunset View Cemetery","SVC","02/21/2023","03/07/2023",14,"","CA",150273.5,47.8888888888889,60.6805470472997,3152.9179854579,1355.52717201072,6038.6,6600,6497.90909090909,4775.5,3,46198.7132706549,0.0147122286432822,3140157.37457628,744.315842701553,41.2336895388076,0.195595578878148,94.3920741148629,2.27844407558672,"Temperate or Subpolar Needleaf Forest",14.1699998855591,128.6,0.880839371681213,11.5,77.5296018,77.5296018,0,487,411.493166665083,1000,103,19.51219512,22.76422764,39.54378808,27.8813398,23.57723577,43.08943089,c(-122.2867, 37.90574)
"1341","Sunset View Cemetery","SVC","02/21/2023","03/07/2023",14,"","CA",150273.5,47.8888888888889,60.6805470472997,3152.9179854579,1355.52717201072,6038.6,6600,6497.90909090909,4775.5,3,46198.7132706549,0.0147122286432822,3140157.37457628,744.315842701553,41.2336895388076,0.195595578878148,94.3920741148629,2.27844407558672,"Temperate or Subpolar Needleaf Forest",14.1699998855591,128.6,0.880839371681213,14.8333333333333,66.0429112,66.0429112,0,546,411.493166665083,1000,103,19.51219512,22.76422764,39.54378808,27.8813398,23.57723577,43.08943089,c(-122.2867, 37.90574)
"1342","Sunset View Cemetery","SVC","02/21/2023","03/07/2023",14,"","CA",150273.5,47.8888888888889,60.6805470472997,3152.9179854579,1355.52717201072,6038.6,6600,6497.90909090909,4775.5,3,46198.7132706549,0.0147122286432822,3140157.37457628,744.315842701553,41.2336895388076,0.195595578878148,94.3920741148629,2.27844407558672,"Temperate or Subpolar Needleaf Forest",14.1699998855591,128.6,0.880839371681213,12.6666666666667,155.1370401,155.1370401,0,510,411.493166665083,1000,103,19.51219512,22.76422764,39.54378808,27.8813398,23.57723577,43.08943089,c(-122.2867, 37.90574)
"1343","Sunset View Cemetery","SVC","02/21/2023","03/07/2023",14,"","CA",150273.5,47.8888888888889,60.6805470472997,3152.9179854579,1355.52717201072,6038.6,6600,6497.90909090909,4775.5,3,46198.7132706549,0.0147122286432822,3140157.37457628,744.315842701553,41.2336895388076,0.195595578878148,94.3920741148629,2.27844407558672,"Temperate or Subpolar Needleaf Forest",14.1699998855591,128.6,0.880839371681213,13,112.8599598,112.8599598,0,416,411.493166665083,1000,103,19.51219512,22.76422764,39.54378808,27.8813398,23.57723577,43.08943089,c(-122.2867, 37.90574)
"1344","Sunset View Cemetery","SVC","02/21/2023","03/07/2023",14,"","CA",150273.5,47.8888888888889,60.6805470472997,3152.9179854579,1355.52717201072,6038.6,6600,6497.90909090909,4775.5,3,46198.7132706549,0.0147122286432822,3140157.37457628,744.315842701553,41.2336895388076,0.195595578878148,94.3920741148629,2.27844407558672,"Temperate or Subpolar Needleaf Forest",14.1699998855591,128.6,0.880839371681213,14.8333333333333,87.0958312,87.0958312,0,452,411.493166665083,1000,103,19.51219512,22.76422764,39.54378808,27.8813398,23.57723577,43.08943089,c(-122.2867, 37.90574)
"1345","Sunset View Cemetery","SVC","02/21/2023","03/07/2023",14,"","CA",150273.5,47.8888888888889,60.6805470472997,3152.9179854579,1355.52717201072,6038.6,6600,6497.90909090909,4775.5,3,46198.7132706549,0.0147122286432822,3140157.37457628,744.315842701553,41.2336895388076,0.195595578878148,94.3920741148629,2.27844407558672,"Temperate or Subpolar Needleaf Forest",14.1699998855591,128.6,0.880839371681213,11.8333333333333,228.8914481,228.8914481,0,890,411.493166665083,1000,103,19.51219512,22.76422764,39.54378808,27.8813398,23.57723577,43.08943089,c(-122.2867, 37.90574)
"1346","Sunset View Cemetery","SVC","02/21/2023","03/07/2023",14,"","CA",150273.5,47.8888888888889,60.6805470472997,3152.9179854579,1355.52717201072,6038.6,6600,6497.90909090909,4775.5,3,46198.7132706549,0.0147122286432822,3140157.37457628,744.315842701553,41.2336895388076,0.195595578878148,94.3920741148629,2.27844407558672,"Temperate or Subpolar Needleaf Forest",14.1699998855591,128.6,0.880839371681213,12.3333333333333,63.6519716,57.6738813,5.9780903,377,411.493166665083,1000,103,19.51219512,22.76422764,39.54378808,27.8813398,23.57723577,43.08943089,c(-122.2867, 37.90574)
"1347","Sunset View Cemetery","SVC","02/21/2023","03/07/2023",14,"","CA",150273.5,47.8888888888889,60.6805470472997,3152.9179854579,1355.52717201072,6038.6,6600,6497.90909090909,4775.5,3,46198.7132706549,0.0147122286432822,3140157.37457628,744.315842701553,41.2336895388076,0.195595578878148,94.3920741148629,2.27844407558672,"Temperate or Subpolar Needleaf Forest",14.1699998855591,128.6,0.880839371681213,14.3333333333333,67.6001354,67.6001354,0,476,411.493166665083,1000,103,19.51219512,22.76422764,39.54378808,27.8813398,23.57723577,43.08943089,c(-122.2867, 37.90574)
"1348","Sunset View Cemetery","SVC","02/21/2023","03/07/2023",14,"","CA",150273.5,47.8888888888889,60.6805470472997,3152.9179854579,1355.52717201072,6038.6,6600,6497.90909090909,4775.5,3,46198.7132706549,0.0147122286432822,3140157.37457628,744.315842701553,41.2336895388076,0.195595578878148,94.3920741148629,2.27844407558672,"Temperate or Subpolar Needleaf Forest",14.1699998855591,128.6,0.880839371681213,13,36.8139464,36.8139464,0,328,411.493166665083,1000,103,19.51219512,22.76422764,39.54378808,27.8813398,23.57723577,43.08943089,c(-122.2867, 37.90574)
"1349","Sunset View Cemetery","SVC","02/21/2023","03/07/2023",14,"","CA",150273.5,47.8888888888889,60.6805470472997,3152.9179854579,1355.52717201072,6038.6,6600,6497.90909090909,4775.5,3,46198.7132706549,0.0147122286432822,3140157.37457628,744.315842701553,41.2336895388076,0.195595578878148,94.3920741148629,2.27844407558672,"Temperate or Subpolar Needleaf Forest",14.1699998855591,128.6,0.880839371681213,16.8333333333333,91.3768387,91.3768387,0,798,411.493166665083,1000,103,19.51219512,22.76422764,39.54378808,27.8813398,23.57723577,43.08943089,c(-122.2867, 37.90574)
"1350","Sunset View Cemetery","SVC","02/21/2023","03/07/2023",14,"","CA",150273.5,47.8888888888889,60.6805470472997,3152.9179854579,1355.52717201072,6038.6,6600,6497.90909090909,4775.5,3,46198.7132706549,0.0147122286432822,3140157.37457628,744.315842701553,41.2336895388076,0.195595578878148,94.3920741148629,2.27844407558672,"Temperate or Subpolar Needleaf Forest",14.1699998855591,128.6,0.880839371681213,14.3333333333333,51.9221346,51.9221346,0,614,411.493166665083,1000,103,19.51219512,22.76422764,39.54378808,27.8813398,23.57723577,43.08943089,c(-122.2867, 37.90574)
"1351","Sunset View Cemetery","SVC","02/21/2023","03/07/2023",14,"","CA",150273.5,47.8888888888889,60.6805470472997,3152.9179854579,1355.52717201072,6038.6,6600,6497.90909090909,4775.5,3,46198.7132706549,0.0147122286432822,3140157.37457628,744.315842701553,41.2336895388076,0.195595578878148,94.3920741148629,2.27844407558672,"Temperate or Subpolar Needleaf Forest",14.1699998855591,128.6,0.880839371681213,19.5,115.2798101,115.2798101,0,582,411.493166665083,1000,103,19.51219512,22.76422764,39.54378808,27.8813398,23.57723577,43.08943089,c(-122.2867, 37.90574)
"1352","Sunset View Cemetery","SVC","02/21/2023","03/07/2023",14,"","CA",150273.5,47.8888888888889,60.6805470472997,3152.9179854579,1355.52717201072,6038.6,6600,6497.90909090909,4775.5,3,46198.7132706549,0.0147122286432822,3140157.37457628,744.315842701553,41.2336895388076,0.195595578878148,94.3920741148629,2.27844407558672,"Temperate or Subpolar Needleaf Forest",14.1699998855591,128.6,0.880839371681213,10.8333333333333,90.7778683,90.7778683,0,394,411.493166665083,1000,103,19.51219512,22.76422764,39.54378808,27.8813398,23.57723577,43.08943089,c(-122.2867, 37.90574)
"1353","Sunset View Cemetery","SVC","02/21/2023","03/07/2023",14,"","CA",150273.5,47.8888888888889,60.6805470472997,3152.9179854579,1355.52717201072,6038.6,6600,6497.90909090909,4775.5,3,46198.7132706549,0.0147122286432822,3140157.37457628,744.315842701553,41.2336895388076,0.195595578878148,94.3920741148629,2.27844407558672,"Temperate or Subpolar Needleaf Forest",14.1699998855591,128.6,0.880839371681213,12.8333333333333,81.1933535,81.1933535,0,338,411.493166665083,1000,103,19.51219512,22.76422764,39.54378808,27.8813398,23.57723577,43.08943089,c(-122.2867, 37.90574)
"1354","Tarvin Home","BTH","11/21/2022","12/06/2022",15,"Retired from UWIN","CA",124571.6,44.53125,42.8169260012178,2351.95369091077,974.311707306362,6779.875,6655.5,6848.33333333333,6574.5,1,48193.2706266838,0.0153474061576848,3140157.3745771,975.012748487307,48.4420903954802,0.181957161957115,97.1312124725785,2.52719064768653,"Urban and Built-up",14.2300001144409,130.38,0.853504672646523,18.3333333333333,76.1305216,76.1305216,0,399,693.521928878175,1000,104,77.23577236,85.36585366,50.43312182,33.43920268,39.83739837,63.41463415,c(-122.313254, 37.935731)
"1355","Tarvin Home","BTH","11/21/2022","12/06/2022",15,"Retired from UWIN","CA",124571.6,44.53125,42.8169260012178,2351.95369091077,974.311707306362,6779.875,6655.5,6848.33333333333,6574.5,1,48193.2706266838,0.0153474061576848,3140157.3745771,975.012748487307,48.4420903954802,0.181957161957115,97.1312124725785,2.52719064768653,"Urban and Built-up",14.2300001144409,130.38,0.853504672646523,12.5,402.8095708,402.8095708,0,930,693.521928878175,1000,104,77.23577236,85.36585366,50.43312182,33.43920268,39.83739837,63.41463415,c(-122.313254, 37.935731)
"1356","Tarvin Home","BTH","11/21/2022","12/06/2022",15,"Retired from UWIN","CA",124571.6,44.53125,42.8169260012178,2351.95369091077,974.311707306362,6779.875,6655.5,6848.33333333333,6574.5,1,48193.2706266838,0.0153474061576848,3140157.3745771,975.012748487307,48.4420903954802,0.181957161957115,97.1312124725785,2.52719064768653,"Urban and Built-up",14.2300001144409,130.38,0.853504672646523,17.1666666666667,124.9038609,124.9038609,0,564,693.521928878175,1000,104,77.23577236,85.36585366,50.43312182,33.43920268,39.83739837,63.41463415,c(-122.313254, 37.935731)
"1357","Tarvin Home","BTH","11/21/2022","12/06/2022",15,"Retired from UWIN","CA",124571.6,44.53125,42.8169260012178,2351.95369091077,974.311707306362,6779.875,6655.5,6848.33333333333,6574.5,1,48193.2706266838,0.0153474061576848,3140157.3745771,975.012748487307,48.4420903954802,0.181957161957115,97.1312124725785,2.52719064768653,"Urban and Built-up",14.2300001144409,130.38,0.853504672646523,17.6666666666667,169.0166471,169.0166471,0,542,693.521928878175,1000,104,77.23577236,85.36585366,50.43312182,33.43920268,39.83739837,63.41463415,c(-122.313254, 37.935731)
"1358","Tarvin Home","BTH","11/21/2022","12/06/2022",15,"Retired from UWIN","CA",124571.6,44.53125,42.8169260012178,2351.95369091077,974.311707306362,6779.875,6655.5,6848.33333333333,6574.5,1,48193.2706266838,0.0153474061576848,3140157.3745771,975.012748487307,48.4420903954802,0.181957161957115,97.1312124725785,2.52719064768653,"Urban and Built-up",14.2300001144409,130.38,0.853504672646523,13,82.7115359,82.7115359,0,527,693.521928878175,1000,104,77.23577236,85.36585366,50.43312182,33.43920268,39.83739837,63.41463415,c(-122.313254, 37.935731)
"1359","Tarvin Home","BTH","11/21/2022","12/06/2022",15,"Retired from UWIN","CA",124571.6,44.53125,42.8169260012178,2351.95369091077,974.311707306362,6779.875,6655.5,6848.33333333333,6574.5,1,48193.2706266838,0.0153474061576848,3140157.3745771,975.012748487307,48.4420903954802,0.181957161957115,97.1312124725785,2.52719064768653,"Urban and Built-up",14.2300001144409,130.38,0.853504672646523,10.5,2208.2724076,2208.2724076,0,966,693.521928878175,1000,104,77.23577236,85.36585366,50.43312182,33.43920268,39.83739837,63.41463415,c(-122.313254, 37.935731)
"1360","Tarvin Home","BTH","11/21/2022","12/06/2022",15,"Retired from UWIN","CA",124571.6,44.53125,42.8169260012178,2351.95369091077,974.311707306362,6779.875,6655.5,6848.33333333333,6574.5,1,48193.2706266838,0.0153474061576848,3140157.3745771,975.012748487307,48.4420903954802,0.181957161957115,97.1312124725785,2.52719064768653,"Urban and Built-up",14.2300001144409,130.38,0.853504672646523,13.6666666666667,93.1823984,93.1823984,0,513,693.521928878175,1000,104,77.23577236,85.36585366,50.43312182,33.43920268,39.83739837,63.41463415,c(-122.313254, 37.935731)
"1361","Tarvin Home","BTH","11/21/2022","12/06/2022",15,"Retired from UWIN","CA",124571.6,44.53125,42.8169260012178,2351.95369091077,974.311707306362,6779.875,6655.5,6848.33333333333,6574.5,1,48193.2706266838,0.0153474061576848,3140157.3745771,975.012748487307,48.4420903954802,0.181957161957115,97.1312124725785,2.52719064768653,"Urban and Built-up",14.2300001144409,130.38,0.853504672646523,13.3333333333333,81.6008214,81.6008214,0,613,693.521928878175,1000,104,77.23577236,85.36585366,50.43312182,33.43920268,39.83739837,63.41463415,c(-122.313254, 37.935731)
"1362","Tarvin Home","BTH","11/21/2022","12/06/2022",15,"Retired from UWIN","CA",124571.6,44.53125,42.8169260012178,2351.95369091077,974.311707306362,6779.875,6655.5,6848.33333333333,6574.5,1,48193.2706266838,0.0153474061576848,3140157.3745771,975.012748487307,48.4420903954802,0.181957161957115,97.1312124725785,2.52719064768653,"Urban and Built-up",14.2300001144409,130.38,0.853504672646523,14.6666666666667,66.0985087,66.0985087,0,351,693.521928878175,1000,104,77.23577236,85.36585366,50.43312182,33.43920268,39.83739837,63.41463415,c(-122.313254, 37.935731)
"1363","Tarvin Home","BTH","11/21/2022","12/06/2022",15,"Retired from UWIN","CA",124571.6,44.53125,42.8169260012178,2351.95369091077,974.311707306362,6779.875,6655.5,6848.33333333333,6574.5,1,48193.2706266838,0.0153474061576848,3140157.3745771,975.012748487307,48.4420903954802,0.181957161957115,97.1312124725785,2.52719064768653,"Urban and Built-up",14.2300001144409,130.38,0.853504672646523,11.3333333333333,109.0392996,109.0392996,0,389,693.521928878175,1000,104,77.23577236,85.36585366,50.43312182,33.43920268,39.83739837,63.41463415,c(-122.313254, 37.935731)
"1364","Tarvin Home","BTH","11/21/2022","12/06/2022",15,"Retired from UWIN","CA",124571.6,44.53125,42.8169260012178,2351.95369091077,974.311707306362,6779.875,6655.5,6848.33333333333,6574.5,1,48193.2706266838,0.0153474061576848,3140157.3745771,975.012748487307,48.4420903954802,0.181957161957115,97.1312124725785,2.52719064768653,"Urban and Built-up",14.2300001144409,130.38,0.853504672646523,14.3333333333333,110.7437954,110.7437954,0,605,693.521928878175,1000,104,77.23577236,85.36585366,50.43312182,33.43920268,39.83739837,63.41463415,c(-122.313254, 37.935731)
"1365","Tarvin Home","BTH","11/21/2022","12/06/2022",15,"Retired from UWIN","CA",124571.6,44.53125,42.8169260012178,2351.95369091077,974.311707306362,6779.875,6655.5,6848.33333333333,6574.5,1,48193.2706266838,0.0153474061576848,3140157.3745771,975.012748487307,48.4420903954802,0.181957161957115,97.1312124725785,2.52719064768653,"Urban and Built-up",14.2300001144409,130.38,0.853504672646523,14.6666666666667,48.7466525,48.7466525,0,415,693.521928878175,1000,104,77.23577236,85.36585366,50.43312182,33.43920268,39.83739837,63.41463415,c(-122.313254, 37.935731)
"1366","Tarvin Home","BTH","11/21/2022","12/06/2022",15,"Retired from UWIN","CA",124571.6,44.53125,42.8169260012178,2351.95369091077,974.311707306362,6779.875,6655.5,6848.33333333333,6574.5,1,48193.2706266838,0.0153474061576848,3140157.3745771,975.012748487307,48.4420903954802,0.181957161957115,97.1312124725785,2.52719064768653,"Urban and Built-up",14.2300001144409,130.38,0.853504672646523,18.6666666666667,83.243048,83.243048,0,453,693.521928878175,1000,104,77.23577236,85.36585366,50.43312182,33.43920268,39.83739837,63.41463415,c(-122.313254, 37.935731)
"1367","Tarvin Home","BTH","11/21/2022","12/06/2022",15,"Retired from UWIN","CA",124571.6,44.53125,42.8169260012178,2351.95369091077,974.311707306362,6779.875,6655.5,6848.33333333333,6574.5,1,48193.2706266838,0.0153474061576848,3140157.3745771,975.012748487307,48.4420903954802,0.181957161957115,97.1312124725785,2.52719064768653,"Urban and Built-up",14.2300001144409,130.38,0.853504672646523,9.66666666666667,120.4600145,120.4600145,0,441,693.521928878175,1000,104,77.23577236,85.36585366,50.43312182,33.43920268,39.83739837,63.41463415,c(-122.313254, 37.935731)
"1368","Tarvin Home","BTH","11/21/2022","12/06/2022",15,"Retired from UWIN","CA",124571.6,44.53125,42.8169260012178,2351.95369091077,974.311707306362,6779.875,6655.5,6848.33333333333,6574.5,1,48193.2706266838,0.0153474061576848,3140157.3745771,975.012748487307,48.4420903954802,0.181957161957115,97.1312124725785,2.52719064768653,"Urban and Built-up",14.2300001144409,130.38,0.853504672646523,13.1666666666667,119.9981846,119.9981846,0,824,693.521928878175,1000,104,77.23577236,85.36585366,50.43312182,33.43920268,39.83739837,63.41463415,c(-122.313254, 37.935731)
"1369","Tarvin Home","BTH","11/21/2022","12/06/2022",15,"Retired from UWIN","CA",124571.6,44.53125,42.8169260012178,2351.95369091077,974.311707306362,6779.875,6655.5,6848.33333333333,6574.5,1,48193.2706266838,0.0153474061576848,3140157.3745771,975.012748487307,48.4420903954802,0.181957161957115,97.1312124725785,2.52719064768653,"Urban and Built-up",14.2300001144409,130.38,0.853504672646523,13.8333333333333,50.8121614,50.8121614,0,399,693.521928878175,1000,104,77.23577236,85.36585366,50.43312182,33.43920268,39.83739837,63.41463415,c(-122.313254, 37.935731)
"1370","Temescal Regional Recreation Area","TRRA","11/06/2023","11/13/2023",7,"","CA",197825.818181818,47.9818181818182,63.4062777972041,1812.35914445048,728.535238955154,4994.375,4741,4988.33333333333,5012.5,1,55155.9825500822,0.0175647192069515,3140157.37457696,772.87498191025,37.2367163339892,0.1951198255904,153.890338528657,2.52108911764889,"Urban and Built-up",14.0299999237061,119.04,0.851982221007347,9.5,544.445314,544.445314,0,1161,504.102549711032,1000,105,41.46341463,24.3902439,34.38327414,29.67977055,28.45528455,19.51219512,c(-122.231721, 37.846402)
"1371","Temescal Regional Recreation Area","TRRA","11/06/2023","11/13/2023",7,"","CA",197825.818181818,47.9818181818182,63.4062777972041,1812.35914445048,728.535238955154,4994.375,4741,4988.33333333333,5012.5,1,55155.9825500822,0.0175647192069515,3140157.37457696,772.87498191025,37.2367163339892,0.1951198255904,153.890338528657,2.52108911764889,"Urban and Built-up",14.0299999237061,119.04,0.851982221007347,10.1666666666667,1703.5911669,1703.5911669,0,1432,504.102549711032,1000,105,41.46341463,24.3902439,34.38327414,29.67977055,28.45528455,19.51219512,c(-122.231721, 37.846402)
"1372","Temescal Regional Recreation Area","TRRA","11/06/2023","11/13/2023",7,"","CA",197825.818181818,47.9818181818182,63.4062777972041,1812.35914445048,728.535238955154,4994.375,4741,4988.33333333333,5012.5,1,55155.9825500822,0.0175647192069515,3140157.37457696,772.87498191025,37.2367163339892,0.1951198255904,153.890338528657,2.52108911764889,"Urban and Built-up",14.0299999237061,119.04,0.851982221007347,12.5,138.296928,138.296928,0,623,504.102549711032,1000,105,41.46341463,24.3902439,34.38327414,29.67977055,28.45528455,19.51219512,c(-122.231721, 37.846402)
"1373","Temescal Regional Recreation Area","TRRA","11/06/2023","11/13/2023",7,"","CA",197825.818181818,47.9818181818182,63.4062777972041,1812.35914445048,728.535238955154,4994.375,4741,4988.33333333333,5012.5,1,55155.9825500822,0.0175647192069515,3140157.37457696,772.87498191025,37.2367163339892,0.1951198255904,153.890338528657,2.52108911764889,"Urban and Built-up",14.0299999237061,119.04,0.851982221007347,15.8333333333333,105.3990224,105.3990224,0,625,504.102549711032,1000,105,41.46341463,24.3902439,34.38327414,29.67977055,28.45528455,19.51219512,c(-122.231721, 37.846402)
"1374","Temescal Regional Recreation Area","TRRA","11/06/2023","11/13/2023",7,"","CA",197825.818181818,47.9818181818182,63.4062777972041,1812.35914445048,728.535238955154,4994.375,4741,4988.33333333333,5012.5,1,55155.9825500822,0.0175647192069515,3140157.37457696,772.87498191025,37.2367163339892,0.1951198255904,153.890338528657,2.52108911764889,"Urban and Built-up",14.0299999237061,119.04,0.851982221007347,15.5,102.3483258,102.3483258,0,543,504.102549711032,1000,105,41.46341463,24.3902439,34.38327414,29.67977055,28.45528455,19.51219512,c(-122.231721, 37.846402)
"1375","Temescal Regional Recreation Area","TRRA","11/06/2023","11/13/2023",7,"","CA",197825.818181818,47.9818181818182,63.4062777972041,1812.35914445048,728.535238955154,4994.375,4741,4988.33333333333,5012.5,1,55155.9825500822,0.0175647192069515,3140157.37457696,772.87498191025,37.2367163339892,0.1951198255904,153.890338528657,2.52108911764889,"Urban and Built-up",14.0299999237061,119.04,0.851982221007347,14.6666666666667,84.9114672,84.9114672,0,431,504.102549711032,1000,105,41.46341463,24.3902439,34.38327414,29.67977055,28.45528455,19.51219512,c(-122.231721, 37.846402)
"1376","Temescal Regional Recreation Area","TRRA","11/06/2023","11/13/2023",7,"","CA",197825.818181818,47.9818181818182,63.4062777972041,1812.35914445048,728.535238955154,4994.375,4741,4988.33333333333,5012.5,1,55155.9825500822,0.0175647192069515,3140157.37457696,772.87498191025,37.2367163339892,0.1951198255904,153.890338528657,2.52108911764889,"Urban and Built-up",14.0299999237061,119.04,0.851982221007347,14.5,121.637446,121.637446,0,607,504.102549711032,1000,105,41.46341463,24.3902439,34.38327414,29.67977055,28.45528455,19.51219512,c(-122.231721, 37.846402)
"1377","Temescal Regional Recreation Area","TRRA","11/06/2023","11/13/2023",7,"","CA",197825.818181818,47.9818181818182,63.4062777972041,1812.35914445048,728.535238955154,4994.375,4741,4988.33333333333,5012.5,1,55155.9825500822,0.0175647192069515,3140157.37457696,772.87498191025,37.2367163339892,0.1951198255904,153.890338528657,2.52108911764889,"Urban and Built-up",14.0299999237061,119.04,0.851982221007347,12.6666666666667,465.3552757,465.3552757,0,590,504.102549711032,1000,105,41.46341463,24.3902439,34.38327414,29.67977055,28.45528455,19.51219512,c(-122.231721, 37.846402)
"1378","Temescal Regional Recreation Area","TRRA","11/06/2023","11/13/2023",7,"","CA",197825.818181818,47.9818181818182,63.4062777972041,1812.35914445048,728.535238955154,4994.375,4741,4988.33333333333,5012.5,1,55155.9825500822,0.0175647192069515,3140157.37457696,772.87498191025,37.2367163339892,0.1951198255904,153.890338528657,2.52108911764889,"Urban and Built-up",14.0299999237061,119.04,0.851982221007347,13.8333333333333,92.7222982,92.7222982,0,255,504.102549711032,1000,105,41.46341463,24.3902439,34.38327414,29.67977055,28.45528455,19.51219512,c(-122.231721, 37.846402)
"1379","Temescal Regional Recreation Area","TRRA","11/06/2023","11/13/2023",7,"","CA",197825.818181818,47.9818181818182,63.4062777972041,1812.35914445048,728.535238955154,4994.375,4741,4988.33333333333,5012.5,1,55155.9825500822,0.0175647192069515,3140157.37457696,772.87498191025,37.2367163339892,0.1951198255904,153.890338528657,2.52108911764889,"Urban and Built-up",14.0299999237061,119.04,0.851982221007347,11.6666666666667,251.2329946,244.9882834,6.2447112,616,504.102549711032,1000,105,41.46341463,24.3902439,34.38327414,29.67977055,28.45528455,19.51219512,c(-122.231721, 37.846402)
"1380","The Dog Social Club",NA,"02/16/2023","03/03/2023",15,"","CA",84869.4,35.055,26.6246481143328,4316.59592558854,1843.56624445554,12871.3125,12797,12338.1666666667,14470.75,16,73725.3393180174,0.0234782307138208,3140157.37457669,987.740665434459,78.033295711061,0.0819728971177868,5.1650819225906,4.08444883225179,"Urban and Built-up",14.1899997711182,108.8,0.947144344449043,16.1666666666667,64.7120306,64.7120306,0,543,468.917780262029,1000,NA,NA,NA,NA,NA,NA,NA,c(-122.289412, 37.811808)
"1381","The Dog Social Club",NA,"02/16/2023","03/03/2023",15,"","CA",84869.4,35.055,26.6246481143328,4316.59592558854,1843.56624445554,12871.3125,12797,12338.1666666667,14470.75,16,73725.3393180174,0.0234782307138208,3140157.37457669,987.740665434459,78.033295711061,0.0819728971177868,5.1650819225906,4.08444883225179,"Urban and Built-up",14.1899997711182,108.8,0.947144344449043,15.6666666666667,92.477175,92.477175,0,660,468.917780262029,1000,NA,NA,NA,NA,NA,NA,NA,c(-122.289412, 37.811808)
"1382","The Dog Social Club",NA,"02/16/2023","03/03/2023",15,"","CA",84869.4,35.055,26.6246481143328,4316.59592558854,1843.56624445554,12871.3125,12797,12338.1666666667,14470.75,16,73725.3393180174,0.0234782307138208,3140157.37457669,987.740665434459,78.033295711061,0.0819728971177868,5.1650819225906,4.08444883225179,"Urban and Built-up",14.1899997711182,108.8,0.947144344449043,14.6666666666667,35.2451085,35.2451085,0,480,468.917780262029,1000,NA,NA,NA,NA,NA,NA,NA,c(-122.289412, 37.811808)
"1383","The Dog Social Club",NA,"02/16/2023","03/03/2023",15,"","CA",84869.4,35.055,26.6246481143328,4316.59592558854,1843.56624445554,12871.3125,12797,12338.1666666667,14470.75,16,73725.3393180174,0.0234782307138208,3140157.37457669,987.740665434459,78.033295711061,0.0819728971177868,5.1650819225906,4.08444883225179,"Urban and Built-up",14.1899997711182,108.8,0.947144344449043,16,214.4583371,214.4583371,0,678,468.917780262029,1000,NA,NA,NA,NA,NA,NA,NA,c(-122.289412, 37.811808)
"1384","The Dog Social Club",NA,"02/16/2023","03/03/2023",15,"","CA",84869.4,35.055,26.6246481143328,4316.59592558854,1843.56624445554,12871.3125,12797,12338.1666666667,14470.75,16,73725.3393180174,0.0234782307138208,3140157.37457669,987.740665434459,78.033295711061,0.0819728971177868,5.1650819225906,4.08444883225179,"Urban and Built-up",14.1899997711182,108.8,0.947144344449043,16.1666666666667,175.0177177,175.0177177,0,926,468.917780262029,1000,NA,NA,NA,NA,NA,NA,NA,c(-122.289412, 37.811808)
"1385","The Dog Social Club",NA,"02/16/2023","03/03/2023",15,"","CA",84869.4,35.055,26.6246481143328,4316.59592558854,1843.56624445554,12871.3125,12797,12338.1666666667,14470.75,16,73725.3393180174,0.0234782307138208,3140157.37457669,987.740665434459,78.033295711061,0.0819728971177868,5.1650819225906,4.08444883225179,"Urban and Built-up",14.1899997711182,108.8,0.947144344449043,5,2469.5902945,1033.1663657,1436.4239288,61,468.917780262029,1000,NA,NA,NA,NA,NA,NA,NA,c(-122.289412, 37.811808)
"1386","The Dog Social Club",NA,"02/16/2023","03/03/2023",15,"","CA",84869.4,35.055,26.6246481143328,4316.59592558854,1843.56624445554,12871.3125,12797,12338.1666666667,14470.75,16,73725.3393180174,0.0234782307138208,3140157.37457669,987.740665434459,78.033295711061,0.0819728971177868,5.1650819225906,4.08444883225179,"Urban and Built-up",14.1899997711182,108.8,0.947144344449043,16.6666666666667,38.5473529,38.5473529,0,590,468.917780262029,1000,NA,NA,NA,NA,NA,NA,NA,c(-122.289412, 37.811808)
"1387","The Dog Social Club",NA,"02/16/2023","03/03/2023",15,"","CA",84869.4,35.055,26.6246481143328,4316.59592558854,1843.56624445554,12871.3125,12797,12338.1666666667,14470.75,16,73725.3393180174,0.0234782307138208,3140157.37457669,987.740665434459,78.033295711061,0.0819728971177868,5.1650819225906,4.08444883225179,"Urban and Built-up",14.1899997711182,108.8,0.947144344449043,14.8333333333333,22.2609919,22.2609919,0,524,468.917780262029,1000,NA,NA,NA,NA,NA,NA,NA,c(-122.289412, 37.811808)
"1388","The Dog Social Club",NA,"02/16/2023","03/03/2023",15,"","CA",84869.4,35.055,26.6246481143328,4316.59592558854,1843.56624445554,12871.3125,12797,12338.1666666667,14470.75,16,73725.3393180174,0.0234782307138208,3140157.37457669,987.740665434459,78.033295711061,0.0819728971177868,5.1650819225906,4.08444883225179,"Urban and Built-up",14.1899997711182,108.8,0.947144344449043,17.5,42.4347301,42.4347301,0,462,468.917780262029,1000,NA,NA,NA,NA,NA,NA,NA,c(-122.289412, 37.811808)
"1389","The Dog Social Club",NA,"02/16/2023","03/03/2023",15,"","CA",84869.4,35.055,26.6246481143328,4316.59592558854,1843.56624445554,12871.3125,12797,12338.1666666667,14470.75,16,73725.3393180174,0.0234782307138208,3140157.37457669,987.740665434459,78.033295711061,0.0819728971177868,5.1650819225906,4.08444883225179,"Urban and Built-up",14.1899997711182,108.8,0.947144344449043,16,27.8328498,27.8328498,0,459,468.917780262029,1000,NA,NA,NA,NA,NA,NA,NA,c(-122.289412, 37.811808)
"1390","The Dog Social Club",NA,"02/16/2023","03/03/2023",15,"","CA",84869.4,35.055,26.6246481143328,4316.59592558854,1843.56624445554,12871.3125,12797,12338.1666666667,14470.75,16,73725.3393180174,0.0234782307138208,3140157.37457669,987.740665434459,78.033295711061,0.0819728971177868,5.1650819225906,4.08444883225179,"Urban and Built-up",14.1899997711182,108.8,0.947144344449043,13.8333333333333,61.0144262,61.0144262,0,739,468.917780262029,1000,NA,NA,NA,NA,NA,NA,NA,c(-122.289412, 37.811808)
"1391","The Dog Social Club",NA,"02/16/2023","03/03/2023",15,"","CA",84869.4,35.055,26.6246481143328,4316.59592558854,1843.56624445554,12871.3125,12797,12338.1666666667,14470.75,16,73725.3393180174,0.0234782307138208,3140157.37457669,987.740665434459,78.033295711061,0.0819728971177868,5.1650819225906,4.08444883225179,"Urban and Built-up",14.1899997711182,108.8,0.947144344449043,15.3333333333333,65.1308651,65.1308651,0,479,468.917780262029,1000,NA,NA,NA,NA,NA,NA,NA,c(-122.289412, 37.811808)
"1392","The Dog Social Club",NA,"02/16/2023","03/03/2023",15,"","CA",84869.4,35.055,26.6246481143328,4316.59592558854,1843.56624445554,12871.3125,12797,12338.1666666667,14470.75,16,73725.3393180174,0.0234782307138208,3140157.37457669,987.740665434459,78.033295711061,0.0819728971177868,5.1650819225906,4.08444883225179,"Urban and Built-up",14.1899997711182,108.8,0.947144344449043,13.3333333333333,25.1728183,25.1728183,0,395,468.917780262029,1000,NA,NA,NA,NA,NA,NA,NA,c(-122.289412, 37.811808)
"1393","The Dog Social Club",NA,"02/16/2023","03/03/2023",15,"","CA",84869.4,35.055,26.6246481143328,4316.59592558854,1843.56624445554,12871.3125,12797,12338.1666666667,14470.75,16,73725.3393180174,0.0234782307138208,3140157.37457669,987.740665434459,78.033295711061,0.0819728971177868,5.1650819225906,4.08444883225179,"Urban and Built-up",14.1899997711182,108.8,0.947144344449043,14.1666666666667,1275.4059087,924.497469,350.9084397,123,468.917780262029,1000,NA,NA,NA,NA,NA,NA,NA,c(-122.289412, 37.811808)
"1394","The Dog Social Club",NA,"02/16/2023","03/03/2023",15,"","CA",84869.4,35.055,26.6246481143328,4316.59592558854,1843.56624445554,12871.3125,12797,12338.1666666667,14470.75,16,73725.3393180174,0.0234782307138208,3140157.37457669,987.740665434459,78.033295711061,0.0819728971177868,5.1650819225906,4.08444883225179,"Urban and Built-up",14.1899997711182,108.8,0.947144344449043,16.5,105.6873881,105.6873881,0,380,468.917780262029,1000,NA,NA,NA,NA,NA,NA,NA,c(-122.289412, 37.811808)
"1395","The Dog Social Club",NA,"02/16/2023","03/03/2023",15,"","CA",84869.4,35.055,26.6246481143328,4316.59592558854,1843.56624445554,12871.3125,12797,12338.1666666667,14470.75,16,73725.3393180174,0.0234782307138208,3140157.37457669,987.740665434459,78.033295711061,0.0819728971177868,5.1650819225906,4.08444883225179,"Urban and Built-up",14.1899997711182,108.8,0.947144344449043,17.3333333333333,179.0185138,179.0185138,0,1039,468.917780262029,1000,NA,NA,NA,NA,NA,NA,NA,c(-122.289412, 37.811808)
"1396","The Dog Social Club",NA,"02/16/2023","03/03/2023",15,"","CA",84869.4,35.055,26.6246481143328,4316.59592558854,1843.56624445554,12871.3125,12797,12338.1666666667,14470.75,16,73725.3393180174,0.0234782307138208,3140157.37457669,987.740665434459,78.033295711061,0.0819728971177868,5.1650819225906,4.08444883225179,"Urban and Built-up",14.1899997711182,108.8,0.947144344449043,15,380.1937433,313.656385,66.5373583,144,468.917780262029,1000,NA,NA,NA,NA,NA,NA,NA,c(-122.289412, 37.811808)
"1397","The Dog Social Club",NA,"02/16/2023","03/03/2023",15,"","CA",84869.4,35.055,26.6246481143328,4316.59592558854,1843.56624445554,12871.3125,12797,12338.1666666667,14470.75,16,73725.3393180174,0.0234782307138208,3140157.37457669,987.740665434459,78.033295711061,0.0819728971177868,5.1650819225906,4.08444883225179,"Urban and Built-up",14.1899997711182,108.8,0.947144344449043,16.6666666666667,78.7858582,78.7858582,0,623,468.917780262029,1000,NA,NA,NA,NA,NA,NA,NA,c(-122.289412, 37.811808)
"1398","The Dog Social Club",NA,"02/16/2023","03/03/2023",15,"","CA",84869.4,35.055,26.6246481143328,4316.59592558854,1843.56624445554,12871.3125,12797,12338.1666666667,14470.75,16,73725.3393180174,0.0234782307138208,3140157.37457669,987.740665434459,78.033295711061,0.0819728971177868,5.1650819225906,4.08444883225179,"Urban and Built-up",14.1899997711182,108.8,0.947144344449043,16.3333333333333,47.2336592,47.2336592,0,629,468.917780262029,1000,NA,NA,NA,NA,NA,NA,NA,c(-122.289412, 37.811808)
"1399","Tilden Nature Area-Jewel Lake","TNA-JL","11/10/2023","11/24/2023",14,"","CA",171402.666666667,50.6777777777778,62.3851782170351,2096.16835548086,859.840639643546,9513.5,9513.5,9513.5,NA,1,19513.7586377194,0.00621426136018016,3140157.37457712,990.086522739127,10.9435028248586,0.274856245152223,220.140292078025,1.32912146327923,"Urban and Built-up",13.910000038147,133.32,0.582436136901379,13.1666666666667,77.0302127,77.0302127,0,306,1251.27116510437,1000,107,9.756097561,17.88617886,26.29784164,21.43893119,8.130081301,3.25203252,c(-122.26971, 37.91272)
"1400","Tilden Nature Area-Jewel Lake","TNA-JL","11/10/2023","11/24/2023",14,"","CA",171402.666666667,50.6777777777778,62.3851782170351,2096.16835548086,859.840639643546,9513.5,9513.5,9513.5,NA,1,19513.7586377194,0.00621426136018016,3140157.37457712,990.086522739127,10.9435028248586,0.274856245152223,220.140292078025,1.32912146327923,"Urban and Built-up",13.910000038147,133.32,0.582436136901379,15.3333333333333,107.1853083,107.1853083,0,531,1251.27116510437,1000,107,9.756097561,17.88617886,26.29784164,21.43893119,8.130081301,3.25203252,c(-122.26971, 37.91272)
"1401","Tilden Nature Area-Jewel Lake","TNA-JL","11/10/2023","11/24/2023",14,"","CA",171402.666666667,50.6777777777778,62.3851782170351,2096.16835548086,859.840639643546,9513.5,9513.5,9513.5,NA,1,19513.7586377194,0.00621426136018016,3140157.37457712,990.086522739127,10.9435028248586,0.274856245152223,220.140292078025,1.32912146327923,"Urban and Built-up",13.910000038147,133.32,0.582436136901379,11.6666666666667,63.4851791,63.1123052,0.3728739,301,1251.27116510437,1000,107,9.756097561,17.88617886,26.29784164,21.43893119,8.130081301,3.25203252,c(-122.26971, 37.91272)
"1402","Tilden Nature Area-Jewel Lake","TNA-JL","11/10/2023","11/24/2023",14,"","CA",171402.666666667,50.6777777777778,62.3851782170351,2096.16835548086,859.840639643546,9513.5,9513.5,9513.5,NA,1,19513.7586377194,0.00621426136018016,3140157.37457712,990.086522739127,10.9435028248586,0.274856245152223,220.140292078025,1.32912146327923,"Urban and Built-up",13.910000038147,133.32,0.582436136901379,17.3333333333333,51.221359,51.221359,0,319,1251.27116510437,1000,107,9.756097561,17.88617886,26.29784164,21.43893119,8.130081301,3.25203252,c(-122.26971, 37.91272)
"1403","Tilden Nature Area-Jewel Lake","TNA-JL","11/10/2023","11/24/2023",14,"","CA",171402.666666667,50.6777777777778,62.3851782170351,2096.16835548086,859.840639643546,9513.5,9513.5,9513.5,NA,1,19513.7586377194,0.00621426136018016,3140157.37457712,990.086522739127,10.9435028248586,0.274856245152223,220.140292078025,1.32912146327923,"Urban and Built-up",13.910000038147,133.32,0.582436136901379,10.5,2208.2724076,2208.2724076,0,966,1251.27116510437,1000,107,9.756097561,17.88617886,26.29784164,21.43893119,8.130081301,3.25203252,c(-122.26971, 37.91272)
"1404","Tilden Nature Area-Jewel Lake","TNA-JL","11/10/2023","11/24/2023",14,"","CA",171402.666666667,50.6777777777778,62.3851782170351,2096.16835548086,859.840639643546,9513.5,9513.5,9513.5,NA,1,19513.7586377194,0.00621426136018016,3140157.37457712,990.086522739127,10.9435028248586,0.274856245152223,220.140292078025,1.32912146327923,"Urban and Built-up",13.910000038147,133.32,0.582436136901379,12.6666666666667,155.1370401,155.1370401,0,510,1251.27116510437,1000,107,9.756097561,17.88617886,26.29784164,21.43893119,8.130081301,3.25203252,c(-122.26971, 37.91272)
"1405","Tilden Nature Area-Jewel Lake","TNA-JL","11/10/2023","11/24/2023",14,"","CA",171402.666666667,50.6777777777778,62.3851782170351,2096.16835548086,859.840639643546,9513.5,9513.5,9513.5,NA,1,19513.7586377194,0.00621426136018016,3140157.37457712,990.086522739127,10.9435028248586,0.274856245152223,220.140292078025,1.32912146327923,"Urban and Built-up",13.910000038147,133.32,0.582436136901379,13,112.8599598,112.8599598,0,416,1251.27116510437,1000,107,9.756097561,17.88617886,26.29784164,21.43893119,8.130081301,3.25203252,c(-122.26971, 37.91272)
"1406","Tilden Nature Area-Jewel Lake","TNA-JL","11/10/2023","11/24/2023",14,"","CA",171402.666666667,50.6777777777778,62.3851782170351,2096.16835548086,859.840639643546,9513.5,9513.5,9513.5,NA,1,19513.7586377194,0.00621426136018016,3140157.37457712,990.086522739127,10.9435028248586,0.274856245152223,220.140292078025,1.32912146327923,"Urban and Built-up",13.910000038147,133.32,0.582436136901379,4,17980.3370117,16534.8341347,1445.502877,977,1251.27116510437,1000,107,9.756097561,17.88617886,26.29784164,21.43893119,8.130081301,3.25203252,c(-122.26971, 37.91272)
"1407","Tilden Nature Area-Jewel Lake","TNA-JL","11/10/2023","11/24/2023",14,"","CA",171402.666666667,50.6777777777778,62.3851782170351,2096.16835548086,859.840639643546,9513.5,9513.5,9513.5,NA,1,19513.7586377194,0.00621426136018016,3140157.37457712,990.086522739127,10.9435028248586,0.274856245152223,220.140292078025,1.32912146327923,"Urban and Built-up",13.910000038147,133.32,0.582436136901379,12.3333333333333,63.6519716,57.6738813,5.9780903,377,1251.27116510437,1000,107,9.756097561,17.88617886,26.29784164,21.43893119,8.130081301,3.25203252,c(-122.26971, 37.91272)
"1408","Tilden Nature Area-Loop Road Parking","TNA-LR","11/10/2023","11/16/2023",6,"","CA",186773,52.8777777777778,67.0435878572446,2088.21021851206,877.418050262857,8353,8353,8353,NA,1,28192.7043209262,0.00897811827814163,3140157.37457647,880.656059486089,9.25352509870265,0.280189120360715,241.781729247672,1.31685172124462,"Temperate or Subpolar Needleaf Forest",13.910000038147,132.26,0.687347412109375,13.1666666666667,77.0302127,77.0302127,0,306,1079.3753268483,1000,108,8.130081301,25.20325203,33.62227227,20.76941577,4.87804878,12.19512195,c(-122.260249, 37.9043)
"1409","Tilden Nature Area-Loop Road Parking","TNA-LR","11/10/2023","11/16/2023",6,"","CA",186773,52.8777777777778,67.0435878572446,2088.21021851206,877.418050262857,8353,8353,8353,NA,1,28192.7043209262,0.00897811827814163,3140157.37457647,880.656059486089,9.25352509870265,0.280189120360715,241.781729247672,1.31685172124462,"Temperate or Subpolar Needleaf Forest",13.910000038147,132.26,0.687347412109375,15.3333333333333,107.1853083,107.1853083,0,531,1079.3753268483,1000,108,8.130081301,25.20325203,33.62227227,20.76941577,4.87804878,12.19512195,c(-122.260249, 37.9043)
"1410","Tilden Nature Area-Loop Road Parking","TNA-LR","11/10/2023","11/16/2023",6,"","CA",186773,52.8777777777778,67.0435878572446,2088.21021851206,877.418050262857,8353,8353,8353,NA,1,28192.7043209262,0.00897811827814163,3140157.37457647,880.656059486089,9.25352509870265,0.280189120360715,241.781729247672,1.31685172124462,"Temperate or Subpolar Needleaf Forest",13.910000038147,132.26,0.687347412109375,11.6666666666667,63.4851791,63.1123052,0.3728739,301,1079.3753268483,1000,108,8.130081301,25.20325203,33.62227227,20.76941577,4.87804878,12.19512195,c(-122.260249, 37.9043)
"1411","Tilden Nature Area-Loop Road Parking","TNA-LR","11/10/2023","11/16/2023",6,"","CA",186773,52.8777777777778,67.0435878572446,2088.21021851206,877.418050262857,8353,8353,8353,NA,1,28192.7043209262,0.00897811827814163,3140157.37457647,880.656059486089,9.25352509870265,0.280189120360715,241.781729247672,1.31685172124462,"Temperate or Subpolar Needleaf Forest",13.910000038147,132.26,0.687347412109375,14.6666666666667,110.1416127,110.1416127,0,481,1079.3753268483,1000,108,8.130081301,25.20325203,33.62227227,20.76941577,4.87804878,12.19512195,c(-122.260249, 37.9043)
"1412","Tilden Nature Area-Loop Road Parking","TNA-LR","11/10/2023","11/16/2023",6,"","CA",186773,52.8777777777778,67.0435878572446,2088.21021851206,877.418050262857,8353,8353,8353,NA,1,28192.7043209262,0.00897811827814163,3140157.37457647,880.656059486089,9.25352509870265,0.280189120360715,241.781729247672,1.31685172124462,"Temperate or Subpolar Needleaf Forest",13.910000038147,132.26,0.687347412109375,14,164.0667399,164.0667399,0,527,1079.3753268483,1000,108,8.130081301,25.20325203,33.62227227,20.76941577,4.87804878,12.19512195,c(-122.260249, 37.9043)
"1413","Tilden Nature Area-Loop Road Parking","TNA-LR","11/10/2023","11/16/2023",6,"","CA",186773,52.8777777777778,67.0435878572446,2088.21021851206,877.418050262857,8353,8353,8353,NA,1,28192.7043209262,0.00897811827814163,3140157.37457647,880.656059486089,9.25352509870265,0.280189120360715,241.781729247672,1.31685172124462,"Temperate or Subpolar Needleaf Forest",13.910000038147,132.26,0.687347412109375,6.5,3400.4955607,3400.4955607,0,875,1079.3753268483,1000,108,8.130081301,25.20325203,33.62227227,20.76941577,4.87804878,12.19512195,c(-122.260249, 37.9043)
"1414","Tilden Nature Area-Loop Road Parking","TNA-LR","11/10/2023","11/16/2023",6,"","CA",186773,52.8777777777778,67.0435878572446,2088.21021851206,877.418050262857,8353,8353,8353,NA,1,28192.7043209262,0.00897811827814163,3140157.37457647,880.656059486089,9.25352509870265,0.280189120360715,241.781729247672,1.31685172124462,"Temperate or Subpolar Needleaf Forest",13.910000038147,132.26,0.687347412109375,12.6666666666667,155.1370401,155.1370401,0,510,1079.3753268483,1000,108,8.130081301,25.20325203,33.62227227,20.76941577,4.87804878,12.19512195,c(-122.260249, 37.9043)
"1415","Tilden Nature Area-Loop Road Parking","TNA-LR","11/10/2023","11/16/2023",6,"","CA",186773,52.8777777777778,67.0435878572446,2088.21021851206,877.418050262857,8353,8353,8353,NA,1,28192.7043209262,0.00897811827814163,3140157.37457647,880.656059486089,9.25352509870265,0.280189120360715,241.781729247672,1.31685172124462,"Temperate or Subpolar Needleaf Forest",13.910000038147,132.26,0.687347412109375,4,17980.3370117,16534.8341347,1445.502877,977,1079.3753268483,1000,108,8.130081301,25.20325203,33.62227227,20.76941577,4.87804878,12.19512195,c(-122.260249, 37.9043)
"1416","Tilden Nature Area-Loop Road Parking","TNA-LR","11/10/2023","11/16/2023",6,"","CA",186773,52.8777777777778,67.0435878572446,2088.21021851206,877.418050262857,8353,8353,8353,NA,1,28192.7043209262,0.00897811827814163,3140157.37457647,880.656059486089,9.25352509870265,0.280189120360715,241.781729247672,1.31685172124462,"Temperate or Subpolar Needleaf Forest",13.910000038147,132.26,0.687347412109375,12.3333333333333,63.6519716,57.6738813,5.9780903,377,1079.3753268483,1000,108,8.130081301,25.20325203,33.62227227,20.76941577,4.87804878,12.19512195,c(-122.260249, 37.9043)
"1417","Tilden Regional Park-Arroyo Pkwy","TRP-AP","11/10/2023","11/24/2023",14,"IOR","CA",194695,49.6333333333333,60.8373971981046,162.467353188792,65.0133985917753,7441.5,7441.5,7441.5,NA,1,8351.70778129681,0.0026596462485974,3140157.37457611,920.771413982286,1.15183098591551,0.305688935487765,393.280784556552,0.982548205014282,"Temperate or Subpolar Needleaf Forest",13.5499999523163,133.825,0.415196081002553,10.1666666666667,1703.5911669,1703.5911669,0,1432,1259.87723248736,1000,109,43.08943089,23.57723577,34.01873279,33.49542758,41.46341463,16.2601626,c(-122.234301, 37.889562)
"1418","Tilden Regional Park-Arroyo Pkwy","TRP-AP","11/10/2023","11/24/2023",14,"IOR","CA",194695,49.6333333333333,60.8373971981046,162.467353188792,65.0133985917753,7441.5,7441.5,7441.5,NA,1,8351.70778129681,0.0026596462485974,3140157.37457611,920.771413982286,1.15183098591551,0.305688935487765,393.280784556552,0.982548205014282,"Temperate or Subpolar Needleaf Forest",13.5499999523163,133.825,0.415196081002553,6.5,3400.4955607,3400.4955607,0,875,1259.87723248736,1000,109,43.08943089,23.57723577,34.01873279,33.49542758,41.46341463,16.2601626,c(-122.234301, 37.889562)
"1419","Tilden Regional Park-Arroyo Pkwy","TRP-AP","11/10/2023","11/24/2023",14,"IOR","CA",194695,49.6333333333333,60.8373971981046,162.467353188792,65.0133985917753,7441.5,7441.5,7441.5,NA,1,8351.70778129681,0.0026596462485974,3140157.37457611,920.771413982286,1.15183098591551,0.305688935487765,393.280784556552,0.982548205014282,"Temperate or Subpolar Needleaf Forest",13.5499999523163,133.825,0.415196081002553,4,17980.3370117,16534.8341347,1445.502877,977,1259.87723248736,1000,109,43.08943089,23.57723577,34.01873279,33.49542758,41.46341463,16.2601626,c(-122.234301, 37.889562)
"1420","Tilden Regional Park-Lake Anza","TRP-LA","11/10/2023","11/24/2023",14,"IOR","CA",186091.625,50.325,69.0885148584776,1870.92575966769,772.816481534215,10512.5,10512.5,10512.5,NA,1,25270.3840787201,0.00804748968421461,3140157.37457716,802.955257096811,6.45293122886126,0.287337903545033,303.280394071903,1.26362303473622,"Urban and Built-up",13.7999999523163,133.325,0.551235124468803,13.1666666666667,77.0302127,77.0302127,0,306,855.756102391557,1000,110,17.07317073,26.01626016,33.62227227,25.22249332,15.44715447,12.19512195,c(-122.24945, 37.89683)
"1421","Tilden Regional Park-Lake Anza","TRP-LA","11/10/2023","11/24/2023",14,"IOR","CA",186091.625,50.325,69.0885148584776,1870.92575966769,772.816481534215,10512.5,10512.5,10512.5,NA,1,25270.3840787201,0.00804748968421461,3140157.37457716,802.955257096811,6.45293122886126,0.287337903545033,303.280394071903,1.26362303473622,"Urban and Built-up",13.7999999523163,133.325,0.551235124468803,14.1666666666667,119.7463897,118.8481812,0.8982085,457,855.756102391557,1000,110,17.07317073,26.01626016,33.62227227,25.22249332,15.44715447,12.19512195,c(-122.24945, 37.89683)
"1422","Tilden Regional Park-Lake Anza","TRP-LA","11/10/2023","11/24/2023",14,"IOR","CA",186091.625,50.325,69.0885148584776,1870.92575966769,772.816481534215,10512.5,10512.5,10512.5,NA,1,25270.3840787201,0.00804748968421461,3140157.37457716,802.955257096811,6.45293122886126,0.287337903545033,303.280394071903,1.26362303473622,"Urban and Built-up",13.7999999523163,133.325,0.551235124468803,12,125.1697405,125.1697405,0,487,855.756102391557,1000,110,17.07317073,26.01626016,33.62227227,25.22249332,15.44715447,12.19512195,c(-122.24945, 37.89683)
"1423","Tilden Regional Park-Lake Anza","TRP-LA","11/10/2023","11/24/2023",14,"IOR","CA",186091.625,50.325,69.0885148584776,1870.92575966769,772.816481534215,10512.5,10512.5,10512.5,NA,1,25270.3840787201,0.00804748968421461,3140157.37457716,802.955257096811,6.45293122886126,0.287337903545033,303.280394071903,1.26362303473622,"Urban and Built-up",13.7999999523163,133.325,0.551235124468803,14.6666666666667,110.1416127,110.1416127,0,481,855.756102391557,1000,110,17.07317073,26.01626016,33.62227227,25.22249332,15.44715447,12.19512195,c(-122.24945, 37.89683)
"1424","Tilden Regional Park-Lake Anza","TRP-LA","11/10/2023","11/24/2023",14,"IOR","CA",186091.625,50.325,69.0885148584776,1870.92575966769,772.816481534215,10512.5,10512.5,10512.5,NA,1,25270.3840787201,0.00804748968421461,3140157.37457716,802.955257096811,6.45293122886126,0.287337903545033,303.280394071903,1.26362303473622,"Urban and Built-up",13.7999999523163,133.325,0.551235124468803,14,164.0667399,164.0667399,0,527,855.756102391557,1000,110,17.07317073,26.01626016,33.62227227,25.22249332,15.44715447,12.19512195,c(-122.24945, 37.89683)
"1425","Tilden Regional Park-Lake Anza","TRP-LA","11/10/2023","11/24/2023",14,"IOR","CA",186091.625,50.325,69.0885148584776,1870.92575966769,772.816481534215,10512.5,10512.5,10512.5,NA,1,25270.3840787201,0.00804748968421461,3140157.37457716,802.955257096811,6.45293122886126,0.287337903545033,303.280394071903,1.26362303473622,"Urban and Built-up",13.7999999523163,133.325,0.551235124468803,11.1666666666667,104.6159625,104.6159625,0,406,855.756102391557,1000,110,17.07317073,26.01626016,33.62227227,25.22249332,15.44715447,12.19512195,c(-122.24945, 37.89683)
"1426","Tilden Regional Park-Lake Anza","TRP-LA","11/10/2023","11/24/2023",14,"IOR","CA",186091.625,50.325,69.0885148584776,1870.92575966769,772.816481534215,10512.5,10512.5,10512.5,NA,1,25270.3840787201,0.00804748968421461,3140157.37457716,802.955257096811,6.45293122886126,0.287337903545033,303.280394071903,1.26362303473622,"Urban and Built-up",13.7999999523163,133.325,0.551235124468803,6.5,3400.4955607,3400.4955607,0,875,855.756102391557,1000,110,17.07317073,26.01626016,33.62227227,25.22249332,15.44715447,12.19512195,c(-122.24945, 37.89683)
"1427","Tilden Regional Park-Lake Anza","TRP-LA","11/10/2023","11/24/2023",14,"IOR","CA",186091.625,50.325,69.0885148584776,1870.92575966769,772.816481534215,10512.5,10512.5,10512.5,NA,1,25270.3840787201,0.00804748968421461,3140157.37457716,802.955257096811,6.45293122886126,0.287337903545033,303.280394071903,1.26362303473622,"Urban and Built-up",13.7999999523163,133.325,0.551235124468803,4,17980.3370117,16534.8341347,1445.502877,977,855.756102391557,1000,110,17.07317073,26.01626016,33.62227227,25.22249332,15.44715447,12.19512195,c(-122.24945, 37.89683)
"1428","Tilden Regional Park-Nimitz Way","TRP-NW","11/10/2023","11/24/2023",14,"","CA",184792.5,49.25,58.9195949586996,95.2613076652974,34.8686565034043,3177,3177,3177,NA,1,15577.5600331092,0.00496075775030536,3140157.37457655,331.732600668175,0.24170882518269,0.298575104089249,268.164532222581,0.822520689881826,"Urban and Built-up",13.889999961853,135.2,0.430465891957283,14,164.0667399,164.0667399,0,527,989.45198254345,1000,111,13.82113821,14.63414634,33.62227227,24.12595925,13.00813008,12.19512195,c(-122.2481, 37.90568)
"1429","Tilden Regional Park-Nimitz Way","TRP-NW","11/10/2023","11/24/2023",14,"","CA",184792.5,49.25,58.9195949586996,95.2613076652974,34.8686565034043,3177,3177,3177,NA,1,15577.5600331092,0.00496075775030536,3140157.37457655,331.732600668175,0.24170882518269,0.298575104089249,268.164532222581,0.822520689881826,"Urban and Built-up",13.889999961853,135.2,0.430465891957283,6.5,3400.4955607,3400.4955607,0,875,989.45198254345,1000,111,13.82113821,14.63414634,33.62227227,24.12595925,13.00813008,12.19512195,c(-122.2481, 37.90568)
"1430","Tilden Regional Park-Nimitz Way","TRP-NW","11/10/2023","11/24/2023",14,"","CA",184792.5,49.25,58.9195949586996,95.2613076652974,34.8686565034043,3177,3177,3177,NA,1,15577.5600331092,0.00496075775030536,3140157.37457655,331.732600668175,0.24170882518269,0.298575104089249,268.164532222581,0.822520689881826,"Urban and Built-up",13.889999961853,135.2,0.430465891957283,4,17980.3370117,16534.8341347,1445.502877,977,989.45198254345,1000,111,13.82113821,14.63414634,33.62227227,24.12595925,13.00813008,12.19512195,c(-122.2481, 37.90568)
"1431","Tilden Regional Park-Seaview Trail","TRP-ST","11/10/2023","11/24/2023",14,"","CA",202413.5,48.9,66.4529461908577,231.006738411633,92.7156134682374,8244,8244,8244,NA,1,11265.5933019479,0.00358758876009055,3140157.374577,893.3690596066,1.34393470306784,0.298059989765271,453.01646624028,0.9955639537344,"Urban and Built-up",13.375,133.05,0.476036176085472,10.1666666666667,1703.5911669,1703.5911669,0,1432,1259.87723248736,1000,112,40.6504065,9.756097561,34.01873279,33.70708212,44.71544715,16.2601626,c(-122.2234, 37.8822)
"1432","Tilden Regional Park-Seaview Trail","TRP-ST","11/10/2023","11/24/2023",14,"","CA",202413.5,48.9,66.4529461908577,231.006738411633,92.7156134682374,8244,8244,8244,NA,1,11265.5933019479,0.00358758876009055,3140157.374577,893.3690596066,1.34393470306784,0.298059989765271,453.01646624028,0.9955639537344,"Urban and Built-up",13.375,133.05,0.476036176085472,6.5,3400.4955607,3400.4955607,0,875,1259.87723248736,1000,112,40.6504065,9.756097561,34.01873279,33.70708212,44.71544715,16.2601626,c(-122.2234, 37.8822)
"1433","Tudor Home",NA,"01/26/2023","02/02/2023",7,"IOR","CA",218209.833333333,48.8833333333333,64.6025947510611,733.379859470971,276.976755876817,4010.25,4271.5,4457.33333333333,2669,6,23098.629684689,0.00735588282030009,3140157.37457692,660.773612797705,14.5611612175873,0.27187737902389,215.851524260977,1.72117418377755,"Urban and Built-up",14.0700000762939,123.86,0.71084289252758,8.83333333333333,369.8825074,369.8825074,0,468,3594.94133848676,1000,113,33.33333333,13.00813008,31.4845626,28.75086223,26.01626016,8.943089431,c(-122.170592, 37.879725)
"1434","Tudor Home",NA,"01/26/2023","02/02/2023",7,"IOR","CA",218209.833333333,48.8833333333333,64.6025947510611,733.379859470971,276.976755876817,4010.25,4271.5,4457.33333333333,2669,6,23098.629684689,0.00735588282030009,3140157.37457692,660.773612797705,14.5611612175873,0.27187737902389,215.851524260977,1.72117418377755,"Urban and Built-up",14.0700000762939,123.86,0.71084289252758,11.1666666666667,566.2311326,556.7022153,9.5289173,569,3594.94133848676,1000,113,33.33333333,13.00813008,31.4845626,28.75086223,26.01626016,8.943089431,c(-122.170592, 37.879725)
"1435","Tudor Home",NA,"01/26/2023","02/02/2023",7,"IOR","CA",218209.833333333,48.8833333333333,64.6025947510611,733.379859470971,276.976755876817,4010.25,4271.5,4457.33333333333,2669,6,23098.629684689,0.00735588282030009,3140157.37457692,660.773612797705,14.5611612175873,0.27187737902389,215.851524260977,1.72117418377755,"Urban and Built-up",14.0700000762939,123.86,0.71084289252758,12.1666666666667,194.3525514,194.3525514,0,308,3594.94133848676,1000,113,33.33333333,13.00813008,31.4845626,28.75086223,26.01626016,8.943089431,c(-122.170592, 37.879725)
"1436","Tudor Home",NA,"01/26/2023","02/02/2023",7,"IOR","CA",218209.833333333,48.8833333333333,64.6025947510611,733.379859470971,276.976755876817,4010.25,4271.5,4457.33333333333,2669,6,23098.629684689,0.00735588282030009,3140157.37457692,660.773612797705,14.5611612175873,0.27187737902389,215.851524260977,1.72117418377755,"Urban and Built-up",14.0700000762939,123.86,0.71084289252758,8.33333333333333,482.6189172,482.6189172,0,617,3594.94133848676,1000,113,33.33333333,13.00813008,31.4845626,28.75086223,26.01626016,8.943089431,c(-122.170592, 37.879725)
"1437","Tudor Home",NA,"01/26/2023","02/02/2023",7,"IOR","CA",218209.833333333,48.8833333333333,64.6025947510611,733.379859470971,276.976755876817,4010.25,4271.5,4457.33333333333,2669,6,23098.629684689,0.00735588282030009,3140157.37457692,660.773612797705,14.5611612175873,0.27187737902389,215.851524260977,1.72117418377755,"Urban and Built-up",14.0700000762939,123.86,0.71084289252758,11.5,2958.7697167,2958.283671,0.4860457,961,3594.94133848676,1000,113,33.33333333,13.00813008,31.4845626,28.75086223,26.01626016,8.943089431,c(-122.170592, 37.879725)
"1438","Tudor Home",NA,"01/26/2023","02/02/2023",7,"IOR","CA",218209.833333333,48.8833333333333,64.6025947510611,733.379859470971,276.976755876817,4010.25,4271.5,4457.33333333333,2669,6,23098.629684689,0.00735588282030009,3140157.37457692,660.773612797705,14.5611612175873,0.27187737902389,215.851524260977,1.72117418377755,"Urban and Built-up",14.0700000762939,123.86,0.71084289252758,6.83333333333333,329.0353948,329.0353948,0,375,3594.94133848676,1000,113,33.33333333,13.00813008,31.4845626,28.75086223,26.01626016,8.943089431,c(-122.170592, 37.879725)
"1439","Tudor Home",NA,"01/26/2023","02/02/2023",7,"IOR","CA",218209.833333333,48.8833333333333,64.6025947510611,733.379859470971,276.976755876817,4010.25,4271.5,4457.33333333333,2669,6,23098.629684689,0.00735588282030009,3140157.37457692,660.773612797705,14.5611612175873,0.27187737902389,215.851524260977,1.72117418377755,"Urban and Built-up",14.0700000762939,123.86,0.71084289252758,8.16666666666667,211.0142573,211.0142573,0,292,3594.94133848676,1000,113,33.33333333,13.00813008,31.4845626,28.75086223,26.01626016,8.943089431,c(-122.170592, 37.879725)
"1440","UC Gill Tract","UCGT","11/29/2023","12/06/2023",7,"","CA",110533.35,38.752380952381,46.7685419437793,5849.13095965858,2266.4941389946,27643.125,26676.5,26134.8333333333,32168,48,63131.5202633878,0.0201045720748012,3140157.3745763,987.875523974047,68.5774647887324,0.114871165214155,16.2971791653993,3.23468121936743,"Urban and Built-up",14.3500003814697,120.66,0.891773772239685,12.5,433.4588664,159.3555313,274.1033351,360,732.414340096621,1000,114,82.11382114,86.99186992,60.13210098,48.74952354,78.86178862,83.7398374,c(-122.29775, 37.885859)
"1441","UC Gill Tract","UCGT","11/29/2023","12/06/2023",7,"","CA",110533.35,38.752380952381,46.7685419437793,5849.13095965858,2266.4941389946,27643.125,26676.5,26134.8333333333,32168,48,63131.5202633878,0.0201045720748012,3140157.3745763,987.875523974047,68.5774647887324,0.114871165214155,16.2971791653993,3.23468121936743,"Urban and Built-up",14.3500003814697,120.66,0.891773772239685,17.8333333333333,677.3675699,273.9024428,403.4651271,798,732.414340096621,1000,114,82.11382114,86.99186992,60.13210098,48.74952354,78.86178862,83.7398374,c(-122.29775, 37.885859)
"1442","UC Gill Tract","UCGT","11/29/2023","12/06/2023",7,"","CA",110533.35,38.752380952381,46.7685419437793,5849.13095965858,2266.4941389946,27643.125,26676.5,26134.8333333333,32168,48,63131.5202633878,0.0201045720748012,3140157.3745763,987.875523974047,68.5774647887324,0.114871165214155,16.2971791653993,3.23468121936743,"Urban and Built-up",14.3500003814697,120.66,0.891773772239685,18.1666666666667,45.0695574,45.0695574,0,441,732.414340096621,1000,114,82.11382114,86.99186992,60.13210098,48.74952354,78.86178862,83.7398374,c(-122.29775, 37.885859)
"1443","UC Gill Tract","UCGT","11/29/2023","12/06/2023",7,"","CA",110533.35,38.752380952381,46.7685419437793,5849.13095965858,2266.4941389946,27643.125,26676.5,26134.8333333333,32168,48,63131.5202633878,0.0201045720748012,3140157.3745763,987.875523974047,68.5774647887324,0.114871165214155,16.2971791653993,3.23468121936743,"Urban and Built-up",14.3500003814697,120.66,0.891773772239685,13.6666666666667,57.7976784,57.7976784,0,678,732.414340096621,1000,114,82.11382114,86.99186992,60.13210098,48.74952354,78.86178862,83.7398374,c(-122.29775, 37.885859)
"1444","UC Gill Tract","UCGT","11/29/2023","12/06/2023",7,"","CA",110533.35,38.752380952381,46.7685419437793,5849.13095965858,2266.4941389946,27643.125,26676.5,26134.8333333333,32168,48,63131.5202633878,0.0201045720748012,3140157.3745763,987.875523974047,68.5774647887324,0.114871165214155,16.2971791653993,3.23468121936743,"Urban and Built-up",14.3500003814697,120.66,0.891773772239685,15.5,86.5601184,86.5601184,0,633,732.414340096621,1000,114,82.11382114,86.99186992,60.13210098,48.74952354,78.86178862,83.7398374,c(-122.29775, 37.885859)
"1445","UC Gill Tract","UCGT","11/29/2023","12/06/2023",7,"","CA",110533.35,38.752380952381,46.7685419437793,5849.13095965858,2266.4941389946,27643.125,26676.5,26134.8333333333,32168,48,63131.5202633878,0.0201045720748012,3140157.3745763,987.875523974047,68.5774647887324,0.114871165214155,16.2971791653993,3.23468121936743,"Urban and Built-up",14.3500003814697,120.66,0.891773772239685,16.3333333333333,52.2791941,52.2791941,0,407,732.414340096621,1000,114,82.11382114,86.99186992,60.13210098,48.74952354,78.86178862,83.7398374,c(-122.29775, 37.885859)
"1446","UC Gill Tract","UCGT","11/29/2023","12/06/2023",7,"","CA",110533.35,38.752380952381,46.7685419437793,5849.13095965858,2266.4941389946,27643.125,26676.5,26134.8333333333,32168,48,63131.5202633878,0.0201045720748012,3140157.3745763,987.875523974047,68.5774647887324,0.114871165214155,16.2971791653993,3.23468121936743,"Urban and Built-up",14.3500003814697,120.66,0.891773772239685,15.1666666666667,56.2355122,56.2355122,0,449,732.414340096621,1000,114,82.11382114,86.99186992,60.13210098,48.74952354,78.86178862,83.7398374,c(-122.29775, 37.885859)
"1447","UC Gill Tract","UCGT","11/29/2023","12/06/2023",7,"","CA",110533.35,38.752380952381,46.7685419437793,5849.13095965858,2266.4941389946,27643.125,26676.5,26134.8333333333,32168,48,63131.5202633878,0.0201045720748012,3140157.3745763,987.875523974047,68.5774647887324,0.114871165214155,16.2971791653993,3.23468121936743,"Urban and Built-up",14.3500003814697,120.66,0.891773772239685,17.6666666666667,34.0362953,34.0362953,0,511,732.414340096621,1000,114,82.11382114,86.99186992,60.13210098,48.74952354,78.86178862,83.7398374,c(-122.29775, 37.885859)
"1448","UC Gill Tract","UCGT","11/29/2023","12/06/2023",7,"","CA",110533.35,38.752380952381,46.7685419437793,5849.13095965858,2266.4941389946,27643.125,26676.5,26134.8333333333,32168,48,63131.5202633878,0.0201045720748012,3140157.3745763,987.875523974047,68.5774647887324,0.114871165214155,16.2971791653993,3.23468121936743,"Urban and Built-up",14.3500003814697,120.66,0.891773772239685,17.1666666666667,53.675062,53.675062,0,377,732.414340096621,1000,114,82.11382114,86.99186992,60.13210098,48.74952354,78.86178862,83.7398374,c(-122.29775, 37.885859)
"1449","UC Gill Tract","UCGT","11/29/2023","12/06/2023",7,"","CA",110533.35,38.752380952381,46.7685419437793,5849.13095965858,2266.4941389946,27643.125,26676.5,26134.8333333333,32168,48,63131.5202633878,0.0201045720748012,3140157.3745763,987.875523974047,68.5774647887324,0.114871165214155,16.2971791653993,3.23468121936743,"Urban and Built-up",14.3500003814697,120.66,0.891773772239685,15.5,32.1027378,32.1027378,0,288,732.414340096621,1000,114,82.11382114,86.99186992,60.13210098,48.74952354,78.86178862,83.7398374,c(-122.29775, 37.885859)
"1450","UC Gill Tract","UCGT","11/29/2023","12/06/2023",7,"","CA",110533.35,38.752380952381,46.7685419437793,5849.13095965858,2266.4941389946,27643.125,26676.5,26134.8333333333,32168,48,63131.5202633878,0.0201045720748012,3140157.3745763,987.875523974047,68.5774647887324,0.114871165214155,16.2971791653993,3.23468121936743,"Urban and Built-up",14.3500003814697,120.66,0.891773772239685,17,50.9801894,50.9801894,0,492,732.414340096621,1000,114,82.11382114,86.99186992,60.13210098,48.74952354,78.86178862,83.7398374,c(-122.29775, 37.885859)
"1451","UC Gill Tract","UCGT","11/29/2023","12/06/2023",7,"","CA",110533.35,38.752380952381,46.7685419437793,5849.13095965858,2266.4941389946,27643.125,26676.5,26134.8333333333,32168,48,63131.5202633878,0.0201045720748012,3140157.3745763,987.875523974047,68.5774647887324,0.114871165214155,16.2971791653993,3.23468121936743,"Urban and Built-up",14.3500003814697,120.66,0.891773772239685,16.8333333333333,49.0167328,49.0167328,0,385,732.414340096621,1000,114,82.11382114,86.99186992,60.13210098,48.74952354,78.86178862,83.7398374,c(-122.29775, 37.885859)
"1452","UC Gill Tract","UCGT","11/29/2023","12/06/2023",7,"","CA",110533.35,38.752380952381,46.7685419437793,5849.13095965858,2266.4941389946,27643.125,26676.5,26134.8333333333,32168,48,63131.5202633878,0.0201045720748012,3140157.3745763,987.875523974047,68.5774647887324,0.114871165214155,16.2971791653993,3.23468121936743,"Urban and Built-up",14.3500003814697,120.66,0.891773772239685,13.3333333333333,101.7881501,101.7881501,0,1039,732.414340096621,1000,114,82.11382114,86.99186992,60.13210098,48.74952354,78.86178862,83.7398374,c(-122.29775, 37.885859)
"1453","UC Gill Tract","UCGT","11/29/2023","12/06/2023",7,"","CA",110533.35,38.752380952381,46.7685419437793,5849.13095965858,2266.4941389946,27643.125,26676.5,26134.8333333333,32168,48,63131.5202633878,0.0201045720748012,3140157.3745763,987.875523974047,68.5774647887324,0.114871165214155,16.2971791653993,3.23468121936743,"Urban and Built-up",14.3500003814697,120.66,0.891773772239685,18.3333333333333,297.204467,297.204467,0,483,732.414340096621,1000,114,82.11382114,86.99186992,60.13210098,48.74952354,78.86178862,83.7398374,c(-122.29775, 37.885859)
"1454","UC Gill Tract","UCGT","11/29/2023","12/06/2023",7,"","CA",110533.35,38.752380952381,46.7685419437793,5849.13095965858,2266.4941389946,27643.125,26676.5,26134.8333333333,32168,48,63131.5202633878,0.0201045720748012,3140157.3745763,987.875523974047,68.5774647887324,0.114871165214155,16.2971791653993,3.23468121936743,"Urban and Built-up",14.3500003814697,120.66,0.891773772239685,14.3333333333333,67.6001354,67.6001354,0,476,732.414340096621,1000,114,82.11382114,86.99186992,60.13210098,48.74952354,78.86178862,83.7398374,c(-122.29775, 37.885859)
"1455","UC Gill Tract","UCGT","11/29/2023","12/06/2023",7,"","CA",110533.35,38.752380952381,46.7685419437793,5849.13095965858,2266.4941389946,27643.125,26676.5,26134.8333333333,32168,48,63131.5202633878,0.0201045720748012,3140157.3745763,987.875523974047,68.5774647887324,0.114871165214155,16.2971791653993,3.23468121936743,"Urban and Built-up",14.3500003814697,120.66,0.891773772239685,16.8333333333333,39.9946176,39.9946176,0,354,732.414340096621,1000,114,82.11382114,86.99186992,60.13210098,48.74952354,78.86178862,83.7398374,c(-122.29775, 37.885859)
"1456","UC Gill Tract","UCGT","11/29/2023","12/06/2023",7,"","CA",110533.35,38.752380952381,46.7685419437793,5849.13095965858,2266.4941389946,27643.125,26676.5,26134.8333333333,32168,48,63131.5202633878,0.0201045720748012,3140157.3745763,987.875523974047,68.5774647887324,0.114871165214155,16.2971791653993,3.23468121936743,"Urban and Built-up",14.3500003814697,120.66,0.891773772239685,16.6666666666667,60.974396,60.974396,0,645,732.414340096621,1000,114,82.11382114,86.99186992,60.13210098,48.74952354,78.86178862,83.7398374,c(-122.29775, 37.885859)
"1457","UC Gill Tract","UCGT","11/29/2023","12/06/2023",7,"","CA",110533.35,38.752380952381,46.7685419437793,5849.13095965858,2266.4941389946,27643.125,26676.5,26134.8333333333,32168,48,63131.5202633878,0.0201045720748012,3140157.3745763,987.875523974047,68.5774647887324,0.114871165214155,16.2971791653993,3.23468121936743,"Urban and Built-up",14.3500003814697,120.66,0.891773772239685,17.6666666666667,49.3552598,49.3552598,0,464,732.414340096621,1000,114,82.11382114,86.99186992,60.13210098,48.74952354,78.86178862,83.7398374,c(-122.29775, 37.885859)
"1458","UCB Women's Faculty Club","UCB-WC","11/07/2023","11/13/2023",6,"IOR","CA",82355.0666666667,28.2045454545455,44.6227693388018,13532.7646755026,4175.29193098729,76280.2857142857,76317,75209.6,78957,53,52312.9009880574,0.0166593245967832,3140157.37457679,956.98575428162,46.3410437235543,0.170342648241662,133.061385202622,3.74411638385975,"Urban and Built-up",14.0899997711182,122.5,0.850644111633301,12,125.1697405,125.1697405,0,487,582.074104635211,1000,115,35.77235772,43.08943089,37.23613114,33.6455077,43.90243902,33.33333333,c(-122.255292, 37.872173)
"1459","UCB Women's Faculty Club","UCB-WC","11/07/2023","11/13/2023",6,"IOR","CA",82355.0666666667,28.2045454545455,44.6227693388018,13532.7646755026,4175.29193098729,76280.2857142857,76317,75209.6,78957,53,52312.9009880574,0.0166593245967832,3140157.37457679,956.98575428162,46.3410437235543,0.170342648241662,133.061385202622,3.74411638385975,"Urban and Built-up",14.0899997711182,122.5,0.850644111633301,10.1666666666667,1703.5911669,1703.5911669,0,1432,582.074104635211,1000,115,35.77235772,43.08943089,37.23613114,33.6455077,43.90243902,33.33333333,c(-122.255292, 37.872173)
"1460","UCB Women's Faculty Club","UCB-WC","11/07/2023","11/13/2023",6,"IOR","CA",82355.0666666667,28.2045454545455,44.6227693388018,13532.7646755026,4175.29193098729,76280.2857142857,76317,75209.6,78957,53,52312.9009880574,0.0166593245967832,3140157.37457679,956.98575428162,46.3410437235543,0.170342648241662,133.061385202622,3.74411638385975,"Urban and Built-up",14.0899997711182,122.5,0.850644111633301,14.8333333333333,24.8696266,24.8696266,0,657,582.074104635211,1000,115,35.77235772,43.08943089,37.23613114,33.6455077,43.90243902,33.33333333,c(-122.255292, 37.872173)
"1461","UCB Women's Faculty Club","UCB-WC","11/07/2023","11/13/2023",6,"IOR","CA",82355.0666666667,28.2045454545455,44.6227693388018,13532.7646755026,4175.29193098729,76280.2857142857,76317,75209.6,78957,53,52312.9009880574,0.0166593245967832,3140157.37457679,956.98575428162,46.3410437235543,0.170342648241662,133.061385202622,3.74411638385975,"Urban and Built-up",14.0899997711182,122.5,0.850644111633301,14.5,28.8103774,28.8103774,0,506,582.074104635211,1000,115,35.77235772,43.08943089,37.23613114,33.6455077,43.90243902,33.33333333,c(-122.255292, 37.872173)
"1462","UCB Women's Faculty Club","UCB-WC","11/07/2023","11/13/2023",6,"IOR","CA",82355.0666666667,28.2045454545455,44.6227693388018,13532.7646755026,4175.29193098729,76280.2857142857,76317,75209.6,78957,53,52312.9009880574,0.0166593245967832,3140157.37457679,956.98575428162,46.3410437235543,0.170342648241662,133.061385202622,3.74411638385975,"Urban and Built-up",14.0899997711182,122.5,0.850644111633301,15.3333333333333,45.2254775,45.2254775,0,280,582.074104635211,1000,115,35.77235772,43.08943089,37.23613114,33.6455077,43.90243902,33.33333333,c(-122.255292, 37.872173)
"1463","UCB Women's Faculty Club","UCB-WC","11/07/2023","11/13/2023",6,"IOR","CA",82355.0666666667,28.2045454545455,44.6227693388018,13532.7646755026,4175.29193098729,76280.2857142857,76317,75209.6,78957,53,52312.9009880574,0.0166593245967832,3140157.37457679,956.98575428162,46.3410437235543,0.170342648241662,133.061385202622,3.74411638385975,"Urban and Built-up",14.0899997711182,122.5,0.850644111633301,18.3333333333333,15.3328021,15.3328021,0,352,582.074104635211,1000,115,35.77235772,43.08943089,37.23613114,33.6455077,43.90243902,33.33333333,c(-122.255292, 37.872173)
"1464","UCB Women's Faculty Club","UCB-WC","11/07/2023","11/13/2023",6,"IOR","CA",82355.0666666667,28.2045454545455,44.6227693388018,13532.7646755026,4175.29193098729,76280.2857142857,76317,75209.6,78957,53,52312.9009880574,0.0166593245967832,3140157.37457679,956.98575428162,46.3410437235543,0.170342648241662,133.061385202622,3.74411638385975,"Urban and Built-up",14.0899997711182,122.5,0.850644111633301,17.8333333333333,47.0036091,47.0036091,0,771,582.074104635211,1000,115,35.77235772,43.08943089,37.23613114,33.6455077,43.90243902,33.33333333,c(-122.255292, 37.872173)
"1465","UCB Women's Faculty Club","UCB-WC","11/07/2023","11/13/2023",6,"IOR","CA",82355.0666666667,28.2045454545455,44.6227693388018,13532.7646755026,4175.29193098729,76280.2857142857,76317,75209.6,78957,53,52312.9009880574,0.0166593245967832,3140157.37457679,956.98575428162,46.3410437235543,0.170342648241662,133.061385202622,3.74411638385975,"Urban and Built-up",14.0899997711182,122.5,0.850644111633301,15.3333333333333,38.377101,38.377101,0,326,582.074104635211,1000,115,35.77235772,43.08943089,37.23613114,33.6455077,43.90243902,33.33333333,c(-122.255292, 37.872173)
"1466","UCB Women's Faculty Club","UCB-WC","11/07/2023","11/13/2023",6,"IOR","CA",82355.0666666667,28.2045454545455,44.6227693388018,13532.7646755026,4175.29193098729,76280.2857142857,76317,75209.6,78957,53,52312.9009880574,0.0166593245967832,3140157.37457679,956.98575428162,46.3410437235543,0.170342648241662,133.061385202622,3.74411638385975,"Urban and Built-up",14.0899997711182,122.5,0.850644111633301,16.8333333333333,46.5615472,46.5615472,0,561,582.074104635211,1000,115,35.77235772,43.08943089,37.23613114,33.6455077,43.90243902,33.33333333,c(-122.255292, 37.872173)
"1467","UCB Women's Faculty Club","UCB-WC","11/07/2023","11/13/2023",6,"IOR","CA",82355.0666666667,28.2045454545455,44.6227693388018,13532.7646755026,4175.29193098729,76280.2857142857,76317,75209.6,78957,53,52312.9009880574,0.0166593245967832,3140157.37457679,956.98575428162,46.3410437235543,0.170342648241662,133.061385202622,3.74411638385975,"Urban and Built-up",14.0899997711182,122.5,0.850644111633301,13.5,419.8940648,419.8940648,0,253,582.074104635211,1000,115,35.77235772,43.08943089,37.23613114,33.6455077,43.90243902,33.33333333,c(-122.255292, 37.872173)
"1468","UCB Women's Faculty Club","UCB-WC","11/07/2023","11/13/2023",6,"IOR","CA",82355.0666666667,28.2045454545455,44.6227693388018,13532.7646755026,4175.29193098729,76280.2857142857,76317,75209.6,78957,53,52312.9009880574,0.0166593245967832,3140157.37457679,956.98575428162,46.3410437235543,0.170342648241662,133.061385202622,3.74411638385975,"Urban and Built-up",14.0899997711182,122.5,0.850644111633301,13.5,44.9321698,44.9321698,0,240,582.074104635211,1000,115,35.77235772,43.08943089,37.23613114,33.6455077,43.90243902,33.33333333,c(-122.255292, 37.872173)
"1469","UCB Women's Faculty Club","UCB-WC","11/07/2023","11/13/2023",6,"IOR","CA",82355.0666666667,28.2045454545455,44.6227693388018,13532.7646755026,4175.29193098729,76280.2857142857,76317,75209.6,78957,53,52312.9009880574,0.0166593245967832,3140157.37457679,956.98575428162,46.3410437235543,0.170342648241662,133.061385202622,3.74411638385975,"Urban and Built-up",14.0899997711182,122.5,0.850644111633301,15,16.2132194,16.2132194,0,325,582.074104635211,1000,115,35.77235772,43.08943089,37.23613114,33.6455077,43.90243902,33.33333333,c(-122.255292, 37.872173)
"1470","UCB Women's Faculty Club","UCB-WC","11/07/2023","11/13/2023",6,"IOR","CA",82355.0666666667,28.2045454545455,44.6227693388018,13532.7646755026,4175.29193098729,76280.2857142857,76317,75209.6,78957,53,52312.9009880574,0.0166593245967832,3140157.37457679,956.98575428162,46.3410437235543,0.170342648241662,133.061385202622,3.74411638385975,"Urban and Built-up",14.0899997711182,122.5,0.850644111633301,18.5,45.2148522,45.2148522,0,968,582.074104635211,1000,115,35.77235772,43.08943089,37.23613114,33.6455077,43.90243902,33.33333333,c(-122.255292, 37.872173)
"1471","UCB Women's Faculty Club","UCB-WC","11/07/2023","11/13/2023",6,"IOR","CA",82355.0666666667,28.2045454545455,44.6227693388018,13532.7646755026,4175.29193098729,76280.2857142857,76317,75209.6,78957,53,52312.9009880574,0.0166593245967832,3140157.37457679,956.98575428162,46.3410437235543,0.170342648241662,133.061385202622,3.74411638385975,"Urban and Built-up",14.0899997711182,122.5,0.850644111633301,13.3333333333333,40.4102398,40.4102398,0,518,582.074104635211,1000,115,35.77235772,43.08943089,37.23613114,33.6455077,43.90243902,33.33333333,c(-122.255292, 37.872173)
"1472","UCB Women's Faculty Club","UCB-WC","11/07/2023","11/13/2023",6,"IOR","CA",82355.0666666667,28.2045454545455,44.6227693388018,13532.7646755026,4175.29193098729,76280.2857142857,76317,75209.6,78957,53,52312.9009880574,0.0166593245967832,3140157.37457679,956.98575428162,46.3410437235543,0.170342648241662,133.061385202622,3.74411638385975,"Urban and Built-up",14.0899997711182,122.5,0.850644111633301,19.6666666666667,95.2451892,95.2451892,0,841,582.074104635211,1000,115,35.77235772,43.08943089,37.23613114,33.6455077,43.90243902,33.33333333,c(-122.255292, 37.872173)
"1473","UCB Women's Faculty Club","UCB-WC","11/07/2023","11/13/2023",6,"IOR","CA",82355.0666666667,28.2045454545455,44.6227693388018,13532.7646755026,4175.29193098729,76280.2857142857,76317,75209.6,78957,53,52312.9009880574,0.0166593245967832,3140157.37457679,956.98575428162,46.3410437235543,0.170342648241662,133.061385202622,3.74411638385975,"Urban and Built-up",14.0899997711182,122.5,0.850644111633301,17.8333333333333,48.7221896,48.7221896,0,645,582.074104635211,1000,115,35.77235772,43.08943089,37.23613114,33.6455077,43.90243902,33.33333333,c(-122.255292, 37.872173)
"1474","UCB Women's Faculty Club","UCB-WC","11/07/2023","11/13/2023",6,"IOR","CA",82355.0666666667,28.2045454545455,44.6227693388018,13532.7646755026,4175.29193098729,76280.2857142857,76317,75209.6,78957,53,52312.9009880574,0.0166593245967832,3140157.37457679,956.98575428162,46.3410437235543,0.170342648241662,133.061385202622,3.74411638385975,"Urban and Built-up",14.0899997711182,122.5,0.850644111633301,14.1666666666667,24.2896829,24.2896829,0,335,582.074104635211,1000,115,35.77235772,43.08943089,37.23613114,33.6455077,43.90243902,33.33333333,c(-122.255292, 37.872173)
"1475","UCB Women's Faculty Club","UCB-WC","11/07/2023","11/13/2023",6,"IOR","CA",82355.0666666667,28.2045454545455,44.6227693388018,13532.7646755026,4175.29193098729,76280.2857142857,76317,75209.6,78957,53,52312.9009880574,0.0166593245967832,3140157.37457679,956.98575428162,46.3410437235543,0.170342648241662,133.061385202622,3.74411638385975,"Urban and Built-up",14.0899997711182,122.5,0.850644111633301,15,75.6501592,75.6501592,0,486,582.074104635211,1000,115,35.77235772,43.08943089,37.23613114,33.6455077,43.90243902,33.33333333,c(-122.255292, 37.872173)
"1476","UCB Women's Faculty Club","UCB-WC","11/07/2023","11/13/2023",6,"IOR","CA",82355.0666666667,28.2045454545455,44.6227693388018,13532.7646755026,4175.29193098729,76280.2857142857,76317,75209.6,78957,53,52312.9009880574,0.0166593245967832,3140157.37457679,956.98575428162,46.3410437235543,0.170342648241662,133.061385202622,3.74411638385975,"Urban and Built-up",14.0899997711182,122.5,0.850644111633301,14.8333333333333,28.8840132,28.8840132,0,527,582.074104635211,1000,115,35.77235772,43.08943089,37.23613114,33.6455077,43.90243902,33.33333333,c(-122.255292, 37.872173)
"1477","UCB Women's Faculty Club","UCB-WC","11/07/2023","11/13/2023",6,"IOR","CA",82355.0666666667,28.2045454545455,44.6227693388018,13532.7646755026,4175.29193098729,76280.2857142857,76317,75209.6,78957,53,52312.9009880574,0.0166593245967832,3140157.37457679,956.98575428162,46.3410437235543,0.170342648241662,133.061385202622,3.74411638385975,"Urban and Built-up",14.0899997711182,122.5,0.850644111633301,13.6666666666667,22.3568667,22.3568667,0,617,582.074104635211,1000,115,35.77235772,43.08943089,37.23613114,33.6455077,43.90243902,33.33333333,c(-122.255292, 37.872173)
"1478","University Village Community Garden",NA,"11/29/2023","12/13/2023",14,"","CA",97309.1538461538,35.9857142857143,40.7630864226563,6288.0664790996,2444.34737744826,22470.2666666667,20992,20810.1818181818,27035.5,22,53706.2938170776,0.0171030580352097,3140157.37457673,265.453090103617,60.7962753950337,0.0954039053973389,8.02560071019923,3.24968922659632,"Urban and Built-up",14.3500003814697,120.85,0.881871238350868,12.5,433.4588664,159.3555313,274.1033351,360,732.414340096621,1000,116,91.05691057,86.99186992,60.13210098,54.69091342,92.68292683,83.7398374,c(-122.305614, 37.883692)
"1479","University Village Community Garden",NA,"11/29/2023","12/13/2023",14,"","CA",97309.1538461538,35.9857142857143,40.7630864226563,6288.0664790996,2444.34737744826,22470.2666666667,20992,20810.1818181818,27035.5,22,53706.2938170776,0.0171030580352097,3140157.37457673,265.453090103617,60.7962753950337,0.0954039053973389,8.02560071019923,3.24968922659632,"Urban and Built-up",14.3500003814697,120.85,0.881871238350868,17.8333333333333,677.3675699,273.9024428,403.4651271,798,732.414340096621,1000,116,91.05691057,86.99186992,60.13210098,54.69091342,92.68292683,83.7398374,c(-122.305614, 37.883692)
"1480","University Village Community Garden",NA,"11/29/2023","12/13/2023",14,"","CA",97309.1538461538,35.9857142857143,40.7630864226563,6288.0664790996,2444.34737744826,22470.2666666667,20992,20810.1818181818,27035.5,22,53706.2938170776,0.0171030580352097,3140157.37457673,265.453090103617,60.7962753950337,0.0954039053973389,8.02560071019923,3.24968922659632,"Urban and Built-up",14.3500003814697,120.85,0.881871238350868,18.1666666666667,45.0695574,45.0695574,0,441,732.414340096621,1000,116,91.05691057,86.99186992,60.13210098,54.69091342,92.68292683,83.7398374,c(-122.305614, 37.883692)
"1481","University Village Community Garden",NA,"11/29/2023","12/13/2023",14,"","CA",97309.1538461538,35.9857142857143,40.7630864226563,6288.0664790996,2444.34737744826,22470.2666666667,20992,20810.1818181818,27035.5,22,53706.2938170776,0.0171030580352097,3140157.37457673,265.453090103617,60.7962753950337,0.0954039053973389,8.02560071019923,3.24968922659632,"Urban and Built-up",14.3500003814697,120.85,0.881871238350868,13.6666666666667,57.7976784,57.7976784,0,678,732.414340096621,1000,116,91.05691057,86.99186992,60.13210098,54.69091342,92.68292683,83.7398374,c(-122.305614, 37.883692)
"1482","University Village Community Garden",NA,"11/29/2023","12/13/2023",14,"","CA",97309.1538461538,35.9857142857143,40.7630864226563,6288.0664790996,2444.34737744826,22470.2666666667,20992,20810.1818181818,27035.5,22,53706.2938170776,0.0171030580352097,3140157.37457673,265.453090103617,60.7962753950337,0.0954039053973389,8.02560071019923,3.24968922659632,"Urban and Built-up",14.3500003814697,120.85,0.881871238350868,17.6666666666667,34.0362953,34.0362953,0,511,732.414340096621,1000,116,91.05691057,86.99186992,60.13210098,54.69091342,92.68292683,83.7398374,c(-122.305614, 37.883692)
"1483","University Village Community Garden",NA,"11/29/2023","12/13/2023",14,"","CA",97309.1538461538,35.9857142857143,40.7630864226563,6288.0664790996,2444.34737744826,22470.2666666667,20992,20810.1818181818,27035.5,22,53706.2938170776,0.0171030580352097,3140157.37457673,265.453090103617,60.7962753950337,0.0954039053973389,8.02560071019923,3.24968922659632,"Urban and Built-up",14.3500003814697,120.85,0.881871238350868,16.8333333333333,49.0167328,49.0167328,0,385,732.414340096621,1000,116,91.05691057,86.99186992,60.13210098,54.69091342,92.68292683,83.7398374,c(-122.305614, 37.883692)
"1484","University Village Community Garden",NA,"11/29/2023","12/13/2023",14,"","CA",97309.1538461538,35.9857142857143,40.7630864226563,6288.0664790996,2444.34737744826,22470.2666666667,20992,20810.1818181818,27035.5,22,53706.2938170776,0.0171030580352097,3140157.37457673,265.453090103617,60.7962753950337,0.0954039053973389,8.02560071019923,3.24968922659632,"Urban and Built-up",14.3500003814697,120.85,0.881871238350868,19.5,2268.6782265,819.5938821,1449.0843444,556,732.414340096621,1000,116,91.05691057,86.99186992,60.13210098,54.69091342,92.68292683,83.7398374,c(-122.305614, 37.883692)
"1485","University Village Community Garden",NA,"11/29/2023","12/13/2023",14,"","CA",97309.1538461538,35.9857142857143,40.7630864226563,6288.0664790996,2444.34737744826,22470.2666666667,20992,20810.1818181818,27035.5,22,53706.2938170776,0.0171030580352097,3140157.37457673,265.453090103617,60.7962753950337,0.0954039053973389,8.02560071019923,3.24968922659632,"Urban and Built-up",14.3500003814697,120.85,0.881871238350868,13.3333333333333,101.7881501,101.7881501,0,1039,732.414340096621,1000,116,91.05691057,86.99186992,60.13210098,54.69091342,92.68292683,83.7398374,c(-122.305614, 37.883692)
"1486","University Village Community Garden",NA,"11/29/2023","12/13/2023",14,"","CA",97309.1538461538,35.9857142857143,40.7630864226563,6288.0664790996,2444.34737744826,22470.2666666667,20992,20810.1818181818,27035.5,22,53706.2938170776,0.0171030580352097,3140157.37457673,265.453090103617,60.7962753950337,0.0954039053973389,8.02560071019923,3.24968922659632,"Urban and Built-up",14.3500003814697,120.85,0.881871238350868,18.3333333333333,297.204467,297.204467,0,483,732.414340096621,1000,116,91.05691057,86.99186992,60.13210098,54.69091342,92.68292683,83.7398374,c(-122.305614, 37.883692)
"1487","University Village Community Garden",NA,"11/29/2023","12/13/2023",14,"","CA",97309.1538461538,35.9857142857143,40.7630864226563,6288.0664790996,2444.34737744826,22470.2666666667,20992,20810.1818181818,27035.5,22,53706.2938170776,0.0171030580352097,3140157.37457673,265.453090103617,60.7962753950337,0.0954039053973389,8.02560071019923,3.24968922659632,"Urban and Built-up",14.3500003814697,120.85,0.881871238350868,16.6666666666667,60.974396,60.974396,0,645,732.414340096621,1000,116,91.05691057,86.99186992,60.13210098,54.69091342,92.68292683,83.7398374,c(-122.305614, 37.883692)
"1488","University Village Community Garden",NA,"11/29/2023","12/13/2023",14,"","CA",97309.1538461538,35.9857142857143,40.7630864226563,6288.0664790996,2444.34737744826,22470.2666666667,20992,20810.1818181818,27035.5,22,53706.2938170776,0.0171030580352097,3140157.37457673,265.453090103617,60.7962753950337,0.0954039053973389,8.02560071019923,3.24968922659632,"Urban and Built-up",14.3500003814697,120.85,0.881871238350868,17.6666666666667,49.3552598,49.3552598,0,464,732.414340096621,1000,116,91.05691057,86.99186992,60.13210098,54.69091342,92.68292683,83.7398374,c(-122.305614, 37.883692)
"1489","Urban Tilth's Edible Forest",NA,"11/29/2023","12/13/2023",14,"","CA",59644.25,32.5222222222222,6.24399166671081,4933.35332051854,1601.0694042313,19302.3333333333,19598,19931.6363636364,17571.75,4,62923.970577584,0.0200384767613952,3140157.37457695,646.469358510968,73.8573844419392,0.0886313004880697,9.14597989134702,3.76624298253718,"Urban and Built-up",14.3100002288818,129.02,0.938408523797989,14.1666666666667,985.9201044,567.9798593,417.9402451,750,1193.11629760361,1000,117,96.74796748,93.49593496,54.02401108,51.37274467,82.92682927,70.73170732,c(-122.3539389, 37.931366)
"1490","Urban Tilth's Edible Forest",NA,"11/29/2023","12/13/2023",14,"","CA",59644.25,32.5222222222222,6.24399166671081,4933.35332051854,1601.0694042313,19302.3333333333,19598,19931.6363636364,17571.75,4,62923.970577584,0.0200384767613952,3140157.37457695,646.469358510968,73.8573844419392,0.0886313004880697,9.14597989134702,3.76624298253718,"Urban and Built-up",14.3100002288818,129.02,0.938408523797989,16.1666666666667,63.0517657,63.0517657,0,599,1193.11629760361,1000,117,96.74796748,93.49593496,54.02401108,51.37274467,82.92682927,70.73170732,c(-122.3539389, 37.931366)
"1491","Urban Tilth's Edible Forest",NA,"11/29/2023","12/13/2023",14,"","CA",59644.25,32.5222222222222,6.24399166671081,4933.35332051854,1601.0694042313,19302.3333333333,19598,19931.6363636364,17571.75,4,62923.970577584,0.0200384767613952,3140157.37457695,646.469358510968,73.8573844419392,0.0886313004880697,9.14597989134702,3.76624298253718,"Urban and Built-up",14.3100002288818,129.02,0.938408523797989,18,62.4975204,62.4975204,0,401,1193.11629760361,1000,117,96.74796748,93.49593496,54.02401108,51.37274467,82.92682927,70.73170732,c(-122.3539389, 37.931366)
"1492","Urban Tilth's Edible Forest",NA,"11/29/2023","12/13/2023",14,"","CA",59644.25,32.5222222222222,6.24399166671081,4933.35332051854,1601.0694042313,19302.3333333333,19598,19931.6363636364,17571.75,4,62923.970577584,0.0200384767613952,3140157.37457695,646.469358510968,73.8573844419392,0.0886313004880697,9.14597989134702,3.76624298253718,"Urban and Built-up",14.3100002288818,129.02,0.938408523797989,14.5,57.0548958,57.0548958,0,760,1193.11629760361,1000,117,96.74796748,93.49593496,54.02401108,51.37274467,82.92682927,70.73170732,c(-122.3539389, 37.931366)
"1493","Urban Tilth's Edible Forest",NA,"11/29/2023","12/13/2023",14,"","CA",59644.25,32.5222222222222,6.24399166671081,4933.35332051854,1601.0694042313,19302.3333333333,19598,19931.6363636364,17571.75,4,62923.970577584,0.0200384767613952,3140157.37457695,646.469358510968,73.8573844419392,0.0886313004880697,9.14597989134702,3.76624298253718,"Urban and Built-up",14.3100002288818,129.02,0.938408523797989,12.5,41.9514025,41.9514025,0,392,1193.11629760361,1000,117,96.74796748,93.49593496,54.02401108,51.37274467,82.92682927,70.73170732,c(-122.3539389, 37.931366)
"1494","Urban Tilth's Edible Forest",NA,"11/29/2023","12/13/2023",14,"","CA",59644.25,32.5222222222222,6.24399166671081,4933.35332051854,1601.0694042313,19302.3333333333,19598,19931.6363636364,17571.75,4,62923.970577584,0.0200384767613952,3140157.37457695,646.469358510968,73.8573844419392,0.0886313004880697,9.14597989134702,3.76624298253718,"Urban and Built-up",14.3100002288818,129.02,0.938408523797989,16.3333333333333,57.7000739,57.7000739,0,425,1193.11629760361,1000,117,96.74796748,93.49593496,54.02401108,51.37274467,82.92682927,70.73170732,c(-122.3539389, 37.931366)
"1495","Urban Tilth's Edible Forest",NA,"11/29/2023","12/13/2023",14,"","CA",59644.25,32.5222222222222,6.24399166671081,4933.35332051854,1601.0694042313,19302.3333333333,19598,19931.6363636364,17571.75,4,62923.970577584,0.0200384767613952,3140157.37457695,646.469358510968,73.8573844419392,0.0886313004880697,9.14597989134702,3.76624298253718,"Urban and Built-up",14.3100002288818,129.02,0.938408523797989,14.6666666666667,50.6018793,50.6018793,0,514,1193.11629760361,1000,117,96.74796748,93.49593496,54.02401108,51.37274467,82.92682927,70.73170732,c(-122.3539389, 37.931366)
"1496","Urban Tilth's Edible Forest",NA,"11/29/2023","12/13/2023",14,"","CA",59644.25,32.5222222222222,6.24399166671081,4933.35332051854,1601.0694042313,19302.3333333333,19598,19931.6363636364,17571.75,4,62923.970577584,0.0200384767613952,3140157.37457695,646.469358510968,73.8573844419392,0.0886313004880697,9.14597989134702,3.76624298253718,"Urban and Built-up",14.3100002288818,129.02,0.938408523797989,13.5,43.6020305,43.6020305,0,471,1193.11629760361,1000,117,96.74796748,93.49593496,54.02401108,51.37274467,82.92682927,70.73170732,c(-122.3539389, 37.931366)
"1497","Urban Tilth's Edible Forest",NA,"11/29/2023","12/13/2023",14,"","CA",59644.25,32.5222222222222,6.24399166671081,4933.35332051854,1601.0694042313,19302.3333333333,19598,19931.6363636364,17571.75,4,62923.970577584,0.0200384767613952,3140157.37457695,646.469358510968,73.8573844419392,0.0886313004880697,9.14597989134702,3.76624298253718,"Urban and Built-up",14.3100002288818,129.02,0.938408523797989,15.3333333333333,470.003968,469.9142707,0.0896973,529,1193.11629760361,1000,117,96.74796748,93.49593496,54.02401108,51.37274467,82.92682927,70.73170732,c(-122.3539389, 37.931366)
"1498","Urban Tilth's Edible Forest",NA,"11/29/2023","12/13/2023",14,"","CA",59644.25,32.5222222222222,6.24399166671081,4933.35332051854,1601.0694042313,19302.3333333333,19598,19931.6363636364,17571.75,4,62923.970577584,0.0200384767613952,3140157.37457695,646.469358510968,73.8573844419392,0.0886313004880697,9.14597989134702,3.76624298253718,"Urban and Built-up",14.3100002288818,129.02,0.938408523797989,14.1666666666667,90.2703249,90.2703249,0,697,1193.11629760361,1000,117,96.74796748,93.49593496,54.02401108,51.37274467,82.92682927,70.73170732,c(-122.3539389, 37.931366)
"1499","Urban Tilth's Edible Forest",NA,"11/29/2023","12/13/2023",14,"","CA",59644.25,32.5222222222222,6.24399166671081,4933.35332051854,1601.0694042313,19302.3333333333,19598,19931.6363636364,17571.75,4,62923.970577584,0.0200384767613952,3140157.37457695,646.469358510968,73.8573844419392,0.0886313004880697,9.14597989134702,3.76624298253718,"Urban and Built-up",14.3100002288818,129.02,0.938408523797989,16.8333333333333,83.7639348,83.7639348,0,349,1193.11629760361,1000,117,96.74796748,93.49593496,54.02401108,51.37274467,82.92682927,70.73170732,c(-122.3539389, 37.931366)
"1500","Urban Tilth's Edible Forest",NA,"11/29/2023","12/13/2023",14,"","CA",59644.25,32.5222222222222,6.24399166671081,4933.35332051854,1601.0694042313,19302.3333333333,19598,19931.6363636364,17571.75,4,62923.970577584,0.0200384767613952,3140157.37457695,646.469358510968,73.8573844419392,0.0886313004880697,9.14597989134702,3.76624298253718,"Urban and Built-up",14.3100002288818,129.02,0.938408523797989,16,80.5691789,80.5691789,0,455,1193.11629760361,1000,117,96.74796748,93.49593496,54.02401108,51.37274467,82.92682927,70.73170732,c(-122.3539389, 37.931366)
"1501","Urban Tilth's Edible Forest",NA,"11/29/2023","12/13/2023",14,"","CA",59644.25,32.5222222222222,6.24399166671081,4933.35332051854,1601.0694042313,19302.3333333333,19598,19931.6363636364,17571.75,4,62923.970577584,0.0200384767613952,3140157.37457695,646.469358510968,73.8573844419392,0.0886313004880697,9.14597989134702,3.76624298253718,"Urban and Built-up",14.3100002288818,129.02,0.938408523797989,14.8333333333333,87.2789323,87.2789323,0,526,1193.11629760361,1000,117,96.74796748,93.49593496,54.02401108,51.37274467,82.92682927,70.73170732,c(-122.3539389, 37.931366)
"1502","Urban Tilth's Edible Forest",NA,"11/29/2023","12/13/2023",14,"","CA",59644.25,32.5222222222222,6.24399166671081,4933.35332051854,1601.0694042313,19302.3333333333,19598,19931.6363636364,17571.75,4,62923.970577584,0.0200384767613952,3140157.37457695,646.469358510968,73.8573844419392,0.0886313004880697,9.14597989134702,3.76624298253718,"Urban and Built-up",14.3100002288818,129.02,0.938408523797989,16,103.0251327,103.0251327,0,563,1193.11629760361,1000,117,96.74796748,93.49593496,54.02401108,51.37274467,82.92682927,70.73170732,c(-122.3539389, 37.931366)
"1503","Urban Tilth's Edible Forest",NA,"11/29/2023","12/13/2023",14,"","CA",59644.25,32.5222222222222,6.24399166671081,4933.35332051854,1601.0694042313,19302.3333333333,19598,19931.6363636364,17571.75,4,62923.970577584,0.0200384767613952,3140157.37457695,646.469358510968,73.8573844419392,0.0886313004880697,9.14597989134702,3.76624298253718,"Urban and Built-up",14.3100002288818,129.02,0.938408523797989,16.3333333333333,89.7949045,89.7949045,0,794,1193.11629760361,1000,117,96.74796748,93.49593496,54.02401108,51.37274467,82.92682927,70.73170732,c(-122.3539389, 37.931366)
"1504","Urban Tilth's Edible Forest",NA,"11/29/2023","12/13/2023",14,"","CA",59644.25,32.5222222222222,6.24399166671081,4933.35332051854,1601.0694042313,19302.3333333333,19598,19931.6363636364,17571.75,4,62923.970577584,0.0200384767613952,3140157.37457695,646.469358510968,73.8573844419392,0.0886313004880697,9.14597989134702,3.76624298253718,"Urban and Built-up",14.3100002288818,129.02,0.938408523797989,17.6666666666667,158.1650035,158.1650035,0,817,1193.11629760361,1000,117,96.74796748,93.49593496,54.02401108,51.37274467,82.92682927,70.73170732,c(-122.3539389, 37.931366)
"1505","Urban Tilth's Edible Forest",NA,"11/29/2023","12/13/2023",14,"","CA",59644.25,32.5222222222222,6.24399166671081,4933.35332051854,1601.0694042313,19302.3333333333,19598,19931.6363636364,17571.75,4,62923.970577584,0.0200384767613952,3140157.37457695,646.469358510968,73.8573844419392,0.0886313004880697,9.14597989134702,3.76624298253718,"Urban and Built-up",14.3100002288818,129.02,0.938408523797989,16,31.0236521,31.0236521,0,422,1193.11629760361,1000,117,96.74796748,93.49593496,54.02401108,51.37274467,82.92682927,70.73170732,c(-122.3539389, 37.931366)
"1506","Urban Tilth's Edible Forest",NA,"11/29/2023","12/13/2023",14,"","CA",59644.25,32.5222222222222,6.24399166671081,4933.35332051854,1601.0694042313,19302.3333333333,19598,19931.6363636364,17571.75,4,62923.970577584,0.0200384767613952,3140157.37457695,646.469358510968,73.8573844419392,0.0886313004880697,9.14597989134702,3.76624298253718,"Urban and Built-up",14.3100002288818,129.02,0.938408523797989,18.1666666666667,62.5758511,62.5758511,0,368,1193.11629760361,1000,117,96.74796748,93.49593496,54.02401108,51.37274467,82.92682927,70.73170732,c(-122.3539389, 37.931366)
"1507","Urban Tilth's Edible Forest",NA,"11/29/2023","12/13/2023",14,"","CA",59644.25,32.5222222222222,6.24399166671081,4933.35332051854,1601.0694042313,19302.3333333333,19598,19931.6363636364,17571.75,4,62923.970577584,0.0200384767613952,3140157.37457695,646.469358510968,73.8573844419392,0.0886313004880697,9.14597989134702,3.76624298253718,"Urban and Built-up",14.3100002288818,129.02,0.938408523797989,14.6666666666667,67.8000393,67.8000393,0,579,1193.11629760361,1000,117,96.74796748,93.49593496,54.02401108,51.37274467,82.92682927,70.73170732,c(-122.3539389, 37.931366)
"1508","Wakefield Home",NA,"01/26/2023","02/09/2023",14,"","CA",104946.875,43.2176470588235,46.909976632725,4471.54868478417,1835.92275427158,24149.8666666667,23775,23557.5454545455,25778.75,69,68960.6022639554,0.0219608745798104,3140157.37457715,450.378878006765,64.2874471086039,0.116267775504818,5.50017916628963,3.00973074342046,"Temperate or Subpolar Needleaf Forest",14.25,100.34,0.882156655192375,12.3333333333333,488.968893,437.2624767,51.7064163,613,310.234618831539,1000,118,24.3902439,60.16260163,62.31199359,41.41887667,67.4796748,99.18699187,c(-122.23532, 37.76017)
"1509","Wakefield Home",NA,"01/26/2023","02/09/2023",14,"","CA",104946.875,43.2176470588235,46.909976632725,4471.54868478417,1835.92275427158,24149.8666666667,23775,23557.5454545455,25778.75,69,68960.6022639554,0.0219608745798104,3140157.37457715,450.378878006765,64.2874471086039,0.116267775504818,5.50017916628963,3.00973074342046,"Temperate or Subpolar Needleaf Forest",14.25,100.34,0.882156655192375,13,51.3199519,51.3199519,0,416,310.234618831539,1000,118,24.3902439,60.16260163,62.31199359,41.41887667,67.4796748,99.18699187,c(-122.23532, 37.76017)
"1510","Wakefield Home",NA,"01/26/2023","02/09/2023",14,"","CA",104946.875,43.2176470588235,46.909976632725,4471.54868478417,1835.92275427158,24149.8666666667,23775,23557.5454545455,25778.75,69,68960.6022639554,0.0219608745798104,3140157.37457715,450.378878006765,64.2874471086039,0.116267775504818,5.50017916628963,3.00973074342046,"Temperate or Subpolar Needleaf Forest",14.25,100.34,0.882156655192375,14.5,30.6841367,30.6841367,0,601,310.234618831539,1000,118,24.3902439,60.16260163,62.31199359,41.41887667,67.4796748,99.18699187,c(-122.23532, 37.76017)
"1511","Wakefield Home",NA,"01/26/2023","02/09/2023",14,"","CA",104946.875,43.2176470588235,46.909976632725,4471.54868478417,1835.92275427158,24149.8666666667,23775,23557.5454545455,25778.75,69,68960.6022639554,0.0219608745798104,3140157.37457715,450.378878006765,64.2874471086039,0.116267775504818,5.50017916628963,3.00973074342046,"Temperate or Subpolar Needleaf Forest",14.25,100.34,0.882156655192375,18.3333333333333,51.0184899,51.0184899,0,482,310.234618831539,1000,118,24.3902439,60.16260163,62.31199359,41.41887667,67.4796748,99.18699187,c(-122.23532, 37.76017)
"1512","Wakefield Home",NA,"01/26/2023","02/09/2023",14,"","CA",104946.875,43.2176470588235,46.909976632725,4471.54868478417,1835.92275427158,24149.8666666667,23775,23557.5454545455,25778.75,69,68960.6022639554,0.0219608745798104,3140157.37457715,450.378878006765,64.2874471086039,0.116267775504818,5.50017916628963,3.00973074342046,"Temperate or Subpolar Needleaf Forest",14.25,100.34,0.882156655192375,19,97.2494173,90.1040266,7.1453907,605,310.234618831539,1000,118,24.3902439,60.16260163,62.31199359,41.41887667,67.4796748,99.18699187,c(-122.23532, 37.76017)
"1513","Wakefield Home",NA,"01/26/2023","02/09/2023",14,"","CA",104946.875,43.2176470588235,46.909976632725,4471.54868478417,1835.92275427158,24149.8666666667,23775,23557.5454545455,25778.75,69,68960.6022639554,0.0219608745798104,3140157.37457715,450.378878006765,64.2874471086039,0.116267775504818,5.50017916628963,3.00973074342046,"Temperate or Subpolar Needleaf Forest",14.25,100.34,0.882156655192375,15.3333333333333,146.3805574,111.9637281,34.4168293,891,310.234618831539,1000,118,24.3902439,60.16260163,62.31199359,41.41887667,67.4796748,99.18699187,c(-122.23532, 37.76017)
"1514","Wakefield Home",NA,"01/26/2023","02/09/2023",14,"","CA",104946.875,43.2176470588235,46.909976632725,4471.54868478417,1835.92275427158,24149.8666666667,23775,23557.5454545455,25778.75,69,68960.6022639554,0.0219608745798104,3140157.37457715,450.378878006765,64.2874471086039,0.116267775504818,5.50017916628963,3.00973074342046,"Temperate or Subpolar Needleaf Forest",14.25,100.34,0.882156655192375,19.8333333333333,55.4094569,55.4094569,0,422,310.234618831539,1000,118,24.3902439,60.16260163,62.31199359,41.41887667,67.4796748,99.18699187,c(-122.23532, 37.76017)
"1515","Wakefield Home",NA,"01/26/2023","02/09/2023",14,"","CA",104946.875,43.2176470588235,46.909976632725,4471.54868478417,1835.92275427158,24149.8666666667,23775,23557.5454545455,25778.75,69,68960.6022639554,0.0219608745798104,3140157.37457715,450.378878006765,64.2874471086039,0.116267775504818,5.50017916628963,3.00973074342046,"Temperate or Subpolar Needleaf Forest",14.25,100.34,0.882156655192375,15.5,88.3745737,78.9037249,9.4708488,700,310.234618831539,1000,118,24.3902439,60.16260163,62.31199359,41.41887667,67.4796748,99.18699187,c(-122.23532, 37.76017)
"1516","Wakefield Home",NA,"01/26/2023","02/09/2023",14,"","CA",104946.875,43.2176470588235,46.909976632725,4471.54868478417,1835.92275427158,24149.8666666667,23775,23557.5454545455,25778.75,69,68960.6022639554,0.0219608745798104,3140157.37457715,450.378878006765,64.2874471086039,0.116267775504818,5.50017916628963,3.00973074342046,"Temperate or Subpolar Needleaf Forest",14.25,100.34,0.882156655192375,16.1666666666667,71.4964082,71.4964082,0,562,310.234618831539,1000,118,24.3902439,60.16260163,62.31199359,41.41887667,67.4796748,99.18699187,c(-122.23532, 37.76017)
"1517","Wakefield Home",NA,"01/26/2023","02/09/2023",14,"","CA",104946.875,43.2176470588235,46.909976632725,4471.54868478417,1835.92275427158,24149.8666666667,23775,23557.5454545455,25778.75,69,68960.6022639554,0.0219608745798104,3140157.37457715,450.378878006765,64.2874471086039,0.116267775504818,5.50017916628963,3.00973074342046,"Temperate or Subpolar Needleaf Forest",14.25,100.34,0.882156655192375,16.3333333333333,49.1343524,49.1343524,0,690,310.234618831539,1000,118,24.3902439,60.16260163,62.31199359,41.41887667,67.4796748,99.18699187,c(-122.23532, 37.76017)
"1518","Wakefield Home",NA,"01/26/2023","02/09/2023",14,"","CA",104946.875,43.2176470588235,46.909976632725,4471.54868478417,1835.92275427158,24149.8666666667,23775,23557.5454545455,25778.75,69,68960.6022639554,0.0219608745798104,3140157.37457715,450.378878006765,64.2874471086039,0.116267775504818,5.50017916628963,3.00973074342046,"Temperate or Subpolar Needleaf Forest",14.25,100.34,0.882156655192375,19.8333333333333,46.2815829,46.2815829,0,581,310.234618831539,1000,118,24.3902439,60.16260163,62.31199359,41.41887667,67.4796748,99.18699187,c(-122.23532, 37.76017)
"1519","Wakefield Home",NA,"01/26/2023","02/09/2023",14,"","CA",104946.875,43.2176470588235,46.909976632725,4471.54868478417,1835.92275427158,24149.8666666667,23775,23557.5454545455,25778.75,69,68960.6022639554,0.0219608745798104,3140157.37457715,450.378878006765,64.2874471086039,0.116267775504818,5.50017916628963,3.00973074342046,"Temperate or Subpolar Needleaf Forest",14.25,100.34,0.882156655192375,18.5,411.8788821,123.2532329,288.6256492,1131,310.234618831539,1000,118,24.3902439,60.16260163,62.31199359,41.41887667,67.4796748,99.18699187,c(-122.23532, 37.76017)
"1520","Wakefield Home",NA,"01/26/2023","02/09/2023",14,"","CA",104946.875,43.2176470588235,46.909976632725,4471.54868478417,1835.92275427158,24149.8666666667,23775,23557.5454545455,25778.75,69,68960.6022639554,0.0219608745798104,3140157.37457715,450.378878006765,64.2874471086039,0.116267775504818,5.50017916628963,3.00973074342046,"Temperate or Subpolar Needleaf Forest",14.25,100.34,0.882156655192375,15.8333333333333,72.4319288,72.4319288,0,602,310.234618831539,1000,118,24.3902439,60.16260163,62.31199359,41.41887667,67.4796748,99.18699187,c(-122.23532, 37.76017)
"1521","Wakefield Home",NA,"01/26/2023","02/09/2023",14,"","CA",104946.875,43.2176470588235,46.909976632725,4471.54868478417,1835.92275427158,24149.8666666667,23775,23557.5454545455,25778.75,69,68960.6022639554,0.0219608745798104,3140157.37457715,450.378878006765,64.2874471086039,0.116267775504818,5.50017916628963,3.00973074342046,"Temperate or Subpolar Needleaf Forest",14.25,100.34,0.882156655192375,16.3333333333333,316.7332742,117.881526,198.8517482,921,310.234618831539,1000,118,24.3902439,60.16260163,62.31199359,41.41887667,67.4796748,99.18699187,c(-122.23532, 37.76017)
"1522","Wakefield Home",NA,"01/26/2023","02/09/2023",14,"","CA",104946.875,43.2176470588235,46.909976632725,4471.54868478417,1835.92275427158,24149.8666666667,23775,23557.5454545455,25778.75,69,68960.6022639554,0.0219608745798104,3140157.37457715,450.378878006765,64.2874471086039,0.116267775504818,5.50017916628963,3.00973074342046,"Temperate or Subpolar Needleaf Forest",14.25,100.34,0.882156655192375,13.1666666666667,47.2255049,47.2255049,0,717,310.234618831539,1000,118,24.3902439,60.16260163,62.31199359,41.41887667,67.4796748,99.18699187,c(-122.23532, 37.76017)
"1523","Wakefield Home",NA,"01/26/2023","02/09/2023",14,"","CA",104946.875,43.2176470588235,46.909976632725,4471.54868478417,1835.92275427158,24149.8666666667,23775,23557.5454545455,25778.75,69,68960.6022639554,0.0219608745798104,3140157.37457715,450.378878006765,64.2874471086039,0.116267775504818,5.50017916628963,3.00973074342046,"Temperate or Subpolar Needleaf Forest",14.25,100.34,0.882156655192375,14.3333333333333,48.5250038,48.5250038,0,684,310.234618831539,1000,118,24.3902439,60.16260163,62.31199359,41.41887667,67.4796748,99.18699187,c(-122.23532, 37.76017)
"1524","Wakefield Home",NA,"01/26/2023","02/09/2023",14,"","CA",104946.875,43.2176470588235,46.909976632725,4471.54868478417,1835.92275427158,24149.8666666667,23775,23557.5454545455,25778.75,69,68960.6022639554,0.0219608745798104,3140157.37457715,450.378878006765,64.2874471086039,0.116267775504818,5.50017916628963,3.00973074342046,"Temperate or Subpolar Needleaf Forest",14.25,100.34,0.882156655192375,14.5,50.5027922,50.5027922,0,583,310.234618831539,1000,118,24.3902439,60.16260163,62.31199359,41.41887667,67.4796748,99.18699187,c(-122.23532, 37.76017)
"1525","Wildcat Canyon Regional Park","WCRP","11/19/2023","12/04/2023",15,"","CA",95009,42.3166666666667,31.3048372525727,2843.62912536667,1088.40007779178,8655.1875,8322.5,8280.09090909091,9480.4,10,45586.4486743623,0.0145172496905528,3140157.37457681,951.556367597058,36.0575133915986,0.204329165267188,85.1074891148916,2.6755127747623,"Temperate or Subpolar Needleaf Forest",14.2750000953674,130.5,0.795569320519765,10.1666666666667,210.6369356,210.6369356,0,454,1102.16682861699,1000,119,86.17886179,95.93495935,46.27273619,34.30835863,46.34146341,54.47154472,c(-122.32061, 37.95303)
"1526","Wildcat Canyon Regional Park","WCRP","11/19/2023","12/04/2023",15,"","CA",95009,42.3166666666667,31.3048372525727,2843.62912536667,1088.40007779178,8655.1875,8322.5,8280.09090909091,9480.4,10,45586.4486743623,0.0145172496905528,3140157.37457681,951.556367597058,36.0575133915986,0.204329165267188,85.1074891148916,2.6755127747623,"Temperate or Subpolar Needleaf Forest",14.2750000953674,130.5,0.795569320519765,15.1666666666667,58.5770318,58.5770318,0,452,1102.16682861699,1000,119,86.17886179,95.93495935,46.27273619,34.30835863,46.34146341,54.47154472,c(-122.32061, 37.95303)
"1527","Wildcat Canyon Regional Park","WCRP","11/19/2023","12/04/2023",15,"","CA",95009,42.3166666666667,31.3048372525727,2843.62912536667,1088.40007779178,8655.1875,8322.5,8280.09090909091,9480.4,10,45586.4486743623,0.0145172496905528,3140157.37457681,951.556367597058,36.0575133915986,0.204329165267188,85.1074891148916,2.6755127747623,"Temperate or Subpolar Needleaf Forest",14.2750000953674,130.5,0.795569320519765,14.5,52.5885633,52.5885633,0,361,1102.16682861699,1000,119,86.17886179,95.93495935,46.27273619,34.30835863,46.34146341,54.47154472,c(-122.32061, 37.95303)
"1528","Wildcat Canyon Regional Park","WCRP","11/19/2023","12/04/2023",15,"","CA",95009,42.3166666666667,31.3048372525727,2843.62912536667,1088.40007779178,8655.1875,8322.5,8280.09090909091,9480.4,10,45586.4486743623,0.0145172496905528,3140157.37457681,951.556367597058,36.0575133915986,0.204329165267188,85.1074891148916,2.6755127747623,"Temperate or Subpolar Needleaf Forest",14.2750000953674,130.5,0.795569320519765,16.1666666666667,70.5727484,70.5727484,0,628,1102.16682861699,1000,119,86.17886179,95.93495935,46.27273619,34.30835863,46.34146341,54.47154472,c(-122.32061, 37.95303)
"1529","Wildcat Canyon Regional Park","WCRP","11/19/2023","12/04/2023",15,"","CA",95009,42.3166666666667,31.3048372525727,2843.62912536667,1088.40007779178,8655.1875,8322.5,8280.09090909091,9480.4,10,45586.4486743623,0.0145172496905528,3140157.37457681,951.556367597058,36.0575133915986,0.204329165267188,85.1074891148916,2.6755127747623,"Temperate or Subpolar Needleaf Forest",14.2750000953674,130.5,0.795569320519765,10.5,2208.2724076,2208.2724076,0,966,1102.16682861699,1000,119,86.17886179,95.93495935,46.27273619,34.30835863,46.34146341,54.47154472,c(-122.32061, 37.95303)
"1530","Wildcat Canyon Regional Park","WCRP","11/19/2023","12/04/2023",15,"","CA",95009,42.3166666666667,31.3048372525727,2843.62912536667,1088.40007779178,8655.1875,8322.5,8280.09090909091,9480.4,10,45586.4486743623,0.0145172496905528,3140157.37457681,951.556367597058,36.0575133915986,0.204329165267188,85.1074891148916,2.6755127747623,"Temperate or Subpolar Needleaf Forest",14.2750000953674,130.5,0.795569320519765,13.6666666666667,93.1823984,93.1823984,0,513,1102.16682861699,1000,119,86.17886179,95.93495935,46.27273619,34.30835863,46.34146341,54.47154472,c(-122.32061, 37.95303)
"1531","Wildcat Canyon Regional Park","WCRP","11/19/2023","12/04/2023",15,"","CA",95009,42.3166666666667,31.3048372525727,2843.62912536667,1088.40007779178,8655.1875,8322.5,8280.09090909091,9480.4,10,45586.4486743623,0.0145172496905528,3140157.37457681,951.556367597058,36.0575133915986,0.204329165267188,85.1074891148916,2.6755127747623,"Temperate or Subpolar Needleaf Forest",14.2750000953674,130.5,0.795569320519765,14.3333333333333,110.7437954,110.7437954,0,605,1102.16682861699,1000,119,86.17886179,95.93495935,46.27273619,34.30835863,46.34146341,54.47154472,c(-122.32061, 37.95303)
"1532","Wildcat Canyon Regional Park","WCRP","11/19/2023","12/04/2023",15,"","CA",95009,42.3166666666667,31.3048372525727,2843.62912536667,1088.40007779178,8655.1875,8322.5,8280.09090909091,9480.4,10,45586.4486743623,0.0145172496905528,3140157.37457681,951.556367597058,36.0575133915986,0.204329165267188,85.1074891148916,2.6755127747623,"Temperate or Subpolar Needleaf Forest",14.2750000953674,130.5,0.795569320519765,16.3333333333333,228.1261794,228.1261794,0,904,1102.16682861699,1000,119,86.17886179,95.93495935,46.27273619,34.30835863,46.34146341,54.47154472,c(-122.32061, 37.95303)
"1533","Wildcat Canyon Regional Park","WCRP","11/19/2023","12/04/2023",15,"","CA",95009,42.3166666666667,31.3048372525727,2843.62912536667,1088.40007779178,8655.1875,8322.5,8280.09090909091,9480.4,10,45586.4486743623,0.0145172496905528,3140157.37457681,951.556367597058,36.0575133915986,0.204329165267188,85.1074891148916,2.6755127747623,"Temperate or Subpolar Needleaf Forest",14.2750000953674,130.5,0.795569320519765,9.66666666666667,120.4600145,120.4600145,0,441,1102.16682861699,1000,119,86.17886179,95.93495935,46.27273619,34.30835863,46.34146341,54.47154472,c(-122.32061, 37.95303)
"1534","Wildcat Canyon Regional Park","WCRP","11/19/2023","12/04/2023",15,"","CA",95009,42.3166666666667,31.3048372525727,2843.62912536667,1088.40007779178,8655.1875,8322.5,8280.09090909091,9480.4,10,45586.4486743623,0.0145172496905528,3140157.37457681,951.556367597058,36.0575133915986,0.204329165267188,85.1074891148916,2.6755127747623,"Temperate or Subpolar Needleaf Forest",14.2750000953674,130.5,0.795569320519765,5.5,88.0034295,88.0034295,0,432,1102.16682861699,1000,119,86.17886179,95.93495935,46.27273619,34.30835863,46.34146341,54.47154472,c(-122.32061, 37.95303)
"1535","Wildcat Canyon Regional Park","WCRP","11/19/2023","12/04/2023",15,"","CA",95009,42.3166666666667,31.3048372525727,2843.62912536667,1088.40007779178,8655.1875,8322.5,8280.09090909091,9480.4,10,45586.4486743623,0.0145172496905528,3140157.37457681,951.556367597058,36.0575133915986,0.204329165267188,85.1074891148916,2.6755127747623,"Temperate or Subpolar Needleaf Forest",14.2750000953674,130.5,0.795569320519765,14,74.3244677,74.3244677,0,450,1102.16682861699,1000,119,86.17886179,95.93495935,46.27273619,34.30835863,46.34146341,54.47154472,c(-122.32061, 37.95303)
"1536","Wildcat Canyon Regional Park","WCRP","11/19/2023","12/04/2023",15,"","CA",95009,42.3166666666667,31.3048372525727,2843.62912536667,1088.40007779178,8655.1875,8322.5,8280.09090909091,9480.4,10,45586.4486743623,0.0145172496905528,3140157.37457681,951.556367597058,36.0575133915986,0.204329165267188,85.1074891148916,2.6755127747623,"Temperate or Subpolar Needleaf Forest",14.2750000953674,130.5,0.795569320519765,13.1666666666667,119.9981846,119.9981846,0,824,1102.16682861699,1000,119,86.17886179,95.93495935,46.27273619,34.30835863,46.34146341,54.47154472,c(-122.32061, 37.95303)
"1537","Wildcat Marsh Staging Area","WMSA","11/08/2023","11/22/2023",14,"Wildcat Creek Trailhead (WCT)","CA",68918.6,36.56,13.4864902149392,1737.38295633194,489.429242295247,2893,2391,2107.27272727273,5053.75,1,27898.7374870037,0.0088845029592706,3140157.37457688,923.853075082641,45.7071589627961,0.136139753331379,3.41060186094044,2.63177092850924,"Urban and Built-up",14.3250002861023,131.85,0.870423167943954,11,3721.2251832,2459.3638139,1261.8613693,2692,991.851895671353,1000,120,95.93495935,82.11382114,60.52621317,58.72763007,95.93495935,91.8699187,c(-122.3759, 37.95885)
"1538","Wildcat Marsh Staging Area","WMSA","11/08/2023","11/22/2023",14,"Wildcat Creek Trailhead (WCT)","CA",68918.6,36.56,13.4864902149392,1737.38295633194,489.429242295247,2893,2391,2107.27272727273,5053.75,1,27898.7374870037,0.0088845029592706,3140157.37457688,923.853075082641,45.7071589627961,0.136139753331379,3.41060186094044,2.63177092850924,"Urban and Built-up",14.3250002861023,131.85,0.870423167943954,10,4753.2687265,3046.313046,1706.9556805,864,991.851895671353,1000,120,95.93495935,82.11382114,60.52621317,58.72763007,95.93495935,91.8699187,c(-122.3759, 37.95885)
"1539","Wildcat Marsh Staging Area","WMSA","11/08/2023","11/22/2023",14,"Wildcat Creek Trailhead (WCT)","CA",68918.6,36.56,13.4864902149392,1737.38295633194,489.429242295247,2893,2391,2107.27272727273,5053.75,1,27898.7374870037,0.0088845029592706,3140157.37457688,923.853075082641,45.7071589627961,0.136139753331379,3.41060186094044,2.63177092850924,"Urban and Built-up",14.3250002861023,131.85,0.870423167943954,11.5,1552.7326633,1213.844156,338.8885073,874,991.851895671353,1000,120,95.93495935,82.11382114,60.52621317,58.72763007,95.93495935,91.8699187,c(-122.3759, 37.95885)
"1540","Wildcat Marsh Staging Area","WMSA","11/08/2023","11/22/2023",14,"Wildcat Creek Trailhead (WCT)","CA",68918.6,36.56,13.4864902149392,1737.38295633194,489.429242295247,2893,2391,2107.27272727273,5053.75,1,27898.7374870037,0.0088845029592706,3140157.37457688,923.853075082641,45.7071589627961,0.136139753331379,3.41060186094044,2.63177092850924,"Urban and Built-up",14.3250002861023,131.85,0.870423167943954,14.5,51.7247017,51.7247017,0,457,991.851895671353,1000,120,95.93495935,82.11382114,60.52621317,58.72763007,95.93495935,91.8699187,c(-122.3759, 37.95885)
"1541","Wildcat Marsh Staging Area","WMSA","11/08/2023","11/22/2023",14,"Wildcat Creek Trailhead (WCT)","CA",68918.6,36.56,13.4864902149392,1737.38295633194,489.429242295247,2893,2391,2107.27272727273,5053.75,1,27898.7374870037,0.0088845029592706,3140157.37457688,923.853075082641,45.7071589627961,0.136139753331379,3.41060186094044,2.63177092850924,"Urban and Built-up",14.3250002861023,131.85,0.870423167943954,13.1666666666667,171.062388,171.062388,0,805,991.851895671353,1000,120,95.93495935,82.11382114,60.52621317,58.72763007,95.93495935,91.8699187,c(-122.3759, 37.95885)
"1542","Wilkinson Home",NA,"11/22/2022","12/04/2022",12,"","CA",99910.5652173913,36.5434782608696,40.2373997242943,4864.34422949792,2367.35460776575,30086.2307692308,31129,30017.8888888889,30240,49,65853.2775114371,0.0209713303048453,3140157.37457638,986.155696917746,79.5499435665914,0.077949534594457,10.3881538473026,3.92658947952846,"Urban and Built-up",14.25,112.02,0.906570106744766,19.5,2268.6782265,819.5938821,1449.0843444,556,471.976339060089,1000,121,68.29268293,95.12195122,60.13210098,49.37530031,79.67479675,83.7398374,c(-122.28681, 37.842845)
"1543","Wilkinson Home",NA,"11/22/2022","12/04/2022",12,"","CA",99910.5652173913,36.5434782608696,40.2373997242943,4864.34422949792,2367.35460776575,30086.2307692308,31129,30017.8888888889,30240,49,65853.2775114371,0.0209713303048453,3140157.37457638,986.155696917746,79.5499435665914,0.077949534594457,10.3881538473026,3.92658947952846,"Urban and Built-up",14.25,112.02,0.906570106744766,18.8333333333333,207.2323918,207.2323918,0,1014,471.976339060089,1000,121,68.29268293,95.12195122,60.13210098,49.37530031,79.67479675,83.7398374,c(-122.28681, 37.842845)
"1544","Wilkinson Home",NA,"11/22/2022","12/04/2022",12,"","CA",99910.5652173913,36.5434782608696,40.2373997242943,4864.34422949792,2367.35460776575,30086.2307692308,31129,30017.8888888889,30240,49,65853.2775114371,0.0209713303048453,3140157.37457638,986.155696917746,79.5499435665914,0.077949534594457,10.3881538473026,3.92658947952846,"Urban and Built-up",14.25,112.02,0.906570106744766,18.8333333333333,40.8562553,40.8562553,0,495,471.976339060089,1000,121,68.29268293,95.12195122,60.13210098,49.37530031,79.67479675,83.7398374,c(-122.28681, 37.842845)
"1545","Wilkinson Home",NA,"11/22/2022","12/04/2022",12,"","CA",99910.5652173913,36.5434782608696,40.2373997242943,4864.34422949792,2367.35460776575,30086.2307692308,31129,30017.8888888889,30240,49,65853.2775114371,0.0209713303048453,3140157.37457638,986.155696917746,79.5499435665914,0.077949534594457,10.3881538473026,3.92658947952846,"Urban and Built-up",14.25,112.02,0.906570106744766,14.8333333333333,43.4725501,43.4725501,0,556,471.976339060089,1000,121,68.29268293,95.12195122,60.13210098,49.37530031,79.67479675,83.7398374,c(-122.28681, 37.842845)
"1546","Wilkinson Home",NA,"11/22/2022","12/04/2022",12,"","CA",99910.5652173913,36.5434782608696,40.2373997242943,4864.34422949792,2367.35460776575,30086.2307692308,31129,30017.8888888889,30240,49,65853.2775114371,0.0209713303048453,3140157.37457638,986.155696917746,79.5499435665914,0.077949534594457,10.3881538473026,3.92658947952846,"Urban and Built-up",14.25,112.02,0.906570106744766,14.1666666666667,37.3842532,37.3842532,0,542,471.976339060089,1000,121,68.29268293,95.12195122,60.13210098,49.37530031,79.67479675,83.7398374,c(-122.28681, 37.842845)
"1547","Wilkinson Home",NA,"11/22/2022","12/04/2022",12,"","CA",99910.5652173913,36.5434782608696,40.2373997242943,4864.34422949792,2367.35460776575,30086.2307692308,31129,30017.8888888889,30240,49,65853.2775114371,0.0209713303048453,3140157.37457638,986.155696917746,79.5499435665914,0.077949534594457,10.3881538473026,3.92658947952846,"Urban and Built-up",14.25,112.02,0.906570106744766,15.5,49.874664,49.874664,0,625,471.976339060089,1000,121,68.29268293,95.12195122,60.13210098,49.37530031,79.67479675,83.7398374,c(-122.28681, 37.842845)
"1548","Wilkinson Home",NA,"11/22/2022","12/04/2022",12,"","CA",99910.5652173913,36.5434782608696,40.2373997242943,4864.34422949792,2367.35460776575,30086.2307692308,31129,30017.8888888889,30240,49,65853.2775114371,0.0209713303048453,3140157.37457638,986.155696917746,79.5499435665914,0.077949534594457,10.3881538473026,3.92658947952846,"Urban and Built-up",14.25,112.02,0.906570106744766,17,61.4243651,61.4243651,0,1060,471.976339060089,1000,121,68.29268293,95.12195122,60.13210098,49.37530031,79.67479675,83.7398374,c(-122.28681, 37.842845)
"1549","Wilkinson Home",NA,"11/22/2022","12/04/2022",12,"","CA",99910.5652173913,36.5434782608696,40.2373997242943,4864.34422949792,2367.35460776575,30086.2307692308,31129,30017.8888888889,30240,49,65853.2775114371,0.0209713303048453,3140157.37457638,986.155696917746,79.5499435665914,0.077949534594457,10.3881538473026,3.92658947952846,"Urban and Built-up",14.25,112.02,0.906570106744766,16.5,593.5146791,88.0817602,505.4329189,225,471.976339060089,1000,121,68.29268293,95.12195122,60.13210098,49.37530031,79.67479675,83.7398374,c(-122.28681, 37.842845)
"1550","Wilkinson Home",NA,"11/22/2022","12/04/2022",12,"","CA",99910.5652173913,36.5434782608696,40.2373997242943,4864.34422949792,2367.35460776575,30086.2307692308,31129,30017.8888888889,30240,49,65853.2775114371,0.0209713303048453,3140157.37457638,986.155696917746,79.5499435665914,0.077949534594457,10.3881538473026,3.92658947952846,"Urban and Built-up",14.25,112.02,0.906570106744766,18.1666666666667,98.1046304,98.1046304,0,462,471.976339060089,1000,121,68.29268293,95.12195122,60.13210098,49.37530031,79.67479675,83.7398374,c(-122.28681, 37.842845)
"1551","Wilkinson Home",NA,"11/22/2022","12/04/2022",12,"","CA",99910.5652173913,36.5434782608696,40.2373997242943,4864.34422949792,2367.35460776575,30086.2307692308,31129,30017.8888888889,30240,49,65853.2775114371,0.0209713303048453,3140157.37457638,986.155696917746,79.5499435665914,0.077949534594457,10.3881538473026,3.92658947952846,"Urban and Built-up",14.25,112.02,0.906570106744766,19.3333333333333,59.7608879,59.7608879,0,711,471.976339060089,1000,121,68.29268293,95.12195122,60.13210098,49.37530031,79.67479675,83.7398374,c(-122.28681, 37.842845)
"1552","Wilkinson Home",NA,"11/22/2022","12/04/2022",12,"","CA",99910.5652173913,36.5434782608696,40.2373997242943,4864.34422949792,2367.35460776575,30086.2307692308,31129,30017.8888888889,30240,49,65853.2775114371,0.0209713303048453,3140157.37457638,986.155696917746,79.5499435665914,0.077949534594457,10.3881538473026,3.92658947952846,"Urban and Built-up",14.25,112.02,0.906570106744766,17,74.0857691,74.0857691,0,354,471.976339060089,1000,121,68.29268293,95.12195122,60.13210098,49.37530031,79.67479675,83.7398374,c(-122.28681, 37.842845)
"1553","Wilkinson Home",NA,"11/22/2022","12/04/2022",12,"","CA",99910.5652173913,36.5434782608696,40.2373997242943,4864.34422949792,2367.35460776575,30086.2307692308,31129,30017.8888888889,30240,49,65853.2775114371,0.0209713303048453,3140157.37457638,986.155696917746,79.5499435665914,0.077949534594457,10.3881538473026,3.92658947952846,"Urban and Built-up",14.25,112.02,0.906570106744766,18.5,62.3159019,62.3159019,0,498,471.976339060089,1000,121,68.29268293,95.12195122,60.13210098,49.37530031,79.67479675,83.7398374,c(-122.28681, 37.842845)
"1554","Wilkinson Home",NA,"11/22/2022","12/04/2022",12,"","CA",99910.5652173913,36.5434782608696,40.2373997242943,4864.34422949792,2367.35460776575,30086.2307692308,31129,30017.8888888889,30240,49,65853.2775114371,0.0209713303048453,3140157.37457638,986.155696917746,79.5499435665914,0.077949534594457,10.3881538473026,3.92658947952846,"Urban and Built-up",14.25,112.02,0.906570106744766,13.5,57.9222168,57.9222168,0,791,471.976339060089,1000,121,68.29268293,95.12195122,60.13210098,49.37530031,79.67479675,83.7398374,c(-122.28681, 37.842845)
"1555","Wilkinson Home",NA,"11/22/2022","12/04/2022",12,"","CA",99910.5652173913,36.5434782608696,40.2373997242943,4864.34422949792,2367.35460776575,30086.2307692308,31129,30017.8888888889,30240,49,65853.2775114371,0.0209713303048453,3140157.37457638,986.155696917746,79.5499435665914,0.077949534594457,10.3881538473026,3.92658947952846,"Urban and Built-up",14.25,112.02,0.906570106744766,18.5,55.7423006,55.7423006,0,660,471.976339060089,1000,121,68.29268293,95.12195122,60.13210098,49.37530031,79.67479675,83.7398374,c(-122.28681, 37.842845)
"1556","Wilkinson Home",NA,"11/22/2022","12/04/2022",12,"","CA",99910.5652173913,36.5434782608696,40.2373997242943,4864.34422949792,2367.35460776575,30086.2307692308,31129,30017.8888888889,30240,49,65853.2775114371,0.0209713303048453,3140157.37457638,986.155696917746,79.5499435665914,0.077949534594457,10.3881538473026,3.92658947952846,"Urban and Built-up",14.25,112.02,0.906570106744766,13.3333333333333,47.8205217,47.8205217,0,578,471.976339060089,1000,121,68.29268293,95.12195122,60.13210098,49.37530031,79.67479675,83.7398374,c(-122.28681, 37.842845)
"1557","Wilkinson Home",NA,"11/22/2022","12/04/2022",12,"","CA",99910.5652173913,36.5434782608696,40.2373997242943,4864.34422949792,2367.35460776575,30086.2307692308,31129,30017.8888888889,30240,49,65853.2775114371,0.0209713303048453,3140157.37457638,986.155696917746,79.5499435665914,0.077949534594457,10.3881538473026,3.92658947952846,"Urban and Built-up",14.25,112.02,0.906570106744766,15.8333333333333,57.8340021,57.8340021,0,672,471.976339060089,1000,121,68.29268293,95.12195122,60.13210098,49.37530031,79.67479675,83.7398374,c(-122.28681, 37.842845)
"1558","Wilkinson Home",NA,"11/22/2022","12/04/2022",12,"","CA",99910.5652173913,36.5434782608696,40.2373997242943,4864.34422949792,2367.35460776575,30086.2307692308,31129,30017.8888888889,30240,49,65853.2775114371,0.0209713303048453,3140157.37457638,986.155696917746,79.5499435665914,0.077949534594457,10.3881538473026,3.92658947952846,"Urban and Built-up",14.25,112.02,0.906570106744766,17.1666666666667,64.3643609,64.3643609,0,689,471.976339060089,1000,121,68.29268293,95.12195122,60.13210098,49.37530031,79.67479675,83.7398374,c(-122.28681, 37.842845)
"1559","Wilkinson Home",NA,"11/22/2022","12/04/2022",12,"","CA",99910.5652173913,36.5434782608696,40.2373997242943,4864.34422949792,2367.35460776575,30086.2307692308,31129,30017.8888888889,30240,49,65853.2775114371,0.0209713303048453,3140157.37457638,986.155696917746,79.5499435665914,0.077949534594457,10.3881538473026,3.92658947952846,"Urban and Built-up",14.25,112.02,0.906570106744766,16.3333333333333,34.4319024,34.4319024,0,456,471.976339060089,1000,121,68.29268293,95.12195122,60.13210098,49.37530031,79.67479675,83.7398374,c(-122.28681, 37.842845)
"1560","Wilkinson Home",NA,"11/22/2022","12/04/2022",12,"","CA",99910.5652173913,36.5434782608696,40.2373997242943,4864.34422949792,2367.35460776575,30086.2307692308,31129,30017.8888888889,30240,49,65853.2775114371,0.0209713303048453,3140157.37457638,986.155696917746,79.5499435665914,0.077949534594457,10.3881538473026,3.92658947952846,"Urban and Built-up",14.25,112.02,0.906570106744766,14.6666666666667,60.8923588,60.8923588,0,675,471.976339060089,1000,121,68.29268293,95.12195122,60.13210098,49.37530031,79.67479675,83.7398374,c(-122.28681, 37.842845)
"1561","Wilkinson Home",NA,"11/22/2022","12/04/2022",12,"","CA",99910.5652173913,36.5434782608696,40.2373997242943,4864.34422949792,2367.35460776575,30086.2307692308,31129,30017.8888888889,30240,49,65853.2775114371,0.0209713303048453,3140157.37457638,986.155696917746,79.5499435665914,0.077949534594457,10.3881538473026,3.92658947952846,"Urban and Built-up",14.25,112.02,0.906570106744766,16.8333333333333,62.7928049,62.7928049,0,717,471.976339060089,1000,121,68.29268293,95.12195122,60.13210098,49.37530031,79.67479675,83.7398374,c(-122.28681, 37.842845)
"1562","Wilkinson Home",NA,"11/22/2022","12/04/2022",12,"","CA",99910.5652173913,36.5434782608696,40.2373997242943,4864.34422949792,2367.35460776575,30086.2307692308,31129,30017.8888888889,30240,49,65853.2775114371,0.0209713303048453,3140157.37457638,986.155696917746,79.5499435665914,0.077949534594457,10.3881538473026,3.92658947952846,"Urban and Built-up",14.25,112.02,0.906570106744766,15,52.155397,52.155397,0,627,471.976339060089,1000,121,68.29268293,95.12195122,60.13210098,49.37530031,79.67479675,83.7398374,c(-122.28681, 37.842845)
"1563","Wilkinson Home",NA,"11/22/2022","12/04/2022",12,"","CA",99910.5652173913,36.5434782608696,40.2373997242943,4864.34422949792,2367.35460776575,30086.2307692308,31129,30017.8888888889,30240,49,65853.2775114371,0.0209713303048453,3140157.37457638,986.155696917746,79.5499435665914,0.077949534594457,10.3881538473026,3.92658947952846,"Urban and Built-up",14.25,112.02,0.906570106744766,16.6666666666667,57.0877601,57.0877601,0,717,471.976339060089,1000,121,68.29268293,95.12195122,60.13210098,49.37530031,79.67479675,83.7398374,c(-122.28681, 37.842845)
"1564","Wilkinson Home",NA,"11/22/2022","12/04/2022",12,"","CA",99910.5652173913,36.5434782608696,40.2373997242943,4864.34422949792,2367.35460776575,30086.2307692308,31129,30017.8888888889,30240,49,65853.2775114371,0.0209713303048453,3140157.37457638,986.155696917746,79.5499435665914,0.077949534594457,10.3881538473026,3.92658947952846,"Urban and Built-up",14.25,112.02,0.906570106744766,15,54.1240427,54.1240427,0,696,471.976339060089,1000,121,68.29268293,95.12195122,60.13210098,49.37530031,79.67479675,83.7398374,c(-122.28681, 37.842845)
"1565","Williams Home",NA,"02/20/2023","03/07/2023",15,"","CA",88083.3703703704,35.97,50.9059987717131,7186.76740405115,3395.91650268479,57983.625,57871,59995.3333333333,51948.5,93,65448.9773312823,0.0208425787386233,3140157.37457664,412.359162522877,63.346662911856,0.132415369224332,57.8612284582574,3.41284833129424,"Urban and Built-up",14.3000001907349,119,0.929601773619652,11,39.4381484,39.4381484,0,422,412.638026727045,1000,122,34.95934959,35.77235772,46.5442526,35.30352731,49.59349593,56.09756098,c(-122.273254, 37.875349)
"1566","Williams Home",NA,"02/20/2023","03/07/2023",15,"","CA",88083.3703703704,35.97,50.9059987717131,7186.76740405115,3395.91650268479,57983.625,57871,59995.3333333333,51948.5,93,65448.9773312823,0.0208425787386233,3140157.37457664,412.359162522877,63.346662911856,0.132415369224332,57.8612284582574,3.41284833129424,"Urban and Built-up",14.3000001907349,119,0.929601773619652,16.6666666666667,34.9569899,34.9569899,0,529,412.638026727045,1000,122,34.95934959,35.77235772,46.5442526,35.30352731,49.59349593,56.09756098,c(-122.273254, 37.875349)
"1567","Williams Home",NA,"02/20/2023","03/07/2023",15,"","CA",88083.3703703704,35.97,50.9059987717131,7186.76740405115,3395.91650268479,57983.625,57871,59995.3333333333,51948.5,93,65448.9773312823,0.0208425787386233,3140157.37457664,412.359162522877,63.346662911856,0.132415369224332,57.8612284582574,3.41284833129424,"Urban and Built-up",14.3000001907349,119,0.929601773619652,15.1666666666667,59.7937522,59.7937522,0,622,412.638026727045,1000,122,34.95934959,35.77235772,46.5442526,35.30352731,49.59349593,56.09756098,c(-122.273254, 37.875349)
"1568","Williams Home",NA,"02/20/2023","03/07/2023",15,"","CA",88083.3703703704,35.97,50.9059987717131,7186.76740405115,3395.91650268479,57983.625,57871,59995.3333333333,51948.5,93,65448.9773312823,0.0208425787386233,3140157.37457664,412.359162522877,63.346662911856,0.132415369224332,57.8612284582574,3.41284833129424,"Urban and Built-up",14.3000001907349,119,0.929601773619652,15.3333333333333,54.4895036,54.4895036,0,310,412.638026727045,1000,122,34.95934959,35.77235772,46.5442526,35.30352731,49.59349593,56.09756098,c(-122.273254, 37.875349)
"1569","Williams Home",NA,"02/20/2023","03/07/2023",15,"","CA",88083.3703703704,35.97,50.9059987717131,7186.76740405115,3395.91650268479,57983.625,57871,59995.3333333333,51948.5,93,65448.9773312823,0.0208425787386233,3140157.37457664,412.359162522877,63.346662911856,0.132415369224332,57.8612284582574,3.41284833129424,"Urban and Built-up",14.3000001907349,119,0.929601773619652,15.3333333333333,45.2254775,45.2254775,0,280,412.638026727045,1000,122,34.95934959,35.77235772,46.5442526,35.30352731,49.59349593,56.09756098,c(-122.273254, 37.875349)
"1570","Williams Home",NA,"02/20/2023","03/07/2023",15,"","CA",88083.3703703704,35.97,50.9059987717131,7186.76740405115,3395.91650268479,57983.625,57871,59995.3333333333,51948.5,93,65448.9773312823,0.0208425787386233,3140157.37457664,412.359162522877,63.346662911856,0.132415369224332,57.8612284582574,3.41284833129424,"Urban and Built-up",14.3000001907349,119,0.929601773619652,17,71.2245982,71.2245982,0,618,412.638026727045,1000,122,34.95934959,35.77235772,46.5442526,35.30352731,49.59349593,56.09756098,c(-122.273254, 37.875349)
"1571","Williams Home",NA,"02/20/2023","03/07/2023",15,"","CA",88083.3703703704,35.97,50.9059987717131,7186.76740405115,3395.91650268479,57983.625,57871,59995.3333333333,51948.5,93,65448.9773312823,0.0208425787386233,3140157.37457664,412.359162522877,63.346662911856,0.132415369224332,57.8612284582574,3.41284833129424,"Urban and Built-up",14.3000001907349,119,0.929601773619652,19.3333333333333,35.6098281,35.6098281,0,315,412.638026727045,1000,122,34.95934959,35.77235772,46.5442526,35.30352731,49.59349593,56.09756098,c(-122.273254, 37.875349)
"1572","Williams Home",NA,"02/20/2023","03/07/2023",15,"","CA",88083.3703703704,35.97,50.9059987717131,7186.76740405115,3395.91650268479,57983.625,57871,59995.3333333333,51948.5,93,65448.9773312823,0.0208425787386233,3140157.37457664,412.359162522877,63.346662911856,0.132415369224332,57.8612284582574,3.41284833129424,"Urban and Built-up",14.3000001907349,119,0.929601773619652,15,68.2512439,68.2512439,0,477,412.638026727045,1000,122,34.95934959,35.77235772,46.5442526,35.30352731,49.59349593,56.09756098,c(-122.273254, 37.875349)
"1573","Williams Home",NA,"02/20/2023","03/07/2023",15,"","CA",88083.3703703704,35.97,50.9059987717131,7186.76740405115,3395.91650268479,57983.625,57871,59995.3333333333,51948.5,93,65448.9773312823,0.0208425787386233,3140157.37457664,412.359162522877,63.346662911856,0.132415369224332,57.8612284582574,3.41284833129424,"Urban and Built-up",14.3000001907349,119,0.929601773619652,15.5,62.3354228,62.3354228,0,493,412.638026727045,1000,122,34.95934959,35.77235772,46.5442526,35.30352731,49.59349593,56.09756098,c(-122.273254, 37.875349)
"1574","Williams Home",NA,"02/20/2023","03/07/2023",15,"","CA",88083.3703703704,35.97,50.9059987717131,7186.76740405115,3395.91650268479,57983.625,57871,59995.3333333333,51948.5,93,65448.9773312823,0.0208425787386233,3140157.37457664,412.359162522877,63.346662911856,0.132415369224332,57.8612284582574,3.41284833129424,"Urban and Built-up",14.3000001907349,119,0.929601773619652,15.3333333333333,57.6197664,57.6197664,0,546,412.638026727045,1000,122,34.95934959,35.77235772,46.5442526,35.30352731,49.59349593,56.09756098,c(-122.273254, 37.875349)
"1575","Williams Home",NA,"02/20/2023","03/07/2023",15,"","CA",88083.3703703704,35.97,50.9059987717131,7186.76740405115,3395.91650268479,57983.625,57871,59995.3333333333,51948.5,93,65448.9773312823,0.0208425787386233,3140157.37457664,412.359162522877,63.346662911856,0.132415369224332,57.8612284582574,3.41284833129424,"Urban and Built-up",14.3000001907349,119,0.929601773619652,17.5,76.460153,76.460153,0,540,412.638026727045,1000,122,34.95934959,35.77235772,46.5442526,35.30352731,49.59349593,56.09756098,c(-122.273254, 37.875349)
"1576","Williams Home",NA,"02/20/2023","03/07/2023",15,"","CA",88083.3703703704,35.97,50.9059987717131,7186.76740405115,3395.91650268479,57983.625,57871,59995.3333333333,51948.5,93,65448.9773312823,0.0208425787386233,3140157.37457664,412.359162522877,63.346662911856,0.132415369224332,57.8612284582574,3.41284833129424,"Urban and Built-up",14.3000001907349,119,0.929601773619652,16.1666666666667,39.3274476,39.3274476,0,495,412.638026727045,1000,122,34.95934959,35.77235772,46.5442526,35.30352731,49.59349593,56.09756098,c(-122.273254, 37.875349)
"1577","Williams Home",NA,"02/20/2023","03/07/2023",15,"","CA",88083.3703703704,35.97,50.9059987717131,7186.76740405115,3395.91650268479,57983.625,57871,59995.3333333333,51948.5,93,65448.9773312823,0.0208425787386233,3140157.37457664,412.359162522877,63.346662911856,0.132415369224332,57.8612284582574,3.41284833129424,"Urban and Built-up",14.3000001907349,119,0.929601773619652,13,39.1557131,39.1557131,0,503,412.638026727045,1000,122,34.95934959,35.77235772,46.5442526,35.30352731,49.59349593,56.09756098,c(-122.273254, 37.875349)
"1578","Williams Home",NA,"02/20/2023","03/07/2023",15,"","CA",88083.3703703704,35.97,50.9059987717131,7186.76740405115,3395.91650268479,57983.625,57871,59995.3333333333,51948.5,93,65448.9773312823,0.0208425787386233,3140157.37457664,412.359162522877,63.346662911856,0.132415369224332,57.8612284582574,3.41284833129424,"Urban and Built-up",14.3000001907349,119,0.929601773619652,17.8333333333333,47.0036091,47.0036091,0,771,412.638026727045,1000,122,34.95934959,35.77235772,46.5442526,35.30352731,49.59349593,56.09756098,c(-122.273254, 37.875349)
"1579","Williams Home",NA,"02/20/2023","03/07/2023",15,"","CA",88083.3703703704,35.97,50.9059987717131,7186.76740405115,3395.91650268479,57983.625,57871,59995.3333333333,51948.5,93,65448.9773312823,0.0208425787386233,3140157.37457664,412.359162522877,63.346662911856,0.132415369224332,57.8612284582574,3.41284833129424,"Urban and Built-up",14.3000001907349,119,0.929601773619652,17,30.2863057,30.2863057,0,353,412.638026727045,1000,122,34.95934959,35.77235772,46.5442526,35.30352731,49.59349593,56.09756098,c(-122.273254, 37.875349)
"1580","Williams Home",NA,"02/20/2023","03/07/2023",15,"","CA",88083.3703703704,35.97,50.9059987717131,7186.76740405115,3395.91650268479,57983.625,57871,59995.3333333333,51948.5,93,65448.9773312823,0.0208425787386233,3140157.37457664,412.359162522877,63.346662911856,0.132415369224332,57.8612284582574,3.41284833129424,"Urban and Built-up",14.3000001907349,119,0.929601773619652,16.1666666666667,40.2234322,40.2234322,0,538,412.638026727045,1000,122,34.95934959,35.77235772,46.5442526,35.30352731,49.59349593,56.09756098,c(-122.273254, 37.875349)
"1581","Williams Home",NA,"02/20/2023","03/07/2023",15,"","CA",88083.3703703704,35.97,50.9059987717131,7186.76740405115,3395.91650268479,57983.625,57871,59995.3333333333,51948.5,93,65448.9773312823,0.0208425787386233,3140157.37457664,412.359162522877,63.346662911856,0.132415369224332,57.8612284582574,3.41284833129424,"Urban and Built-up",14.3000001907349,119,0.929601773619652,15.3333333333333,38.377101,38.377101,0,326,412.638026727045,1000,122,34.95934959,35.77235772,46.5442526,35.30352731,49.59349593,56.09756098,c(-122.273254, 37.875349)
"1582","Williams Home",NA,"02/20/2023","03/07/2023",15,"","CA",88083.3703703704,35.97,50.9059987717131,7186.76740405115,3395.91650268479,57983.625,57871,59995.3333333333,51948.5,93,65448.9773312823,0.0208425787386233,3140157.37457664,412.359162522877,63.346662911856,0.132415369224332,57.8612284582574,3.41284833129424,"Urban and Built-up",14.3000001907349,119,0.929601773619652,16.8333333333333,46.5615472,46.5615472,0,561,412.638026727045,1000,122,34.95934959,35.77235772,46.5442526,35.30352731,49.59349593,56.09756098,c(-122.273254, 37.875349)
"1583","Williams Home",NA,"02/20/2023","03/07/2023",15,"","CA",88083.3703703704,35.97,50.9059987717131,7186.76740405115,3395.91650268479,57983.625,57871,59995.3333333333,51948.5,93,65448.9773312823,0.0208425787386233,3140157.37457664,412.359162522877,63.346662911856,0.132415369224332,57.8612284582574,3.41284833129424,"Urban and Built-up",14.3000001907349,119,0.929601773619652,16.6666666666667,66.0162244,66.0162244,0,388,412.638026727045,1000,122,34.95934959,35.77235772,46.5442526,35.30352731,49.59349593,56.09756098,c(-122.273254, 37.875349)
"1584","Williams Home",NA,"02/20/2023","03/07/2023",15,"","CA",88083.3703703704,35.97,50.9059987717131,7186.76740405115,3395.91650268479,57983.625,57871,59995.3333333333,51948.5,93,65448.9773312823,0.0208425787386233,3140157.37457664,412.359162522877,63.346662911856,0.132415369224332,57.8612284582574,3.41284833129424,"Urban and Built-up",14.3000001907349,119,0.929601773619652,13.5,419.8940648,419.8940648,0,253,412.638026727045,1000,122,34.95934959,35.77235772,46.5442526,35.30352731,49.59349593,56.09756098,c(-122.273254, 37.875349)
"1585","Williams Home",NA,"02/20/2023","03/07/2023",15,"","CA",88083.3703703704,35.97,50.9059987717131,7186.76740405115,3395.91650268479,57983.625,57871,59995.3333333333,51948.5,93,65448.9773312823,0.0208425787386233,3140157.37457664,412.359162522877,63.346662911856,0.132415369224332,57.8612284582574,3.41284833129424,"Urban and Built-up",14.3000001907349,119,0.929601773619652,13.5,60.141669,60.141669,0,578,412.638026727045,1000,122,34.95934959,35.77235772,46.5442526,35.30352731,49.59349593,56.09756098,c(-122.273254, 37.875349)
"1586","Williams Home",NA,"02/20/2023","03/07/2023",15,"","CA",88083.3703703704,35.97,50.9059987717131,7186.76740405115,3395.91650268479,57983.625,57871,59995.3333333333,51948.5,93,65448.9773312823,0.0208425787386233,3140157.37457664,412.359162522877,63.346662911856,0.132415369224332,57.8612284582574,3.41284833129424,"Urban and Built-up",14.3000001907349,119,0.929601773619652,19.6666666666667,95.2451892,95.2451892,0,841,412.638026727045,1000,122,34.95934959,35.77235772,46.5442526,35.30352731,49.59349593,56.09756098,c(-122.273254, 37.875349)
"1587","Williams Home",NA,"02/20/2023","03/07/2023",15,"","CA",88083.3703703704,35.97,50.9059987717131,7186.76740405115,3395.91650268479,57983.625,57871,59995.3333333333,51948.5,93,65448.9773312823,0.0208425787386233,3140157.37457664,412.359162522877,63.346662911856,0.132415369224332,57.8612284582574,3.41284833129424,"Urban and Built-up",14.3000001907349,119,0.929601773619652,13.6666666666667,60.5259095,60.5259095,0,767,412.638026727045,1000,122,34.95934959,35.77235772,46.5442526,35.30352731,49.59349593,56.09756098,c(-122.273254, 37.875349)
"1588","Williams Home",NA,"02/20/2023","03/07/2023",15,"","CA",88083.3703703704,35.97,50.9059987717131,7186.76740405115,3395.91650268479,57983.625,57871,59995.3333333333,51948.5,93,65448.9773312823,0.0208425787386233,3140157.37457664,412.359162522877,63.346662911856,0.132415369224332,57.8612284582574,3.41284833129424,"Urban and Built-up",14.3000001907349,119,0.929601773619652,14,59.7359308,59.7359308,0,754,412.638026727045,1000,122,34.95934959,35.77235772,46.5442526,35.30352731,49.59349593,56.09756098,c(-122.273254, 37.875349)
"1589","Williams Home",NA,"02/20/2023","03/07/2023",15,"","CA",88083.3703703704,35.97,50.9059987717131,7186.76740405115,3395.91650268479,57983.625,57871,59995.3333333333,51948.5,93,65448.9773312823,0.0208425787386233,3140157.37457664,412.359162522877,63.346662911856,0.132415369224332,57.8612284582574,3.41284833129424,"Urban and Built-up",14.3000001907349,119,0.929601773619652,17.3333333333333,68.182303,68.182303,0,757,412.638026727045,1000,122,34.95934959,35.77235772,46.5442526,35.30352731,49.59349593,56.09756098,c(-122.273254, 37.875349)
"1590","Williams Home",NA,"02/20/2023","03/07/2023",15,"","CA",88083.3703703704,35.97,50.9059987717131,7186.76740405115,3395.91650268479,57983.625,57871,59995.3333333333,51948.5,93,65448.9773312823,0.0208425787386233,3140157.37457664,412.359162522877,63.346662911856,0.132415369224332,57.8612284582574,3.41284833129424,"Urban and Built-up",14.3000001907349,119,0.929601773619652,18.8333333333333,39.246893,39.246893,0,734,412.638026727045,1000,122,34.95934959,35.77235772,46.5442526,35.30352731,49.59349593,56.09756098,c(-122.273254, 37.875349)
"1591","Wolff Home",NA,"11/23/2022","12/07/2022",14,"","CA",123975.5,42.5,30.1030908978852,1311.09242717757,557.048962105506,2096.33333333333,2097,2141,1973.5,1,44816.778179952,0.0142721439832266,3140157.37457689,811.137543723124,27.1942567567568,0.222851203836901,146.905937867103,2.44980772950545,"Urban and Built-up",14.0249998569489,106.725,0.775475725531578,12.5,351.6124276,351.6124276,0,349,1798.89866675626,1000,123,30.89430894,51.2195122,35.83212578,31.64554428,32.5203252,30.08130081,c(-122.150877, 37.772388)
"1592","Wolff Home",NA,"11/23/2022","12/07/2022",14,"","CA",123975.5,42.5,30.1030908978852,1311.09242717757,557.048962105506,2096.33333333333,2097,2141,1973.5,1,44816.778179952,0.0142721439832266,3140157.37457689,811.137543723124,27.1942567567568,0.222851203836901,146.905937867103,2.44980772950545,"Urban and Built-up",14.0249998569489,106.725,0.775475725531578,11.5,186.6057193,186.6057193,0,381,1798.89866675626,1000,123,30.89430894,51.2195122,35.83212578,31.64554428,32.5203252,30.08130081,c(-122.150877, 37.772388)
"1593","Wolff Home",NA,"11/23/2022","12/07/2022",14,"","CA",123975.5,42.5,30.1030908978852,1311.09242717757,557.048962105506,2096.33333333333,2097,2141,1973.5,1,44816.778179952,0.0142721439832266,3140157.37457689,811.137543723124,27.1942567567568,0.222851203836901,146.905937867103,2.44980772950545,"Urban and Built-up",14.0249998569489,106.725,0.775475725531578,6.16666666666667,757.1952017,757.1952017,0,1489,1798.89866675626,1000,123,30.89430894,51.2195122,35.83212578,31.64554428,32.5203252,30.08130081,c(-122.150877, 37.772388)
"1594","Wolff Home",NA,"11/23/2022","12/07/2022",14,"","CA",123975.5,42.5,30.1030908978852,1311.09242717757,557.048962105506,2096.33333333333,2097,2141,1973.5,1,44816.778179952,0.0142721439832266,3140157.37457689,811.137543723124,27.1942567567568,0.222851203836901,146.905937867103,2.44980772950545,"Urban and Built-up",14.0249998569489,106.725,0.775475725531578,12.6666666666667,115.0574201,115.0574201,0,479,1798.89866675626,1000,123,30.89430894,51.2195122,35.83212578,31.64554428,32.5203252,30.08130081,c(-122.150877, 37.772388)
"1595","Wolff Home",NA,"11/23/2022","12/07/2022",14,"","CA",123975.5,42.5,30.1030908978852,1311.09242717757,557.048962105506,2096.33333333333,2097,2141,1973.5,1,44816.778179952,0.0142721439832266,3140157.37457689,811.137543723124,27.1942567567568,0.222851203836901,146.905937867103,2.44980772950545,"Urban and Built-up",14.0249998569489,106.725,0.775475725531578,12.3333333333333,99.8054197,99.8054197,0,537,1798.89866675626,1000,123,30.89430894,51.2195122,35.83212578,31.64554428,32.5203252,30.08130081,c(-122.150877, 37.772388)
"1596","Wolff Home",NA,"11/23/2022","12/07/2022",14,"","CA",123975.5,42.5,30.1030908978852,1311.09242717757,557.048962105506,2096.33333333333,2097,2141,1973.5,1,44816.778179952,0.0142721439832266,3140157.37457689,811.137543723124,27.1942567567568,0.222851203836901,146.905937867103,2.44980772950545,"Urban and Built-up",14.0249998569489,106.725,0.775475725531578,10.6666666666667,179.7469646,179.7469646,0,415,1798.89866675626,1000,123,30.89430894,51.2195122,35.83212578,31.64554428,32.5203252,30.08130081,c(-122.150877, 37.772388)
"1597","Wolff Home",NA,"11/23/2022","12/07/2022",14,"","CA",123975.5,42.5,30.1030908978852,1311.09242717757,557.048962105506,2096.33333333333,2097,2141,1973.5,1,44816.778179952,0.0142721439832266,3140157.37457689,811.137543723124,27.1942567567568,0.222851203836901,146.905937867103,2.44980772950545,"Urban and Built-up",14.0249998569489,106.725,0.775475725531578,8.16666666666667,408.4325784,408.4325784,0,437,1798.89866675626,1000,123,30.89430894,51.2195122,35.83212578,31.64554428,32.5203252,30.08130081,c(-122.150877, 37.772388)
"1598","YES Nature to Neighborhoods",NA,"11/08/2023","11/27/2023",19,"","CA",73171.2222222222,36.0473684210526,12.2564682599931,4820.06081625879,1567.93565255699,15210.3,15149,14259.6428571429,17428.5,1,56830.1956517104,0.0180978813711123,3140157.37457659,690.658948599009,70.4457287848887,0.105650988899802,18.0072195484912,3.47004495024446,"Urban and Built-up",14.3500003814697,128.44,0.934725061058998,12,63.6445586,63.6445586,0,543,380.390834252985,1000,124,98.37398374,97.56097561,54.00994306,45.20519072,72.35772358,69.91869919,c(-122.339648, 37.934844)
"1599","YES Nature to Neighborhoods",NA,"11/08/2023","11/27/2023",19,"","CA",73171.2222222222,36.0473684210526,12.2564682599931,4820.06081625879,1567.93565255699,15210.3,15149,14259.6428571429,17428.5,1,56830.1956517104,0.0180978813711123,3140157.37457659,690.658948599009,70.4457287848887,0.105650988899802,18.0072195484912,3.47004495024446,"Urban and Built-up",14.3500003814697,128.44,0.934725061058998,15,53.6468926,53.6468926,0,523,380.390834252985,1000,124,98.37398374,97.56097561,54.00994306,45.20519072,72.35772358,69.91869919,c(-122.339648, 37.934844)
"1600","YES Nature to Neighborhoods",NA,"11/08/2023","11/27/2023",19,"","CA",73171.2222222222,36.0473684210526,12.2564682599931,4820.06081625879,1567.93565255699,15210.3,15149,14259.6428571429,17428.5,1,56830.1956517104,0.0180978813711123,3140157.37457659,690.658948599009,70.4457287848887,0.105650988899802,18.0072195484912,3.47004495024446,"Urban and Built-up",14.3500003814697,128.44,0.934725061058998,16.1666666666667,63.0517657,63.0517657,0,599,380.390834252985,1000,124,98.37398374,97.56097561,54.00994306,45.20519072,72.35772358,69.91869919,c(-122.339648, 37.934844)
"1601","YES Nature to Neighborhoods",NA,"11/08/2023","11/27/2023",19,"","CA",73171.2222222222,36.0473684210526,12.2564682599931,4820.06081625879,1567.93565255699,15210.3,15149,14259.6428571429,17428.5,1,56830.1956517104,0.0180978813711123,3140157.37457659,690.658948599009,70.4457287848887,0.105650988899802,18.0072195484912,3.47004495024446,"Urban and Built-up",14.3500003814697,128.44,0.934725061058998,18,62.4975204,62.4975204,0,401,380.390834252985,1000,124,98.37398374,97.56097561,54.00994306,45.20519072,72.35772358,69.91869919,c(-122.339648, 37.934844)
"1602","YES Nature to Neighborhoods",NA,"11/08/2023","11/27/2023",19,"","CA",73171.2222222222,36.0473684210526,12.2564682599931,4820.06081625879,1567.93565255699,15210.3,15149,14259.6428571429,17428.5,1,56830.1956517104,0.0180978813711123,3140157.37457659,690.658948599009,70.4457287848887,0.105650988899802,18.0072195484912,3.47004495024446,"Urban and Built-up",14.3500003814697,128.44,0.934725061058998,14,65.582811,65.582811,0,656,380.390834252985,1000,124,98.37398374,97.56097561,54.00994306,45.20519072,72.35772358,69.91869919,c(-122.339648, 37.934844)
"1603","YES Nature to Neighborhoods",NA,"11/08/2023","11/27/2023",19,"","CA",73171.2222222222,36.0473684210526,12.2564682599931,4820.06081625879,1567.93565255699,15210.3,15149,14259.6428571429,17428.5,1,56830.1956517104,0.0180978813711123,3140157.37457659,690.658948599009,70.4457287848887,0.105650988899802,18.0072195484912,3.47004495024446,"Urban and Built-up",14.3500003814697,128.44,0.934725061058998,14.5,57.0548958,57.0548958,0,760,380.390834252985,1000,124,98.37398374,97.56097561,54.00994306,45.20519072,72.35772358,69.91869919,c(-122.339648, 37.934844)
"1604","YES Nature to Neighborhoods",NA,"11/08/2023","11/27/2023",19,"","CA",73171.2222222222,36.0473684210526,12.2564682599931,4820.06081625879,1567.93565255699,15210.3,15149,14259.6428571429,17428.5,1,56830.1956517104,0.0180978813711123,3140157.37457659,690.658948599009,70.4457287848887,0.105650988899802,18.0072195484912,3.47004495024446,"Urban and Built-up",14.3500003814697,128.44,0.934725061058998,12.8333333333333,49.6784666,49.6784666,0,468,380.390834252985,1000,124,98.37398374,97.56097561,54.00994306,45.20519072,72.35772358,69.91869919,c(-122.339648, 37.934844)
"1605","YES Nature to Neighborhoods",NA,"11/08/2023","11/27/2023",19,"","CA",73171.2222222222,36.0473684210526,12.2564682599931,4820.06081625879,1567.93565255699,15210.3,15149,14259.6428571429,17428.5,1,56830.1956517104,0.0180978813711123,3140157.37457659,690.658948599009,70.4457287848887,0.105650988899802,18.0072195484912,3.47004495024446,"Urban and Built-up",14.3500003814697,128.44,0.934725061058998,14.8333333333333,61.4606888,61.4606888,0,488,380.390834252985,1000,124,98.37398374,97.56097561,54.00994306,45.20519072,72.35772358,69.91869919,c(-122.339648, 37.934844)
"1606","YES Nature to Neighborhoods",NA,"11/08/2023","11/27/2023",19,"","CA",73171.2222222222,36.0473684210526,12.2564682599931,4820.06081625879,1567.93565255699,15210.3,15149,14259.6428571429,17428.5,1,56830.1956517104,0.0180978813711123,3140157.37457659,690.658948599009,70.4457287848887,0.105650988899802,18.0072195484912,3.47004495024446,"Urban and Built-up",14.3500003814697,128.44,0.934725061058998,14.5,56.0064505,56.0064505,0,565,380.390834252985,1000,124,98.37398374,97.56097561,54.00994306,45.20519072,72.35772358,69.91869919,c(-122.339648, 37.934844)
"1607","YES Nature to Neighborhoods",NA,"11/08/2023","11/27/2023",19,"","CA",73171.2222222222,36.0473684210526,12.2564682599931,4820.06081625879,1567.93565255699,15210.3,15149,14259.6428571429,17428.5,1,56830.1956517104,0.0180978813711123,3140157.37457659,690.658948599009,70.4457287848887,0.105650988899802,18.0072195484912,3.47004495024446,"Urban and Built-up",14.3500003814697,128.44,0.934725061058998,16.5,47.065137,47.065137,0,442,380.390834252985,1000,124,98.37398374,97.56097561,54.00994306,45.20519072,72.35772358,69.91869919,c(-122.339648, 37.934844)
"1608","YES Nature to Neighborhoods",NA,"11/08/2023","11/27/2023",19,"","CA",73171.2222222222,36.0473684210526,12.2564682599931,4820.06081625879,1567.93565255699,15210.3,15149,14259.6428571429,17428.5,1,56830.1956517104,0.0180978813711123,3140157.37457659,690.658948599009,70.4457287848887,0.105650988899802,18.0072195484912,3.47004495024446,"Urban and Built-up",14.3500003814697,128.44,0.934725061058998,15.1666666666667,45.2356086,45.2356086,0,438,380.390834252985,1000,124,98.37398374,97.56097561,54.00994306,45.20519072,72.35772358,69.91869919,c(-122.339648, 37.934844)
"1609","YES Nature to Neighborhoods",NA,"11/08/2023","11/27/2023",19,"","CA",73171.2222222222,36.0473684210526,12.2564682599931,4820.06081625879,1567.93565255699,15210.3,15149,14259.6428571429,17428.5,1,56830.1956517104,0.0180978813711123,3140157.37457659,690.658948599009,70.4457287848887,0.105650988899802,18.0072195484912,3.47004495024446,"Urban and Built-up",14.3500003814697,128.44,0.934725061058998,13.5,43.6020305,43.6020305,0,471,380.390834252985,1000,124,98.37398374,97.56097561,54.00994306,45.20519072,72.35772358,69.91869919,c(-122.339648, 37.934844)
"1610","YES Nature to Neighborhoods",NA,"11/08/2023","11/27/2023",19,"","CA",73171.2222222222,36.0473684210526,12.2564682599931,4820.06081625879,1567.93565255699,15210.3,15149,14259.6428571429,17428.5,1,56830.1956517104,0.0180978813711123,3140157.37457659,690.658948599009,70.4457287848887,0.105650988899802,18.0072195484912,3.47004495024446,"Urban and Built-up",14.3500003814697,128.44,0.934725061058998,17.1666666666667,124.9038609,124.9038609,0,564,380.390834252985,1000,124,98.37398374,97.56097561,54.00994306,45.20519072,72.35772358,69.91869919,c(-122.339648, 37.934844)
"1611","YES Nature to Neighborhoods",NA,"11/08/2023","11/27/2023",19,"","CA",73171.2222222222,36.0473684210526,12.2564682599931,4820.06081625879,1567.93565255699,15210.3,15149,14259.6428571429,17428.5,1,56830.1956517104,0.0180978813711123,3140157.37457659,690.658948599009,70.4457287848887,0.105650988899802,18.0072195484912,3.47004495024446,"Urban and Built-up",14.3500003814697,128.44,0.934725061058998,14.8333333333333,105.2764608,105.2764608,0,528,380.390834252985,1000,124,98.37398374,97.56097561,54.00994306,45.20519072,72.35772358,69.91869919,c(-122.339648, 37.934844)
"1612","YES Nature to Neighborhoods",NA,"11/08/2023","11/27/2023",19,"","CA",73171.2222222222,36.0473684210526,12.2564682599931,4820.06081625879,1567.93565255699,15210.3,15149,14259.6428571429,17428.5,1,56830.1956517104,0.0180978813711123,3140157.37457659,690.658948599009,70.4457287848887,0.105650988899802,18.0072195484912,3.47004495024446,"Urban and Built-up",14.3500003814697,128.44,0.934725061058998,14.1666666666667,90.2703249,90.2703249,0,697,380.390834252985,1000,124,98.37398374,97.56097561,54.00994306,45.20519072,72.35772358,69.91869919,c(-122.339648, 37.934844)
"1613","YES Nature to Neighborhoods",NA,"11/08/2023","11/27/2023",19,"","CA",73171.2222222222,36.0473684210526,12.2564682599931,4820.06081625879,1567.93565255699,15210.3,15149,14259.6428571429,17428.5,1,56830.1956517104,0.0180978813711123,3140157.37457659,690.658948599009,70.4457287848887,0.105650988899802,18.0072195484912,3.47004495024446,"Urban and Built-up",14.3500003814697,128.44,0.934725061058998,16.8333333333333,83.7639348,83.7639348,0,349,380.390834252985,1000,124,98.37398374,97.56097561,54.00994306,45.20519072,72.35772358,69.91869919,c(-122.339648, 37.934844)
"1614","YES Nature to Neighborhoods",NA,"11/08/2023","11/27/2023",19,"","CA",73171.2222222222,36.0473684210526,12.2564682599931,4820.06081625879,1567.93565255699,15210.3,15149,14259.6428571429,17428.5,1,56830.1956517104,0.0180978813711123,3140157.37457659,690.658948599009,70.4457287848887,0.105650988899802,18.0072195484912,3.47004495024446,"Urban and Built-up",14.3500003814697,128.44,0.934725061058998,16,80.5691789,80.5691789,0,455,380.390834252985,1000,124,98.37398374,97.56097561,54.00994306,45.20519072,72.35772358,69.91869919,c(-122.339648, 37.934844)
"1615","YES Nature to Neighborhoods",NA,"11/08/2023","11/27/2023",19,"","CA",73171.2222222222,36.0473684210526,12.2564682599931,4820.06081625879,1567.93565255699,15210.3,15149,14259.6428571429,17428.5,1,56830.1956517104,0.0180978813711123,3140157.37457659,690.658948599009,70.4457287848887,0.105650988899802,18.0072195484912,3.47004495024446,"Urban and Built-up",14.3500003814697,128.44,0.934725061058998,14.8333333333333,87.2789323,87.2789323,0,526,380.390834252985,1000,124,98.37398374,97.56097561,54.00994306,45.20519072,72.35772358,69.91869919,c(-122.339648, 37.934844)
"1616","YES Nature to Neighborhoods",NA,"11/08/2023","11/27/2023",19,"","CA",73171.2222222222,36.0473684210526,12.2564682599931,4820.06081625879,1567.93565255699,15210.3,15149,14259.6428571429,17428.5,1,56830.1956517104,0.0180978813711123,3140157.37457659,690.658948599009,70.4457287848887,0.105650988899802,18.0072195484912,3.47004495024446,"Urban and Built-up",14.3500003814697,128.44,0.934725061058998,14.6666666666667,67.8000393,67.8000393,0,579,380.390834252985,1000,124,98.37398374,97.56097561,54.00994306,45.20519072,72.35772358,69.91869919,c(-122.339648, 37.934844)
"1617","YES Nature to Neighborhoods",NA,"11/08/2023","11/27/2023",19,"","CA",73171.2222222222,36.0473684210526,12.2564682599931,4820.06081625879,1567.93565255699,15210.3,15149,14259.6428571429,17428.5,1,56830.1956517104,0.0180978813711123,3140157.37457659,690.658948599009,70.4457287848887,0.105650988899802,18.0072195484912,3.47004495024446,"Urban and Built-up",14.3500003814697,128.44,0.934725061058998,14,53.4217845,53.4217845,0,545,380.390834252985,1000,124,98.37398374,97.56097561,54.00994306,45.20519072,72.35772358,69.91869919,c(-122.339648, 37.934844)
