"","Name","UWIN.Code","Start.Date","End.Date","Num.Days","Notes","states_abbrev","mean_income","mean_age","mean_percent_white","mean_pop_density","mean_housing_density","mean_daily_visits","median_daily_visits","mean_weekday_visits","mean_weekend_visits","restaurant_count","total_road_length","road_density","road_area","distance_to_road","imp_surf","ndvi","elev","nightlight_avg","nldc_landcover","bio_1","bio_12","human_mod","NatWalkInd","Ac_Total","Ac_Land","Ac_Water","Workers","dist2nearest_camera","buffer_size","X","BURDEN_RESCALED_AV_PCT","BURDEN_RESCALED_MAX_PCT","MAX_POLL_RAW","MEAN_POLL_RAW","OGBURDEN_AV","OGBURDEN_MAX","geometry"
"1","Ahern Home",NA,"01/25/2023","02/01/2023",7,"IOR","CA",179060.5,41.35,63.7734562761709,2050.70866988506,783.184668105247,3378,3316.5,3549.83333333333,2862.5,1,10450.5284240629,0.0133121078690782,785039.343644271,456.651189171873,13.2460317460317,0.266804319353799,237.14877424321,2.25370236178417,"Urban and Built-up",13.9499998092651,119.5,0.703989446163177,5.83333333333333,335.2294505,335.2294505,0,904,476.719897963641,500,1,5.691056911,7.317073171,34.38327414,23.96526226,12.19512195,19.51219512,c(-122.210054, 37.838156)
"2","Ahern Home",NA,"01/25/2023","02/01/2023",7,"IOR","CA",179060.5,41.35,63.7734562761709,2050.70866988506,783.184668105247,3378,3316.5,3549.83333333333,2862.5,1,10450.5284240629,0.0133121078690782,785039.343644271,456.651189171873,13.2460317460317,0.266804319353799,237.14877424321,2.25370236178417,"Urban and Built-up",13.9499998092651,119.5,0.703989446163177,11,168.1078133,168.1078133,0,690,476.719897963641,500,1,5.691056911,7.317073171,34.38327414,23.96526226,12.19512195,19.51219512,c(-122.210054, 37.838156)
"3","Ahern Home",NA,"01/25/2023","02/01/2023",7,"IOR","CA",179060.5,41.35,63.7734562761709,2050.70866988506,783.184668105247,3378,3316.5,3549.83333333333,2862.5,1,10450.5284240629,0.0133121078690782,785039.343644271,456.651189171873,13.2460317460317,0.266804319353799,237.14877424321,2.25370236178417,"Urban and Built-up",13.9499998092651,119.5,0.703989446163177,12.3333333333333,125.670118,125.670118,0,458,476.719897963641,500,1,5.691056911,7.317073171,34.38327414,23.96526226,12.19512195,19.51219512,c(-122.210054, 37.838156)
"4","Ahern Home",NA,"01/25/2023","02/01/2023",7,"IOR","CA",179060.5,41.35,63.7734562761709,2050.70866988506,783.184668105247,3378,3316.5,3549.83333333333,2862.5,1,10450.5284240629,0.0133121078690782,785039.343644271,456.651189171873,13.2460317460317,0.266804319353799,237.14877424321,2.25370236178417,"Urban and Built-up",13.9499998092651,119.5,0.703989446163177,12.5,138.296928,138.296928,0,623,476.719897963641,500,1,5.691056911,7.317073171,34.38327414,23.96526226,12.19512195,19.51219512,c(-122.210054, 37.838156)
"5","Albany Waterfront Trail-Albany Bulb","AWT-AB","11/29/2023","12/13/2023",14,"","CA",105871,34.1,36.4338193452117,669.41837526182,283.467221667584,7833.2,7103,6862.90909090909,10501.5,1,7990.75311560745,0.0101787931780759,785039.343644269,305.811791307068,34.0541760722348,0.0920645344317961,3.34054161791463,2.49565139894982,"Urban and Built-up",14.3500003814697,122.2,0.740065306425095,12.5,433.4588664,159.3555313,274.1033351,360,908.651382165591,500,2,89.43089431,90.24390244,60.13210098,52.56645591,88.61788618,83.7398374,c(-122.312563, 37.889749)
"6","Albany Waterfront Trail-Albany Bulb","AWT-AB","11/29/2023","12/13/2023",14,"","CA",105871,34.1,36.4338193452117,669.41837526182,283.467221667584,7833.2,7103,6862.90909090909,10501.5,1,7990.75311560745,0.0101787931780759,785039.343644269,305.811791307068,34.0541760722348,0.0920645344317961,3.34054161791463,2.49565139894982,"Urban and Built-up",14.3500003814697,122.2,0.740065306425095,17.8333333333333,677.3675699,273.9024428,403.4651271,798,908.651382165591,500,2,89.43089431,90.24390244,60.13210098,52.56645591,88.61788618,83.7398374,c(-122.312563, 37.889749)
"7","Albe Home",NA,"11/21/2022","12/06/2022",15,"IOR","CA",112097,45.2428571428571,41.2782149146058,3250.20939120423,1184.45021753143,8375.125,8460,8073,9281.5,1,15418.0005689791,0.0196397807241186,785039.34364425,241.280063776794,60.9367231638418,0.139213012909426,52.2924721975633,2.76820045857974,"Urban and Built-up",14.3500003814697,130.1,0.821706473827362,15.1666666666667,58.5770318,58.5770318,0,452,581.992202196402,500,3,92.68292683,96.74796748,46.27273619,38.10089326,57.72357724,54.47154472,c(-122.3209, 37.942801)
"8","Albe Home",NA,"11/21/2022","12/06/2022",15,"IOR","CA",112097,45.2428571428571,41.2782149146058,3250.20939120423,1184.45021753143,8375.125,8460,8073,9281.5,1,15418.0005689791,0.0196397807241186,785039.34364425,241.280063776794,60.9367231638418,0.139213012909426,52.2924721975633,2.76820045857974,"Urban and Built-up",14.3500003814697,130.1,0.821706473827362,14.5,52.5885633,52.5885633,0,361,581.992202196402,500,3,92.68292683,96.74796748,46.27273619,38.10089326,57.72357724,54.47154472,c(-122.3209, 37.942801)
"9","Albe Home",NA,"11/21/2022","12/06/2022",15,"IOR","CA",112097,45.2428571428571,41.2782149146058,3250.20939120423,1184.45021753143,8375.125,8460,8073,9281.5,1,15418.0005689791,0.0196397807241186,785039.34364425,241.280063776794,60.9367231638418,0.139213012909426,52.2924721975633,2.76820045857974,"Urban and Built-up",14.3500003814697,130.1,0.821706473827362,14.6666666666667,66.0985087,66.0985087,0,351,581.992202196402,500,3,92.68292683,96.74796748,46.27273619,38.10089326,57.72357724,54.47154472,c(-122.3209, 37.942801)
"10","Albe Home",NA,"11/21/2022","12/06/2022",15,"IOR","CA",112097,45.2428571428571,41.2782149146058,3250.20939120423,1184.45021753143,8375.125,8460,8073,9281.5,1,15418.0005689791,0.0196397807241186,785039.34364425,241.280063776794,60.9367231638418,0.139213012909426,52.2924721975633,2.76820045857974,"Urban and Built-up",14.3500003814697,130.1,0.821706473827362,14.3333333333333,110.7437954,110.7437954,0,605,581.992202196402,500,3,92.68292683,96.74796748,46.27273619,38.10089326,57.72357724,54.47154472,c(-122.3209, 37.942801)
"11","Albe Home",NA,"11/21/2022","12/06/2022",15,"IOR","CA",112097,45.2428571428571,41.2782149146058,3250.20939120423,1184.45021753143,8375.125,8460,8073,9281.5,1,15418.0005689791,0.0196397807241186,785039.34364425,241.280063776794,60.9367231638418,0.139213012909426,52.2924721975633,2.76820045857974,"Urban and Built-up",14.3500003814697,130.1,0.821706473827362,9.66666666666667,120.4600145,120.4600145,0,441,581.992202196402,500,3,92.68292683,96.74796748,46.27273619,38.10089326,57.72357724,54.47154472,c(-122.3209, 37.942801)
"12","Albe Home",NA,"11/21/2022","12/06/2022",15,"IOR","CA",112097,45.2428571428571,41.2782149146058,3250.20939120423,1184.45021753143,8375.125,8460,8073,9281.5,1,15418.0005689791,0.0196397807241186,785039.34364425,241.280063776794,60.9367231638418,0.139213012909426,52.2924721975633,2.76820045857974,"Urban and Built-up",14.3500003814697,130.1,0.821706473827362,13.1666666666667,119.9981846,119.9981846,0,824,581.992202196402,500,3,92.68292683,96.74796748,46.27273619,38.10089326,57.72357724,54.47154472,c(-122.3209, 37.942801)
"13","Albe Home",NA,"11/21/2022","12/06/2022",15,"IOR","CA",112097,45.2428571428571,41.2782149146058,3250.20939120423,1184.45021753143,8375.125,8460,8073,9281.5,1,15418.0005689791,0.0196397807241186,785039.34364425,241.280063776794,60.9367231638418,0.139213012909426,52.2924721975633,2.76820045857974,"Urban and Built-up",14.3500003814697,130.1,0.821706473827362,13.8333333333333,50.8121614,50.8121614,0,399,581.992202196402,500,3,92.68292683,96.74796748,46.27273619,38.10089326,57.72357724,54.47154472,c(-122.3209, 37.942801)
"14","Alexander Home",NA,"01/27/2023","02/03/2023",7,"Sarah (Alison + Hoover) Home","CA",109061,40.8111111111111,33.0006099051208,3096.82113384582,1215.87229589603,21409.875,21412.5,21328.1666666667,21655,1,18569.6925505119,0.0236544737545322,785039.343644414,125.348208824119,64.2311161217587,0.133464108751206,39.1425326441375,3.27100836282563,"Urban and Built-up",14.3500003814697,129.15,0.927062287926674,18.3333333333333,76.1305216,76.1305216,0,399,488.521859577132,500,4,91.8699187,91.8699187,56.59650758,41.71351875,69.10569106,77.23577236,c(-122.32046, 37.933188)
"15","Alexander Home",NA,"01/27/2023","02/03/2023",7,"Sarah (Alison + Hoover) Home","CA",109061,40.8111111111111,33.0006099051208,3096.82113384582,1215.87229589603,21409.875,21412.5,21328.1666666667,21655,1,18569.6925505119,0.0236544737545322,785039.343644414,125.348208824119,64.2311161217587,0.133464108751206,39.1425326441375,3.27100836282563,"Urban and Built-up",14.3500003814697,129.15,0.927062287926674,14.5,56.0064505,56.0064505,0,565,488.521859577132,500,4,91.8699187,91.8699187,56.59650758,41.71351875,69.10569106,77.23577236,c(-122.32046, 37.933188)
"16","Alexander Home",NA,"01/27/2023","02/03/2023",7,"Sarah (Alison + Hoover) Home","CA",109061,40.8111111111111,33.0006099051208,3096.82113384582,1215.87229589603,21409.875,21412.5,21328.1666666667,21655,1,18569.6925505119,0.0236544737545322,785039.343644414,125.348208824119,64.2311161217587,0.133464108751206,39.1425326441375,3.27100836282563,"Urban and Built-up",14.3500003814697,129.15,0.927062287926674,17.1666666666667,124.9038609,124.9038609,0,564,488.521859577132,500,4,91.8699187,91.8699187,56.59650758,41.71351875,69.10569106,77.23577236,c(-122.32046, 37.933188)
"17","Alexander Home",NA,"01/27/2023","02/03/2023",7,"Sarah (Alison + Hoover) Home","CA",109061,40.8111111111111,33.0006099051208,3096.82113384582,1215.87229589603,21409.875,21412.5,21328.1666666667,21655,1,18569.6925505119,0.0236544737545322,785039.343644414,125.348208824119,64.2311161217587,0.133464108751206,39.1425326441375,3.27100836282563,"Urban and Built-up",14.3500003814697,129.15,0.927062287926674,14.8333333333333,105.2764608,105.2764608,0,528,488.521859577132,500,4,91.8699187,91.8699187,56.59650758,41.71351875,69.10569106,77.23577236,c(-122.32046, 37.933188)
"18","Alexander Home",NA,"01/27/2023","02/03/2023",7,"Sarah (Alison + Hoover) Home","CA",109061,40.8111111111111,33.0006099051208,3096.82113384582,1215.87229589603,21409.875,21412.5,21328.1666666667,21655,1,18569.6925505119,0.0236544737545322,785039.343644414,125.348208824119,64.2311161217587,0.133464108751206,39.1425326441375,3.27100836282563,"Urban and Built-up",14.3500003814697,129.15,0.927062287926674,13,82.7115359,82.7115359,0,527,488.521859577132,500,4,91.8699187,91.8699187,56.59650758,41.71351875,69.10569106,77.23577236,c(-122.32046, 37.933188)
"19","Alexander Home",NA,"01/27/2023","02/03/2023",7,"Sarah (Alison + Hoover) Home","CA",109061,40.8111111111111,33.0006099051208,3096.82113384582,1215.87229589603,21409.875,21412.5,21328.1666666667,21655,1,18569.6925505119,0.0236544737545322,785039.343644414,125.348208824119,64.2311161217587,0.133464108751206,39.1425326441375,3.27100836282563,"Urban and Built-up",14.3500003814697,129.15,0.927062287926674,13.3333333333333,81.6008214,81.6008214,0,613,488.521859577132,500,4,91.8699187,91.8699187,56.59650758,41.71351875,69.10569106,77.23577236,c(-122.32046, 37.933188)
"20","Alexander Home",NA,"01/27/2023","02/03/2023",7,"Sarah (Alison + Hoover) Home","CA",109061,40.8111111111111,33.0006099051208,3096.82113384582,1215.87229589603,21409.875,21412.5,21328.1666666667,21655,1,18569.6925505119,0.0236544737545322,785039.343644414,125.348208824119,64.2311161217587,0.133464108751206,39.1425326441375,3.27100836282563,"Urban and Built-up",14.3500003814697,129.15,0.927062287926674,14.6666666666667,66.0985087,66.0985087,0,351,488.521859577132,500,4,91.8699187,91.8699187,56.59650758,41.71351875,69.10569106,77.23577236,c(-122.32046, 37.933188)
"21","Alexander Home",NA,"01/27/2023","02/03/2023",7,"Sarah (Alison + Hoover) Home","CA",109061,40.8111111111111,33.0006099051208,3096.82113384582,1215.87229589603,21409.875,21412.5,21328.1666666667,21655,1,18569.6925505119,0.0236544737545322,785039.343644414,125.348208824119,64.2311161217587,0.133464108751206,39.1425326441375,3.27100836282563,"Urban and Built-up",14.3500003814697,129.15,0.927062287926674,18.6666666666667,83.243048,83.243048,0,453,488.521859577132,500,4,91.8699187,91.8699187,56.59650758,41.71351875,69.10569106,77.23577236,c(-122.32046, 37.933188)
"22","Alexander Home",NA,"01/27/2023","02/03/2023",7,"Sarah (Alison + Hoover) Home","CA",109061,40.8111111111111,33.0006099051208,3096.82113384582,1215.87229589603,21409.875,21412.5,21328.1666666667,21655,1,18569.6925505119,0.0236544737545322,785039.343644414,125.348208824119,64.2311161217587,0.133464108751206,39.1425326441375,3.27100836282563,"Urban and Built-up",14.3500003814697,129.15,0.927062287926674,13.8333333333333,50.8121614,50.8121614,0,399,488.521859577132,500,4,91.8699187,91.8699187,56.59650758,41.71351875,69.10569106,77.23577236,c(-122.32046, 37.933188)
"23","Andrews Home",NA,"01/25/2023","02/11/2023",17,"","CA",158740.75,45.3375,60.2424154622835,3716.30988745491,1701.83794770549,9038.16666666667,8973.5,9255.69230769231,8472.6,22,12732.0688932126,0.0162183831884259,785039.343644235,238.871384582017,50.7352941176472,0.167483822313406,77.1458910508917,3.22915944210997,"Urban and Built-up",14.1499996185303,108.8,0.920411318540573,13.5,93.4635982,93.4635982,0,676,409.360657627075,500,5,54.47154472,36.58536585,35.33385722,32.95785471,37.39837398,26.01626016,c(-122.221358, 37.808965)
"24","Andrews Home",NA,"01/25/2023","02/11/2023",17,"","CA",158740.75,45.3375,60.2424154622835,3716.30988745491,1701.83794770549,9038.16666666667,8973.5,9255.69230769231,8472.6,22,12732.0688932126,0.0162183831884259,785039.343644235,238.871384582017,50.7352941176472,0.167483822313406,77.1458910508917,3.22915944210997,"Urban and Built-up",14.1499996185303,108.8,0.920411318540573,14.6666666666667,58.3934365,58.3934365,0,528,409.360657627075,500,5,54.47154472,36.58536585,35.33385722,32.95785471,37.39837398,26.01626016,c(-122.221358, 37.808965)
"25","Andrews Home",NA,"01/25/2023","02/11/2023",17,"","CA",158740.75,45.3375,60.2424154622835,3716.30988745491,1701.83794770549,9038.16666666667,8973.5,9255.69230769231,8472.6,22,12732.0688932126,0.0162183831884259,785039.343644235,238.871384582017,50.7352941176472,0.167483822313406,77.1458910508917,3.22915944210997,"Urban and Built-up",14.1499996185303,108.8,0.920411318540573,17,59.0858107,59.0858107,0,612,409.360657627075,500,5,54.47154472,36.58536585,35.33385722,32.95785471,37.39837398,26.01626016,c(-122.221358, 37.808965)
"26","Andrews Home",NA,"01/25/2023","02/11/2023",17,"","CA",158740.75,45.3375,60.2424154622835,3716.30988745491,1701.83794770549,9038.16666666667,8973.5,9255.69230769231,8472.6,22,12732.0688932126,0.0162183831884259,785039.343644235,238.871384582017,50.7352941176472,0.167483822313406,77.1458910508917,3.22915944210997,"Urban and Built-up",14.1499996185303,108.8,0.920411318540573,15.6666666666667,76.1426295,76.1426295,0,701,409.360657627075,500,5,54.47154472,36.58536585,35.33385722,32.95785471,37.39837398,26.01626016,c(-122.221358, 37.808965)
"27","Andrews Home",NA,"01/25/2023","02/11/2023",17,"","CA",158740.75,45.3375,60.2424154622835,3716.30988745491,1701.83794770549,9038.16666666667,8973.5,9255.69230769231,8472.6,22,12732.0688932126,0.0162183831884259,785039.343644235,238.871384582017,50.7352941176472,0.167483822313406,77.1458910508917,3.22915944210997,"Urban and Built-up",14.1499996185303,108.8,0.920411318540573,11.6666666666667,168.7352002,168.7352002,0,499,409.360657627075,500,5,54.47154472,36.58536585,35.33385722,32.95785471,37.39837398,26.01626016,c(-122.221358, 37.808965)
"28","Andrews Home",NA,"01/25/2023","02/11/2023",17,"","CA",158740.75,45.3375,60.2424154622835,3716.30988745491,1701.83794770549,9038.16666666667,8973.5,9255.69230769231,8472.6,22,12732.0688932126,0.0162183831884259,785039.343644235,238.871384582017,50.7352941176472,0.167483822313406,77.1458910508917,3.22915944210997,"Urban and Built-up",14.1499996185303,108.8,0.920411318540573,13.1666666666667,39.6459595,39.6459595,0,440,409.360657627075,500,5,54.47154472,36.58536585,35.33385722,32.95785471,37.39837398,26.01626016,c(-122.221358, 37.808965)
"29","Andrews Home",NA,"01/25/2023","02/11/2023",17,"","CA",158740.75,45.3375,60.2424154622835,3716.30988745491,1701.83794770549,9038.16666666667,8973.5,9255.69230769231,8472.6,22,12732.0688932126,0.0162183831884259,785039.343644235,238.871384582017,50.7352941176472,0.167483822313406,77.1458910508917,3.22915944210997,"Urban and Built-up",14.1499996185303,108.8,0.920411318540573,16.3333333333333,93.4240622,93.4240622,0,698,409.360657627075,500,5,54.47154472,36.58536585,35.33385722,32.95785471,37.39837398,26.01626016,c(-122.221358, 37.808965)
"30","Andrews Home",NA,"01/25/2023","02/11/2023",17,"","CA",158740.75,45.3375,60.2424154622835,3716.30988745491,1701.83794770549,9038.16666666667,8973.5,9255.69230769231,8472.6,22,12732.0688932126,0.0162183831884259,785039.343644235,238.871384582017,50.7352941176472,0.167483822313406,77.1458910508917,3.22915944210997,"Urban and Built-up",14.1499996185303,108.8,0.920411318540573,14.8333333333333,80.5266777,80.5266777,0,522,409.360657627075,500,5,54.47154472,36.58536585,35.33385722,32.95785471,37.39837398,26.01626016,c(-122.221358, 37.808965)
"31","Andrews Home",NA,"01/25/2023","02/11/2023",17,"","CA",158740.75,45.3375,60.2424154622835,3716.30988745491,1701.83794770549,9038.16666666667,8973.5,9255.69230769231,8472.6,22,12732.0688932126,0.0162183831884259,785039.343644235,238.871384582017,50.7352941176472,0.167483822313406,77.1458910508917,3.22915944210997,"Urban and Built-up",14.1499996185303,108.8,0.920411318540573,14.1666666666667,64.7033821,64.7033821,0,690,409.360657627075,500,5,54.47154472,36.58536585,35.33385722,32.95785471,37.39837398,26.01626016,c(-122.221358, 37.808965)
"32","Bataclan Home",NA,"01/24/2023","02/11/2023",18,"Therese Home","CA",95118.6363636364,38.0818181818182,51.6283092413638,6036.07375924209,3608.71626806192,47398.4736842105,48167,49770.2142857143,40757.6,35,16284.1116808006,0.020743051686053,785039.343644388,389.11774412804,75.1451068616423,0.0960207927430642,30.7749669734554,3.89393270541129,"Urban and Built-up",14.25,108.9,0.934111475944519,17.3333333333333,46.7960451,46.7960451,0,401,604.576371297946,500,6,72.35772358,74.79674797,54.72614651,41.42096796,68.29268293,71.54471545,c(-122.257263, 37.828543)
"33","Bataclan Home",NA,"01/24/2023","02/11/2023",18,"Therese Home","CA",95118.6363636364,38.0818181818182,51.6283092413638,6036.07375924209,3608.71626806192,47398.4736842105,48167,49770.2142857143,40757.6,35,16284.1116808006,0.020743051686053,785039.343644388,389.11774412804,75.1451068616423,0.0960207927430642,30.7749669734554,3.89393270541129,"Urban and Built-up",14.25,108.9,0.934111475944519,15.5,81.3818908,81.3818908,0,727,604.576371297946,500,6,72.35772358,74.79674797,54.72614651,41.42096796,68.29268293,71.54471545,c(-122.257263, 37.828543)
"34","Bataclan Home",NA,"01/24/2023","02/11/2023",18,"Therese Home","CA",95118.6363636364,38.0818181818182,51.6283092413638,6036.07375924209,3608.71626806192,47398.4736842105,48167,49770.2142857143,40757.6,35,16284.1116808006,0.020743051686053,785039.343644388,389.11774412804,75.1451068616423,0.0960207927430642,30.7749669734554,3.89393270541129,"Urban and Built-up",14.25,108.9,0.934111475944519,18,35.8040487,35.8040487,0,482,604.576371297946,500,6,72.35772358,74.79674797,54.72614651,41.42096796,68.29268293,71.54471545,c(-122.257263, 37.828543)
"35","Bataclan Home",NA,"01/24/2023","02/11/2023",18,"Therese Home","CA",95118.6363636364,38.0818181818182,51.6283092413638,6036.07375924209,3608.71626806192,47398.4736842105,48167,49770.2142857143,40757.6,35,16284.1116808006,0.020743051686053,785039.343644388,389.11774412804,75.1451068616423,0.0960207927430642,30.7749669734554,3.89393270541129,"Urban and Built-up",14.25,108.9,0.934111475944519,13.1666666666667,58.4077683,58.4077683,0,772,604.576371297946,500,6,72.35772358,74.79674797,54.72614651,41.42096796,68.29268293,71.54471545,c(-122.257263, 37.828543)
"36","Bataclan Home",NA,"01/24/2023","02/11/2023",18,"Therese Home","CA",95118.6363636364,38.0818181818182,51.6283092413638,6036.07375924209,3608.71626806192,47398.4736842105,48167,49770.2142857143,40757.6,35,16284.1116808006,0.020743051686053,785039.343644388,389.11774412804,75.1451068616423,0.0960207927430642,30.7749669734554,3.89393270541129,"Urban and Built-up",14.25,108.9,0.934111475944519,17,65.4874304,65.4874304,0,1163,604.576371297946,500,6,72.35772358,74.79674797,54.72614651,41.42096796,68.29268293,71.54471545,c(-122.257263, 37.828543)
"37","Bataclan Home",NA,"01/24/2023","02/11/2023",18,"Therese Home","CA",95118.6363636364,38.0818181818182,51.6283092413638,6036.07375924209,3608.71626806192,47398.4736842105,48167,49770.2142857143,40757.6,35,16284.1116808006,0.020743051686053,785039.343644388,389.11774412804,75.1451068616423,0.0960207927430642,30.7749669734554,3.89393270541129,"Urban and Built-up",14.25,108.9,0.934111475944519,18,41.6961482,41.6961482,0,406,604.576371297946,500,6,72.35772358,74.79674797,54.72614651,41.42096796,68.29268293,71.54471545,c(-122.257263, 37.828543)
"38","Bataclan Home",NA,"01/24/2023","02/11/2023",18,"Therese Home","CA",95118.6363636364,38.0818181818182,51.6283092413638,6036.07375924209,3608.71626806192,47398.4736842105,48167,49770.2142857143,40757.6,35,16284.1116808006,0.020743051686053,785039.343644388,389.11774412804,75.1451068616423,0.0960207927430642,30.7749669734554,3.89393270541129,"Urban and Built-up",14.25,108.9,0.934111475944519,16.1666666666667,50.9814249,50.9814249,0,602,604.576371297946,500,6,72.35772358,74.79674797,54.72614651,41.42096796,68.29268293,71.54471545,c(-122.257263, 37.828543)
"39","Bataclan Home",NA,"01/24/2023","02/11/2023",18,"Therese Home","CA",95118.6363636364,38.0818181818182,51.6283092413638,6036.07375924209,3608.71626806192,47398.4736842105,48167,49770.2142857143,40757.6,35,16284.1116808006,0.020743051686053,785039.343644388,389.11774412804,75.1451068616423,0.0960207927430642,30.7749669734554,3.89393270541129,"Urban and Built-up",14.25,108.9,0.934111475944519,17,29.0325203,29.0325203,0,389,604.576371297946,500,6,72.35772358,74.79674797,54.72614651,41.42096796,68.29268293,71.54471545,c(-122.257263, 37.828543)
"40","Bataclan Home",NA,"01/24/2023","02/11/2023",18,"Therese Home","CA",95118.6363636364,38.0818181818182,51.6283092413638,6036.07375924209,3608.71626806192,47398.4736842105,48167,49770.2142857143,40757.6,35,16284.1116808006,0.020743051686053,785039.343644388,389.11774412804,75.1451068616423,0.0960207927430642,30.7749669734554,3.89393270541129,"Urban and Built-up",14.25,108.9,0.934111475944519,17.6666666666667,20.4638336,20.4638336,0,553,604.576371297946,500,6,72.35772358,74.79674797,54.72614651,41.42096796,68.29268293,71.54471545,c(-122.257263, 37.828543)
"41","Bataclan Home",NA,"01/24/2023","02/11/2023",18,"Therese Home","CA",95118.6363636364,38.0818181818182,51.6283092413638,6036.07375924209,3608.71626806192,47398.4736842105,48167,49770.2142857143,40757.6,35,16284.1116808006,0.020743051686053,785039.343644388,389.11774412804,75.1451068616423,0.0960207927430642,30.7749669734554,3.89393270541129,"Urban and Built-up",14.25,108.9,0.934111475944519,15.6666666666667,45.2165819,45.2165819,0,795,604.576371297946,500,6,72.35772358,74.79674797,54.72614651,41.42096796,68.29268293,71.54471545,c(-122.257263, 37.828543)
"42","Bates-Luterman Home",NA,"11/28/2023","12/05/2023",7,"","CA",59780.4285714286,33.625,9.62402214731083,8209.36976807574,2349.60231988773,15974,15117,15410.8333333333,17663.5,1,13027.250962893,0.0165943924573455,785039.343644453,405.460118232363,69.1126126126126,0.105011891598251,34.0681726769968,3.26323354611683,"Urban and Built-up",14.25,100.8,0.938226342201233,14.6666666666667,26.4211675,26.4211675,0,344,1140.39920502624,500,7,47.15447154,66.66666667,47.93724469,39.66939932,64.22764228,59.3495935,c(-122.2123669, 37.7824258)
"43","Bates-Luterman Home",NA,"11/28/2023","12/05/2023",7,"","CA",59780.4285714286,33.625,9.62402214731083,8209.36976807574,2349.60231988773,15974,15117,15410.8333333333,17663.5,1,13027.250962893,0.0165943924573455,785039.343644453,405.460118232363,69.1126126126126,0.105011891598251,34.0681726769968,3.26323354611683,"Urban and Built-up",14.25,100.8,0.938226342201233,16.3333333333333,62.1491094,62.1491094,0,759,1140.39920502624,500,7,47.15447154,66.66666667,47.93724469,39.66939932,64.22764228,59.3495935,c(-122.2123669, 37.7824258)
"44","Bates-Luterman Home",NA,"11/28/2023","12/05/2023",7,"","CA",59780.4285714286,33.625,9.62402214731083,8209.36976807574,2349.60231988773,15974,15117,15410.8333333333,17663.5,1,13027.250962893,0.0165943924573455,785039.343644453,405.460118232363,69.1126126126126,0.105011891598251,34.0681726769968,3.26323354611683,"Urban and Built-up",14.25,100.8,0.938226342201233,12.1666666666667,54.9767848,54.9767848,0,898,1140.39920502624,500,7,47.15447154,66.66666667,47.93724469,39.66939932,64.22764228,59.3495935,c(-122.2123669, 37.7824258)
"45","Bates-Luterman Home",NA,"11/28/2023","12/05/2023",7,"","CA",59780.4285714286,33.625,9.62402214731083,8209.36976807574,2349.60231988773,15974,15117,15410.8333333333,17663.5,1,13027.250962893,0.0165943924573455,785039.343644453,405.460118232363,69.1126126126126,0.105011891598251,34.0681726769968,3.26323354611683,"Urban and Built-up",14.25,100.8,0.938226342201233,13.1666666666667,36.6543198,36.6543198,0,507,1140.39920502624,500,7,47.15447154,66.66666667,47.93724469,39.66939932,64.22764228,59.3495935,c(-122.2123669, 37.7824258)
"46","Bates-Luterman Home",NA,"11/28/2023","12/05/2023",7,"","CA",59780.4285714286,33.625,9.62402214731083,8209.36976807574,2349.60231988773,15974,15117,15410.8333333333,17663.5,1,13027.250962893,0.0165943924573455,785039.343644453,405.460118232363,69.1126126126126,0.105011891598251,34.0681726769968,3.26323354611683,"Urban and Built-up",14.25,100.8,0.938226342201233,14.6666666666667,38.8105144,38.8105144,0,390,1140.39920502624,500,7,47.15447154,66.66666667,47.93724469,39.66939932,64.22764228,59.3495935,c(-122.2123669, 37.7824258)
"47","Bates-Luterman Home",NA,"11/28/2023","12/05/2023",7,"","CA",59780.4285714286,33.625,9.62402214731083,8209.36976807574,2349.60231988773,15974,15117,15410.8333333333,17663.5,1,13027.250962893,0.0165943924573455,785039.343644453,405.460118232363,69.1126126126126,0.105011891598251,34.0681726769968,3.26323354611683,"Urban and Built-up",14.25,100.8,0.938226342201233,12,31.5576352,31.5576352,0,384,1140.39920502624,500,7,47.15447154,66.66666667,47.93724469,39.66939932,64.22764228,59.3495935,c(-122.2123669, 37.7824258)
"48","Bates-Luterman Home",NA,"11/28/2023","12/05/2023",7,"","CA",59780.4285714286,33.625,9.62402214731083,8209.36976807574,2349.60231988773,15974,15117,15410.8333333333,17663.5,1,13027.250962893,0.0165943924573455,785039.343644453,405.460118232363,69.1126126126126,0.105011891598251,34.0681726769968,3.26323354611683,"Urban and Built-up",14.25,100.8,0.938226342201233,12,61.1864078,61.1864078,0,760,1140.39920502624,500,7,47.15447154,66.66666667,47.93724469,39.66939932,64.22764228,59.3495935,c(-122.2123669, 37.7824258)
"49","Bates-Luterman Home",NA,"11/28/2023","12/05/2023",7,"","CA",59780.4285714286,33.625,9.62402214731083,8209.36976807574,2349.60231988773,15974,15117,15410.8333333333,17663.5,1,13027.250962893,0.0165943924573455,785039.343644453,405.460118232363,69.1126126126126,0.105011891598251,34.0681726769968,3.26323354611683,"Urban and Built-up",14.25,100.8,0.938226342201233,13.8333333333333,31.7446899,31.7446899,0,423,1140.39920502624,500,7,47.15447154,66.66666667,47.93724469,39.66939932,64.22764228,59.3495935,c(-122.2123669, 37.7824258)
"50","Beery Home","ADH","11/22/2022","12/03/2022",11,"Annaliese and David Home","CA",190327,47.4,68.2328907048008,165.134032587485,60.1283441679575,5465,5465,5465,NA,1,6100.46413343184,0.00777090241759682,785039.343644008,488.934804191622,3.59548022598871,0.327281863722436,288.071257741072,1.06617493035128,"Urban and Built-up",13.75,133.2,0.610605418682098,6.5,3400.4955607,3400.4955607,0,875,1290.14281282517,500,8,44.71544715,12.19512195,33.62227227,33.53048262,43.08943089,12.19512195,c(-122.21029, 37.88741)
"51","Belau Home",NA,"11/30/2023","12/14/2023",14,"","CA",108513.6,39.9909090909091,43.4756294876722,4695.37525668435,2003.68283122822,15541.5333333333,15352,14905,17292,1,17710.7441828804,0.022560326850201,785039.343644196,363.182160947154,65.3374578177728,0.115033084668031,6.9881471792857,3.0746264171314,"Urban and Built-up",14.1999998092651,103.75,0.929176568984985,12.8333333333333,52.1689875,52.1689875,0,516,561.236892201471,500,9,34.14634146,21.13821138,48.6615453,41.81316267,70.73170732,60.16260163,c(-122.2675184, 37.7744075)
"52","Belau Home",NA,"11/30/2023","12/14/2023",14,"","CA",108513.6,39.9909090909091,43.4756294876722,4695.37525668435,2003.68283122822,15541.5333333333,15352,14905,17292,1,17710.7441828804,0.022560326850201,785039.343644196,363.182160947154,65.3374578177728,0.115033084668031,6.9881471792857,3.0746264171314,"Urban and Built-up",14.1999998092651,103.75,0.929176568984985,16.1666666666667,33.0926204,33.0926204,0,422,561.236892201471,500,9,34.14634146,21.13821138,48.6615453,41.81316267,70.73170732,60.16260163,c(-122.2675184, 37.7744075)
"53","Belau Home",NA,"11/30/2023","12/14/2023",14,"","CA",108513.6,39.9909090909091,43.4756294876722,4695.37525668435,2003.68283122822,15541.5333333333,15352,14905,17292,1,17710.7441828804,0.022560326850201,785039.343644196,363.182160947154,65.3374578177728,0.115033084668031,6.9881471792857,3.0746264171314,"Urban and Built-up",14.1999998092651,103.75,0.929176568984985,16.1666666666667,43.7601745,43.7601745,0,569,561.236892201471,500,9,34.14634146,21.13821138,48.6615453,41.81316267,70.73170732,60.16260163,c(-122.2675184, 37.7744075)
"54","Belau Home",NA,"11/30/2023","12/14/2023",14,"","CA",108513.6,39.9909090909091,43.4756294876722,4695.37525668435,2003.68283122822,15541.5333333333,15352,14905,17292,1,17710.7441828804,0.022560326850201,785039.343644196,363.182160947154,65.3374578177728,0.115033084668031,6.9881471792857,3.0746264171314,"Urban and Built-up",14.1999998092651,103.75,0.929176568984985,18.8333333333333,500.3804652,287.5369266,212.8435386,758,561.236892201471,500,9,34.14634146,21.13821138,48.6615453,41.81316267,70.73170732,60.16260163,c(-122.2675184, 37.7744075)
"55","Belau Home",NA,"11/30/2023","12/14/2023",14,"","CA",108513.6,39.9909090909091,43.4756294876722,4695.37525668435,2003.68283122822,15541.5333333333,15352,14905,17292,1,17710.7441828804,0.022560326850201,785039.343644196,363.182160947154,65.3374578177728,0.115033084668031,6.9881471792857,3.0746264171314,"Urban and Built-up",14.1999998092651,103.75,0.929176568984985,15.1666666666667,36.7039869,36.7039869,0,363,561.236892201471,500,9,34.14634146,21.13821138,48.6615453,41.81316267,70.73170732,60.16260163,c(-122.2675184, 37.7744075)
"56","Belau Home",NA,"11/30/2023","12/14/2023",14,"","CA",108513.6,39.9909090909091,43.4756294876722,4695.37525668435,2003.68283122822,15541.5333333333,15352,14905,17292,1,17710.7441828804,0.022560326850201,785039.343644196,363.182160947154,65.3374578177728,0.115033084668031,6.9881471792857,3.0746264171314,"Urban and Built-up",14.1999998092651,103.75,0.929176568984985,17.3333333333333,61.8155244,61.8155244,0,495,561.236892201471,500,9,34.14634146,21.13821138,48.6615453,41.81316267,70.73170732,60.16260163,c(-122.2675184, 37.7744075)
"57","Belau Home",NA,"11/30/2023","12/14/2023",14,"","CA",108513.6,39.9909090909091,43.4756294876722,4695.37525668435,2003.68283122822,15541.5333333333,15352,14905,17292,1,17710.7441828804,0.022560326850201,785039.343644196,363.182160947154,65.3374578177728,0.115033084668031,6.9881471792857,3.0746264171314,"Urban and Built-up",14.1999998092651,103.75,0.929176568984985,12.8333333333333,59.1883572,59.1883572,0,510,561.236892201471,500,9,34.14634146,21.13821138,48.6615453,41.81316267,70.73170732,60.16260163,c(-122.2675184, 37.7744075)
"58","Belau Home",NA,"11/30/2023","12/14/2023",14,"","CA",108513.6,39.9909090909091,43.4756294876722,4695.37525668435,2003.68283122822,15541.5333333333,15352,14905,17292,1,17710.7441828804,0.022560326850201,785039.343644196,363.182160947154,65.3374578177728,0.115033084668031,6.9881471792857,3.0746264171314,"Urban and Built-up",14.1999998092651,103.75,0.929176568984985,16.8333333333333,33.9280655,33.9280655,0,443,561.236892201471,500,9,34.14634146,21.13821138,48.6615453,41.81316267,70.73170732,60.16260163,c(-122.2675184, 37.7744075)
"59","Belau Home",NA,"11/30/2023","12/14/2023",14,"","CA",108513.6,39.9909090909091,43.4756294876722,4695.37525668435,2003.68283122822,15541.5333333333,15352,14905,17292,1,17710.7441828804,0.022560326850201,785039.343644196,363.182160947154,65.3374578177728,0.115033084668031,6.9881471792857,3.0746264171314,"Urban and Built-up",14.1999998092651,103.75,0.929176568984985,15.1666666666667,36.9822215,36.9822215,0,521,561.236892201471,500,9,34.14634146,21.13821138,48.6615453,41.81316267,70.73170732,60.16260163,c(-122.2675184, 37.7744075)
"60","Belau Home",NA,"11/30/2023","12/14/2023",14,"","CA",108513.6,39.9909090909091,43.4756294876722,4695.37525668435,2003.68283122822,15541.5333333333,15352,14905,17292,1,17710.7441828804,0.022560326850201,785039.343644196,363.182160947154,65.3374578177728,0.115033084668031,6.9881471792857,3.0746264171314,"Urban and Built-up",14.1999998092651,103.75,0.929176568984985,14.1666666666667,36.0212496,36.0212496,0,519,561.236892201471,500,9,34.14634146,21.13821138,48.6615453,41.81316267,70.73170732,60.16260163,c(-122.2675184, 37.7744075)
"61","Belau Home",NA,"11/30/2023","12/14/2023",14,"","CA",108513.6,39.9909090909091,43.4756294876722,4695.37525668435,2003.68283122822,15541.5333333333,15352,14905,17292,1,17710.7441828804,0.022560326850201,785039.343644196,363.182160947154,65.3374578177728,0.115033084668031,6.9881471792857,3.0746264171314,"Urban and Built-up",14.1999998092651,103.75,0.929176568984985,14.3333333333333,42.1863946,42.1863946,0,712,561.236892201471,500,9,34.14634146,21.13821138,48.6615453,41.81316267,70.73170732,60.16260163,c(-122.2675184, 37.7744075)
"62","Belgum Trail","BET","11/19/2023","12/04/2023",15,"","CA",114491.666666667,44.3,46.4897296381291,1474.47467580647,677.868556063995,8436,8528,8436,NA,1,4452.57852778886,0.00567179029157957,785039.343644145,284.282961175229,4.3536036036036,0.293820035056465,123.620322424009,1.53329337884862,"Urban and Built-up",14.25,131.6,0.592338383197784,10.5,2208.2724076,2208.2724076,0,966,1102.16682861699,500,10,45.52845528,69.91869919,45.74452348,25.9211051,18.69918699,53.65853659,c(-122.30955, 37.94835)
"63","Belgum Trail","BET","11/19/2023","12/04/2023",15,"","CA",114491.666666667,44.3,46.4897296381291,1474.47467580647,677.868556063995,8436,8528,8436,NA,1,4452.57852778886,0.00567179029157957,785039.343644145,284.282961175229,4.3536036036036,0.293820035056465,123.620322424009,1.53329337884862,"Urban and Built-up",14.25,131.6,0.592338383197784,13.6666666666667,93.1823984,93.1823984,0,513,1102.16682861699,500,10,45.52845528,69.91869919,45.74452348,25.9211051,18.69918699,53.65853659,c(-122.30955, 37.94835)
"64","Belgum Trail","BET","11/19/2023","12/04/2023",15,"","CA",114491.666666667,44.3,46.4897296381291,1474.47467580647,677.868556063995,8436,8528,8436,NA,1,4452.57852778886,0.00567179029157957,785039.343644145,284.282961175229,4.3536036036036,0.293820035056465,123.620322424009,1.53329337884862,"Urban and Built-up",14.25,131.6,0.592338383197784,9.66666666666667,120.4600145,120.4600145,0,441,1102.16682861699,500,10,45.52845528,69.91869919,45.74452348,25.9211051,18.69918699,53.65853659,c(-122.30955, 37.94835)
"65","Berges Home",NA,"01/28/2023","02/11/2023",14,"","CA",93263.1428571429,43.9571428571429,25.1936139931871,4477.37899926354,1831.42312163273,28880.4666666667,29033,28023.1,30595.2,7,16463.6953636182,0.0209718092435903,785039.343644138,246.398380139498,67.0622876557191,0.130887861592431,18.2039003047997,3.51998538796098,"Urban and Built-up",14.3500003814697,95.8,0.935781359672546,18.6666666666667,142.8314601,142.8314601,0,712,2431.20375409284,500,11,61.78861789,88.61788618,56.54369788,38.28369033,59.3495935,76.42276423,c(-122.157691, 37.729005)
"66","Berges Home",NA,"01/28/2023","02/11/2023",14,"","CA",93263.1428571429,43.9571428571429,25.1936139931871,4477.37899926354,1831.42312163273,28880.4666666667,29033,28023.1,30595.2,7,16463.6953636182,0.0209718092435903,785039.343644138,246.398380139498,67.0622876557191,0.130887861592431,18.2039003047997,3.51998538796098,"Urban and Built-up",14.3500003814697,95.8,0.935781359672546,16.6666666666667,51.5534614,51.5534614,0,773,2431.20375409284,500,11,61.78861789,88.61788618,56.54369788,38.28369033,59.3495935,76.42276423,c(-122.157691, 37.729005)
"67","Berges Home",NA,"01/28/2023","02/11/2023",14,"","CA",93263.1428571429,43.9571428571429,25.1936139931871,4477.37899926354,1831.42312163273,28880.4666666667,29033,28023.1,30595.2,7,16463.6953636182,0.0209718092435903,785039.343644138,246.398380139498,67.0622876557191,0.130887861592431,18.2039003047997,3.51998538796098,"Urban and Built-up",14.3500003814697,95.8,0.935781359672546,15.6666666666667,50.3799835,50.3799835,0,572,2431.20375409284,500,11,61.78861789,88.61788618,56.54369788,38.28369033,59.3495935,76.42276423,c(-122.157691, 37.729005)
"68","Berges Home",NA,"01/28/2023","02/11/2023",14,"","CA",93263.1428571429,43.9571428571429,25.1936139931871,4477.37899926354,1831.42312163273,28880.4666666667,29033,28023.1,30595.2,7,16463.6953636182,0.0209718092435903,785039.343644138,246.398380139498,67.0622876557191,0.130887861592431,18.2039003047997,3.51998538796098,"Urban and Built-up",14.3500003814697,95.8,0.935781359672546,16.3333333333333,161.2769809,161.2769809,0,1431,2431.20375409284,500,11,61.78861789,88.61788618,56.54369788,38.28369033,59.3495935,76.42276423,c(-122.157691, 37.729005)
"69","Berges Home",NA,"01/28/2023","02/11/2023",14,"","CA",93263.1428571429,43.9571428571429,25.1936139931871,4477.37899926354,1831.42312163273,28880.4666666667,29033,28023.1,30595.2,7,16463.6953636182,0.0209718092435903,785039.343644138,246.398380139498,67.0622876557191,0.130887861592431,18.2039003047997,3.51998538796098,"Urban and Built-up",14.3500003814697,95.8,0.935781359672546,13.8333333333333,77.6637771,77.6637771,0,473,2431.20375409284,500,11,61.78861789,88.61788618,56.54369788,38.28369033,59.3495935,76.42276423,c(-122.157691, 37.729005)
"70","Berges Home",NA,"01/28/2023","02/11/2023",14,"","CA",93263.1428571429,43.9571428571429,25.1936139931871,4477.37899926354,1831.42312163273,28880.4666666667,29033,28023.1,30595.2,7,16463.6953636182,0.0209718092435903,785039.343644138,246.398380139498,67.0622876557191,0.130887861592431,18.2039003047997,3.51998538796098,"Urban and Built-up",14.3500003814697,95.8,0.935781359672546,13.8333333333333,108.6911357,108.6911357,0,1273,2431.20375409284,500,11,61.78861789,88.61788618,56.54369788,38.28369033,59.3495935,76.42276423,c(-122.157691, 37.729005)
"71","Berges Home",NA,"01/28/2023","02/11/2023",14,"","CA",93263.1428571429,43.9571428571429,25.1936139931871,4477.37899926354,1831.42312163273,28880.4666666667,29033,28023.1,30595.2,7,16463.6953636182,0.0209718092435903,785039.343644138,246.398380139498,67.0622876557191,0.130887861592431,18.2039003047997,3.51998538796098,"Urban and Built-up",14.3500003814697,95.8,0.935781359672546,13.5,66.6297737,66.6297737,0,522,2431.20375409284,500,11,61.78861789,88.61788618,56.54369788,38.28369033,59.3495935,76.42276423,c(-122.157691, 37.729005)
"72","Berges Studio",NA,"02/16/2023","03/03/2023",15,"","CA",76360.6923076923,34.4384615384615,27.252778266208,7064.18312007376,3375.5020197037,42079.3125,41369,41555.5833333333,43650.5,19,22727.6717373257,0.0289509970695559,785039.343644075,408.19321242366,82.0418079096045,0.0654220765043501,9.23102841750279,4.23211567916964,"Urban and Built-up",14.25,106.9,0.955547749996185,19.1666666666667,52.8428292,52.8428292,0,572,1316.9731937742,500,12,78.86178862,78.86178862,55.53451652,51.52211511,83.7398374,74.79674797,c(-122.2727, 37.816316)
"73","Berges Studio",NA,"02/16/2023","03/03/2023",15,"","CA",76360.6923076923,34.4384615384615,27.252778266208,7064.18312007376,3375.5020197037,42079.3125,41369,41555.5833333333,43650.5,19,22727.6717373257,0.0289509970695559,785039.343644075,408.19321242366,82.0418079096045,0.0654220765043501,9.23102841750279,4.23211567916964,"Urban and Built-up",14.25,106.9,0.955547749996185,15,109.9760557,109.9760557,0,592,1316.9731937742,500,12,78.86178862,78.86178862,55.53451652,51.52211511,83.7398374,74.79674797,c(-122.2727, 37.816316)
"74","Berges Studio",NA,"02/16/2023","03/03/2023",15,"","CA",76360.6923076923,34.4384615384615,27.252778266208,7064.18312007376,3375.5020197037,42079.3125,41369,41555.5833333333,43650.5,19,22727.6717373257,0.0289509970695559,785039.343644075,408.19321242366,82.0418079096045,0.0654220765043501,9.23102841750279,4.23211567916964,"Urban and Built-up",14.25,106.9,0.955547749996185,14.6666666666667,49.306334,49.306334,0,796,1316.9731937742,500,12,78.86178862,78.86178862,55.53451652,51.52211511,83.7398374,74.79674797,c(-122.2727, 37.816316)
"75","Berges Studio",NA,"02/16/2023","03/03/2023",15,"","CA",76360.6923076923,34.4384615384615,27.252778266208,7064.18312007376,3375.5020197037,42079.3125,41369,41555.5833333333,43650.5,19,22727.6717373257,0.0289509970695559,785039.343644075,408.19321242366,82.0418079096045,0.0654220765043501,9.23102841750279,4.23211567916964,"Urban and Built-up",14.25,106.9,0.955547749996185,12.5,58.7712524,58.7712524,0,531,1316.9731937742,500,12,78.86178862,78.86178862,55.53451652,51.52211511,83.7398374,74.79674797,c(-122.2727, 37.816316)
"76","Berges Studio",NA,"02/16/2023","03/03/2023",15,"","CA",76360.6923076923,34.4384615384615,27.252778266208,7064.18312007376,3375.5020197037,42079.3125,41369,41555.5833333333,43650.5,19,22727.6717373257,0.0289509970695559,785039.343644075,408.19321242366,82.0418079096045,0.0654220765043501,9.23102841750279,4.23211567916964,"Urban and Built-up",14.25,106.9,0.955547749996185,16.1666666666667,67.6226215,67.6226215,0,844,1316.9731937742,500,12,78.86178862,78.86178862,55.53451652,51.52211511,83.7398374,74.79674797,c(-122.2727, 37.816316)
"77","Berges Studio",NA,"02/16/2023","03/03/2023",15,"","CA",76360.6923076923,34.4384615384615,27.252778266208,7064.18312007376,3375.5020197037,42079.3125,41369,41555.5833333333,43650.5,19,22727.6717373257,0.0289509970695559,785039.343644075,408.19321242366,82.0418079096045,0.0654220765043501,9.23102841750279,4.23211567916964,"Urban and Built-up",14.25,106.9,0.955547749996185,18.8333333333333,60.9580874,60.9580874,0,757,1316.9731937742,500,12,78.86178862,78.86178862,55.53451652,51.52211511,83.7398374,74.79674797,c(-122.2727, 37.816316)
"78","Berges Studio",NA,"02/16/2023","03/03/2023",15,"","CA",76360.6923076923,34.4384615384615,27.252778266208,7064.18312007376,3375.5020197037,42079.3125,41369,41555.5833333333,43650.5,19,22727.6717373257,0.0289509970695559,785039.343644075,408.19321242366,82.0418079096045,0.0654220765043501,9.23102841750279,4.23211567916964,"Urban and Built-up",14.25,106.9,0.955547749996185,16.1666666666667,64.7120306,64.7120306,0,543,1316.9731937742,500,12,78.86178862,78.86178862,55.53451652,51.52211511,83.7398374,74.79674797,c(-122.2727, 37.816316)
"79","Berges Studio",NA,"02/16/2023","03/03/2023",15,"","CA",76360.6923076923,34.4384615384615,27.252778266208,7064.18312007376,3375.5020197037,42079.3125,41369,41555.5833333333,43650.5,19,22727.6717373257,0.0289509970695559,785039.343644075,408.19321242366,82.0418079096045,0.0654220765043501,9.23102841750279,4.23211567916964,"Urban and Built-up",14.25,106.9,0.955547749996185,16,41.9425069,41.9425069,0,363,1316.9731937742,500,12,78.86178862,78.86178862,55.53451652,51.52211511,83.7398374,74.79674797,c(-122.2727, 37.816316)
"80","Berges Studio",NA,"02/16/2023","03/03/2023",15,"","CA",76360.6923076923,34.4384615384615,27.252778266208,7064.18312007376,3375.5020197037,42079.3125,41369,41555.5833333333,43650.5,19,22727.6717373257,0.0289509970695559,785039.343644075,408.19321242366,82.0418079096045,0.0654220765043501,9.23102841750279,4.23211567916964,"Urban and Built-up",14.25,106.9,0.955547749996185,15.6666666666667,92.477175,92.477175,0,660,1316.9731937742,500,12,78.86178862,78.86178862,55.53451652,51.52211511,83.7398374,74.79674797,c(-122.2727, 37.816316)
"81","Berges Studio",NA,"02/16/2023","03/03/2023",15,"","CA",76360.6923076923,34.4384615384615,27.252778266208,7064.18312007376,3375.5020197037,42079.3125,41369,41555.5833333333,43650.5,19,22727.6717373257,0.0289509970695559,785039.343644075,408.19321242366,82.0418079096045,0.0654220765043501,9.23102841750279,4.23211567916964,"Urban and Built-up",14.25,106.9,0.955547749996185,19.3333333333333,76.0618278,76.0618278,0,1137,1316.9731937742,500,12,78.86178862,78.86178862,55.53451652,51.52211511,83.7398374,74.79674797,c(-122.2727, 37.816316)
"82","Berges Studio",NA,"02/16/2023","03/03/2023",15,"","CA",76360.6923076923,34.4384615384615,27.252778266208,7064.18312007376,3375.5020197037,42079.3125,41369,41555.5833333333,43650.5,19,22727.6717373257,0.0289509970695559,785039.343644075,408.19321242366,82.0418079096045,0.0654220765043501,9.23102841750279,4.23211567916964,"Urban and Built-up",14.25,106.9,0.955547749996185,15.8333333333333,51.3147628,51.3147628,0,350,1316.9731937742,500,12,78.86178862,78.86178862,55.53451652,51.52211511,83.7398374,74.79674797,c(-122.2727, 37.816316)
"83","Berges Studio",NA,"02/16/2023","03/03/2023",15,"","CA",76360.6923076923,34.4384615384615,27.252778266208,7064.18312007376,3375.5020197037,42079.3125,41369,41555.5833333333,43650.5,19,22727.6717373257,0.0289509970695559,785039.343644075,408.19321242366,82.0418079096045,0.0654220765043501,9.23102841750279,4.23211567916964,"Urban and Built-up",14.25,106.9,0.955547749996185,16.3333333333333,47.2336592,47.2336592,0,629,1316.9731937742,500,12,78.86178862,78.86178862,55.53451652,51.52211511,83.7398374,74.79674797,c(-122.2727, 37.816316)
"84","Blake Garden","BG","11/09/2023","11/27/2023",18,"","CA",153274.25,48.1375,63.8044072660119,2065.5622925992,875.815010120736,3302.78947368421,3325,3641.30769230769,2569.33333333333,1,10875.8521308106,0.0138538943542922,785039.343644271,479.225285032657,31.3382187147688,0.226135817516145,160.945885834604,1.98749877715194,"Urban and Built-up",14.1499996185303,129.9,0.843423247337341,17.3333333333333,51.221359,51.221359,0,319,782.462888361494,500,13,25.20325203,33.33333333,30.64176576,25.57915443,17.88617886,5.691056911,c(-122.28521, 37.91269)
"85","Blake Garden","BG","11/09/2023","11/27/2023",18,"","CA",153274.25,48.1375,63.8044072660119,2065.5622925992,875.815010120736,3302.78947368421,3325,3641.30769230769,2569.33333333333,1,10875.8521308106,0.0138538943542922,785039.343644271,479.225285032657,31.3382187147688,0.226135817516145,160.945885834604,1.98749877715194,"Urban and Built-up",14.1499996185303,129.9,0.843423247337341,11.5,77.5296018,77.5296018,0,487,782.462888361494,500,13,25.20325203,33.33333333,30.64176576,25.57915443,17.88617886,5.691056911,c(-122.28521, 37.91269)
"86","Blake Garden","BG","11/09/2023","11/27/2023",18,"","CA",153274.25,48.1375,63.8044072660119,2065.5622925992,875.815010120736,3302.78947368421,3325,3641.30769230769,2569.33333333333,1,10875.8521308106,0.0138538943542922,785039.343644271,479.225285032657,31.3382187147688,0.226135817516145,160.945885834604,1.98749877715194,"Urban and Built-up",14.1499996185303,129.9,0.843423247337341,12.6666666666667,155.1370401,155.1370401,0,510,782.462888361494,500,13,25.20325203,33.33333333,30.64176576,25.57915443,17.88617886,5.691056911,c(-122.28521, 37.91269)
"87","Blake Garden","BG","11/09/2023","11/27/2023",18,"","CA",153274.25,48.1375,63.8044072660119,2065.5622925992,875.815010120736,3302.78947368421,3325,3641.30769230769,2569.33333333333,1,10875.8521308106,0.0138538943542922,785039.343644271,479.225285032657,31.3382187147688,0.226135817516145,160.945885834604,1.98749877715194,"Urban and Built-up",14.1499996185303,129.9,0.843423247337341,13,112.8599598,112.8599598,0,416,782.462888361494,500,13,25.20325203,33.33333333,30.64176576,25.57915443,17.88617886,5.691056911,c(-122.28521, 37.91269)
"88","Blake Garden","BG","11/09/2023","11/27/2023",18,"","CA",153274.25,48.1375,63.8044072660119,2065.5622925992,875.815010120736,3302.78947368421,3325,3641.30769230769,2569.33333333333,1,10875.8521308106,0.0138538943542922,785039.343644271,479.225285032657,31.3382187147688,0.226135817516145,160.945885834604,1.98749877715194,"Urban and Built-up",14.1499996185303,129.9,0.843423247337341,14.8333333333333,87.0958312,87.0958312,0,452,782.462888361494,500,13,25.20325203,33.33333333,30.64176576,25.57915443,17.88617886,5.691056911,c(-122.28521, 37.91269)
"89","Blake Garden","BG","11/09/2023","11/27/2023",18,"","CA",153274.25,48.1375,63.8044072660119,2065.5622925992,875.815010120736,3302.78947368421,3325,3641.30769230769,2569.33333333333,1,10875.8521308106,0.0138538943542922,785039.343644271,479.225285032657,31.3382187147688,0.226135817516145,160.945885834604,1.98749877715194,"Urban and Built-up",14.1499996185303,129.9,0.843423247337341,11.8333333333333,228.8914481,228.8914481,0,890,782.462888361494,500,13,25.20325203,33.33333333,30.64176576,25.57915443,17.88617886,5.691056911,c(-122.28521, 37.91269)
"90","Blake Garden","BG","11/09/2023","11/27/2023",18,"","CA",153274.25,48.1375,63.8044072660119,2065.5622925992,875.815010120736,3302.78947368421,3325,3641.30769230769,2569.33333333333,1,10875.8521308106,0.0138538943542922,785039.343644271,479.225285032657,31.3382187147688,0.226135817516145,160.945885834604,1.98749877715194,"Urban and Built-up",14.1499996185303,129.9,0.843423247337341,10.8333333333333,90.7778683,90.7778683,0,394,782.462888361494,500,13,25.20325203,33.33333333,30.64176576,25.57915443,17.88617886,5.691056911,c(-122.28521, 37.91269)
"91","Booker T. Anderson Park","BTA","11/24/2023","12/02/2023",8,"","CA",71770.4285714286,35.7,21.0179763185978,2651.19457234403,1052.98176680295,12728.1111111111,12600,12105.5,13973.3333333333,1,12041.8039975867,0.0153391089186525,785039.343644256,398.482076924791,56.3247191011236,0.14203743924087,9.73878181963738,3.29271211126453,"Urban and Built-up",14.3500003814697,127.55,0.931463420391083,14.1666666666667,985.9201044,567.9798593,417.9402451,750,796.27405026789,500,14,79.67479675,81.30081301,56.59650758,53.31889377,90.24390244,77.23577236,c(-122.32587, 37.91948)
"92","Booker T. Anderson Park","BTA","11/24/2023","12/02/2023",8,"","CA",71770.4285714286,35.7,21.0179763185978,2651.19457234403,1052.98176680295,12728.1111111111,12600,12105.5,13973.3333333333,1,12041.8039975867,0.0153391089186525,785039.343644256,398.482076924791,56.3247191011236,0.14203743924087,9.73878181963738,3.29271211126453,"Urban and Built-up",14.3500003814697,127.55,0.931463420391083,14.6666666666667,1878.5320365,490.0877618,1388.4442747,1722,796.27405026789,500,14,79.67479675,81.30081301,56.59650758,53.31889377,90.24390244,77.23577236,c(-122.32587, 37.91948)
"93","Booker T. Anderson Park","BTA","11/24/2023","12/02/2023",8,"","CA",71770.4285714286,35.7,21.0179763185978,2651.19457234403,1052.98176680295,12728.1111111111,12600,12105.5,13973.3333333333,1,12041.8039975867,0.0153391089186525,785039.343644256,398.482076924791,56.3247191011236,0.14203743924087,9.73878181963738,3.29271211126453,"Urban and Built-up",14.3500003814697,127.55,0.931463420391083,14.5,91.2369801,91.2369801,0,305,796.27405026789,500,14,79.67479675,81.30081301,56.59650758,53.31889377,90.24390244,77.23577236,c(-122.32587, 37.91948)
"94","Booker T. Anderson Park","BTA","11/24/2023","12/02/2023",8,"","CA",71770.4285714286,35.7,21.0179763185978,2651.19457234403,1052.98176680295,12728.1111111111,12600,12105.5,13973.3333333333,1,12041.8039975867,0.0153391089186525,785039.343644256,398.482076924791,56.3247191011236,0.14203743924087,9.73878181963738,3.29271211126453,"Urban and Built-up",14.3500003814697,127.55,0.931463420391083,13.8333333333333,98.9222843,98.9222843,0,992,796.27405026789,500,14,79.67479675,81.30081301,56.59650758,53.31889377,90.24390244,77.23577236,c(-122.32587, 37.91948)
"95","Booker T. Anderson Park","BTA","11/24/2023","12/02/2023",8,"","CA",71770.4285714286,35.7,21.0179763185978,2651.19457234403,1052.98176680295,12728.1111111111,12600,12105.5,13973.3333333333,1,12041.8039975867,0.0153391089186525,785039.343644256,398.482076924791,56.3247191011236,0.14203743924087,9.73878181963738,3.29271211126453,"Urban and Built-up",14.3500003814697,127.55,0.931463420391083,12.3333333333333,156.6764731,156.6764731,0,1126,796.27405026789,500,14,79.67479675,81.30081301,56.59650758,53.31889377,90.24390244,77.23577236,c(-122.32587, 37.91948)
"96","Booker T. Anderson Park","BTA","11/24/2023","12/02/2023",8,"","CA",71770.4285714286,35.7,21.0179763185978,2651.19457234403,1052.98176680295,12728.1111111111,12600,12105.5,13973.3333333333,1,12041.8039975867,0.0153391089186525,785039.343644256,398.482076924791,56.3247191011236,0.14203743924087,9.73878181963738,3.29271211126453,"Urban and Built-up",14.3500003814697,127.55,0.931463420391083,14.5,141.4407813,141.4407813,0,733,796.27405026789,500,14,79.67479675,81.30081301,56.59650758,53.31889377,90.24390244,77.23577236,c(-122.32587, 37.91948)
"97","Booker T. Anderson Park","BTA","11/24/2023","12/02/2023",8,"","CA",71770.4285714286,35.7,21.0179763185978,2651.19457234403,1052.98176680295,12728.1111111111,12600,12105.5,13973.3333333333,1,12041.8039975867,0.0153391089186525,785039.343644256,398.482076924791,56.3247191011236,0.14203743924087,9.73878181963738,3.29271211126453,"Urban and Built-up",14.3500003814697,127.55,0.931463420391083,19.3333333333333,63.1481347,63.1481347,0,367,796.27405026789,500,14,79.67479675,81.30081301,56.59650758,53.31889377,90.24390244,77.23577236,c(-122.32587, 37.91948)
"98","Borozan Home",NA,"11/30/2023","12/14/2023",14,"Mac Home","CA",84179.25,33.8375,24.1940762223869,4986.28553879082,1902.68623487343,12457,12210,12879.3636363636,11295.5,2,17638.240258221,0.0224679697916096,785039.343644114,434.534406491211,76.1606334841629,0.0904308721302196,5.47023444193783,4.0912147677668,"Urban and Built-up",14.1499996185303,109.3,0.944469094276428,14.6666666666667,35.2451085,35.2451085,0,480,356.32067577738,500,15,83.7398374,91.05691057,60.30191483,54.50005009,91.05691057,89.43089431,c(-122.2937096, 37.8072335)
"99","Borozan Home",NA,"11/30/2023","12/14/2023",14,"Mac Home","CA",84179.25,33.8375,24.1940762223869,4986.28553879082,1902.68623487343,12457,12210,12879.3636363636,11295.5,2,17638.240258221,0.0224679697916096,785039.343644114,434.534406491211,76.1606334841629,0.0904308721302196,5.47023444193783,4.0912147677668,"Urban and Built-up",14.1499996185303,109.3,0.944469094276428,16.1666666666667,175.0177177,175.0177177,0,926,356.32067577738,500,15,83.7398374,91.05691057,60.30191483,54.50005009,91.05691057,89.43089431,c(-122.2937096, 37.8072335)
"100","Borozan Home",NA,"11/30/2023","12/14/2023",14,"Mac Home","CA",84179.25,33.8375,24.1940762223869,4986.28553879082,1902.68623487343,12457,12210,12879.3636363636,11295.5,2,17638.240258221,0.0224679697916096,785039.343644114,434.534406491211,76.1606334841629,0.0904308721302196,5.47023444193783,4.0912147677668,"Urban and Built-up",14.1499996185303,109.3,0.944469094276428,16.6666666666667,38.5473529,38.5473529,0,590,356.32067577738,500,15,83.7398374,91.05691057,60.30191483,54.50005009,91.05691057,89.43089431,c(-122.2937096, 37.8072335)
"101","Borozan Home",NA,"11/30/2023","12/14/2023",14,"Mac Home","CA",84179.25,33.8375,24.1940762223869,4986.28553879082,1902.68623487343,12457,12210,12879.3636363636,11295.5,2,17638.240258221,0.0224679697916096,785039.343644114,434.534406491211,76.1606334841629,0.0904308721302196,5.47023444193783,4.0912147677668,"Urban and Built-up",14.1499996185303,109.3,0.944469094276428,17.5,42.4347301,42.4347301,0,462,356.32067577738,500,15,83.7398374,91.05691057,60.30191483,54.50005009,91.05691057,89.43089431,c(-122.2937096, 37.8072335)
"102","Borozan Home",NA,"11/30/2023","12/14/2023",14,"Mac Home","CA",84179.25,33.8375,24.1940762223869,4986.28553879082,1902.68623487343,12457,12210,12879.3636363636,11295.5,2,17638.240258221,0.0224679697916096,785039.343644114,434.534406491211,76.1606334841629,0.0904308721302196,5.47023444193783,4.0912147677668,"Urban and Built-up",14.1499996185303,109.3,0.944469094276428,16,27.8328498,27.8328498,0,459,356.32067577738,500,15,83.7398374,91.05691057,60.30191483,54.50005009,91.05691057,89.43089431,c(-122.2937096, 37.8072335)
"103","Borozan Home",NA,"11/30/2023","12/14/2023",14,"Mac Home","CA",84179.25,33.8375,24.1940762223869,4986.28553879082,1902.68623487343,12457,12210,12879.3636363636,11295.5,2,17638.240258221,0.0224679697916096,785039.343644114,434.534406491211,76.1606334841629,0.0904308721302196,5.47023444193783,4.0912147677668,"Urban and Built-up",14.1499996185303,109.3,0.944469094276428,16.5,105.6873881,105.6873881,0,380,356.32067577738,500,15,83.7398374,91.05691057,60.30191483,54.50005009,91.05691057,89.43089431,c(-122.2937096, 37.8072335)
"104","Borozan Home",NA,"11/30/2023","12/14/2023",14,"Mac Home","CA",84179.25,33.8375,24.1940762223869,4986.28553879082,1902.68623487343,12457,12210,12879.3636363636,11295.5,2,17638.240258221,0.0224679697916096,785039.343644114,434.534406491211,76.1606334841629,0.0904308721302196,5.47023444193783,4.0912147677668,"Urban and Built-up",14.1499996185303,109.3,0.944469094276428,17.3333333333333,179.0185138,179.0185138,0,1039,356.32067577738,500,15,83.7398374,91.05691057,60.30191483,54.50005009,91.05691057,89.43089431,c(-122.2937096, 37.8072335)
"105","Briones 1 South",NA,"11/26/2023","12/11/2023",15,"","CA",182843.5,54.2,62.1446244771306,64.4342143853149,26.3425050530934,914.333333333333,820,914.333333333333,NA,1,2412.98930736883,0.00307371767657793,785039.343644368,331.645402887599,0.701240135287482,0.302781192541792,240.226824732572,0.510420043790025,"Urban and Built-up",14.1499996185303,121.6,0.391176372766495,4.83333333333333,5344.0188508,5344.0188508,0,955,3339.80619531761,500,16,10.56910569,8.943089431,30.66545583,21.23416899,6.504065041,6.504065041,c(-122.15976, 37.92933)
"106","Briones 1 South",NA,"11/26/2023","12/11/2023",15,"","CA",182843.5,54.2,62.1446244771306,64.4342143853149,26.3425050530934,914.333333333333,820,914.333333333333,NA,1,2412.98930736883,0.00307371767657793,785039.343644368,331.645402887599,0.701240135287482,0.302781192541792,240.226824732572,0.510420043790025,"Urban and Built-up",14.1499996185303,121.6,0.391176372766495,4,17980.3370117,16534.8341347,1445.502877,977,3339.80619531761,500,16,10.56910569,8.943089431,30.66545583,21.23416899,6.504065041,6.504065041,c(-122.15976, 37.92933)
"107","Briones 2 North",NA,"11/26/2023","12/11/2023",15,"","CA",182843.5,54.2,62.1446244771306,64.4342143853149,26.3425050530934,694.333333333333,680,694.333333333333,NA,1,1964.67643890979,0.00250264710274179,785039.343644326,413.954219873314,0.158249158249157,0.308412000684352,242.672800929757,0.558898338725177,"Urban and Built-up",14.25,120.6,0.406720757484436,4.83333333333333,5344.0188508,5344.0188508,0,955,3339.80619531761,500,17,8.943089431,0.81300813,22.27927363,20.4381594,3.25203252,0.81300813,c(-122.13504, 37.95218)
"108","Briones 2 North",NA,"11/26/2023","12/11/2023",15,"","CA",182843.5,54.2,62.1446244771306,64.4342143853149,26.3425050530934,694.333333333333,680,694.333333333333,NA,1,1964.67643890979,0.00250264710274179,785039.343644326,413.954219873314,0.158249158249157,0.308412000684352,242.672800929757,0.558898338725177,"Urban and Built-up",14.25,120.6,0.406720757484436,4,17980.3370117,16534.8341347,1445.502877,977,3339.80619531761,500,17,8.943089431,0.81300813,22.27927363,20.4381594,3.25203252,0.81300813,c(-122.13504, 37.95218)
"109","Bushrod Community Garden",NA,"01/28/2023","02/11/2023",14,"","CA",103187.833333333,37.0583333333333,48.6338408391461,5842.17017001616,2484.64966146193,20259.8666666667,20253,21019.6,18740.4,6,15619.4985705215,0.01989645321216,785039.343644193,416.616177375612,66.0326209223847,0.129998731738294,38.0321742035201,3.3638888598046,"Urban and Built-up",14.25,112.1,0.942417800426483,16.8333333333333,61.2022222,61.2022222,0,705,954.712446281547,500,18,66.66666667,73.17073171,54.72614651,38.86508836,62.60162602,71.54471545,c(-122.264365, 37.845006)
"110","Bushrod Community Garden",NA,"01/28/2023","02/11/2023",14,"","CA",103187.833333333,37.0583333333333,48.6338408391461,5842.17017001616,2484.64966146193,20259.8666666667,20253,21019.6,18740.4,6,15619.4985705215,0.01989645321216,785039.343644193,416.616177375612,66.0326209223847,0.129998731738294,38.0321742035201,3.3638888598046,"Urban and Built-up",14.25,112.1,0.942417800426483,13.1666666666667,22.6822974,22.6822974,0,422,954.712446281547,500,18,66.66666667,73.17073171,54.72614651,38.86508836,62.60162602,71.54471545,c(-122.264365, 37.845006)
"111","Bushrod Community Garden",NA,"01/28/2023","02/11/2023",14,"","CA",103187.833333333,37.0583333333333,48.6338408391461,5842.17017001616,2484.64966146193,20259.8666666667,20253,21019.6,18740.4,6,15619.4985705215,0.01989645321216,785039.343644193,416.616177375612,66.0326209223847,0.129998731738294,38.0321742035201,3.3638888598046,"Urban and Built-up",14.25,112.1,0.942417800426483,17.1666666666667,72.2510516,72.2510516,0,604,954.712446281547,500,18,66.66666667,73.17073171,54.72614651,38.86508836,62.60162602,71.54471545,c(-122.264365, 37.845006)
"112","Bushrod Community Garden",NA,"01/28/2023","02/11/2023",14,"","CA",103187.833333333,37.0583333333333,48.6338408391461,5842.17017001616,2484.64966146193,20259.8666666667,20253,21019.6,18740.4,6,15619.4985705215,0.01989645321216,785039.343644193,416.616177375612,66.0326209223847,0.129998731738294,38.0321742035201,3.3638888598046,"Urban and Built-up",14.25,112.1,0.942417800426483,18.1666666666667,49.6905745,49.6905745,0,666,954.712446281547,500,18,66.66666667,73.17073171,54.72614651,38.86508836,62.60162602,71.54471545,c(-122.264365, 37.845006)
"113","Bushrod Community Garden",NA,"01/28/2023","02/11/2023",14,"","CA",103187.833333333,37.0583333333333,48.6338408391461,5842.17017001616,2484.64966146193,20259.8666666667,20253,21019.6,18740.4,6,15619.4985705215,0.01989645321216,785039.343644193,416.616177375612,66.0326209223847,0.129998731738294,38.0321742035201,3.3638888598046,"Urban and Built-up",14.25,112.1,0.942417800426483,17.1666666666667,89.6291004,89.6291004,0,1173,954.712446281547,500,18,66.66666667,73.17073171,54.72614651,38.86508836,62.60162602,71.54471545,c(-122.264365, 37.845006)
"114","Bushrod Community Garden",NA,"01/28/2023","02/11/2023",14,"","CA",103187.833333333,37.0583333333333,48.6338408391461,5842.17017001616,2484.64966146193,20259.8666666667,20253,21019.6,18740.4,6,15619.4985705215,0.01989645321216,785039.343644193,416.616177375612,66.0326209223847,0.129998731738294,38.0321742035201,3.3638888598046,"Urban and Built-up",14.25,112.1,0.942417800426483,18.8333333333333,64.0997168,64.0997168,0,577,954.712446281547,500,18,66.66666667,73.17073171,54.72614651,38.86508836,62.60162602,71.54471545,c(-122.264365, 37.845006)
"115","Bushrod Community Garden",NA,"01/28/2023","02/11/2023",14,"","CA",103187.833333333,37.0583333333333,48.6338408391461,5842.17017001616,2484.64966146193,20259.8666666667,20253,21019.6,18740.4,6,15619.4985705215,0.01989645321216,785039.343644193,416.616177375612,66.0326209223847,0.129998731738294,38.0321742035201,3.3638888598046,"Urban and Built-up",14.25,112.1,0.942417800426483,14.1666666666667,33.5509909,33.5509909,0,481,954.712446281547,500,18,66.66666667,73.17073171,54.72614651,38.86508836,62.60162602,71.54471545,c(-122.264365, 37.845006)
"116","Bushrod Community Garden",NA,"01/28/2023","02/11/2023",14,"","CA",103187.833333333,37.0583333333333,48.6338408391461,5842.17017001616,2484.64966146193,20259.8666666667,20253,21019.6,18740.4,6,15619.4985705215,0.01989645321216,785039.343644193,416.616177375612,66.0326209223847,0.129998731738294,38.0321742035201,3.3638888598046,"Urban and Built-up",14.25,112.1,0.942417800426483,16.1666666666667,41.1641419,41.1641419,0,602,954.712446281547,500,18,66.66666667,73.17073171,54.72614651,38.86508836,62.60162602,71.54471545,c(-122.264365, 37.845006)
"117","Bushrod Community Garden",NA,"01/28/2023","02/11/2023",14,"","CA",103187.833333333,37.0583333333333,48.6338408391461,5842.17017001616,2484.64966146193,20259.8666666667,20253,21019.6,18740.4,6,15619.4985705215,0.01989645321216,785039.343644193,416.616177375612,66.0326209223847,0.129998731738294,38.0321742035201,3.3638888598046,"Urban and Built-up",14.25,112.1,0.942417800426483,16,32.4360757,32.4360757,0,410,954.712446281547,500,18,66.66666667,73.17073171,54.72614651,38.86508836,62.60162602,71.54471545,c(-122.264365, 37.845006)
"118","Bushrod Community Garden",NA,"01/28/2023","02/11/2023",14,"","CA",103187.833333333,37.0583333333333,48.6338408391461,5842.17017001616,2484.64966146193,20259.8666666667,20253,21019.6,18740.4,6,15619.4985705215,0.01989645321216,785039.343644193,416.616177375612,66.0326209223847,0.129998731738294,38.0321742035201,3.3638888598046,"Urban and Built-up",14.25,112.1,0.942417800426483,15.8333333333333,57.8340021,57.8340021,0,672,954.712446281547,500,18,66.66666667,73.17073171,54.72614651,38.86508836,62.60162602,71.54471545,c(-122.264365, 37.845006)
"119","Bushrod Community Garden",NA,"01/28/2023","02/11/2023",14,"","CA",103187.833333333,37.0583333333333,48.6338408391461,5842.17017001616,2484.64966146193,20259.8666666667,20253,21019.6,18740.4,6,15619.4985705215,0.01989645321216,785039.343644193,416.616177375612,66.0326209223847,0.129998731738294,38.0321742035201,3.3638888598046,"Urban and Built-up",14.25,112.1,0.942417800426483,17.1666666666667,64.3643609,64.3643609,0,689,954.712446281547,500,18,66.66666667,73.17073171,54.72614651,38.86508836,62.60162602,71.54471545,c(-122.264365, 37.845006)
"120","Bushrod Community Garden",NA,"01/28/2023","02/11/2023",14,"","CA",103187.833333333,37.0583333333333,48.6338408391461,5842.17017001616,2484.64966146193,20259.8666666667,20253,21019.6,18740.4,6,15619.4985705215,0.01989645321216,785039.343644193,416.616177375612,66.0326209223847,0.129998731738294,38.0321742035201,3.3638888598046,"Urban and Built-up",14.25,112.1,0.942417800426483,16.3333333333333,34.4319024,34.4319024,0,456,954.712446281547,500,18,66.66666667,73.17073171,54.72614651,38.86508836,62.60162602,71.54471545,c(-122.264365, 37.845006)
"121","Butterfly Hill","BH","11/09/2023","11/18/2023",9,"IOR","CA",118194,45.9,34.784889821616,235.995010178032,93.3913902837234,5513.1,5462.5,4885.85714285714,6976.66666666667,1,5588.36604000702,0.00711858085235022,785039.343644177,325.74918418106,11.6546275395035,0.266938532894253,113.779268138575,1.88922354801843,"Temperate or Subpolar Needleaf Forest",14.3500003814697,131.5,0.740581929683685,10.5,2208.2724076,2208.2724076,0,966,1231.39422652807,500,19,46.34146341,71.54471545,40.83739628,27.02265329,20.32520325,44.71544715,c(-122.30917, 37.95944)
"122","Carlen Home",NA,"12/09/2023","12/24/2023",15,"IOR, pilot+","CA",159387.222222222,41.9222222222222,68.5173522507616,4715.04233893693,2146.84070734571,28038.1875,27807.5,28220.2,27734.8333333333,18,14298.5718366799,0.0182138283290447,785039.343644116,451.079945166281,55.5774011299435,0.1551413465956,60.5418743893602,3.36163377454793,"Urban and Built-up",14.25,114.1,0.924059152603149,15.5,45.12046,45.12046,0,396,1062.00011128614,500,20,57.72357724,41.46341463,38.15928234,33.50156958,42.27642276,38.21138211,c(-122.254023, 37.849935)
"123","Carlen Home",NA,"12/09/2023","12/24/2023",15,"IOR, pilot+","CA",159387.222222222,41.9222222222222,68.5173522507616,4715.04233893693,2146.84070734571,28038.1875,27807.5,28220.2,27734.8333333333,18,14298.5718366799,0.0182138283290447,785039.343644116,451.079945166281,55.5774011299435,0.1551413465956,60.5418743893602,3.36163377454793,"Urban and Built-up",14.25,114.1,0.924059152603149,16.8333333333333,61.2022222,61.2022222,0,705,1062.00011128614,500,20,57.72357724,41.46341463,38.15928234,33.50156958,42.27642276,38.21138211,c(-122.254023, 37.849935)
"124","Carlen Home",NA,"12/09/2023","12/24/2023",15,"IOR, pilot+","CA",159387.222222222,41.9222222222222,68.5173522507616,4715.04233893693,2146.84070734571,28038.1875,27807.5,28220.2,27734.8333333333,18,14298.5718366799,0.0182138283290447,785039.343644116,451.079945166281,55.5774011299435,0.1551413465956,60.5418743893602,3.36163377454793,"Urban and Built-up",14.25,114.1,0.924059152603149,17.6666666666667,73.756879,73.756879,0,543,1062.00011128614,500,20,57.72357724,41.46341463,38.15928234,33.50156958,42.27642276,38.21138211,c(-122.254023, 37.849935)
"125","Carlen Home",NA,"12/09/2023","12/24/2023",15,"IOR, pilot+","CA",159387.222222222,41.9222222222222,68.5173522507616,4715.04233893693,2146.84070734571,28038.1875,27807.5,28220.2,27734.8333333333,18,14298.5718366799,0.0182138283290447,785039.343644116,451.079945166281,55.5774011299435,0.1551413465956,60.5418743893602,3.36163377454793,"Urban and Built-up",14.25,114.1,0.924059152603149,17.8333333333333,65.9393763,65.9393763,0,803,1062.00011128614,500,20,57.72357724,41.46341463,38.15928234,33.50156958,42.27642276,38.21138211,c(-122.254023, 37.849935)
"126","Carlen Home",NA,"12/09/2023","12/24/2023",15,"IOR, pilot+","CA",159387.222222222,41.9222222222222,68.5173522507616,4715.04233893693,2146.84070734571,28038.1875,27807.5,28220.2,27734.8333333333,18,14298.5718366799,0.0182138283290447,785039.343644116,451.079945166281,55.5774011299435,0.1551413465956,60.5418743893602,3.36163377454793,"Urban and Built-up",14.25,114.1,0.924059152603149,18.1666666666667,49.6905745,49.6905745,0,666,1062.00011128614,500,20,57.72357724,41.46341463,38.15928234,33.50156958,42.27642276,38.21138211,c(-122.254023, 37.849935)
"127","Carlen Home",NA,"12/09/2023","12/24/2023",15,"IOR, pilot+","CA",159387.222222222,41.9222222222222,68.5173522507616,4715.04233893693,2146.84070734571,28038.1875,27807.5,28220.2,27734.8333333333,18,14298.5718366799,0.0182138283290447,785039.343644116,451.079945166281,55.5774011299435,0.1551413465956,60.5418743893602,3.36163377454793,"Urban and Built-up",14.25,114.1,0.924059152603149,14.5,98.676914,98.676914,0,422,1062.00011128614,500,20,57.72357724,41.46341463,38.15928234,33.50156958,42.27642276,38.21138211,c(-122.254023, 37.849935)
"128","Carlen Home",NA,"12/09/2023","12/24/2023",15,"IOR, pilot+","CA",159387.222222222,41.9222222222222,68.5173522507616,4715.04233893693,2146.84070734571,28038.1875,27807.5,28220.2,27734.8333333333,18,14298.5718366799,0.0182138283290447,785039.343644116,451.079945166281,55.5774011299435,0.1551413465956,60.5418743893602,3.36163377454793,"Urban and Built-up",14.25,114.1,0.924059152603149,17.1666666666667,73.6049125,73.6049125,0,563,1062.00011128614,500,20,57.72357724,41.46341463,38.15928234,33.50156958,42.27642276,38.21138211,c(-122.254023, 37.849935)
"129","Carlen Home",NA,"12/09/2023","12/24/2023",15,"IOR, pilot+","CA",159387.222222222,41.9222222222222,68.5173522507616,4715.04233893693,2146.84070734571,28038.1875,27807.5,28220.2,27734.8333333333,18,14298.5718366799,0.0182138283290447,785039.343644116,451.079945166281,55.5774011299435,0.1551413465956,60.5418743893602,3.36163377454793,"Urban and Built-up",14.25,114.1,0.924059152603149,17.3333333333333,31.2873078,31.2873078,0,355,1062.00011128614,500,20,57.72357724,41.46341463,38.15928234,33.50156958,42.27642276,38.21138211,c(-122.254023, 37.849935)
"130","Carlen Home",NA,"12/09/2023","12/24/2023",15,"IOR, pilot+","CA",159387.222222222,41.9222222222222,68.5173522507616,4715.04233893693,2146.84070734571,28038.1875,27807.5,28220.2,27734.8333333333,18,14298.5718366799,0.0182138283290447,785039.343644116,451.079945166281,55.5774011299435,0.1551413465956,60.5418743893602,3.36163377454793,"Urban and Built-up",14.25,114.1,0.924059152603149,18.3333333333333,71.1818499,71.1818499,0,550,1062.00011128614,500,20,57.72357724,41.46341463,38.15928234,33.50156958,42.27642276,38.21138211,c(-122.254023, 37.849935)
"131","Carquinez",NA,"11/26/2023","12/03/2023",7,"","CA",57877.5,47.55,52.7313481860126,230.550697408945,113.219623864804,1032.75,966.5,1035.2,1028.66666666667,1,5297.56557847035,0.0067481529701147,785039.343644326,447.54328584067,1.16817155756208,0.272874715846549,134.613450420564,1.24490826311729,"Urban and Built-up",14.8000001907349,115.625,0.519329197704792,19,711.0255551,376.2608997,334.7646554,655,7202.1564976216,500,21,60.97560976,56.09756098,37.13741402,37.00091344,56.09756098,32.5203252,c(-122.15025, 38.01594)
"132","Carquinez",NA,"11/26/2023","12/03/2023",7,"","CA",57877.5,47.55,52.7313481860126,230.550697408945,113.219623864804,1032.75,966.5,1035.2,1028.66666666667,1,5297.56557847035,0.0067481529701147,785039.343644326,447.54328584067,1.16817155756208,0.272874715846549,134.613450420564,1.24490826311729,"Urban and Built-up",14.8000001907349,115.625,0.519329197704792,8.66666666666667,3198.2180181,2729.9071793,468.3108388,609,7202.1564976216,500,21,60.97560976,56.09756098,37.13741402,37.00091344,56.09756098,32.5203252,c(-122.15025, 38.01594)
"133","Chabot Space Center","CSC","11/06/2023","11/20/2023",14,"","CA",179932.666666667,47.7666666666667,67.863054507793,1038.26632161847,358.945456582657,9946.33333333333,9937,9946.33333333333,NA,1,1558.36943275953,0.00198508449974717,785039.343644069,38.9158988851593,3.20022624434391,0.321971890973984,422.544507938843,1.49235720241407,"Urban and Built-up",13.4499998092651,121.05,0.565465271472931,6.5,150.4498002,150.4498002,0,548,1265.29604530478,500,22,3.25203252,1.62601626,24.24942461,21.02200429,5.691056911,1.62601626,c(-122.18259, 37.81925)
"134","Chabot Space Center","CSC","11/06/2023","11/20/2023",14,"","CA",179932.666666667,47.7666666666667,67.863054507793,1038.26632161847,358.945456582657,9946.33333333333,9937,9946.33333333333,NA,1,1558.36943275953,0.00198508449974717,785039.343644069,38.9158988851593,3.20022624434391,0.321971890973984,422.544507938843,1.49235720241407,"Urban and Built-up",13.4499998092651,121.05,0.565465271472931,8.83333333333333,787.4103426,787.4103426,0,705,1265.29604530478,500,22,3.25203252,1.62601626,24.24942461,21.02200429,5.691056911,1.62601626,c(-122.18259, 37.81925)
"135","Chabot Space Center","CSC","11/06/2023","11/20/2023",14,"","CA",179932.666666667,47.7666666666667,67.863054507793,1038.26632161847,358.945456582657,9946.33333333333,9937,9946.33333333333,NA,1,1558.36943275953,0.00198508449974717,785039.343644069,38.9158988851593,3.20022624434391,0.321971890973984,422.544507938843,1.49235720241407,"Urban and Built-up",13.4499998092651,121.05,0.565465271472931,7.83333333333333,3409.6936111,3409.6936111,0,1153,1265.29604530478,500,22,3.25203252,1.62601626,24.24942461,21.02200429,5.691056911,1.62601626,c(-122.18259, 37.81925)
"136","Chen Home","TCH","11/22/2022","12/03/2022",11,"Retired from UWIN","CA",142208.222222222,40.5555555555556,53.3940617979141,5118.79022606156,2577.75622659072,17674.25,18079,18311.8888888889,15761.3333333333,6,17404.7177772294,0.0221705038328834,785039.34364426,220.090112947384,52.5997757847534,0.159591085799882,32.1905939395267,3.57001056452814,"Urban and Built-up",14.25,105.75,0.934572577476501,14.5,27.2909595,27.2909595,0,514,879.798578668583,500,23,64.22764228,67.4796748,47.54911336,37.72895737,56.91056911,56.91056911,c(-122.239443, 37.808212)
"137","Chen Home","TCH","11/22/2022","12/03/2022",11,"Retired from UWIN","CA",142208.222222222,40.5555555555556,53.3940617979141,5118.79022606156,2577.75622659072,17674.25,18079,18311.8888888889,15761.3333333333,6,17404.7177772294,0.0221705038328834,785039.34364426,220.090112947384,52.5997757847534,0.159591085799882,32.1905939395267,3.57001056452814,"Urban and Built-up",14.25,105.75,0.934572577476501,18.5,34.0167744,34.0167744,0,511,879.798578668583,500,23,64.22764228,67.4796748,47.54911336,37.72895737,56.91056911,56.91056911,c(-122.239443, 37.808212)
"138","Chen Home","TCH","11/22/2022","12/03/2022",11,"Retired from UWIN","CA",142208.222222222,40.5555555555556,53.3940617979141,5118.79022606156,2577.75622659072,17674.25,18079,18311.8888888889,15761.3333333333,6,17404.7177772294,0.0221705038328834,785039.34364426,220.090112947384,52.5997757847534,0.159591085799882,32.1905939395267,3.57001056452814,"Urban and Built-up",14.25,105.75,0.934572577476501,15.3333333333333,40.5622063,40.5622063,0,788,879.798578668583,500,23,64.22764228,67.4796748,47.54911336,37.72895737,56.91056911,56.91056911,c(-122.239443, 37.808212)
"139","Chen Home","TCH","11/22/2022","12/03/2022",11,"Retired from UWIN","CA",142208.222222222,40.5555555555556,53.3940617979141,5118.79022606156,2577.75622659072,17674.25,18079,18311.8888888889,15761.3333333333,6,17404.7177772294,0.0221705038328834,785039.34364426,220.090112947384,52.5997757847534,0.159591085799882,32.1905939395267,3.57001056452814,"Urban and Built-up",14.25,105.75,0.934572577476501,16.3333333333333,93.4240622,93.4240622,0,698,879.798578668583,500,23,64.22764228,67.4796748,47.54911336,37.72895737,56.91056911,56.91056911,c(-122.239443, 37.808212)
"140","Chen Home","TCH","11/22/2022","12/03/2022",11,"Retired from UWIN","CA",142208.222222222,40.5555555555556,53.3940617979141,5118.79022606156,2577.75622659072,17674.25,18079,18311.8888888889,15761.3333333333,6,17404.7177772294,0.0221705038328834,785039.34364426,220.090112947384,52.5997757847534,0.159591085799882,32.1905939395267,3.57001056452814,"Urban and Built-up",14.25,105.75,0.934572577476501,15,49.0673883,49.0673883,0,357,879.798578668583,500,23,64.22764228,67.4796748,47.54911336,37.72895737,56.91056911,56.91056911,c(-122.239443, 37.808212)
"141","Chen Home","TCH","11/22/2022","12/03/2022",11,"Retired from UWIN","CA",142208.222222222,40.5555555555556,53.3940617979141,5118.79022606156,2577.75622659072,17674.25,18079,18311.8888888889,15761.3333333333,6,17404.7177772294,0.0221705038328834,785039.34364426,220.090112947384,52.5997757847534,0.159591085799882,32.1905939395267,3.57001056452814,"Urban and Built-up",14.25,105.75,0.934572577476501,14.3333333333333,69.8092094,69.8092094,0,429,879.798578668583,500,23,64.22764228,67.4796748,47.54911336,37.72895737,56.91056911,56.91056911,c(-122.239443, 37.808212)
"142","Chen Home","TCH","11/22/2022","12/03/2022",11,"Retired from UWIN","CA",142208.222222222,40.5555555555556,53.3940617979141,5118.79022606156,2577.75622659072,17674.25,18079,18311.8888888889,15761.3333333333,6,17404.7177772294,0.0221705038328834,785039.34364426,220.090112947384,52.5997757847534,0.159591085799882,32.1905939395267,3.57001056452814,"Urban and Built-up",14.25,105.75,0.934572577476501,13,41.4006166,41.4006166,0,312,879.798578668583,500,23,64.22764228,67.4796748,47.54911336,37.72895737,56.91056911,56.91056911,c(-122.239443, 37.808212)
"143","Chen Home","TCH","11/22/2022","12/03/2022",11,"Retired from UWIN","CA",142208.222222222,40.5555555555556,53.3940617979141,5118.79022606156,2577.75622659072,17674.25,18079,18311.8888888889,15761.3333333333,6,17404.7177772294,0.0221705038328834,785039.34364426,220.090112947384,52.5997757847534,0.159591085799882,32.1905939395267,3.57001056452814,"Urban and Built-up",14.25,105.75,0.934572577476501,13.8333333333333,69.6822,69.6822,0,520,879.798578668583,500,23,64.22764228,67.4796748,47.54911336,37.72895737,56.91056911,56.91056911,c(-122.239443, 37.808212)
"144","Chen Home","TCH","11/22/2022","12/03/2022",11,"Retired from UWIN","CA",142208.222222222,40.5555555555556,53.3940617979141,5118.79022606156,2577.75622659072,17674.25,18079,18311.8888888889,15761.3333333333,6,17404.7177772294,0.0221705038328834,785039.34364426,220.090112947384,52.5997757847534,0.159591085799882,32.1905939395267,3.57001056452814,"Urban and Built-up",14.25,105.75,0.934572577476501,15.8333333333333,53.1000603,53.1000603,0,613,879.798578668583,500,23,64.22764228,67.4796748,47.54911336,37.72895737,56.91056911,56.91056911,c(-122.239443, 37.808212)
"145","Chen Home","TCH","11/22/2022","12/03/2022",11,"Retired from UWIN","CA",142208.222222222,40.5555555555556,53.3940617979141,5118.79022606156,2577.75622659072,17674.25,18079,18311.8888888889,15761.3333333333,6,17404.7177772294,0.0221705038328834,785039.34364426,220.090112947384,52.5997757847534,0.159591085799882,32.1905939395267,3.57001056452814,"Urban and Built-up",14.25,105.75,0.934572577476501,13.8333333333333,80.7799552,80.7799552,0,741,879.798578668583,500,23,64.22764228,67.4796748,47.54911336,37.72895737,56.91056911,56.91056911,c(-122.239443, 37.808212)
"146","Claremont-Clark Kerr Track","CCK","11/07/2023","11/22/2023",15,"","CA",170854.666666667,32.28,61.057607666368,8006.2446776378,1741.63091185731,35702.3125,36387.5,33618.6666666667,41953.25,1,11439.3307534121,0.0145716655426581,785039.343644262,227.749015184171,19.5028121484814,0.237326215861547,160.007369353931,2.72676981814772,"Urban and Built-up",14.1499996185303,120.2,0.814394474029541,10.1666666666667,1703.5911669,1703.5911669,0,1432,1067.81269559317,500,NA,NA,NA,NA,NA,NA,NA,c(-122.24519, 37.86408)
"147","Claremont-Clark Kerr Track","CCK","11/07/2023","11/22/2023",15,"","CA",170854.666666667,32.28,61.057607666368,8006.2446776378,1741.63091185731,35702.3125,36387.5,33618.6666666667,41953.25,1,11439.3307534121,0.0145716655426581,785039.343644262,227.749015184171,19.5028121484814,0.237326215861547,160.007369353931,2.72676981814772,"Urban and Built-up",14.1499996185303,120.2,0.814394474029541,13.5,44.9321698,44.9321698,0,240,1067.81269559317,500,NA,NA,NA,NA,NA,NA,NA,c(-122.24519, 37.86408)
"148","Claremont-Clark Kerr Track","CCK","11/07/2023","11/22/2023",15,"","CA",170854.666666667,32.28,61.057607666368,8006.2446776378,1741.63091185731,35702.3125,36387.5,33618.6666666667,41953.25,1,11439.3307534121,0.0145716655426581,785039.343644262,227.749015184171,19.5028121484814,0.237326215861547,160.007369353931,2.72676981814772,"Urban and Built-up",14.1499996185303,120.2,0.814394474029541,15,16.2132194,16.2132194,0,325,1067.81269559317,500,NA,NA,NA,NA,NA,NA,NA,c(-122.24519, 37.86408)
"149","Claremont-Clark Kerr Track","CCK","11/07/2023","11/22/2023",15,"","CA",170854.666666667,32.28,61.057607666368,8006.2446776378,1741.63091185731,35702.3125,36387.5,33618.6666666667,41953.25,1,11439.3307534121,0.0145716655426581,785039.343644262,227.749015184171,19.5028121484814,0.237326215861547,160.007369353931,2.72676981814772,"Urban and Built-up",14.1499996185303,120.2,0.814394474029541,15,75.6501592,75.6501592,0,486,1067.81269559317,500,NA,NA,NA,NA,NA,NA,NA,c(-122.24519, 37.86408)
"150","Claremont-Clark Kerr Track","CCK","11/07/2023","11/22/2023",15,"","CA",170854.666666667,32.28,61.057607666368,8006.2446776378,1741.63091185731,35702.3125,36387.5,33618.6666666667,41953.25,1,11439.3307534121,0.0145716655426581,785039.343644262,227.749015184171,19.5028121484814,0.237326215861547,160.007369353931,2.72676981814772,"Urban and Built-up",14.1499996185303,120.2,0.814394474029541,18.5,80.1194569,80.1194569,0,387,1067.81269559317,500,NA,NA,NA,NA,NA,NA,NA,c(-122.24519, 37.86408)
"151","Cleary Home",NA,"01/26/2023","02/01/2023",6,"","CA",196570.166666667,45.2666666666667,57.7907783918539,1100.07555417737,548.127317585807,8054,8054,8054,NA,1,6479.76556941496,0.00825406474449467,785039.343644217,460.945981486543,6.32279909706547,0.298845981063082,351.793997878594,1.75123324051032,"Urban and Built-up",13.6499996185303,125.8,0.661476612091064,9.5,544.445314,544.445314,0,1161,507.998215745077,500,25,26.01626016,15.44715447,34.01873279,26.59387214,19.51219512,16.2601626,c(-122.212138, 37.853646)
"152","Cleary Home",NA,"01/26/2023","02/01/2023",6,"","CA",196570.166666667,45.2666666666667,57.7907783918539,1100.07555417737,548.127317585807,8054,8054,8054,NA,1,6479.76556941496,0.00825406474449467,785039.343644217,460.945981486543,6.32279909706547,0.298845981063082,351.793997878594,1.75123324051032,"Urban and Built-up",13.6499996185303,125.8,0.661476612091064,5.83333333333333,335.2294505,335.2294505,0,904,507.998215745077,500,25,26.01626016,15.44715447,34.01873279,26.59387214,19.51219512,16.2601626,c(-122.212138, 37.853646)
"153","Cleary Home",NA,"01/26/2023","02/01/2023",6,"","CA",196570.166666667,45.2666666666667,57.7907783918539,1100.07555417737,548.127317585807,8054,8054,8054,NA,1,6479.76556941496,0.00825406474449467,785039.343644217,460.945981486543,6.32279909706547,0.298845981063082,351.793997878594,1.75123324051032,"Urban and Built-up",13.6499996185303,125.8,0.661476612091064,10.1666666666667,1703.5911669,1703.5911669,0,1432,507.998215745077,500,25,26.01626016,15.44715447,34.01873279,26.59387214,19.51219512,16.2601626,c(-122.212138, 37.853646)
"154","Cleary Home",NA,"01/26/2023","02/01/2023",6,"","CA",196570.166666667,45.2666666666667,57.7907783918539,1100.07555417737,548.127317585807,8054,8054,8054,NA,1,6479.76556941496,0.00825406474449467,785039.343644217,460.945981486543,6.32279909706547,0.298845981063082,351.793997878594,1.75123324051032,"Urban and Built-up",13.6499996185303,125.8,0.661476612091064,6.5,3400.4955607,3400.4955607,0,875,507.998215745077,500,25,26.01626016,15.44715447,34.01873279,26.59387214,19.51219512,16.2601626,c(-122.212138, 37.853646)
"155","Cleary Home",NA,"01/26/2023","02/01/2023",6,"","CA",196570.166666667,45.2666666666667,57.7907783918539,1100.07555417737,548.127317585807,8054,8054,8054,NA,1,6479.76556941496,0.00825406474449467,785039.343644217,460.945981486543,6.32279909706547,0.298845981063082,351.793997878594,1.75123324051032,"Urban and Built-up",13.6499996185303,125.8,0.661476612091064,11.5,2958.7697167,2958.283671,0.4860457,961,507.998215745077,500,25,26.01626016,15.44715447,34.01873279,26.59387214,19.51219512,16.2601626,c(-122.212138, 37.853646)
"156","Corica Park Golf Course","CGCN","02/21/2023","02/24/2023",3,"","CA",125115.25,51.775,39.5881511680344,2153.14346027121,863.760242342722,2894.75,2850.5,2894.75,NA,1,8422.46469589842,0.0107287166739943,785039.343644327,42.3856252290108,28.976404494382,0.139951648139247,2.87943924872275,2.37219867451641,"Urban and Built-up",14.25,100.5,0.759837180376053,17.6666666666667,211.5326731,211.5326731,0,1288,1373.73094376958,500,26,16.2601626,72.35772358,61.08829774,36.25024251,52.03252033,96.74796748,c(-122.23578, 37.74646)
"157","Corica Park Golf Course","CGCN","02/21/2023","02/24/2023",3,"","CA",125115.25,51.775,39.5881511680344,2153.14346027121,863.760242342722,2894.75,2850.5,2894.75,NA,1,8422.46469589842,0.0107287166739943,785039.343644327,42.3856252290108,28.976404494382,0.139951648139247,2.87943924872275,2.37219867451641,"Urban and Built-up",14.25,100.5,0.759837180376053,15.5,193.0001731,160.7155697,32.2846034,975,1373.73094376958,500,26,16.2601626,72.35772358,61.08829774,36.25024251,52.03252033,96.74796748,c(-122.23578, 37.74646)
"158","Corica Park Golf Course","CGCN","02/21/2023","02/24/2023",3,"","CA",125115.25,51.775,39.5881511680344,2153.14346027121,863.760242342722,2894.75,2850.5,2894.75,NA,1,8422.46469589842,0.0107287166739943,785039.343644327,42.3856252290108,28.976404494382,0.139951648139247,2.87943924872275,2.37219867451641,"Urban and Built-up",14.25,100.5,0.759837180376053,15.5,1243.6730796,848.9807438,394.6923358,1374,1373.73094376958,500,26,16.2601626,72.35772358,61.08829774,36.25024251,52.03252033,96.74796748,c(-122.23578, 37.74646)
"159","Corica Park Golf Course","CGCN","02/21/2023","02/24/2023",3,"","CA",125115.25,51.775,39.5881511680344,2153.14346027121,863.760242342722,2894.75,2850.5,2894.75,NA,1,8422.46469589842,0.0107287166739943,785039.343644327,42.3856252290108,28.976404494382,0.139951648139247,2.87943924872275,2.37219867451641,"Urban and Built-up",14.25,100.5,0.759837180376053,16.3333333333333,316.7332742,117.881526,198.8517482,921,1373.73094376958,500,26,16.2601626,72.35772358,61.08829774,36.25024251,52.03252033,96.74796748,c(-122.23578, 37.74646)
"160","Crown Memorial State Beach","CMSB","11/30/2023","12/14/2023",14,"","CA",117315.625,40.8125,46.5378271351565,4724.25278186879,2162.01617848179,12075.1333333333,11790,11599.7272727273,13382.5,20,13097.3120795775,0.0166836378146089,785039.343644164,412.084476591783,45.6133032694476,0.11645131293377,4.45804624904532,2.92686889245526,"Urban and Built-up",14.1499996185303,104.55,NA,15.1666666666667,30.0090595,30.0090595,0,466,917.162186870245,500,27,26.82926829,17.07317073,47.771755,39.23386891,63.41463415,57.72357724,c(-122.27603, 37.76965)
"161","Crown Memorial State Beach","CMSB","11/30/2023","12/14/2023",14,"","CA",117315.625,40.8125,46.5378271351565,4724.25278186879,2162.01617848179,12075.1333333333,11790,11599.7272727273,13382.5,20,13097.3120795775,0.0166836378146089,785039.343644164,412.084476591783,45.6133032694476,0.11645131293377,4.45804624904532,2.92686889245526,"Urban and Built-up",14.1499996185303,104.55,NA,12.8333333333333,76.9531175,76.9531175,0,1112,917.162186870245,500,27,26.82926829,17.07317073,47.771755,39.23386891,63.41463415,57.72357724,c(-122.27603, 37.76965)
"162","Crown Memorial State Beach","CMSB","11/30/2023","12/14/2023",14,"","CA",117315.625,40.8125,46.5378271351565,4724.25278186879,2162.01617848179,12075.1333333333,11790,11599.7272727273,13382.5,20,13097.3120795775,0.0166836378146089,785039.343644164,412.084476591783,45.6133032694476,0.11645131293377,4.45804624904532,2.92686889245526,"Urban and Built-up",14.1499996185303,104.55,NA,16.1666666666667,275.1194103,99.6744567,175.4449536,741,917.162186870245,500,27,26.82926829,17.07317073,47.771755,39.23386891,63.41463415,57.72357724,c(-122.27603, 37.76965)
"163","Crown Memorial State Beach","CMSB","11/30/2023","12/14/2023",14,"","CA",117315.625,40.8125,46.5378271351565,4724.25278186879,2162.01617848179,12075.1333333333,11790,11599.7272727273,13382.5,20,13097.3120795775,0.0166836378146089,785039.343644164,412.084476591783,45.6133032694476,0.11645131293377,4.45804624904532,2.92686889245526,"Urban and Built-up",14.1499996185303,104.55,NA,12.8333333333333,59.1883572,59.1883572,0,510,917.162186870245,500,27,26.82926829,17.07317073,47.771755,39.23386891,63.41463415,57.72357724,c(-122.27603, 37.76965)
"164","Crown Memorial State Beach","CMSB","11/30/2023","12/14/2023",14,"","CA",117315.625,40.8125,46.5378271351565,4724.25278186879,2162.01617848179,12075.1333333333,11790,11599.7272727273,13382.5,20,13097.3120795775,0.0166836378146089,785039.343644164,412.084476591783,45.6133032694476,0.11645131293377,4.45804624904532,2.92686889245526,"Urban and Built-up",14.1499996185303,104.55,NA,16.8333333333333,33.9280655,33.9280655,0,443,917.162186870245,500,27,26.82926829,17.07317073,47.771755,39.23386891,63.41463415,57.72357724,c(-122.27603, 37.76965)
"165","Crown Memorial State Beach","CMSB","11/30/2023","12/14/2023",14,"","CA",117315.625,40.8125,46.5378271351565,4724.25278186879,2162.01617848179,12075.1333333333,11790,11599.7272727273,13382.5,20,13097.3120795775,0.0166836378146089,785039.343644164,412.084476591783,45.6133032694476,0.11645131293377,4.45804624904532,2.92686889245526,"Urban and Built-up",14.1499996185303,104.55,NA,15.1666666666667,36.9822215,36.9822215,0,521,917.162186870245,500,27,26.82926829,17.07317073,47.771755,39.23386891,63.41463415,57.72357724,c(-122.27603, 37.76965)
"166","Crown Memorial State Beach","CMSB","11/30/2023","12/14/2023",14,"","CA",117315.625,40.8125,46.5378271351565,4724.25278186879,2162.01617848179,12075.1333333333,11790,11599.7272727273,13382.5,20,13097.3120795775,0.0166836378146089,785039.343644164,412.084476591783,45.6133032694476,0.11645131293377,4.45804624904532,2.92686889245526,"Urban and Built-up",14.1499996185303,104.55,NA,15.6666666666667,345.9946091,98.0428554,247.9517537,266,917.162186870245,500,27,26.82926829,17.07317073,47.771755,39.23386891,63.41463415,57.72357724,c(-122.27603, 37.76965)
"167","Crown Memorial State Beach","CMSB","11/30/2023","12/14/2023",14,"","CA",117315.625,40.8125,46.5378271351565,4724.25278186879,2162.01617848179,12075.1333333333,11790,11599.7272727273,13382.5,20,13097.3120795775,0.0166836378146089,785039.343644164,412.084476591783,45.6133032694476,0.11645131293377,4.45804624904532,2.92686889245526,"Urban and Built-up",14.1499996185303,104.55,NA,16.6666666666667,83.3732697,64.3532414,19.0200283,680,917.162186870245,500,27,26.82926829,17.07317073,47.771755,39.23386891,63.41463415,57.72357724,c(-122.27603, 37.76965)
"168","Dunn Home",NA,"11/22/2022","12/03/2022",11,"","CA",94391.625,35.3375,42.0795349081227,5671.18428208818,2267.9787405414,22514.25,23020,22816.7777777778,21606.6666666667,3,20996.1010836573,0.0267452851295171,785039.34364436,302.84341941416,72.4256526674234,0.0991468754236663,28.3354779811327,3.7484883936078,"Urban and Built-up",14.25,110.3,0.9480881690979,16.3333333333333,80.2934153,80.2934153,0,652,1074.8315255875,500,28,85.36585366,75.6097561,54.72614651,47.37691772,76.42276423,71.54471545,c(-122.269, 37.836047)
"169","Dunn Home",NA,"11/22/2022","12/03/2022",11,"","CA",94391.625,35.3375,42.0795349081227,5671.18428208818,2267.9787405414,22514.25,23020,22816.7777777778,21606.6666666667,3,20996.1010836573,0.0267452851295171,785039.34364436,302.84341941416,72.4256526674234,0.0991468754236663,28.3354779811327,3.7484883936078,"Urban and Built-up",14.25,110.3,0.9480881690979,17.1666666666667,72.2510516,72.2510516,0,604,1074.8315255875,500,28,85.36585366,75.6097561,54.72614651,47.37691772,76.42276423,71.54471545,c(-122.269, 37.836047)
"170","Dunn Home",NA,"11/22/2022","12/03/2022",11,"","CA",94391.625,35.3375,42.0795349081227,5671.18428208818,2267.9787405414,22514.25,23020,22816.7777777778,21606.6666666667,3,20996.1010836573,0.0267452851295171,785039.34364436,302.84341941416,72.4256526674234,0.0991468754236663,28.3354779811327,3.7484883936078,"Urban and Built-up",14.25,110.3,0.9480881690979,12.5,50.5732157,50.5732157,0,488,1074.8315255875,500,28,85.36585366,75.6097561,54.72614651,47.37691772,76.42276423,71.54471545,c(-122.269, 37.836047)
"171","Dunn Home",NA,"11/22/2022","12/03/2022",11,"","CA",94391.625,35.3375,42.0795349081227,5671.18428208818,2267.9787405414,22514.25,23020,22816.7777777778,21606.6666666667,3,20996.1010836573,0.0267452851295171,785039.34364436,302.84341941416,72.4256526674234,0.0991468754236663,28.3354779811327,3.7484883936078,"Urban and Built-up",14.25,110.3,0.9480881690979,14,35.8218399,35.8218399,0,427,1074.8315255875,500,28,85.36585366,75.6097561,54.72614651,47.37691772,76.42276423,71.54471545,c(-122.269, 37.836047)
"172","Dunn Home",NA,"11/22/2022","12/03/2022",11,"","CA",94391.625,35.3375,42.0795349081227,5671.18428208818,2267.9787405414,22514.25,23020,22816.7777777778,21606.6666666667,3,20996.1010836573,0.0267452851295171,785039.34364436,302.84341941416,72.4256526674234,0.0991468754236663,28.3354779811327,3.7484883936078,"Urban and Built-up",14.25,110.3,0.9480881690979,16.5,57.9911577,57.9911577,0,695,1074.8315255875,500,28,85.36585366,75.6097561,54.72614651,47.37691772,76.42276423,71.54471545,c(-122.269, 37.836047)
"173","Dunn Home",NA,"11/22/2022","12/03/2022",11,"","CA",94391.625,35.3375,42.0795349081227,5671.18428208818,2267.9787405414,22514.25,23020,22816.7777777778,21606.6666666667,3,20996.1010836573,0.0267452851295171,785039.34364436,302.84341941416,72.4256526674234,0.0991468754236663,28.3354779811327,3.7484883936078,"Urban and Built-up",14.25,110.3,0.9480881690979,16,32.4360757,32.4360757,0,410,1074.8315255875,500,28,85.36585366,75.6097561,54.72614651,47.37691772,76.42276423,71.54471545,c(-122.269, 37.836047)
"174","Dunn Home",NA,"11/22/2022","12/03/2022",11,"","CA",94391.625,35.3375,42.0795349081227,5671.18428208818,2267.9787405414,22514.25,23020,22816.7777777778,21606.6666666667,3,20996.1010836573,0.0267452851295171,785039.34364436,302.84341941416,72.4256526674234,0.0991468754236663,28.3354779811327,3.7484883936078,"Urban and Built-up",14.25,110.3,0.9480881690979,16.3333333333333,34.4319024,34.4319024,0,456,1074.8315255875,500,28,85.36585366,75.6097561,54.72614651,47.37691772,76.42276423,71.54471545,c(-122.269, 37.836047)
"175","Dunn Home",NA,"11/22/2022","12/03/2022",11,"","CA",94391.625,35.3375,42.0795349081227,5671.18428208818,2267.9787405414,22514.25,23020,22816.7777777778,21606.6666666667,3,20996.1010836573,0.0267452851295171,785039.34364436,302.84341941416,72.4256526674234,0.0991468754236663,28.3354779811327,3.7484883936078,"Urban and Built-up",14.25,110.3,0.9480881690979,14.6666666666667,60.8923588,60.8923588,0,675,1074.8315255875,500,28,85.36585366,75.6097561,54.72614651,47.37691772,76.42276423,71.54471545,c(-122.269, 37.836047)
"176","Dwyer Home",NA,"12/06/2023","12/20/2023",14,"","CA",79105.375,32.9375,24.7064058392545,5459.79586704613,2127.10404708018,12536.6,12379,12820.4545454545,11756,2,18860.4118067708,0.0240247981957437,785039.34364419,380.898946193125,75.909604519774,0.0921976564323816,5.21807469737496,4.06422639013928,"Urban and Built-up",14.1499996185303,110,0.944469094276428,14.6666666666667,35.2451085,35.2451085,0,480,356.32067577738,500,29,90.24390244,92.68292683,60.30191483,56.45885128,93.49593496,89.43089431,c(-122.2944294, 37.8103926)
"177","Dwyer Home",NA,"12/06/2023","12/20/2023",14,"","CA",79105.375,32.9375,24.7064058392545,5459.79586704613,2127.10404708018,12536.6,12379,12820.4545454545,11756,2,18860.4118067708,0.0240247981957437,785039.34364419,380.898946193125,75.909604519774,0.0921976564323816,5.21807469737496,4.06422639013928,"Urban and Built-up",14.1499996185303,110,0.944469094276428,16.1666666666667,175.0177177,175.0177177,0,926,356.32067577738,500,29,90.24390244,92.68292683,60.30191483,56.45885128,93.49593496,89.43089431,c(-122.2944294, 37.8103926)
"178","Dwyer Home",NA,"12/06/2023","12/20/2023",14,"","CA",79105.375,32.9375,24.7064058392545,5459.79586704613,2127.10404708018,12536.6,12379,12820.4545454545,11756,2,18860.4118067708,0.0240247981957437,785039.34364419,380.898946193125,75.909604519774,0.0921976564323816,5.21807469737496,4.06422639013928,"Urban and Built-up",14.1499996185303,110,0.944469094276428,16.6666666666667,38.5473529,38.5473529,0,590,356.32067577738,500,29,90.24390244,92.68292683,60.30191483,56.45885128,93.49593496,89.43089431,c(-122.2944294, 37.8103926)
"179","Dwyer Home",NA,"12/06/2023","12/20/2023",14,"","CA",79105.375,32.9375,24.7064058392545,5459.79586704613,2127.10404708018,12536.6,12379,12820.4545454545,11756,2,18860.4118067708,0.0240247981957437,785039.34364419,380.898946193125,75.909604519774,0.0921976564323816,5.21807469737496,4.06422639013928,"Urban and Built-up",14.1499996185303,110,0.944469094276428,17.5,42.4347301,42.4347301,0,462,356.32067577738,500,29,90.24390244,92.68292683,60.30191483,56.45885128,93.49593496,89.43089431,c(-122.2944294, 37.8103926)
"180","Dwyer Home",NA,"12/06/2023","12/20/2023",14,"","CA",79105.375,32.9375,24.7064058392545,5459.79586704613,2127.10404708018,12536.6,12379,12820.4545454545,11756,2,18860.4118067708,0.0240247981957437,785039.34364419,380.898946193125,75.909604519774,0.0921976564323816,5.21807469737496,4.06422639013928,"Urban and Built-up",14.1499996185303,110,0.944469094276428,16,27.8328498,27.8328498,0,459,356.32067577738,500,29,90.24390244,92.68292683,60.30191483,56.45885128,93.49593496,89.43089431,c(-122.2944294, 37.8103926)
"181","Dwyer Home",NA,"12/06/2023","12/20/2023",14,"","CA",79105.375,32.9375,24.7064058392545,5459.79586704613,2127.10404708018,12536.6,12379,12820.4545454545,11756,2,18860.4118067708,0.0240247981957437,785039.34364419,380.898946193125,75.909604519774,0.0921976564323816,5.21807469737496,4.06422639013928,"Urban and Built-up",14.1499996185303,110,0.944469094276428,17.3333333333333,179.0185138,179.0185138,0,1039,356.32067577738,500,29,90.24390244,92.68292683,60.30191483,56.45885128,93.49593496,89.43089431,c(-122.2944294, 37.8103926)
"182","Ehara-Brown Home",NA,"01/27/2023","02/10/2023",14,"Alison (Hoover)","CA",69524,36.7375,30.9728918601746,4177.97179606837,1795.20767098403,16125.6,15945,16168,16009,5,19053.7614467804,0.0242710911256094,785039.343644342,472.504822788098,67.5253093363329,0.111147181308316,20.3212211179239,3.21357167231812,"Urban and Built-up",14.3500003814697,126.6,0.941314518451691,12.3333333333333,156.6764731,156.6764731,0,1126,600.661715009413,500,30,84.55284553,76.42276423,56.59650758,50.10686565,80.48780488,77.23577236,c(-122.313391, 37.913202)
"183","Ehara-Brown Home",NA,"01/27/2023","02/10/2023",14,"Alison (Hoover)","CA",69524,36.7375,30.9728918601746,4177.97179606837,1795.20767098403,16125.6,15945,16168,16009,5,19053.7614467804,0.0242710911256094,785039.343644342,472.504822788098,67.5253093363329,0.111147181308316,20.3212211179239,3.21357167231812,"Urban and Built-up",14.3500003814697,126.6,0.941314518451691,14.5,141.4407813,141.4407813,0,733,600.661715009413,500,30,84.55284553,76.42276423,56.59650758,50.10686565,80.48780488,77.23577236,c(-122.313391, 37.913202)
"184","Ehara-Brown Home",NA,"01/27/2023","02/10/2023",14,"Alison (Hoover)","CA",69524,36.7375,30.9728918601746,4177.97179606837,1795.20767098403,16125.6,15945,16168,16009,5,19053.7614467804,0.0242710911256094,785039.343644342,472.504822788098,67.5253093363329,0.111147181308316,20.3212211179239,3.21357167231812,"Urban and Built-up",14.3500003814697,126.6,0.941314518451691,14.3333333333333,96.2271646,96.2271646,0,851,600.661715009413,500,30,84.55284553,76.42276423,56.59650758,50.10686565,80.48780488,77.23577236,c(-122.313391, 37.913202)
"185","Ehara-Brown Home",NA,"01/27/2023","02/10/2023",14,"Alison (Hoover)","CA",69524,36.7375,30.9728918601746,4177.97179606837,1795.20767098403,16125.6,15945,16168,16009,5,19053.7614467804,0.0242710911256094,785039.343644342,472.504822788098,67.5253093363329,0.111147181308316,20.3212211179239,3.21357167231812,"Urban and Built-up",14.3500003814697,126.6,0.941314518451691,17.5,87.3370008,87.3370008,0,701,600.661715009413,500,30,84.55284553,76.42276423,56.59650758,50.10686565,80.48780488,77.23577236,c(-122.313391, 37.913202)
"186","Ehara-Brown Home",NA,"01/27/2023","02/10/2023",14,"Alison (Hoover)","CA",69524,36.7375,30.9728918601746,4177.97179606837,1795.20767098403,16125.6,15945,16168,16009,5,19053.7614467804,0.0242710911256094,785039.343644342,472.504822788098,67.5253093363329,0.111147181308316,20.3212211179239,3.21357167231812,"Urban and Built-up",14.3500003814697,126.6,0.941314518451691,16.5,148.7210886,148.7210886,0,897,600.661715009413,500,30,84.55284553,76.42276423,56.59650758,50.10686565,80.48780488,77.23577236,c(-122.313391, 37.913202)
"187","Ehara-Brown Home",NA,"01/27/2023","02/10/2023",14,"Alison (Hoover)","CA",69524,36.7375,30.9728918601746,4177.97179606837,1795.20767098403,16125.6,15945,16168,16009,5,19053.7614467804,0.0242710911256094,785039.343644342,472.504822788098,67.5253093363329,0.111147181308316,20.3212211179239,3.21357167231812,"Urban and Built-up",14.3500003814697,126.6,0.941314518451691,17.8333333333333,57.0889956,57.0889956,0,619,600.661715009413,500,30,84.55284553,76.42276423,56.59650758,50.10686565,80.48780488,77.23577236,c(-122.313391, 37.913202)
"188","Ehara-Brown Home",NA,"01/27/2023","02/10/2023",14,"Alison (Hoover)","CA",69524,36.7375,30.9728918601746,4177.97179606837,1795.20767098403,16125.6,15945,16168,16009,5,19053.7614467804,0.0242710911256094,785039.343644342,472.504822788098,67.5253093363329,0.111147181308316,20.3212211179239,3.21357167231812,"Urban and Built-up",14.3500003814697,126.6,0.941314518451691,16,71.3535844,71.3535844,0,752,600.661715009413,500,30,84.55284553,76.42276423,56.59650758,50.10686565,80.48780488,77.23577236,c(-122.313391, 37.913202)
"189","Ehara-Brown Home",NA,"01/27/2023","02/10/2023",14,"Alison (Hoover)","CA",69524,36.7375,30.9728918601746,4177.97179606837,1795.20767098403,16125.6,15945,16168,16009,5,19053.7614467804,0.0242710911256094,785039.343644342,472.504822788098,67.5253093363329,0.111147181308316,20.3212211179239,3.21357167231812,"Urban and Built-up",14.3500003814697,126.6,0.941314518451691,17.3333333333333,47.6393974,47.6393974,0,583,600.661715009413,500,30,84.55284553,76.42276423,56.59650758,50.10686565,80.48780488,77.23577236,c(-122.313391, 37.913202)
"190","Emerson Home",NA,"11/27/2022","12/11/2022",14,"","CA",112590.571428571,38.5571428571429,49.7748775358316,8547.75219817772,4738.09690461723,23212.8,23389,24168,21302.4,6,16827.0320059297,0.0214346352729518,785039.343644147,427.756117233946,62.0102156640182,0.131659871090774,34.1278279938788,3.50650088219623,"Urban and Built-up",14.25,107.8,0.938267290592194,14.1666666666667,36.1559191,36.1559191,0,591,1065.12978142131,500,31,59.3495935,65.85365854,45.16063125,38.67160619,61.78861789,52.84552846,c(-122.248616, 37.819377)
"191","Emerson Home",NA,"11/27/2022","12/11/2022",14,"","CA",112590.571428571,38.5571428571429,49.7748775358316,8547.75219817772,4738.09690461723,23212.8,23389,24168,21302.4,6,16827.0320059297,0.0214346352729518,785039.343644147,427.756117233946,62.0102156640182,0.131659871090774,34.1278279938788,3.50650088219623,"Urban and Built-up",14.25,107.8,0.938267290592194,11.1666666666667,25.7142144,25.7142144,0,924,1065.12978142131,500,31,59.3495935,65.85365854,45.16063125,38.67160619,61.78861789,52.84552846,c(-122.248616, 37.819377)
"192","Emerson Home",NA,"11/27/2022","12/11/2022",14,"","CA",112590.571428571,38.5571428571429,49.7748775358316,8547.75219817772,4738.09690461723,23212.8,23389,24168,21302.4,6,16827.0320059297,0.0214346352729518,785039.343644147,427.756117233946,62.0102156640182,0.131659871090774,34.1278279938788,3.50650088219623,"Urban and Built-up",14.25,107.8,0.938267290592194,17.8333333333333,57.9788027,57.9788027,0,787,1065.12978142131,500,31,59.3495935,65.85365854,45.16063125,38.67160619,61.78861789,52.84552846,c(-122.248616, 37.819377)
"193","Emerson Home",NA,"11/27/2022","12/11/2022",14,"","CA",112590.571428571,38.5571428571429,49.7748775358316,8547.75219817772,4738.09690461723,23212.8,23389,24168,21302.4,6,16827.0320059297,0.0214346352729518,785039.343644147,427.756117233946,62.0102156640182,0.131659871090774,34.1278279938788,3.50650088219623,"Urban and Built-up",14.25,107.8,0.938267290592194,15.3333333333333,40.4307491,40.4307491,0,782,1065.12978142131,500,31,59.3495935,65.85365854,45.16063125,38.67160619,61.78861789,52.84552846,c(-122.248616, 37.819377)
"194","Emerson Home",NA,"11/27/2022","12/11/2022",14,"","CA",112590.571428571,38.5571428571429,49.7748775358316,8547.75219817772,4738.09690461723,23212.8,23389,24168,21302.4,6,16827.0320059297,0.0214346352729518,785039.343644147,427.756117233946,62.0102156640182,0.131659871090774,34.1278279938788,3.50650088219623,"Urban and Built-up",14.25,107.8,0.938267290592194,17.5,31.5267477,31.5267477,0,418,1065.12978142131,500,31,59.3495935,65.85365854,45.16063125,38.67160619,61.78861789,52.84552846,c(-122.248616, 37.819377)
"195","Emerson Home",NA,"11/27/2022","12/11/2022",14,"","CA",112590.571428571,38.5571428571429,49.7748775358316,8547.75219817772,4738.09690461723,23212.8,23389,24168,21302.4,6,16827.0320059297,0.0214346352729518,785039.343644147,427.756117233946,62.0102156640182,0.131659871090774,34.1278279938788,3.50650088219623,"Urban and Built-up",14.25,107.8,0.938267290592194,15.8333333333333,49.8880074,49.8880074,0,986,1065.12978142131,500,31,59.3495935,65.85365854,45.16063125,38.67160619,61.78861789,52.84552846,c(-122.248616, 37.819377)
"196","Emerson Home",NA,"11/27/2022","12/11/2022",14,"","CA",112590.571428571,38.5571428571429,49.7748775358316,8547.75219817772,4738.09690461723,23212.8,23389,24168,21302.4,6,16827.0320059297,0.0214346352729518,785039.343644147,427.756117233946,62.0102156640182,0.131659871090774,34.1278279938788,3.50650088219623,"Urban and Built-up",14.25,107.8,0.938267290592194,13.1666666666667,32.2744723,32.2744723,0,1116,1065.12978142131,500,31,59.3495935,65.85365854,45.16063125,38.67160619,61.78861789,52.84552846,c(-122.248616, 37.819377)
"197","Emerson Home",NA,"11/27/2022","12/11/2022",14,"","CA",112590.571428571,38.5571428571429,49.7748775358316,8547.75219817772,4738.09690461723,23212.8,23389,24168,21302.4,6,16827.0320059297,0.0214346352729518,785039.343644147,427.756117233946,62.0102156640182,0.131659871090774,34.1278279938788,3.50650088219623,"Urban and Built-up",14.25,107.8,0.938267290592194,13.1666666666667,58.4077683,58.4077683,0,772,1065.12978142131,500,31,59.3495935,65.85365854,45.16063125,38.67160619,61.78861789,52.84552846,c(-122.248616, 37.819377)
"198","Emerson Home",NA,"11/27/2022","12/11/2022",14,"","CA",112590.571428571,38.5571428571429,49.7748775358316,8547.75219817772,4738.09690461723,23212.8,23389,24168,21302.4,6,16827.0320059297,0.0214346352729518,785039.343644147,427.756117233946,62.0102156640182,0.131659871090774,34.1278279938788,3.50650088219623,"Urban and Built-up",14.25,107.8,0.938267290592194,18.3333333333333,152.8012038,152.8012038,0,974,1065.12978142131,500,31,59.3495935,65.85365854,45.16063125,38.67160619,61.78861789,52.84552846,c(-122.248616, 37.819377)
"199","Emerson Home",NA,"11/27/2022","12/11/2022",14,"","CA",112590.571428571,38.5571428571429,49.7748775358316,8547.75219817772,4738.09690461723,23212.8,23389,24168,21302.4,6,16827.0320059297,0.0214346352729518,785039.343644147,427.756117233946,62.0102156640182,0.131659871090774,34.1278279938788,3.50650088219623,"Urban and Built-up",14.25,107.8,0.938267290592194,17.5,70.2937725,70.2937725,0,603,1065.12978142131,500,31,59.3495935,65.85365854,45.16063125,38.67160619,61.78861789,52.84552846,c(-122.248616, 37.819377)
"200","Emerson Home",NA,"11/27/2022","12/11/2022",14,"","CA",112590.571428571,38.5571428571429,49.7748775358316,8547.75219817772,4738.09690461723,23212.8,23389,24168,21302.4,6,16827.0320059297,0.0214346352729518,785039.343644147,427.756117233946,62.0102156640182,0.131659871090774,34.1278279938788,3.50650088219623,"Urban and Built-up",14.25,107.8,0.938267290592194,15.1666666666667,70.2174186,70.2174186,0,1018,1065.12978142131,500,31,59.3495935,65.85365854,45.16063125,38.67160619,61.78861789,52.84552846,c(-122.248616, 37.819377)
"201","Emerson Home",NA,"11/27/2022","12/11/2022",14,"","CA",112590.571428571,38.5571428571429,49.7748775358316,8547.75219817772,4738.09690461723,23212.8,23389,24168,21302.4,6,16827.0320059297,0.0214346352729518,785039.343644147,427.756117233946,62.0102156640182,0.131659871090774,34.1278279938788,3.50650088219623,"Urban and Built-up",14.25,107.8,0.938267290592194,17,29.0325203,29.0325203,0,389,1065.12978142131,500,31,59.3495935,65.85365854,45.16063125,38.67160619,61.78861789,52.84552846,c(-122.248616, 37.819377)
"202","Emerson Home",NA,"11/27/2022","12/11/2022",14,"","CA",112590.571428571,38.5571428571429,49.7748775358316,8547.75219817772,4738.09690461723,23212.8,23389,24168,21302.4,6,16827.0320059297,0.0214346352729518,785039.343644147,427.756117233946,62.0102156640182,0.131659871090774,34.1278279938788,3.50650088219623,"Urban and Built-up",14.25,107.8,0.938267290592194,14.8333333333333,36.4116676,36.4116676,0,852,1065.12978142131,500,31,59.3495935,65.85365854,45.16063125,38.67160619,61.78861789,52.84552846,c(-122.248616, 37.819377)
"203","Emerson Home",NA,"11/27/2022","12/11/2022",14,"","CA",112590.571428571,38.5571428571429,49.7748775358316,8547.75219817772,4738.09690461723,23212.8,23389,24168,21302.4,6,16827.0320059297,0.0214346352729518,785039.343644147,427.756117233946,62.0102156640182,0.131659871090774,34.1278279938788,3.50650088219623,"Urban and Built-up",14.25,107.8,0.938267290592194,13,26.2711778,26.2711778,0,751,1065.12978142131,500,31,59.3495935,65.85365854,45.16063125,38.67160619,61.78861789,52.84552846,c(-122.248616, 37.819377)
"204","Estien Home",NA,"02/20/2023","03/07/2023",15,"","CA",93878.6,35.8454545454545,46.6105990870687,7050.68189618769,2824.20603804511,16524,16568,15788.5833333333,18730.25,10,16026.2190835841,0.0204145425491584,785039.343644014,192.255630440621,66.1006787330317,0.120423083057093,31.9652302141342,3.44068455443471,"Urban and Built-up",14.3500003814697,113.5,0.942283481359482,17.5,33.6577381,33.6577381,0,481,472.91913415724,500,32,65.85365854,49.59349593,49.5336294,41.01319168,66.66666667,61.78861789,c(-122.271772, 37.85129)
"205","Estien Home",NA,"02/20/2023","03/07/2023",15,"","CA",93878.6,35.8454545454545,46.6105990870687,7050.68189618769,2824.20603804511,16524,16568,15788.5833333333,18730.25,10,16026.2190835841,0.0204145425491584,785039.343644014,192.255630440621,66.1006787330317,0.120423083057093,31.9652302141342,3.44068455443471,"Urban and Built-up",14.3500003814697,113.5,0.942283481359482,13.1666666666667,22.6822974,22.6822974,0,422,472.91913415724,500,32,65.85365854,49.59349593,49.5336294,41.01319168,66.66666667,61.78861789,c(-122.271772, 37.85129)
"206","Estien Home",NA,"02/20/2023","03/07/2023",15,"","CA",93878.6,35.8454545454545,46.6105990870687,7050.68189618769,2824.20603804511,16524,16568,15788.5833333333,18730.25,10,16026.2190835841,0.0204145425491584,785039.343644014,192.255630440621,66.1006787330317,0.120423083057093,31.9652302141342,3.44068455443471,"Urban and Built-up",14.3500003814697,113.5,0.942283481359482,18.8333333333333,40.8562553,40.8562553,0,495,472.91913415724,500,32,65.85365854,49.59349593,49.5336294,41.01319168,66.66666667,61.78861789,c(-122.271772, 37.85129)
"207","Estien Home",NA,"02/20/2023","03/07/2023",15,"","CA",93878.6,35.8454545454545,46.6105990870687,7050.68189618769,2824.20603804511,16524,16568,15788.5833333333,18730.25,10,16026.2190835841,0.0204145425491584,785039.343644014,192.255630440621,66.1006787330317,0.120423083057093,31.9652302141342,3.44068455443471,"Urban and Built-up",14.3500003814697,113.5,0.942283481359482,17.1666666666667,89.6291004,89.6291004,0,1173,472.91913415724,500,32,65.85365854,49.59349593,49.5336294,41.01319168,66.66666667,61.78861789,c(-122.271772, 37.85129)
"208","Estien Home",NA,"02/20/2023","03/07/2023",15,"","CA",93878.6,35.8454545454545,46.6105990870687,7050.68189618769,2824.20603804511,16524,16568,15788.5833333333,18730.25,10,16026.2190835841,0.0204145425491584,785039.343644014,192.255630440621,66.1006787330317,0.120423083057093,31.9652302141342,3.44068455443471,"Urban and Built-up",14.3500003814697,113.5,0.942283481359482,18.8333333333333,64.0997168,64.0997168,0,577,472.91913415724,500,32,65.85365854,49.59349593,49.5336294,41.01319168,66.66666667,61.78861789,c(-122.271772, 37.85129)
"209","Estien Home",NA,"02/20/2023","03/07/2023",15,"","CA",93878.6,35.8454545454545,46.6105990870687,7050.68189618769,2824.20603804511,16524,16568,15788.5833333333,18730.25,10,16026.2190835841,0.0204145425491584,785039.343644014,192.255630440621,66.1006787330317,0.120423083057093,31.9652302141342,3.44068455443471,"Urban and Built-up",14.3500003814697,113.5,0.942283481359482,15.1666666666667,34.7748772,34.7748772,0,427,472.91913415724,500,32,65.85365854,49.59349593,49.5336294,41.01319168,66.66666667,61.78861789,c(-122.271772, 37.85129)
"210","Estien Home",NA,"02/20/2023","03/07/2023",15,"","CA",93878.6,35.8454545454545,46.6105990870687,7050.68189618769,2824.20603804511,16524,16568,15788.5833333333,18730.25,10,16026.2190835841,0.0204145425491584,785039.343644014,192.255630440621,66.1006787330317,0.120423083057093,31.9652302141342,3.44068455443471,"Urban and Built-up",14.3500003814697,113.5,0.942283481359482,13.3333333333333,21.6738823,21.6738823,0,343,472.91913415724,500,32,65.85365854,49.59349593,49.5336294,41.01319168,66.66666667,61.78861789,c(-122.271772, 37.85129)
"211","Estien Home",NA,"02/20/2023","03/07/2023",15,"","CA",93878.6,35.8454545454545,46.6105990870687,7050.68189618769,2824.20603804511,16524,16568,15788.5833333333,18730.25,10,16026.2190835841,0.0204145425491584,785039.343644014,192.255630440621,66.1006787330317,0.120423083057093,31.9652302141342,3.44068455443471,"Urban and Built-up",14.3500003814697,113.5,0.942283481359482,14,28.1056482,28.1056482,0,533,472.91913415724,500,32,65.85365854,49.59349593,49.5336294,41.01319168,66.66666667,61.78861789,c(-122.271772, 37.85129)
"212","Estien Home",NA,"02/20/2023","03/07/2023",15,"","CA",93878.6,35.8454545454545,46.6105990870687,7050.68189618769,2824.20603804511,16524,16568,15788.5833333333,18730.25,10,16026.2190835841,0.0204145425491584,785039.343644014,192.255630440621,66.1006787330317,0.120423083057093,31.9652302141342,3.44068455443471,"Urban and Built-up",14.3500003814697,113.5,0.942283481359482,14.1666666666667,33.5509909,33.5509909,0,481,472.91913415724,500,32,65.85365854,49.59349593,49.5336294,41.01319168,66.66666667,61.78861789,c(-122.271772, 37.85129)
"213","Estien Home",NA,"02/20/2023","03/07/2023",15,"","CA",93878.6,35.8454545454545,46.6105990870687,7050.68189618769,2824.20603804511,16524,16568,15788.5833333333,18730.25,10,16026.2190835841,0.0204145425491584,785039.343644014,192.255630440621,66.1006787330317,0.120423083057093,31.9652302141342,3.44068455443471,"Urban and Built-up",14.3500003814697,113.5,0.942283481359482,14.8333333333333,49.4587947,49.4587947,0,599,472.91913415724,500,32,65.85365854,49.59349593,49.5336294,41.01319168,66.66666667,61.78861789,c(-122.271772, 37.85129)
"214","Estien Home",NA,"02/20/2023","03/07/2023",15,"","CA",93878.6,35.8454545454545,46.6105990870687,7050.68189618769,2824.20603804511,16524,16568,15788.5833333333,18730.25,10,16026.2190835841,0.0204145425491584,785039.343644014,192.255630440621,66.1006787330317,0.120423083057093,31.9652302141342,3.44068455443471,"Urban and Built-up",14.3500003814697,113.5,0.942283481359482,18.1666666666667,45.4458907,45.4458907,0,498,472.91913415724,500,32,65.85365854,49.59349593,49.5336294,41.01319168,66.66666667,61.78861789,c(-122.271772, 37.85129)
"215","Fahrer Home",NA,"01/26/2023","02/02/2023",7,"","CA",145035,44.825,68.2098691761413,1424.75458026795,597.001121845077,9133,9986.5,10007.5,6509.5,1,9396.50719127879,0.0119694729536249,785039.343644043,461.19241852173,25.5556805399325,0.21999863739269,64.4317569000412,2.42371254310638,"Urban and Built-up",14.6499996185303,83.5,0.793412894010544,11.1666666666667,316.0633861,316.0633861,0,1079,9837.21438106801,500,33,38.21138211,42.27642276,30.92653848,27.31647855,21.13821138,7.317073171,c(-122.039567, 37.905962)
"216","Fahrer Home",NA,"01/26/2023","02/02/2023",7,"","CA",145035,44.825,68.2098691761413,1424.75458026795,597.001121845077,9133,9986.5,10007.5,6509.5,1,9396.50719127879,0.0119694729536249,785039.343644043,461.19241852173,25.5556805399325,0.21999863739269,64.4317569000412,2.42371254310638,"Urban and Built-up",14.6499996185303,83.5,0.793412894010544,6.66666666666667,634.0089329,634.0089329,0,1111,9837.21438106801,500,33,38.21138211,42.27642276,30.92653848,27.31647855,21.13821138,7.317073171,c(-122.039567, 37.905962)
"217","Fahrer Home",NA,"01/26/2023","02/02/2023",7,"","CA",145035,44.825,68.2098691761413,1424.75458026795,597.001121845077,9133,9986.5,10007.5,6509.5,1,9396.50719127879,0.0119694729536249,785039.343644043,461.19241852173,25.5556805399325,0.21999863739269,64.4317569000412,2.42371254310638,"Urban and Built-up",14.6499996185303,83.5,0.793412894010544,11.3333333333333,212.849469,209.0508007,3.7986683,919,9837.21438106801,500,33,38.21138211,42.27642276,30.92653848,27.31647855,21.13821138,7.317073171,c(-122.039567, 37.905962)
"218","Foothill Lot","FL","11/07/2023","11/22/2023",15,"","CA",169942.5,28.1,52.7435864499586,11789.2553528094,2003.60732419471,52762,62356,54961.9166666667,46162.25,1,10773.5102196103,0.0137235290267096,785039.343644201,448.805893913235,30.9585666293393,0.212706233481518,191.203209975173,3.27318017277732,"Urban and Built-up",13.9499998092651,123.8,0.716037154197693,10.1666666666667,1703.5911669,1703.5911669,0,1432,582.074104635211,500,34,18.69918699,39.83739837,35.36863185,33.45657095,40.6504065,27.64227642,c(-122.24882, 37.87326)
"219","Foothill Lot","FL","11/07/2023","11/22/2023",15,"","CA",169942.5,28.1,52.7435864499586,11789.2553528094,2003.60732419471,52762,62356,54961.9166666667,46162.25,1,10773.5102196103,0.0137235290267096,785039.343644201,448.805893913235,30.9585666293393,0.212706233481518,191.203209975173,3.27318017277732,"Urban and Built-up",13.9499998092651,123.8,0.716037154197693,14.8333333333333,24.8696266,24.8696266,0,657,582.074104635211,500,34,18.69918699,39.83739837,35.36863185,33.45657095,40.6504065,27.64227642,c(-122.24882, 37.87326)
"220","Foothill Lot","FL","11/07/2023","11/22/2023",15,"","CA",169942.5,28.1,52.7435864499586,11789.2553528094,2003.60732419471,52762,62356,54961.9166666667,46162.25,1,10773.5102196103,0.0137235290267096,785039.343644201,448.805893913235,30.9585666293393,0.212706233481518,191.203209975173,3.27318017277732,"Urban and Built-up",13.9499998092651,123.8,0.716037154197693,13.5,419.8940648,419.8940648,0,253,582.074104635211,500,34,18.69918699,39.83739837,35.36863185,33.45657095,40.6504065,27.64227642,c(-122.24882, 37.87326)
"221","Foothill Lot","FL","11/07/2023","11/22/2023",15,"","CA",169942.5,28.1,52.7435864499586,11789.2553528094,2003.60732419471,52762,62356,54961.9166666667,46162.25,1,10773.5102196103,0.0137235290267096,785039.343644201,448.805893913235,30.9585666293393,0.212706233481518,191.203209975173,3.27318017277732,"Urban and Built-up",13.9499998092651,123.8,0.716037154197693,13.5,44.9321698,44.9321698,0,240,582.074104635211,500,34,18.69918699,39.83739837,35.36863185,33.45657095,40.6504065,27.64227642,c(-122.24882, 37.87326)
"222","Foothill Lot","FL","11/07/2023","11/22/2023",15,"","CA",169942.5,28.1,52.7435864499586,11789.2553528094,2003.60732419471,52762,62356,54961.9166666667,46162.25,1,10773.5102196103,0.0137235290267096,785039.343644201,448.805893913235,30.9585666293393,0.212706233481518,191.203209975173,3.27318017277732,"Urban and Built-up",13.9499998092651,123.8,0.716037154197693,15,16.2132194,16.2132194,0,325,582.074104635211,500,34,18.69918699,39.83739837,35.36863185,33.45657095,40.6504065,27.64227642,c(-122.24882, 37.87326)
"223","Fortmann Home","LFH","11/23/2022","12/07/2022",14,"","CA",182491.571428571,44.1428571428571,62.2008267499787,3393.53371993823,1463.42906272006,5579.2,5396,5815.36363636364,4929.75,1,11245.3647358213,0.0143245874577737,785039.343643975,243.25232273499,35.9076576576576,0.207352881431553,92.8879514401053,2.96175614519384,"Urban and Built-up",14.1499996185303,108.8,0.844591796398163,13.8333333333333,149.9630132,149.9630132,0,466,409.360657627075,500,35,43.90243902,36.58536585,35.33385722,31.6896452,34.14634146,26.01626016,c(-122.219098, 37.812188)
"224","Fortmann Home","LFH","11/23/2022","12/07/2022",14,"","CA",182491.571428571,44.1428571428571,62.2008267499787,3393.53371993823,1463.42906272006,5579.2,5396,5815.36363636364,4929.75,1,11245.3647358213,0.0143245874577737,785039.343643975,243.25232273499,35.9076576576576,0.207352881431553,92.8879514401053,2.96175614519384,"Urban and Built-up",14.1499996185303,108.8,0.844591796398163,13.5,93.4635982,93.4635982,0,676,409.360657627075,500,35,43.90243902,36.58536585,35.33385722,31.6896452,34.14634146,26.01626016,c(-122.219098, 37.812188)
"225","Fortmann Home","LFH","11/23/2022","12/07/2022",14,"","CA",182491.571428571,44.1428571428571,62.2008267499787,3393.53371993823,1463.42906272006,5579.2,5396,5815.36363636364,4929.75,1,11245.3647358213,0.0143245874577737,785039.343643975,243.25232273499,35.9076576576576,0.207352881431553,92.8879514401053,2.96175614519384,"Urban and Built-up",14.1499996185303,108.8,0.844591796398163,14.6666666666667,58.3934365,58.3934365,0,528,409.360657627075,500,35,43.90243902,36.58536585,35.33385722,31.6896452,34.14634146,26.01626016,c(-122.219098, 37.812188)
"226","Fortmann Home","LFH","11/23/2022","12/07/2022",14,"","CA",182491.571428571,44.1428571428571,62.2008267499787,3393.53371993823,1463.42906272006,5579.2,5396,5815.36363636364,4929.75,1,11245.3647358213,0.0143245874577737,785039.343643975,243.25232273499,35.9076576576576,0.207352881431553,92.8879514401053,2.96175614519384,"Urban and Built-up",14.1499996185303,108.8,0.844591796398163,11.6666666666667,168.7352002,168.7352002,0,499,409.360657627075,500,35,43.90243902,36.58536585,35.33385722,31.6896452,34.14634146,26.01626016,c(-122.219098, 37.812188)
"227","Fortmann Home","LFH","11/23/2022","12/07/2022",14,"","CA",182491.571428571,44.1428571428571,62.2008267499787,3393.53371993823,1463.42906272006,5579.2,5396,5815.36363636364,4929.75,1,11245.3647358213,0.0143245874577737,785039.343643975,243.25232273499,35.9076576576576,0.207352881431553,92.8879514401053,2.96175614519384,"Urban and Built-up",14.1499996185303,108.8,0.844591796398163,13.1666666666667,39.6459595,39.6459595,0,440,409.360657627075,500,35,43.90243902,36.58536585,35.33385722,31.6896452,34.14634146,26.01626016,c(-122.219098, 37.812188)
"228","Fortmann Home","LFH","11/23/2022","12/07/2022",14,"","CA",182491.571428571,44.1428571428571,62.2008267499787,3393.53371993823,1463.42906272006,5579.2,5396,5815.36363636364,4929.75,1,11245.3647358213,0.0143245874577737,785039.343643975,243.25232273499,35.9076576576576,0.207352881431553,92.8879514401053,2.96175614519384,"Urban and Built-up",14.1499996185303,108.8,0.844591796398163,14.8333333333333,80.5266777,80.5266777,0,522,409.360657627075,500,35,43.90243902,36.58536585,35.33385722,31.6896452,34.14634146,26.01626016,c(-122.219098, 37.812188)
"229","Fortmann Home","LFH","11/23/2022","12/07/2022",14,"","CA",182491.571428571,44.1428571428571,62.2008267499787,3393.53371993823,1463.42906272006,5579.2,5396,5815.36363636364,4929.75,1,11245.3647358213,0.0143245874577737,785039.343643975,243.25232273499,35.9076576576576,0.207352881431553,92.8879514401053,2.96175614519384,"Urban and Built-up",14.1499996185303,108.8,0.844591796398163,14.1666666666667,64.7033821,64.7033821,0,690,409.360657627075,500,35,43.90243902,36.58536585,35.33385722,31.6896452,34.14634146,26.01626016,c(-122.219098, 37.812188)
"230","Frey Home",NA,"02/16/2023","02/24/2023",8,"","CA",129315.142857143,42.4714285714286,54.8062709749646,4368.81309729989,1746.08609626871,24225.6666666667,22259,24292.2857142857,23992.5,1,13821.6680473371,0.0176063380252788,785039.34364388,470.632581505798,57.7865168539326,0.143419169805114,5.97805819933353,3.0285373865408,"Urban and Built-up",14.25,100.15,0.877503752708435,13,51.3199519,51.3199519,0,416,310.234618831539,500,36,49.59349593,65.04065041,62.31199359,45.39014777,73.17073171,99.18699187,c(-122.232617, 37.761961)
"231","Frey Home",NA,"02/16/2023","02/24/2023",8,"","CA",129315.142857143,42.4714285714286,54.8062709749646,4368.81309729989,1746.08609626871,24225.6666666667,22259,24292.2857142857,23992.5,1,13821.6680473371,0.0176063380252788,785039.34364388,470.632581505798,57.7865168539326,0.143419169805114,5.97805819933353,3.0285373865408,"Urban and Built-up",14.25,100.15,0.877503752708435,19,97.2494173,90.1040266,7.1453907,605,310.234618831539,500,36,49.59349593,65.04065041,62.31199359,45.39014777,73.17073171,99.18699187,c(-122.232617, 37.761961)
"232","Frey Home",NA,"02/16/2023","02/24/2023",8,"","CA",129315.142857143,42.4714285714286,54.8062709749646,4368.81309729989,1746.08609626871,24225.6666666667,22259,24292.2857142857,23992.5,1,13821.6680473371,0.0176063380252788,785039.34364388,470.632581505798,57.7865168539326,0.143419169805114,5.97805819933353,3.0285373865408,"Urban and Built-up",14.25,100.15,0.877503752708435,15.3333333333333,146.3805574,111.9637281,34.4168293,891,310.234618831539,500,36,49.59349593,65.04065041,62.31199359,45.39014777,73.17073171,99.18699187,c(-122.232617, 37.761961)
"233","Frey Home",NA,"02/16/2023","02/24/2023",8,"","CA",129315.142857143,42.4714285714286,54.8062709749646,4368.81309729989,1746.08609626871,24225.6666666667,22259,24292.2857142857,23992.5,1,13821.6680473371,0.0176063380252788,785039.34364388,470.632581505798,57.7865168539326,0.143419169805114,5.97805819933353,3.0285373865408,"Urban and Built-up",14.25,100.15,0.877503752708435,15.5,88.3745737,78.9037249,9.4708488,700,310.234618831539,500,36,49.59349593,65.04065041,62.31199359,45.39014777,73.17073171,99.18699187,c(-122.232617, 37.761961)
"234","Frey Home",NA,"02/16/2023","02/24/2023",8,"","CA",129315.142857143,42.4714285714286,54.8062709749646,4368.81309729989,1746.08609626871,24225.6666666667,22259,24292.2857142857,23992.5,1,13821.6680473371,0.0176063380252788,785039.34364388,470.632581505798,57.7865168539326,0.143419169805114,5.97805819933353,3.0285373865408,"Urban and Built-up",14.25,100.15,0.877503752708435,16.1666666666667,71.4964082,71.4964082,0,562,310.234618831539,500,36,49.59349593,65.04065041,62.31199359,45.39014777,73.17073171,99.18699187,c(-122.232617, 37.761961)
"235","Frey Home",NA,"02/16/2023","02/24/2023",8,"","CA",129315.142857143,42.4714285714286,54.8062709749646,4368.81309729989,1746.08609626871,24225.6666666667,22259,24292.2857142857,23992.5,1,13821.6680473371,0.0176063380252788,785039.34364388,470.632581505798,57.7865168539326,0.143419169805114,5.97805819933353,3.0285373865408,"Urban and Built-up",14.25,100.15,0.877503752708435,16.3333333333333,49.1343524,49.1343524,0,690,310.234618831539,500,36,49.59349593,65.04065041,62.31199359,45.39014777,73.17073171,99.18699187,c(-122.232617, 37.761961)
"236","Frey Home",NA,"02/16/2023","02/24/2023",8,"","CA",129315.142857143,42.4714285714286,54.8062709749646,4368.81309729989,1746.08609626871,24225.6666666667,22259,24292.2857142857,23992.5,1,13821.6680473371,0.0176063380252788,785039.34364388,470.632581505798,57.7865168539326,0.143419169805114,5.97805819933353,3.0285373865408,"Urban and Built-up",14.25,100.15,0.877503752708435,19.8333333333333,46.2815829,46.2815829,0,581,310.234618831539,500,36,49.59349593,65.04065041,62.31199359,45.39014777,73.17073171,99.18699187,c(-122.232617, 37.761961)
"237","Fuller Home",NA,"01/25/2023","02/01/2023",7,"","CA",165374.75,49.425,60.7246125409479,1403.75217053801,576.053383395347,5439.75,5239.5,5587.83333333333,4995.5,7,13218.0790661183,0.0168374733994342,785039.343644189,308.688654212894,27.245197740113,0.225920364810928,187.653081832393,2.7712513468897,"Urban and Built-up",13.9499998092651,112.4,0.78323096036911,13.8333333333333,149.9630132,149.9630132,0,466,1006.76562758051,500,37,21.95121951,48.7804878,35.31514288,25.41496357,16.2601626,25.20325203,c(-122.202889, 37.813369)
"238","Fuller Home",NA,"01/25/2023","02/01/2023",7,"","CA",165374.75,49.425,60.7246125409479,1403.75217053801,576.053383395347,5439.75,5239.5,5587.83333333333,4995.5,7,13218.0790661183,0.0168374733994342,785039.343644189,308.688654212894,27.245197740113,0.225920364810928,187.653081832393,2.7712513468897,"Urban and Built-up",13.9499998092651,112.4,0.78323096036911,12,146.5984996,146.5984996,0,595,1006.76562758051,500,37,21.95121951,48.7804878,35.31514288,25.41496357,16.2601626,25.20325203,c(-122.202889, 37.813369)
"239","Fuller Home",NA,"01/25/2023","02/01/2023",7,"","CA",165374.75,49.425,60.7246125409479,1403.75217053801,576.053383395347,5439.75,5239.5,5587.83333333333,4995.5,7,13218.0790661183,0.0168374733994342,785039.343644189,308.688654212894,27.245197740113,0.225920364810928,187.653081832393,2.7712513468897,"Urban and Built-up",13.9499998092651,112.4,0.78323096036911,8.83333333333333,787.4103426,787.4103426,0,705,1006.76562758051,500,37,21.95121951,48.7804878,35.31514288,25.41496357,16.2601626,25.20325203,c(-122.202889, 37.813369)
"240","Fuller Home",NA,"01/25/2023","02/01/2023",7,"","CA",165374.75,49.425,60.7246125409479,1403.75217053801,576.053383395347,5439.75,5239.5,5587.83333333333,4995.5,7,13218.0790661183,0.0168374733994342,785039.343644189,308.688654212894,27.245197740113,0.225920364810928,187.653081832393,2.7712513468897,"Urban and Built-up",13.9499998092651,112.4,0.78323096036911,10.1666666666667,194.0770349,194.0770349,0,683,1006.76562758051,500,37,21.95121951,48.7804878,35.31514288,25.41496357,16.2601626,25.20325203,c(-122.202889, 37.813369)
"241","Getz Home",NA,"11/09/2023","11/13/2023",4,"","CA",110294.875,38.53,56.2652212025954,6102.00977897672,2666.69211617627,45125,33856,53194,33021.5,11,14764.5445691226,0.0188073944174371,785039.343644214,490.615179370246,40.7339346110485,0.195044527847346,141.47792576668,3.04290345751774,"Urban and Built-up",14.1499996185303,122.7,0.824700891971588,14.1666666666667,119.7463897,118.8481812,0.8982085,457,646.143917277475,500,38,20.32520325,21.95121951,37.23613114,30.71184917,30.08130081,33.33333333,c(-122.260315, 37.879796)
"242","Getz Home",NA,"11/09/2023","11/13/2023",4,"","CA",110294.875,38.53,56.2652212025954,6102.00977897672,2666.69211617627,45125,33856,53194,33021.5,11,14764.5445691226,0.0188073944174371,785039.343644214,490.615179370246,40.7339346110485,0.195044527847346,141.47792576668,3.04290345751774,"Urban and Built-up",14.1499996185303,122.7,0.824700891971588,12,125.1697405,125.1697405,0,487,646.143917277475,500,38,20.32520325,21.95121951,37.23613114,30.71184917,30.08130081,33.33333333,c(-122.260315, 37.879796)
"243","Getz Home",NA,"11/09/2023","11/13/2023",4,"","CA",110294.875,38.53,56.2652212025954,6102.00977897672,2666.69211617627,45125,33856,53194,33021.5,11,14764.5445691226,0.0188073944174371,785039.343644214,490.615179370246,40.7339346110485,0.195044527847346,141.47792576668,3.04290345751774,"Urban and Built-up",14.1499996185303,122.7,0.824700891971588,16.6666666666667,34.9569899,34.9569899,0,529,646.143917277475,500,38,20.32520325,21.95121951,37.23613114,30.71184917,30.08130081,33.33333333,c(-122.260315, 37.879796)
"244","Getz Home",NA,"11/09/2023","11/13/2023",4,"","CA",110294.875,38.53,56.2652212025954,6102.00977897672,2666.69211617627,45125,33856,53194,33021.5,11,14764.5445691226,0.0188073944174371,785039.343644214,490.615179370246,40.7339346110485,0.195044527847346,141.47792576668,3.04290345751774,"Urban and Built-up",14.1499996185303,122.7,0.824700891971588,14.5,28.8103774,28.8103774,0,506,646.143917277475,500,38,20.32520325,21.95121951,37.23613114,30.71184917,30.08130081,33.33333333,c(-122.260315, 37.879796)
"245","Getz Home",NA,"11/09/2023","11/13/2023",4,"","CA",110294.875,38.53,56.2652212025954,6102.00977897672,2666.69211617627,45125,33856,53194,33021.5,11,14764.5445691226,0.0188073944174371,785039.343644214,490.615179370246,40.7339346110485,0.195044527847346,141.47792576668,3.04290345751774,"Urban and Built-up",14.1499996185303,122.7,0.824700891971588,15.3333333333333,54.4895036,54.4895036,0,310,646.143917277475,500,38,20.32520325,21.95121951,37.23613114,30.71184917,30.08130081,33.33333333,c(-122.260315, 37.879796)
"246","Getz Home",NA,"11/09/2023","11/13/2023",4,"","CA",110294.875,38.53,56.2652212025954,6102.00977897672,2666.69211617627,45125,33856,53194,33021.5,11,14764.5445691226,0.0188073944174371,785039.343644214,490.615179370246,40.7339346110485,0.195044527847346,141.47792576668,3.04290345751774,"Urban and Built-up",14.1499996185303,122.7,0.824700891971588,15.3333333333333,45.2254775,45.2254775,0,280,646.143917277475,500,38,20.32520325,21.95121951,37.23613114,30.71184917,30.08130081,33.33333333,c(-122.260315, 37.879796)
"247","Getz Home",NA,"11/09/2023","11/13/2023",4,"","CA",110294.875,38.53,56.2652212025954,6102.00977897672,2666.69211617627,45125,33856,53194,33021.5,11,14764.5445691226,0.0188073944174371,785039.343644214,490.615179370246,40.7339346110485,0.195044527847346,141.47792576668,3.04290345751774,"Urban and Built-up",14.1499996185303,122.7,0.824700891971588,17.8333333333333,47.0036091,47.0036091,0,771,646.143917277475,500,38,20.32520325,21.95121951,37.23613114,30.71184917,30.08130081,33.33333333,c(-122.260315, 37.879796)
"248","Getz Home",NA,"11/09/2023","11/13/2023",4,"","CA",110294.875,38.53,56.2652212025954,6102.00977897672,2666.69211617627,45125,33856,53194,33021.5,11,14764.5445691226,0.0188073944174371,785039.343644214,490.615179370246,40.7339346110485,0.195044527847346,141.47792576668,3.04290345751774,"Urban and Built-up",14.1499996185303,122.7,0.824700891971588,15.3333333333333,38.377101,38.377101,0,326,646.143917277475,500,38,20.32520325,21.95121951,37.23613114,30.71184917,30.08130081,33.33333333,c(-122.260315, 37.879796)
"249","Getz Home",NA,"11/09/2023","11/13/2023",4,"","CA",110294.875,38.53,56.2652212025954,6102.00977897672,2666.69211617627,45125,33856,53194,33021.5,11,14764.5445691226,0.0188073944174371,785039.343644214,490.615179370246,40.7339346110485,0.195044527847346,141.47792576668,3.04290345751774,"Urban and Built-up",14.1499996185303,122.7,0.824700891971588,16.8333333333333,46.5615472,46.5615472,0,561,646.143917277475,500,38,20.32520325,21.95121951,37.23613114,30.71184917,30.08130081,33.33333333,c(-122.260315, 37.879796)
"250","Getz Home",NA,"11/09/2023","11/13/2023",4,"","CA",110294.875,38.53,56.2652212025954,6102.00977897672,2666.69211617627,45125,33856,53194,33021.5,11,14764.5445691226,0.0188073944174371,785039.343644214,490.615179370246,40.7339346110485,0.195044527847346,141.47792576668,3.04290345751774,"Urban and Built-up",14.1499996185303,122.7,0.824700891971588,13.5,419.8940648,419.8940648,0,253,646.143917277475,500,38,20.32520325,21.95121951,37.23613114,30.71184917,30.08130081,33.33333333,c(-122.260315, 37.879796)
"251","Gunther-Murphy Home",NA,"02/16/2023","03/03/2023",15,"","CA",177540,45.32,62.2959651824482,3094.07395444261,1284.08134210564,11516.5,11581,11311.5833333333,12131.25,1,13812.9623932282,0.0175952485758334,785039.343644167,267.459725472132,41.3909090909091,0.189399164724842,54.3426173076484,2.70168279009165,"Urban and Built-up",14.25,110.25,0.858052834868431,18.3333333333333,152.8012038,152.8012038,0,974,1065.12978142131,500,39,31.70731707,46.34146341,40.13721943,34.70553882,47.15447154,43.90243902,c(-122.241171, 37.826941)
"252","Gunther-Murphy Home",NA,"02/16/2023","03/03/2023",15,"","CA",177540,45.32,62.2959651824482,3094.07395444261,1284.08134210564,11516.5,11581,11311.5833333333,12131.25,1,13812.9623932282,0.0175952485758334,785039.343644167,267.459725472132,41.3909090909091,0.189399164724842,54.3426173076484,2.70168279009165,"Urban and Built-up",14.25,110.25,0.858052834868431,14.8333333333333,112.5192089,112.5192089,0,775,1065.12978142131,500,39,31.70731707,46.34146341,40.13721943,34.70553882,47.15447154,43.90243902,c(-122.241171, 37.826941)
"253","Gunther-Murphy Home",NA,"02/16/2023","03/03/2023",15,"","CA",177540,45.32,62.2959651824482,3094.07395444261,1284.08134210564,11516.5,11581,11311.5833333333,12131.25,1,13812.9623932282,0.0175952485758334,785039.343644167,267.459725472132,41.3909090909091,0.189399164724842,54.3426173076484,2.70168279009165,"Urban and Built-up",14.25,110.25,0.858052834868431,17.5,70.2937725,70.2937725,0,603,1065.12978142131,500,39,31.70731707,46.34146341,40.13721943,34.70553882,47.15447154,43.90243902,c(-122.241171, 37.826941)
"254","Gunther-Murphy Home",NA,"02/16/2023","03/03/2023",15,"","CA",177540,45.32,62.2959651824482,3094.07395444261,1284.08134210564,11516.5,11581,11311.5833333333,12131.25,1,13812.9623932282,0.0175952485758334,785039.343644167,267.459725472132,41.3909090909091,0.189399164724842,54.3426173076484,2.70168279009165,"Urban and Built-up",14.25,110.25,0.858052834868431,17.8333333333333,76.2839707,76.2839707,0,697,1065.12978142131,500,39,31.70731707,46.34146341,40.13721943,34.70553882,47.15447154,43.90243902,c(-122.241171, 37.826941)
"255","Gunther-Murphy Home",NA,"02/16/2023","03/03/2023",15,"","CA",177540,45.32,62.2959651824482,3094.07395444261,1284.08134210564,11516.5,11581,11311.5833333333,12131.25,1,13812.9623932282,0.0175952485758334,785039.343644167,267.459725472132,41.3909090909091,0.189399164724842,54.3426173076484,2.70168279009165,"Urban and Built-up",14.25,110.25,0.858052834868431,12.6666666666667,465.3552757,465.3552757,0,590,1065.12978142131,500,39,31.70731707,46.34146341,40.13721943,34.70553882,47.15447154,43.90243902,c(-122.241171, 37.826941)
"256","Hamilton Home",NA,"01/24/2023","02/09/2023",16,"","CA",177742.5,48.65,52.596632484718,292.882810339898,107.852723532156,4537,4537,4537,NA,1,5978.44036280711,0.00761546591417334,785039.34364416,456.876905941188,16.3107344632769,0.295711281925529,191.590746383305,1.53600768308746,"Urban and Built-up",14.1249997615814,102.025,0.594230711460114,6.83333333333333,853.3430472,853.3430472,0,1102,3541.09356219568,500,40,0,0,20.33424694,20.08911244,1.62601626,0,c(-122.05723, 37.724943)
"257","Hamilton Home",NA,"01/24/2023","02/09/2023",16,"","CA",177742.5,48.65,52.596632484718,292.882810339898,107.852723532156,4537,4537,4537,NA,1,5978.44036280711,0.00761546591417334,785039.34364416,456.876905941188,16.3107344632769,0.295711281925529,191.590746383305,1.53600768308746,"Urban and Built-up",14.1249997615814,102.025,0.594230711460114,5.5,20001.5524954,19136.5757331,864.9767623,1180,3541.09356219568,500,40,0,0,20.33424694,20.08911244,1.62601626,0,c(-122.05723, 37.724943)
"258","Harley Home",NA,"02/16/2023","02/23/2023",7,"","CA",193432.6,44.62,65.4004675015713,2476.60665204647,925.318825059697,14722.5,14712,14375.1666666667,15764.5,1,9240.58722498768,0.0117708587471422,785039.343644421,396.927624264584,28.0157480314958,0.253928133048378,86.5482238798403,2.69156174693107,"Urban and Built-up",14.1999998092651,113.875,0.856629699468613,15.8333333333333,105.3990224,105.3990224,0,625,697.037348118815,500,41,48.7804878,27.64227642,36.63747821,32.74203374,36.58536585,31.70731707,c(-122.241592, 37.841392)
"259","Harley Home",NA,"02/16/2023","02/23/2023",7,"","CA",193432.6,44.62,65.4004675015713,2476.60665204647,925.318825059697,14722.5,14712,14375.1666666667,15764.5,1,9240.58722498768,0.0117708587471422,785039.343644421,396.927624264584,28.0157480314958,0.253928133048378,86.5482238798403,2.69156174693107,"Urban and Built-up",14.1999998092651,113.875,0.856629699468613,15.5,102.3483258,102.3483258,0,543,697.037348118815,500,41,48.7804878,27.64227642,36.63747821,32.74203374,36.58536585,31.70731707,c(-122.241592, 37.841392)
"260","Harley Home",NA,"02/16/2023","02/23/2023",7,"","CA",193432.6,44.62,65.4004675015713,2476.60665204647,925.318825059697,14722.5,14712,14375.1666666667,15764.5,1,9240.58722498768,0.0117708587471422,785039.343644421,396.927624264584,28.0157480314958,0.253928133048378,86.5482238798403,2.69156174693107,"Urban and Built-up",14.1999998092651,113.875,0.856629699468613,14.6666666666667,84.9114672,84.9114672,0,431,697.037348118815,500,41,48.7804878,27.64227642,36.63747821,32.74203374,36.58536585,31.70731707,c(-122.241592, 37.841392)
"261","Harley Home",NA,"02/16/2023","02/23/2023",7,"","CA",193432.6,44.62,65.4004675015713,2476.60665204647,925.318825059697,14722.5,14712,14375.1666666667,15764.5,1,9240.58722498768,0.0117708587471422,785039.343644421,396.927624264584,28.0157480314958,0.253928133048378,86.5482238798403,2.69156174693107,"Urban and Built-up",14.1999998092651,113.875,0.856629699468613,14.5,121.637446,121.637446,0,607,697.037348118815,500,41,48.7804878,27.64227642,36.63747821,32.74203374,36.58536585,31.70731707,c(-122.241592, 37.841392)
"262","Harley Home",NA,"02/16/2023","02/23/2023",7,"","CA",193432.6,44.62,65.4004675015713,2476.60665204647,925.318825059697,14722.5,14712,14375.1666666667,15764.5,1,9240.58722498768,0.0117708587471422,785039.343644421,396.927624264584,28.0157480314958,0.253928133048378,86.5482238798403,2.69156174693107,"Urban and Built-up",14.1999998092651,113.875,0.856629699468613,12.6666666666667,465.3552757,465.3552757,0,590,697.037348118815,500,41,48.7804878,27.64227642,36.63747821,32.74203374,36.58536585,31.70731707,c(-122.241592, 37.841392)
"263","Herman Home",NA,"11/10/2023","11/18/2023",8,"","CA",83441.6666666667,33.14,44.3899954679373,7050.91782954954,2788.94655052646,20565.6666666667,19606,20751.6666666667,20193.6666666667,1,15509.7857636658,0.0197566986791612,785039.343644243,494.078885239031,65.1176470588235,0.125631847200719,33.0604927156292,3.42659197245593,"Urban and Built-up",14.3500003814697,113.5,0.940095007419586,12.5,37.4569006,37.4569006,0,393,472.91913415724,500,42,63.41463415,57.72357724,49.5336294,40.41692514,65.04065041,61.78861789,c(-122.2730761, 37.8554234)
"264","Herman Home",NA,"11/10/2023","11/18/2023",8,"","CA",83441.6666666667,33.14,44.3899954679373,7050.91782954954,2788.94655052646,20565.6666666667,19606,20751.6666666667,20193.6666666667,1,15509.7857636658,0.0197566986791612,785039.343644243,494.078885239031,65.1176470588235,0.125631847200719,33.0604927156292,3.42659197245593,"Urban and Built-up",14.3500003814697,113.5,0.940095007419586,13.6666666666667,61.2711631,61.2711631,0,742,472.91913415724,500,42,63.41463415,57.72357724,49.5336294,40.41692514,65.04065041,61.78861789,c(-122.2730761, 37.8554234)
"265","Herman Home",NA,"11/10/2023","11/18/2023",8,"","CA",83441.6666666667,33.14,44.3899954679373,7050.91782954954,2788.94655052646,20565.6666666667,19606,20751.6666666667,20193.6666666667,1,15509.7857636658,0.0197566986791612,785039.343644243,494.078885239031,65.1176470588235,0.125631847200719,33.0604927156292,3.42659197245593,"Urban and Built-up",14.3500003814697,113.5,0.940095007419586,18.8333333333333,64.0997168,64.0997168,0,577,472.91913415724,500,42,63.41463415,57.72357724,49.5336294,40.41692514,65.04065041,61.78861789,c(-122.2730761, 37.8554234)
"266","Herman Home",NA,"11/10/2023","11/18/2023",8,"","CA",83441.6666666667,33.14,44.3899954679373,7050.91782954954,2788.94655052646,20565.6666666667,19606,20751.6666666667,20193.6666666667,1,15509.7857636658,0.0197566986791612,785039.343644243,494.078885239031,65.1176470588235,0.125631847200719,33.0604927156292,3.42659197245593,"Urban and Built-up",14.3500003814697,113.5,0.940095007419586,15.1666666666667,34.7748772,34.7748772,0,427,472.91913415724,500,42,63.41463415,57.72357724,49.5336294,40.41692514,65.04065041,61.78861789,c(-122.2730761, 37.8554234)
"267","Herman Home",NA,"11/10/2023","11/18/2023",8,"","CA",83441.6666666667,33.14,44.3899954679373,7050.91782954954,2788.94655052646,20565.6666666667,19606,20751.6666666667,20193.6666666667,1,15509.7857636658,0.0197566986791612,785039.343644243,494.078885239031,65.1176470588235,0.125631847200719,33.0604927156292,3.42659197245593,"Urban and Built-up",14.3500003814697,113.5,0.940095007419586,13.3333333333333,21.6738823,21.6738823,0,343,472.91913415724,500,42,63.41463415,57.72357724,49.5336294,40.41692514,65.04065041,61.78861789,c(-122.2730761, 37.8554234)
"268","Herman Home",NA,"11/10/2023","11/18/2023",8,"","CA",83441.6666666667,33.14,44.3899954679373,7050.91782954954,2788.94655052646,20565.6666666667,19606,20751.6666666667,20193.6666666667,1,15509.7857636658,0.0197566986791612,785039.343644243,494.078885239031,65.1176470588235,0.125631847200719,33.0604927156292,3.42659197245593,"Urban and Built-up",14.3500003814697,113.5,0.940095007419586,14,28.1056482,28.1056482,0,533,472.91913415724,500,42,63.41463415,57.72357724,49.5336294,40.41692514,65.04065041,61.78861789,c(-122.2730761, 37.8554234)
"269","Herman Home",NA,"11/10/2023","11/18/2023",8,"","CA",83441.6666666667,33.14,44.3899954679373,7050.91782954954,2788.94655052646,20565.6666666667,19606,20751.6666666667,20193.6666666667,1,15509.7857636658,0.0197566986791612,785039.343644243,494.078885239031,65.1176470588235,0.125631847200719,33.0604927156292,3.42659197245593,"Urban and Built-up",14.3500003814697,113.5,0.940095007419586,14.8333333333333,49.4587947,49.4587947,0,599,472.91913415724,500,42,63.41463415,57.72357724,49.5336294,40.41692514,65.04065041,61.78861789,c(-122.2730761, 37.8554234)
"270","Herman Home",NA,"11/10/2023","11/18/2023",8,"","CA",83441.6666666667,33.14,44.3899954679373,7050.91782954954,2788.94655052646,20565.6666666667,19606,20751.6666666667,20193.6666666667,1,15509.7857636658,0.0197566986791612,785039.343644243,494.078885239031,65.1176470588235,0.125631847200719,33.0604927156292,3.42659197245593,"Urban and Built-up",14.3500003814697,113.5,0.940095007419586,18.1666666666667,62.6919881,62.6919881,0,534,472.91913415724,500,42,63.41463415,57.72357724,49.5336294,40.41692514,65.04065041,61.78861789,c(-122.2730761, 37.8554234)
"271","Herman Home",NA,"11/10/2023","11/18/2023",8,"","CA",83441.6666666667,33.14,44.3899954679373,7050.91782954954,2788.94655052646,20565.6666666667,19606,20751.6666666667,20193.6666666667,1,15509.7857636658,0.0197566986791612,785039.343644243,494.078885239031,65.1176470588235,0.125631847200719,33.0604927156292,3.42659197245593,"Urban and Built-up",14.3500003814697,113.5,0.940095007419586,19.1666666666667,48.9544636,48.9544636,0,395,472.91913415724,500,42,63.41463415,57.72357724,49.5336294,40.41692514,65.04065041,61.78861789,c(-122.2730761, 37.8554234)
"272","Herman Home",NA,"11/10/2023","11/18/2023",8,"","CA",83441.6666666667,33.14,44.3899954679373,7050.91782954954,2788.94655052646,20565.6666666667,19606,20751.6666666667,20193.6666666667,1,15509.7857636658,0.0197566986791612,785039.343644243,494.078885239031,65.1176470588235,0.125631847200719,33.0604927156292,3.42659197245593,"Urban and Built-up",14.3500003814697,113.5,0.940095007419586,18.1666666666667,45.4458907,45.4458907,0,498,472.91913415724,500,42,63.41463415,57.72357724,49.5336294,40.41692514,65.04065041,61.78861789,c(-122.2730761, 37.8554234)
"273","Hilltop Lake Park","HLP","11/09/2023","11/23/2023",14,"","CA",84512.5,36.66,13.3741866991339,3822.67606538135,1865.97565404902,17384.2666666667,17922,17537.8181818182,16962,1,9388.4136856985,0.0119591632721461,785039.343644124,336.036080691048,59.7429537767756,0.140068936748728,48.0004891209857,3.61525230214046,"Urban and Built-up",14.4499998092651,129,0.868166506290436,11,3721.2251832,2459.3638139,1261.8613693,2692,394.974675863384,500,43,70.73170732,83.7398374,51.87585032,38.38672356,60.16260163,65.85365854,c(-122.33052, 37.98424)
"274","Hilltop Lake Park","HLP","11/09/2023","11/23/2023",14,"","CA",84512.5,36.66,13.3741866991339,3822.67606538135,1865.97565404902,17384.2666666667,17922,17537.8181818182,16962,1,9388.4136856985,0.0119591632721461,785039.343644124,336.036080691048,59.7429537767756,0.140068936748728,48.0004891209857,3.61525230214046,"Urban and Built-up",14.4499998092651,129,0.868166506290436,16,173.4572812,167.0771592,6.380122,160,394.974675863384,500,43,70.73170732,83.7398374,51.87585032,38.38672356,60.16260163,65.85365854,c(-122.33052, 37.98424)
"275","Hilltop Lake Park","HLP","11/09/2023","11/23/2023",14,"","CA",84512.5,36.66,13.3741866991339,3822.67606538135,1865.97565404902,17384.2666666667,17922,17537.8181818182,16962,1,9388.4136856985,0.0119591632721461,785039.343644124,336.036080691048,59.7429537767756,0.140068936748728,48.0004891209857,3.61525230214046,"Urban and Built-up",14.4499998092651,129,0.868166506290436,16.8333333333333,233.7477044,233.7477044,0,1345,394.974675863384,500,43,70.73170732,83.7398374,51.87585032,38.38672356,60.16260163,65.85365854,c(-122.33052, 37.98424)
"276","Hilltop Lake Park","HLP","11/09/2023","11/23/2023",14,"","CA",84512.5,36.66,13.3741866991339,3822.67606538135,1865.97565404902,17384.2666666667,17922,17537.8181818182,16962,1,9388.4136856985,0.0119591632721461,785039.343644124,336.036080691048,59.7429537767756,0.140068936748728,48.0004891209857,3.61525230214046,"Urban and Built-up",14.4499998092651,129,0.868166506290436,18.1666666666667,254.4361519,254.4361519,0,754,394.974675863384,500,43,70.73170732,83.7398374,51.87585032,38.38672356,60.16260163,65.85365854,c(-122.33052, 37.98424)
"277","Hirooka Home",NA,"01/25/2023","02/01/2023",7,"","CA",191192.833333333,48.1333333333333,64.8068906512324,1580.02405538545,624.861855067561,11197.625,11221.5,11505.8333333333,10273,1,14244.322887832,0.0181447248512568,785039.343644024,338.97176134023,17.8611738148984,0.250712669525238,207.650560947252,2.54199307302224,"Urban and Built-up",13.9499998092651,115.5,0.771844923496246,13.8333333333333,149.9630132,149.9630132,0,466,1006.76562758051,500,44,15.44715447,13.82113821,30.58372507,25.52581661,17.07317073,4.87804878,c(-122.203413, 37.82243)
"278","Hirooka Home",NA,"01/25/2023","02/01/2023",7,"","CA",191192.833333333,48.1333333333333,64.8068906512324,1580.02405538545,624.861855067561,11197.625,11221.5,11505.8333333333,10273,1,14244.322887832,0.0181447248512568,785039.343644024,338.97176134023,17.8611738148984,0.250712669525238,207.650560947252,2.54199307302224,"Urban and Built-up",13.9499998092651,115.5,0.771844923496246,17.6666666666667,266.6448687,266.6448687,0,997,1006.76562758051,500,44,15.44715447,13.82113821,30.58372507,25.52581661,17.07317073,4.87804878,c(-122.203413, 37.82243)
"279","Hirooka Home",NA,"01/25/2023","02/01/2023",7,"","CA",191192.833333333,48.1333333333333,64.8068906512324,1580.02405538545,624.861855067561,11197.625,11221.5,11505.8333333333,10273,1,14244.322887832,0.0181447248512568,785039.343644024,338.97176134023,17.8611738148984,0.250712669525238,207.650560947252,2.54199307302224,"Urban and Built-up",13.9499998092651,115.5,0.771844923496246,6.5,150.4498002,150.4498002,0,548,1006.76562758051,500,44,15.44715447,13.82113821,30.58372507,25.52581661,17.07317073,4.87804878,c(-122.203413, 37.82243)
"280","Hirooka Home",NA,"01/25/2023","02/01/2023",7,"","CA",191192.833333333,48.1333333333333,64.8068906512324,1580.02405538545,624.861855067561,11197.625,11221.5,11505.8333333333,10273,1,14244.322887832,0.0181447248512568,785039.343644024,338.97176134023,17.8611738148984,0.250712669525238,207.650560947252,2.54199307302224,"Urban and Built-up",13.9499998092651,115.5,0.771844923496246,8.83333333333333,787.4103426,787.4103426,0,705,1006.76562758051,500,44,15.44715447,13.82113821,30.58372507,25.52581661,17.07317073,4.87804878,c(-122.203413, 37.82243)
"281","Hirooka Home",NA,"01/25/2023","02/01/2023",7,"","CA",191192.833333333,48.1333333333333,64.8068906512324,1580.02405538545,624.861855067561,11197.625,11221.5,11505.8333333333,10273,1,14244.322887832,0.0181447248512568,785039.343644024,338.97176134023,17.8611738148984,0.250712669525238,207.650560947252,2.54199307302224,"Urban and Built-up",13.9499998092651,115.5,0.771844923496246,10.5,270.0971028,268.8267617,1.2703411,872,1006.76562758051,500,44,15.44715447,13.82113821,30.58372507,25.52581661,17.07317073,4.87804878,c(-122.203413, 37.82243)
"282","Hirooka Home",NA,"01/25/2023","02/01/2023",7,"","CA",191192.833333333,48.1333333333333,64.8068906512324,1580.02405538545,624.861855067561,11197.625,11221.5,11505.8333333333,10273,1,14244.322887832,0.0181447248512568,785039.343644024,338.97176134023,17.8611738148984,0.250712669525238,207.650560947252,2.54199307302224,"Urban and Built-up",13.9499998092651,115.5,0.771844923496246,10.3333333333333,165.7914979,165.7914979,0,557,1006.76562758051,500,44,15.44715447,13.82113821,30.58372507,25.52581661,17.07317073,4.87804878,c(-122.203413, 37.82243)
"283","Hoover Home",NA,"11/21/2022","12/02/2022",11,"","CA",128667.857142857,44.9571428571429,54.2348633469876,3315.46487894179,1492.0994203304,12278.5,11576.5,12784.9,9746.5,1,11797.0332759067,0.0150273147090218,785039.343644291,122.70980329781,45.9381327334083,0.179014258047715,57.0236271110841,2.37701735512361,"Urban and Built-up",14.25,126.9,0.877008080482483,11.5,77.5296018,77.5296018,0,487,411.493166665083,500,45,27.64227642,28.45528455,44.1290947,30.96189056,30.89430894,52.03252033,c(-122.29124, 37.906637)
"284","Hoover Home",NA,"11/21/2022","12/02/2022",11,"","CA",128667.857142857,44.9571428571429,54.2348633469876,3315.46487894179,1492.0994203304,12278.5,11576.5,12784.9,9746.5,1,11797.0332759067,0.0150273147090218,785039.343644291,122.70980329781,45.9381327334083,0.179014258047715,57.0236271110841,2.37701735512361,"Urban and Built-up",14.25,126.9,0.877008080482483,14.8333333333333,66.0429112,66.0429112,0,546,411.493166665083,500,45,27.64227642,28.45528455,44.1290947,30.96189056,30.89430894,52.03252033,c(-122.29124, 37.906637)
"285","Hoover Home",NA,"11/21/2022","12/02/2022",11,"","CA",128667.857142857,44.9571428571429,54.2348633469876,3315.46487894179,1492.0994203304,12278.5,11576.5,12784.9,9746.5,1,11797.0332759067,0.0150273147090218,785039.343644291,122.70980329781,45.9381327334083,0.179014258047715,57.0236271110841,2.37701735512361,"Urban and Built-up",14.25,126.9,0.877008080482483,14.8333333333333,87.0958312,87.0958312,0,452,411.493166665083,500,45,27.64227642,28.45528455,44.1290947,30.96189056,30.89430894,52.03252033,c(-122.29124, 37.906637)
"286","Hoover Home",NA,"11/21/2022","12/02/2022",11,"","CA",128667.857142857,44.9571428571429,54.2348633469876,3315.46487894179,1492.0994203304,12278.5,11576.5,12784.9,9746.5,1,11797.0332759067,0.0150273147090218,785039.343644291,122.70980329781,45.9381327334083,0.179014258047715,57.0236271110841,2.37701735512361,"Urban and Built-up",14.25,126.9,0.877008080482483,11.8333333333333,228.8914481,228.8914481,0,890,411.493166665083,500,45,27.64227642,28.45528455,44.1290947,30.96189056,30.89430894,52.03252033,c(-122.29124, 37.906637)
"287","Hoover Home",NA,"11/21/2022","12/02/2022",11,"","CA",128667.857142857,44.9571428571429,54.2348633469876,3315.46487894179,1492.0994203304,12278.5,11576.5,12784.9,9746.5,1,11797.0332759067,0.0150273147090218,785039.343644291,122.70980329781,45.9381327334083,0.179014258047715,57.0236271110841,2.37701735512361,"Urban and Built-up",14.25,126.9,0.877008080482483,16.8333333333333,91.3768387,91.3768387,0,798,411.493166665083,500,45,27.64227642,28.45528455,44.1290947,30.96189056,30.89430894,52.03252033,c(-122.29124, 37.906637)
"288","Hoover Home",NA,"11/21/2022","12/02/2022",11,"","CA",128667.857142857,44.9571428571429,54.2348633469876,3315.46487894179,1492.0994203304,12278.5,11576.5,12784.9,9746.5,1,11797.0332759067,0.0150273147090218,785039.343644291,122.70980329781,45.9381327334083,0.179014258047715,57.0236271110841,2.37701735512361,"Urban and Built-up",14.25,126.9,0.877008080482483,14.3333333333333,51.9221346,51.9221346,0,614,411.493166665083,500,45,27.64227642,28.45528455,44.1290947,30.96189056,30.89430894,52.03252033,c(-122.29124, 37.906637)
"289","Hoover Home",NA,"11/21/2022","12/02/2022",11,"","CA",128667.857142857,44.9571428571429,54.2348633469876,3315.46487894179,1492.0994203304,12278.5,11576.5,12784.9,9746.5,1,11797.0332759067,0.0150273147090218,785039.343644291,122.70980329781,45.9381327334083,0.179014258047715,57.0236271110841,2.37701735512361,"Urban and Built-up",14.25,126.9,0.877008080482483,19.5,115.2798101,115.2798101,0,582,411.493166665083,500,45,27.64227642,28.45528455,44.1290947,30.96189056,30.89430894,52.03252033,c(-122.29124, 37.906637)
"290","Huckleberry Botanic Regional Preserve","HBRP","11/06/2023","11/20/2023",14,"","CA",204876.4,42.86,65.0663941381591,1621.17120335463,615.400435117605,10270.3333333333,9663,10270.3333333333,NA,1,5729.67367689079,0.00729858155935705,785039.343644128,248.169811914792,6.51235955056182,0.298626684774542,381.192639849917,1.46844755106963,"Urban and Built-up",13.4499998092651,126.5,0.598259061574936,5.83333333333333,335.2294505,335.2294505,0,904,1449.47673366082,500,46,22.76422764,4.06504065,31.4845626,28.05828384,24.3902439,8.943089431,c(-122.19529, 37.84394)
"291","Huckleberry Botanic Regional Preserve","HBRP","11/06/2023","11/20/2023",14,"","CA",204876.4,42.86,65.0663941381591,1621.17120335463,615.400435117605,10270.3333333333,9663,10270.3333333333,NA,1,5729.67367689079,0.00729858155935705,785039.343644128,248.169811914792,6.51235955056182,0.298626684774542,381.192639849917,1.46844755106963,"Urban and Built-up",13.4499998092651,126.5,0.598259061574936,11,168.1078133,168.1078133,0,690,1449.47673366082,500,46,22.76422764,4.06504065,31.4845626,28.05828384,24.3902439,8.943089431,c(-122.19529, 37.84394)
"292","Huckleberry Botanic Regional Preserve","HBRP","11/06/2023","11/20/2023",14,"","CA",204876.4,42.86,65.0663941381591,1621.17120335463,615.400435117605,10270.3333333333,9663,10270.3333333333,NA,1,5729.67367689079,0.00729858155935705,785039.343644128,248.169811914792,6.51235955056182,0.298626684774542,381.192639849917,1.46844755106963,"Urban and Built-up",13.4499998092651,126.5,0.598259061574936,12.3333333333333,125.670118,125.670118,0,458,1449.47673366082,500,46,22.76422764,4.06504065,31.4845626,28.05828384,24.3902439,8.943089431,c(-122.19529, 37.84394)
"293","Huckleberry Botanic Regional Preserve","HBRP","11/06/2023","11/20/2023",14,"","CA",204876.4,42.86,65.0663941381591,1621.17120335463,615.400435117605,10270.3333333333,9663,10270.3333333333,NA,1,5729.67367689079,0.00729858155935705,785039.343644128,248.169811914792,6.51235955056182,0.298626684774542,381.192639849917,1.46844755106963,"Urban and Built-up",13.4499998092651,126.5,0.598259061574936,14.6666666666667,198.5317537,198.5317537,0,769,1449.47673366082,500,46,22.76422764,4.06504065,31.4845626,28.05828384,24.3902439,8.943089431,c(-122.19529, 37.84394)
"294","Huckleberry Botanic Regional Preserve","HBRP","11/06/2023","11/20/2023",14,"","CA",204876.4,42.86,65.0663941381591,1621.17120335463,615.400435117605,10270.3333333333,9663,10270.3333333333,NA,1,5729.67367689079,0.00729858155935705,785039.343644128,248.169811914792,6.51235955056182,0.298626684774542,381.192639849917,1.46844755106963,"Urban and Built-up",13.4499998092651,126.5,0.598259061574936,11.5,2958.7697167,2958.283671,0.4860457,961,1449.47673366082,500,46,22.76422764,4.06504065,31.4845626,28.05828384,24.3902439,8.943089431,c(-122.19529, 37.84394)
"295","Huntsinger Home","LHH","11/21/2022","12/02/2022",11,"IOR (2)","CA",138226.5,45.35,46.8066743095973,2458.6355882475,993.812745220198,3589.75,3359.5,3665.8,3209.5,1,8369.56176137408,0.0106613277781995,785039.34364426,470.178163297111,34.5067415730337,0.205927926491203,131.227141400945,2.1566300338057,"Urban and Built-up",14.0500001907349,131.5,0.831469058990479,14.3333333333333,46.687074,46.687074,0,336,967.770809066389,500,47,53.65853659,62.60162602,49.44739478,29.37104315,27.64227642,60.97560976,c(-122.30608, 37.92895)
"296","Huntsinger Home","LHH","11/21/2022","12/02/2022",11,"IOR (2)","CA",138226.5,45.35,46.8066743095973,2458.6355882475,993.812745220198,3589.75,3359.5,3665.8,3209.5,1,8369.56176137408,0.0106613277781995,785039.34364426,470.178163297111,34.5067415730337,0.205927926491203,131.227141400945,2.1566300338057,"Urban and Built-up",14.0500001907349,131.5,0.831469058990479,12.5,402.8095708,402.8095708,0,930,967.770809066389,500,47,53.65853659,62.60162602,49.44739478,29.37104315,27.64227642,60.97560976,c(-122.30608, 37.92895)
"297","Huntsinger Home","LHH","11/21/2022","12/02/2022",11,"IOR (2)","CA",138226.5,45.35,46.8066743095973,2458.6355882475,993.812745220198,3589.75,3359.5,3665.8,3209.5,1,8369.56176137408,0.0106613277781995,785039.34364426,470.178163297111,34.5067415730337,0.205927926491203,131.227141400945,2.1566300338057,"Urban and Built-up",14.0500001907349,131.5,0.831469058990479,17.6666666666667,169.0166471,169.0166471,0,542,967.770809066389,500,47,53.65853659,62.60162602,49.44739478,29.37104315,27.64227642,60.97560976,c(-122.30608, 37.92895)
"298","Huntsinger Home","LHH","11/21/2022","12/02/2022",11,"IOR (2)","CA",138226.5,45.35,46.8066743095973,2458.6355882475,993.812745220198,3589.75,3359.5,3665.8,3209.5,1,8369.56176137408,0.0106613277781995,785039.34364426,470.178163297111,34.5067415730337,0.205927926491203,131.227141400945,2.1566300338057,"Urban and Built-up",14.0500001907349,131.5,0.831469058990479,13,82.7115359,82.7115359,0,527,967.770809066389,500,47,53.65853659,62.60162602,49.44739478,29.37104315,27.64227642,60.97560976,c(-122.30608, 37.92895)
"299","Huntsinger Home","LHH","11/21/2022","12/02/2022",11,"IOR (2)","CA",138226.5,45.35,46.8066743095973,2458.6355882475,993.812745220198,3589.75,3359.5,3665.8,3209.5,1,8369.56176137408,0.0106613277781995,785039.34364426,470.178163297111,34.5067415730337,0.205927926491203,131.227141400945,2.1566300338057,"Urban and Built-up",14.0500001907349,131.5,0.831469058990479,11.3333333333333,109.0392996,109.0392996,0,389,967.770809066389,500,47,53.65853659,62.60162602,49.44739478,29.37104315,27.64227642,60.97560976,c(-122.30608, 37.92895)
"300","Huntsinger Home","LHH","11/21/2022","12/02/2022",11,"IOR (2)","CA",138226.5,45.35,46.8066743095973,2458.6355882475,993.812745220198,3589.75,3359.5,3665.8,3209.5,1,8369.56176137408,0.0106613277781995,785039.34364426,470.178163297111,34.5067415730337,0.205927926491203,131.227141400945,2.1566300338057,"Urban and Built-up",14.0500001907349,131.5,0.831469058990479,14.6666666666667,48.7466525,48.7466525,0,415,967.770809066389,500,47,53.65853659,62.60162602,49.44739478,29.37104315,27.64227642,60.97560976,c(-122.30608, 37.92895)
"301","Jean Sweeney Park","JSP","11/30/2023","12/14/2023",14,"","CA",102047.142857143,40.125,40.0634704051644,4381.21554870658,1822.06274242113,10926.0666666667,10926,10531.0909090909,12012.25,1,12486.7612559022,0.0159059050441199,785039.343644163,186.669795331343,63.6026936026936,0.110573821173485,4.4751609911941,3.42970823673515,"Urban and Built-up",14.25,103.4,0.88923579454422,12.8333333333333,52.1689875,52.1689875,0,516,561.236892201471,500,48,47.96747967,59.3495935,55.06907241,46.44264356,74.79674797,73.98373984,c(-122.26488, 37.77901)
"302","Jean Sweeney Park","JSP","11/30/2023","12/14/2023",14,"","CA",102047.142857143,40.125,40.0634704051644,4381.21554870658,1822.06274242113,10926.0666666667,10926,10531.0909090909,12012.25,1,12486.7612559022,0.0159059050441199,785039.343644163,186.669795331343,63.6026936026936,0.110573821173485,4.4751609911941,3.42970823673515,"Urban and Built-up",14.25,103.4,0.88923579454422,16.1666666666667,33.0926204,33.0926204,0,422,561.236892201471,500,48,47.96747967,59.3495935,55.06907241,46.44264356,74.79674797,73.98373984,c(-122.26488, 37.77901)
"303","Jean Sweeney Park","JSP","11/30/2023","12/14/2023",14,"","CA",102047.142857143,40.125,40.0634704051644,4381.21554870658,1822.06274242113,10926.0666666667,10926,10531.0909090909,12012.25,1,12486.7612559022,0.0159059050441199,785039.343644163,186.669795331343,63.6026936026936,0.110573821173485,4.4751609911941,3.42970823673515,"Urban and Built-up",14.25,103.4,0.88923579454422,16.1666666666667,43.7601745,43.7601745,0,569,561.236892201471,500,48,47.96747967,59.3495935,55.06907241,46.44264356,74.79674797,73.98373984,c(-122.26488, 37.77901)
"304","Jean Sweeney Park","JSP","11/30/2023","12/14/2023",14,"","CA",102047.142857143,40.125,40.0634704051644,4381.21554870658,1822.06274242113,10926.0666666667,10926,10531.0909090909,12012.25,1,12486.7612559022,0.0159059050441199,785039.343644163,186.669795331343,63.6026936026936,0.110573821173485,4.4751609911941,3.42970823673515,"Urban and Built-up",14.25,103.4,0.88923579454422,18.8333333333333,500.3804652,287.5369266,212.8435386,758,561.236892201471,500,48,47.96747967,59.3495935,55.06907241,46.44264356,74.79674797,73.98373984,c(-122.26488, 37.77901)
"305","Jean Sweeney Park","JSP","11/30/2023","12/14/2023",14,"","CA",102047.142857143,40.125,40.0634704051644,4381.21554870658,1822.06274242113,10926.0666666667,10926,10531.0909090909,12012.25,1,12486.7612559022,0.0159059050441199,785039.343644163,186.669795331343,63.6026936026936,0.110573821173485,4.4751609911941,3.42970823673515,"Urban and Built-up",14.25,103.4,0.88923579454422,15.1666666666667,36.7039869,36.7039869,0,363,561.236892201471,500,48,47.96747967,59.3495935,55.06907241,46.44264356,74.79674797,73.98373984,c(-122.26488, 37.77901)
"306","Jean Sweeney Park","JSP","11/30/2023","12/14/2023",14,"","CA",102047.142857143,40.125,40.0634704051644,4381.21554870658,1822.06274242113,10926.0666666667,10926,10531.0909090909,12012.25,1,12486.7612559022,0.0159059050441199,785039.343644163,186.669795331343,63.6026936026936,0.110573821173485,4.4751609911941,3.42970823673515,"Urban and Built-up",14.25,103.4,0.88923579454422,17.3333333333333,61.8155244,61.8155244,0,495,561.236892201471,500,48,47.96747967,59.3495935,55.06907241,46.44264356,74.79674797,73.98373984,c(-122.26488, 37.77901)
"307","Jean Sweeney Park","JSP","11/30/2023","12/14/2023",14,"","CA",102047.142857143,40.125,40.0634704051644,4381.21554870658,1822.06274242113,10926.0666666667,10926,10531.0909090909,12012.25,1,12486.7612559022,0.0159059050441199,785039.343644163,186.669795331343,63.6026936026936,0.110573821173485,4.4751609911941,3.42970823673515,"Urban and Built-up",14.25,103.4,0.88923579454422,14.1666666666667,36.0212496,36.0212496,0,519,561.236892201471,500,48,47.96747967,59.3495935,55.06907241,46.44264356,74.79674797,73.98373984,c(-122.26488, 37.77901)
"308","Jean Sweeney Park","JSP","11/30/2023","12/14/2023",14,"","CA",102047.142857143,40.125,40.0634704051644,4381.21554870658,1822.06274242113,10926.0666666667,10926,10531.0909090909,12012.25,1,12486.7612559022,0.0159059050441199,785039.343644163,186.669795331343,63.6026936026936,0.110573821173485,4.4751609911941,3.42970823673515,"Urban and Built-up",14.25,103.4,0.88923579454422,14.3333333333333,42.1863946,42.1863946,0,712,561.236892201471,500,48,47.96747967,59.3495935,55.06907241,46.44264356,74.79674797,73.98373984,c(-122.26488, 37.77901)
"309","John Herbert Davis Park",NA,"12/04/2023","12/11/2023",7,"","CA",60188.4444444444,32.0111111111111,5.18608516765936,5765.38344441654,1578.16217053447,16858.75,15551.5,15612.6666666667,20597,1,12685.7151155643,0.0161593367495159,785039.343644124,422.158535715173,64.14848143982,0.129203340261137,12.285899703397,3.33915018906604,"Urban and Built-up",14.3500003814697,129,0.919444054365158,15.1666666666667,48.1358213,48.1358213,0,563,1064.11904416131,500,49,100,100,58.43533063,52.32013441,86.99186992,82.11382114,c(-122.3527913, 37.9613339)
"310","John Herbert Davis Park",NA,"12/04/2023","12/11/2023",7,"","CA",60188.4444444444,32.0111111111111,5.18608516765936,5765.38344441654,1578.16217053447,16858.75,15551.5,15612.6666666667,20597,1,12685.7151155643,0.0161593367495159,785039.343644124,422.158535715173,64.14848143982,0.129203340261137,12.285899703397,3.33915018906604,"Urban and Built-up",14.3500003814697,129,0.919444054365158,14.8333333333333,81.5004988,81.5004988,0,817,1064.11904416131,500,49,100,100,58.43533063,52.32013441,86.99186992,82.11382114,c(-122.3527913, 37.9613339)
"311","John Herbert Davis Park",NA,"12/04/2023","12/11/2023",7,"","CA",60188.4444444444,32.0111111111111,5.18608516765936,5765.38344441654,1578.16217053447,16858.75,15551.5,15612.6666666667,20597,1,12685.7151155643,0.0161593367495159,785039.343644124,422.158535715173,64.14848143982,0.129203340261137,12.285899703397,3.33915018906604,"Urban and Built-up",14.3500003814697,129,0.919444054365158,14.5,126.4786292,126.4786292,0,1256,1064.11904416131,500,49,100,100,58.43533063,52.32013441,86.99186992,82.11382114,c(-122.3527913, 37.9613339)
"312","John Herbert Davis Park",NA,"12/04/2023","12/11/2023",7,"","CA",60188.4444444444,32.0111111111111,5.18608516765936,5765.38344441654,1578.16217053447,16858.75,15551.5,15612.6666666667,20597,1,12685.7151155643,0.0161593367495159,785039.343644124,422.158535715173,64.14848143982,0.129203340261137,12.285899703397,3.33915018906604,"Urban and Built-up",14.3500003814697,129,0.919444054365158,15.6666666666667,104.2198612,104.2198612,0,856,1064.11904416131,500,49,100,100,58.43533063,52.32013441,86.99186992,82.11382114,c(-122.3527913, 37.9613339)
"313","John Herbert Davis Park",NA,"12/04/2023","12/11/2023",7,"","CA",60188.4444444444,32.0111111111111,5.18608516765936,5765.38344441654,1578.16217053447,16858.75,15551.5,15612.6666666667,20597,1,12685.7151155643,0.0161593367495159,785039.343644124,422.158535715173,64.14848143982,0.129203340261137,12.285899703397,3.33915018906604,"Urban and Built-up",14.3500003814697,129,0.919444054365158,17.3333333333333,34.7590628,34.7590628,0,321,1064.11904416131,500,49,100,100,58.43533063,52.32013441,86.99186992,82.11382114,c(-122.3527913, 37.9613339)
"314","John Herbert Davis Park",NA,"12/04/2023","12/11/2023",7,"","CA",60188.4444444444,32.0111111111111,5.18608516765936,5765.38344441654,1578.16217053447,16858.75,15551.5,15612.6666666667,20597,1,12685.7151155643,0.0161593367495159,785039.343644124,422.158535715173,64.14848143982,0.129203340261137,12.285899703397,3.33915018906604,"Urban and Built-up",14.3500003814697,129,0.919444054365158,11.5,1552.7326633,1213.844156,338.8885073,874,1064.11904416131,500,49,100,100,58.43533063,52.32013441,86.99186992,82.11382114,c(-122.3527913, 37.9613339)
"315","John Herbert Davis Park",NA,"12/04/2023","12/11/2023",7,"","CA",60188.4444444444,32.0111111111111,5.18608516765936,5765.38344441654,1578.16217053447,16858.75,15551.5,15612.6666666667,20597,1,12685.7151155643,0.0161593367495159,785039.343644124,422.158535715173,64.14848143982,0.129203340261137,12.285899703397,3.33915018906604,"Urban and Built-up",14.3500003814697,129,0.919444054365158,16.8333333333333,41.984761,41.984761,0,446,1064.11904416131,500,49,100,100,58.43533063,52.32013441,86.99186992,82.11382114,c(-122.3527913, 37.9613339)
"316","John Herbert Davis Park",NA,"12/04/2023","12/11/2023",7,"","CA",60188.4444444444,32.0111111111111,5.18608516765936,5765.38344441654,1578.16217053447,16858.75,15551.5,15612.6666666667,20597,1,12685.7151155643,0.0161593367495159,785039.343644124,422.158535715173,64.14848143982,0.129203340261137,12.285899703397,3.33915018906604,"Urban and Built-up",14.3500003814697,129,0.919444054365158,13.5,41.3877674,41.3877674,0,571,1064.11904416131,500,49,100,100,58.43533063,52.32013441,86.99186992,82.11382114,c(-122.3527913, 37.9613339)
"317","John Herbert Davis Park",NA,"12/04/2023","12/11/2023",7,"","CA",60188.4444444444,32.0111111111111,5.18608516765936,5765.38344441654,1578.16217053447,16858.75,15551.5,15612.6666666667,20597,1,12685.7151155643,0.0161593367495159,785039.343644124,422.158535715173,64.14848143982,0.129203340261137,12.285899703397,3.33915018906604,"Urban and Built-up",14.3500003814697,129,0.919444054365158,17,58.1777182,58.1777182,0,757,1064.11904416131,500,49,100,100,58.43533063,52.32013441,86.99186992,82.11382114,c(-122.3527913, 37.9613339)
"318","Johns Home",NA,"11/23/2022","12/03/2022",10,"Wilson Sherman #1 (LOUISE)","CA",193248.6,42.96,61.5662510544563,1826.7613608128,699.861172589248,2130.18181818182,2167,2138.125,2109,1,9734.93773926626,0.0124005730643731,785039.343644107,264.923514072208,12.7150900900901,0.267307936724916,255.908759240734,2.081684825215,"Urban and Built-up",13.75,122.7,0.778664827346802,9.5,544.445314,544.445314,0,1161,476.719897963641,500,50,6.504065041,3.25203252,34.38327414,22.92905925,10.56910569,19.51219512,c(-122.21216, 37.842113)
"319","Johns Home",NA,"11/23/2022","12/03/2022",10,"Wilson Sherman #1 (LOUISE)","CA",193248.6,42.96,61.5662510544563,1826.7613608128,699.861172589248,2130.18181818182,2167,2138.125,2109,1,9734.93773926626,0.0124005730643731,785039.343644107,264.923514072208,12.7150900900901,0.267307936724916,255.908759240734,2.081684825215,"Urban and Built-up",13.75,122.7,0.778664827346802,5.83333333333333,335.2294505,335.2294505,0,904,476.719897963641,500,50,6.504065041,3.25203252,34.38327414,22.92905925,10.56910569,19.51219512,c(-122.21216, 37.842113)
"320","Johns Home",NA,"11/23/2022","12/03/2022",10,"Wilson Sherman #1 (LOUISE)","CA",193248.6,42.96,61.5662510544563,1826.7613608128,699.861172589248,2130.18181818182,2167,2138.125,2109,1,9734.93773926626,0.0124005730643731,785039.343644107,264.923514072208,12.7150900900901,0.267307936724916,255.908759240734,2.081684825215,"Urban and Built-up",13.75,122.7,0.778664827346802,11,168.1078133,168.1078133,0,690,476.719897963641,500,50,6.504065041,3.25203252,34.38327414,22.92905925,10.56910569,19.51219512,c(-122.21216, 37.842113)
"321","Johns Home",NA,"11/23/2022","12/03/2022",10,"Wilson Sherman #1 (LOUISE)","CA",193248.6,42.96,61.5662510544563,1826.7613608128,699.861172589248,2130.18181818182,2167,2138.125,2109,1,9734.93773926626,0.0124005730643731,785039.343644107,264.923514072208,12.7150900900901,0.267307936724916,255.908759240734,2.081684825215,"Urban and Built-up",13.75,122.7,0.778664827346802,12.3333333333333,125.670118,125.670118,0,458,476.719897963641,500,50,6.504065041,3.25203252,34.38327414,22.92905925,10.56910569,19.51219512,c(-122.21216, 37.842113)
"322","Johns Home",NA,"11/23/2022","12/03/2022",10,"Wilson Sherman #1 (LOUISE)","CA",193248.6,42.96,61.5662510544563,1826.7613608128,699.861172589248,2130.18181818182,2167,2138.125,2109,1,9734.93773926626,0.0124005730643731,785039.343644107,264.923514072208,12.7150900900901,0.267307936724916,255.908759240734,2.081684825215,"Urban and Built-up",13.75,122.7,0.778664827346802,12.5,138.296928,138.296928,0,623,476.719897963641,500,50,6.504065041,3.25203252,34.38327414,22.92905925,10.56910569,19.51219512,c(-122.21216, 37.842113)
"323","Kennedy Grove","KG","11/19/2023","12/04/2023",15,"","CA",138785.5,44.7,36.8946528742731,136.398573937793,55.6940944377832,5763.33333333333,5626,5763.33333333333,NA,1,5245.48941257604,0.00668181722998207,785039.343644262,368.942206814984,5.13190529875986,0.276733708070189,91.4057752621814,0.980709584478243,"Urban and Built-up",14.4499998092651,137.6,0.517691731452942,8.66666666666667,1690.0696078,1690.0696078,0,858,2501.79548540458,500,NA,NA,NA,NA,NA,NA,NA,c(-122.26331, 37.94629)
"324","Kennedy Grove","KG","11/19/2023","12/04/2023",15,"","CA",138785.5,44.7,36.8946528742731,136.398573937793,55.6940944377832,5763.33333333333,5626,5763.33333333333,NA,1,5245.48941257604,0.00668181722998207,785039.343644262,368.942206814984,5.13190529875986,0.276733708070189,91.4057752621814,0.980709584478243,"Urban and Built-up",14.4499998092651,137.6,0.517691731452942,4,17980.3370117,16534.8341347,1445.502877,977,2501.79548540458,500,NA,NA,NA,NA,NA,NA,NA,c(-122.26331, 37.94629)
"325","Lake Chabot Dumpster",NA,"12/01/2023","12/13/2023",12,"","CA",189479.5,41.7,50.1698275281554,1706.18043051786,548.915571209402,2451.23076923077,2310,2186.11111111111,3047.75,1,3610.05314528559,0.00459856333891157,785039.343644236,465.258843328256,14.6126126126125,0.244133817555294,128.420940950302,1.72526492902217,"Urban and Built-up",14.1499996185303,100.5,0.76269793510437,6.33333333333333,638.256829,519.1907056,119.0661234,622,180.386897681789,500,52,4.06504065,43.90243902,38.52314613,21.69967565,8.943089431,39.83739837,c(-122.0984222, 37.7184218)
"326","Lake Chabot Dumpster",NA,"12/01/2023","12/13/2023",12,"","CA",189479.5,41.7,50.1698275281554,1706.18043051786,548.915571209402,2451.23076923077,2310,2186.11111111111,3047.75,1,3610.05314528559,0.00459856333891157,785039.343644236,465.258843328256,14.6126126126125,0.244133817555294,128.420940950302,1.72526492902217,"Urban and Built-up",14.1499996185303,100.5,0.76269793510437,12.6666666666667,82.6831194,82.6831194,0,538,180.386897681789,500,52,4.06504065,43.90243902,38.52314613,21.69967565,8.943089431,39.83739837,c(-122.0984222, 37.7184218)
"327","Lake Chabot Valley",NA,"12/01/2023","12/15/2023",14,"","CA",189479.5,41.7,50.1698275281554,1706.18043051786,548.915571209402,2437,2375,2234,2995.25,1,3865.48985131434,0.00492394410880069,785039.343644347,484.278562632366,17.2254791431793,0.242621738414753,142.388272470772,1.66685514653494,"Temperate or Subpolar Needleaf Forest",14.1499996185303,100.5,0.76269793510437,6.33333333333333,638.256829,519.1907056,119.0661234,622,180.386897681789,500,53,1.62601626,43.90243902,38.52314613,20.64746895,4.06504065,39.83739837,c(-122.0967834, 37.7193948)
"328","Lake Chabot Valley",NA,"12/01/2023","12/15/2023",14,"","CA",189479.5,41.7,50.1698275281554,1706.18043051786,548.915571209402,2437,2375,2234,2995.25,1,3865.48985131434,0.00492394410880069,785039.343644347,484.278562632366,17.2254791431793,0.242621738414753,142.388272470772,1.66685514653494,"Temperate or Subpolar Needleaf Forest",14.1499996185303,100.5,0.76269793510437,12.6666666666667,82.6831194,82.6831194,0,538,180.386897681789,500,53,1.62601626,43.90243902,38.52314613,20.64746895,4.06504065,39.83739837,c(-122.0967834, 37.7193948)
"329","Lawrence Hall of Science","LHS","11/07/2023","11/22/2023",15,"","CA",205702.666666667,41.45,62.690000878397,1444.11002203216,546.113162787515,19347.5,22448,19967.6666666667,17487,1,9330.25748053609,0.0118850826472246,785039.343644356,409.025171732095,33.9627959413753,0.18615108184342,305.373089825666,2.97218243584852,"Temperate or Subpolar Needleaf Forest",13.6499996185303,127.5,0.685577511787415,12,125.1697405,125.1697405,0,487,641.938471830868,500,54,30.08130081,47.96747967,35.36863185,33.00206485,38.21138211,27.64227642,c(-122.24732, 37.87892)
"330","Lawrence Hall of Science","LHS","11/07/2023","11/22/2023",15,"","CA",205702.666666667,41.45,62.690000878397,1444.11002203216,546.113162787515,19347.5,22448,19967.6666666667,17487,1,9330.25748053609,0.0118850826472246,785039.343644356,409.025171732095,33.9627959413753,0.18615108184342,305.373089825666,2.97218243584852,"Temperate or Subpolar Needleaf Forest",13.6499996185303,127.5,0.685577511787415,10.1666666666667,1703.5911669,1703.5911669,0,1432,641.938471830868,500,54,30.08130081,47.96747967,35.36863185,33.00206485,38.21138211,27.64227642,c(-122.24732, 37.87892)
"331","Lawrence Hall of Science","LHS","11/07/2023","11/22/2023",15,"","CA",205702.666666667,41.45,62.690000878397,1444.11002203216,546.113162787515,19347.5,22448,19967.6666666667,17487,1,9330.25748053609,0.0118850826472246,785039.343644356,409.025171732095,33.9627959413753,0.18615108184342,305.373089825666,2.97218243584852,"Temperate or Subpolar Needleaf Forest",13.6499996185303,127.5,0.685577511787415,11.1666666666667,104.6159625,104.6159625,0,406,641.938471830868,500,54,30.08130081,47.96747967,35.36863185,33.00206485,38.21138211,27.64227642,c(-122.24732, 37.87892)
"332","Lawrence Hall of Science","LHS","11/07/2023","11/22/2023",15,"","CA",205702.666666667,41.45,62.690000878397,1444.11002203216,546.113162787515,19347.5,22448,19967.6666666667,17487,1,9330.25748053609,0.0118850826472246,785039.343644356,409.025171732095,33.9627959413753,0.18615108184342,305.373089825666,2.97218243584852,"Temperate or Subpolar Needleaf Forest",13.6499996185303,127.5,0.685577511787415,13.5,419.8940648,419.8940648,0,253,641.938471830868,500,54,30.08130081,47.96747967,35.36863185,33.00206485,38.21138211,27.64227642,c(-122.24732, 37.87892)
"333","Leadingham Home",NA,"02/10/2023","02/16/2023",6,"","CA",90020.8888888889,35.6444444444444,39.0698097680963,5257.95677401703,2478.40873026483,18342.8571428571,18797,19805.2,14687,2,17644.4108854575,0.0224758300692926,785039.343644267,245.408054594675,70.3841807909604,0.10693880802554,14.6144421330472,3.63786638255119,"Temperate or Subpolar Needleaf Forest",14.25,112.25,0.923793196678162,18.8333333333333,40.8562553,40.8562553,0,495,471.976339060089,500,55,67.4796748,94.30894309,60.13210098,47.94051512,77.23577236,83.7398374,c(-122.282517, 37.845393)
"334","Leadingham Home",NA,"02/10/2023","02/16/2023",6,"","CA",90020.8888888889,35.6444444444444,39.0698097680963,5257.95677401703,2478.40873026483,18342.8571428571,18797,19805.2,14687,2,17644.4108854575,0.0224758300692926,785039.343644267,245.408054594675,70.3841807909604,0.10693880802554,14.6144421330472,3.63786638255119,"Temperate or Subpolar Needleaf Forest",14.25,112.25,0.923793196678162,14.1666666666667,37.3842532,37.3842532,0,542,471.976339060089,500,55,67.4796748,94.30894309,60.13210098,47.94051512,77.23577236,83.7398374,c(-122.282517, 37.845393)
"335","Leadingham Home",NA,"02/10/2023","02/16/2023",6,"","CA",90020.8888888889,35.6444444444444,39.0698097680963,5257.95677401703,2478.40873026483,18342.8571428571,18797,19805.2,14687,2,17644.4108854575,0.0224758300692926,785039.343644267,245.408054594675,70.3841807909604,0.10693880802554,14.6144421330472,3.63786638255119,"Temperate or Subpolar Needleaf Forest",14.25,112.25,0.923793196678162,15.5,49.874664,49.874664,0,625,471.976339060089,500,55,67.4796748,94.30894309,60.13210098,47.94051512,77.23577236,83.7398374,c(-122.282517, 37.845393)
"336","Leadingham Home",NA,"02/10/2023","02/16/2023",6,"","CA",90020.8888888889,35.6444444444444,39.0698097680963,5257.95677401703,2478.40873026483,18342.8571428571,18797,19805.2,14687,2,17644.4108854575,0.0224758300692926,785039.343644267,245.408054594675,70.3841807909604,0.10693880802554,14.6144421330472,3.63786638255119,"Temperate or Subpolar Needleaf Forest",14.25,112.25,0.923793196678162,18.5,62.3159019,62.3159019,0,498,471.976339060089,500,55,67.4796748,94.30894309,60.13210098,47.94051512,77.23577236,83.7398374,c(-122.282517, 37.845393)
"337","Leadingham Home",NA,"02/10/2023","02/16/2023",6,"","CA",90020.8888888889,35.6444444444444,39.0698097680963,5257.95677401703,2478.40873026483,18342.8571428571,18797,19805.2,14687,2,17644.4108854575,0.0224758300692926,785039.343644267,245.408054594675,70.3841807909604,0.10693880802554,14.6144421330472,3.63786638255119,"Temperate or Subpolar Needleaf Forest",14.25,112.25,0.923793196678162,18.5,55.7423006,55.7423006,0,660,471.976339060089,500,55,67.4796748,94.30894309,60.13210098,47.94051512,77.23577236,83.7398374,c(-122.282517, 37.845393)
"338","Leadingham Home",NA,"02/10/2023","02/16/2023",6,"","CA",90020.8888888889,35.6444444444444,39.0698097680963,5257.95677401703,2478.40873026483,18342.8571428571,18797,19805.2,14687,2,17644.4108854575,0.0224758300692926,785039.343644267,245.408054594675,70.3841807909604,0.10693880802554,14.6144421330472,3.63786638255119,"Temperate or Subpolar Needleaf Forest",14.25,112.25,0.923793196678162,15.8333333333333,57.8340021,57.8340021,0,672,471.976339060089,500,55,67.4796748,94.30894309,60.13210098,47.94051512,77.23577236,83.7398374,c(-122.282517, 37.845393)
"339","Leadingham Home",NA,"02/10/2023","02/16/2023",6,"","CA",90020.8888888889,35.6444444444444,39.0698097680963,5257.95677401703,2478.40873026483,18342.8571428571,18797,19805.2,14687,2,17644.4108854575,0.0224758300692926,785039.343644267,245.408054594675,70.3841807909604,0.10693880802554,14.6144421330472,3.63786638255119,"Temperate or Subpolar Needleaf Forest",14.25,112.25,0.923793196678162,16.8333333333333,62.7928049,62.7928049,0,717,471.976339060089,500,55,67.4796748,94.30894309,60.13210098,47.94051512,77.23577236,83.7398374,c(-122.282517, 37.845393)
"340","Leadingham Home",NA,"02/10/2023","02/16/2023",6,"","CA",90020.8888888889,35.6444444444444,39.0698097680963,5257.95677401703,2478.40873026483,18342.8571428571,18797,19805.2,14687,2,17644.4108854575,0.0224758300692926,785039.343644267,245.408054594675,70.3841807909604,0.10693880802554,14.6144421330472,3.63786638255119,"Temperate or Subpolar Needleaf Forest",14.25,112.25,0.923793196678162,15,52.155397,52.155397,0,627,471.976339060089,500,55,67.4796748,94.30894309,60.13210098,47.94051512,77.23577236,83.7398374,c(-122.282517, 37.845393)
"341","Leadingham Home",NA,"02/10/2023","02/16/2023",6,"","CA",90020.8888888889,35.6444444444444,39.0698097680963,5257.95677401703,2478.40873026483,18342.8571428571,18797,19805.2,14687,2,17644.4108854575,0.0224758300692926,785039.343644267,245.408054594675,70.3841807909604,0.10693880802554,14.6144421330472,3.63786638255119,"Temperate or Subpolar Needleaf Forest",14.25,112.25,0.923793196678162,16.6666666666667,57.0877601,57.0877601,0,717,471.976339060089,500,55,67.4796748,94.30894309,60.13210098,47.94051512,77.23577236,83.7398374,c(-122.282517, 37.845393)
"342","Leadingham Home",NA,"02/10/2023","02/16/2023",6,"","CA",90020.8888888889,35.6444444444444,39.0698097680963,5257.95677401703,2478.40873026483,18342.8571428571,18797,19805.2,14687,2,17644.4108854575,0.0224758300692926,785039.343644267,245.408054594675,70.3841807909604,0.10693880802554,14.6144421330472,3.63786638255119,"Temperate or Subpolar Needleaf Forest",14.25,112.25,0.923793196678162,15,54.1240427,54.1240427,0,696,471.976339060089,500,55,67.4796748,94.30894309,60.13210098,47.94051512,77.23577236,83.7398374,c(-122.282517, 37.845393)
"343","Lerman Home",NA,"01/24/2023","01/28/2023",4,"","CA",137152.8,48.66,41.3714244843244,880.701722226185,364.967854834422,1902.6,1683,1841,2149,1,7366.91369550447,0.00938413310765773,785039.343644097,235.197001336784,36.6429378531073,0.201522169558938,105.752426252022,2.33338110671405,"Urban and Built-up",14.25,98.3,0.693983256816864,11,289.4971709,289.4971709,0,844,2581.25996392161,500,56,58.53658537,63.41463415,42.51147919,36.4439522,52.84552846,50.40650407,c(-122.128669, 37.725922)
"344","Lerman Home",NA,"01/24/2023","01/28/2023",4,"","CA",137152.8,48.66,41.3714244843244,880.701722226185,364.967854834422,1902.6,1683,1841,2149,1,7366.91369550447,0.00938413310765773,785039.343644097,235.197001336784,36.6429378531073,0.201522169558938,105.752426252022,2.33338110671405,"Urban and Built-up",14.25,98.3,0.693983256816864,10.3333333333333,663.0145193,627.11509,35.8994293,581,2581.25996392161,500,56,58.53658537,63.41463415,42.51147919,36.4439522,52.84552846,50.40650407,c(-122.128669, 37.725922)
"345","Lerman Home",NA,"01/24/2023","01/28/2023",4,"","CA",137152.8,48.66,41.3714244843244,880.701722226185,364.967854834422,1902.6,1683,1841,2149,1,7366.91369550447,0.00938413310765773,785039.343644097,235.197001336784,36.6429378531073,0.201522169558938,105.752426252022,2.33338110671405,"Urban and Built-up",14.25,98.3,0.693983256816864,11.8333333333333,119.0920689,119.0920689,0,369,2581.25996392161,500,56,58.53658537,63.41463415,42.51147919,36.4439522,52.84552846,50.40650407,c(-122.128669, 37.725922)
"346","Lerman Home",NA,"01/24/2023","01/28/2023",4,"","CA",137152.8,48.66,41.3714244843244,880.701722226185,364.967854834422,1902.6,1683,1841,2149,1,7366.91369550447,0.00938413310765773,785039.343644097,235.197001336784,36.6429378531073,0.201522169558938,105.752426252022,2.33338110671405,"Urban and Built-up",14.25,98.3,0.693983256816864,8.5,547.5674225,547.5674225,0,695,2581.25996392161,500,56,58.53658537,63.41463415,42.51147919,36.4439522,52.84552846,50.40650407,c(-122.128669, 37.725922)
"347","Lerman Home",NA,"01/24/2023","01/28/2023",4,"","CA",137152.8,48.66,41.3714244843244,880.701722226185,364.967854834422,1902.6,1683,1841,2149,1,7366.91369550447,0.00938413310765773,785039.343644097,235.197001336784,36.6429378531073,0.201522169558938,105.752426252022,2.33338110671405,"Urban and Built-up",14.25,98.3,0.693983256816864,6.33333333333333,638.256829,519.1907056,119.0661234,622,2581.25996392161,500,56,58.53658537,63.41463415,42.51147919,36.4439522,52.84552846,50.40650407,c(-122.128669, 37.725922)
"348","Lim Home",NA,"11/28/2023","12/05/2023",7,"","CA",86467.6666666667,35.9,43.2628914186052,4910.97196276536,2650.15863892232,43467.875,44752.5,45643.1666666667,36942,8,21928.7375442938,0.0279332975115582,785039.34364427,264.775253084821,77.057627118644,0.0886163149443075,23.0159054522924,4.08859473038532,"Urban and Built-up",14.25,108.1,0.954484075307846,17.3333333333333,46.7960451,46.7960451,0,401,604.576371297946,500,57,76.42276423,82.92682927,55.53451652,45.95082268,73.98373984,74.79674797,c(-122.261902, 37.8245268)
"349","Lim Home",NA,"11/28/2023","12/05/2023",7,"","CA",86467.6666666667,35.9,43.2628914186052,4910.97196276536,2650.15863892232,43467.875,44752.5,45643.1666666667,36942,8,21928.7375442938,0.0279332975115582,785039.34364427,264.775253084821,77.057627118644,0.0886163149443075,23.0159054522924,4.08859473038532,"Urban and Built-up",14.25,108.1,0.954484075307846,16.3333333333333,80.2934153,80.2934153,0,652,604.576371297946,500,57,76.42276423,82.92682927,55.53451652,45.95082268,73.98373984,74.79674797,c(-122.261902, 37.8245268)
"350","Lim Home",NA,"11/28/2023","12/05/2023",7,"","CA",86467.6666666667,35.9,43.2628914186052,4910.97196276536,2650.15863892232,43467.875,44752.5,45643.1666666667,36942,8,21928.7375442938,0.0279332975115582,785039.34364427,264.775253084821,77.057627118644,0.0886163149443075,23.0159054522924,4.08859473038532,"Urban and Built-up",14.25,108.1,0.954484075307846,18,35.8040487,35.8040487,0,482,604.576371297946,500,57,76.42276423,82.92682927,55.53451652,45.95082268,73.98373984,74.79674797,c(-122.261902, 37.8245268)
"351","Lim Home",NA,"11/28/2023","12/05/2023",7,"","CA",86467.6666666667,35.9,43.2628914186052,4910.97196276536,2650.15863892232,43467.875,44752.5,45643.1666666667,36942,8,21928.7375442938,0.0279332975115582,785039.34364427,264.775253084821,77.057627118644,0.0886163149443075,23.0159054522924,4.08859473038532,"Urban and Built-up",14.25,108.1,0.954484075307846,15,109.9760557,109.9760557,0,592,604.576371297946,500,57,76.42276423,82.92682927,55.53451652,45.95082268,73.98373984,74.79674797,c(-122.261902, 37.8245268)
"352","Lim Home",NA,"11/28/2023","12/05/2023",7,"","CA",86467.6666666667,35.9,43.2628914186052,4910.97196276536,2650.15863892232,43467.875,44752.5,45643.1666666667,36942,8,21928.7375442938,0.0279332975115582,785039.34364427,264.775253084821,77.057627118644,0.0886163149443075,23.0159054522924,4.08859473038532,"Urban and Built-up",14.25,108.1,0.954484075307846,13.1666666666667,58.4077683,58.4077683,0,772,604.576371297946,500,57,76.42276423,82.92682927,55.53451652,45.95082268,73.98373984,74.79674797,c(-122.261902, 37.8245268)
"353","Lim Home",NA,"11/28/2023","12/05/2023",7,"","CA",86467.6666666667,35.9,43.2628914186052,4910.97196276536,2650.15863892232,43467.875,44752.5,45643.1666666667,36942,8,21928.7375442938,0.0279332975115582,785039.34364427,264.775253084821,77.057627118644,0.0886163149443075,23.0159054522924,4.08859473038532,"Urban and Built-up",14.25,108.1,0.954484075307846,16.1666666666667,50.9814249,50.9814249,0,602,604.576371297946,500,57,76.42276423,82.92682927,55.53451652,45.95082268,73.98373984,74.79674797,c(-122.261902, 37.8245268)
"354","Lim Home",NA,"11/28/2023","12/05/2023",7,"","CA",86467.6666666667,35.9,43.2628914186052,4910.97196276536,2650.15863892232,43467.875,44752.5,45643.1666666667,36942,8,21928.7375442938,0.0279332975115582,785039.34364427,264.775253084821,77.057627118644,0.0886163149443075,23.0159054522924,4.08859473038532,"Urban and Built-up",14.25,108.1,0.954484075307846,15.1666666666667,70.2174186,70.2174186,0,1018,604.576371297946,500,57,76.42276423,82.92682927,55.53451652,45.95082268,73.98373984,74.79674797,c(-122.261902, 37.8245268)
"355","Lim Home",NA,"11/28/2023","12/05/2023",7,"","CA",86467.6666666667,35.9,43.2628914186052,4910.97196276536,2650.15863892232,43467.875,44752.5,45643.1666666667,36942,8,21928.7375442938,0.0279332975115582,785039.34364427,264.775253084821,77.057627118644,0.0886163149443075,23.0159054522924,4.08859473038532,"Urban and Built-up",14.25,108.1,0.954484075307846,17,29.0325203,29.0325203,0,389,604.576371297946,500,57,76.42276423,82.92682927,55.53451652,45.95082268,73.98373984,74.79674797,c(-122.261902, 37.8245268)
"356","Lim Home",NA,"11/28/2023","12/05/2023",7,"","CA",86467.6666666667,35.9,43.2628914186052,4910.97196276536,2650.15863892232,43467.875,44752.5,45643.1666666667,36942,8,21928.7375442938,0.0279332975115582,785039.34364427,264.775253084821,77.057627118644,0.0886163149443075,23.0159054522924,4.08859473038532,"Urban and Built-up",14.25,108.1,0.954484075307846,15.6666666666667,45.2165819,45.2165819,0,795,604.576371297946,500,57,76.42276423,82.92682927,55.53451652,45.95082268,73.98373984,74.79674797,c(-122.261902, 37.8245268)
"357","Maness Home",NA,"01/24/2023","01/31/2023",7,"IOR","CA",84522,34.56,22.2558535719178,5669.26928285246,2081.01003494802,12525.625,12288.5,11970.8333333333,14190,9,17823.7211635986,0.022704239358071,785039.343644098,400.629160935713,68.7626546681665,0.112345002488439,48.8962330544028,3.5033442472556,"Urban and Built-up",14.25,103.65,0.935094580054283,15.8333333333333,61.7038352,61.7038352,0,1021,945.994840709723,500,58,65.04065041,68.29268293,41.23618129,34.78474582,47.96747967,47.96747967,c(-122.200324, 37.786196)
"358","Maness Home",NA,"01/24/2023","01/31/2023",7,"IOR","CA",84522,34.56,22.2558535719178,5669.26928285246,2081.01003494802,12525.625,12288.5,11970.8333333333,14190,9,17823.7211635986,0.022704239358071,785039.343644098,400.629160935713,68.7626546681665,0.112345002488439,48.8962330544028,3.5033442472556,"Urban and Built-up",14.25,103.65,0.935094580054283,13.8333333333333,49.2378873,49.2378873,0,446,945.994840709723,500,58,65.04065041,68.29268293,41.23618129,34.78474582,47.96747967,47.96747967,c(-122.200324, 37.786196)
"359","Maness Home",NA,"01/24/2023","01/31/2023",7,"IOR","CA",84522,34.56,22.2558535719178,5669.26928285246,2081.01003494802,12525.625,12288.5,11970.8333333333,14190,9,17823.7211635986,0.022704239358071,785039.343644098,400.629160935713,68.7626546681665,0.112345002488439,48.8962330544028,3.5033442472556,"Urban and Built-up",14.25,103.65,0.935094580054283,14.5,38.7460213,38.7460213,0,625,945.994840709723,500,58,65.04065041,68.29268293,41.23618129,34.78474582,47.96747967,47.96747967,c(-122.200324, 37.786196)
"360","Maness Home",NA,"01/24/2023","01/31/2023",7,"IOR","CA",84522,34.56,22.2558535719178,5669.26928285246,2081.01003494802,12525.625,12288.5,11970.8333333333,14190,9,17823.7211635986,0.022704239358071,785039.343644098,400.629160935713,68.7626546681665,0.112345002488439,48.8962330544028,3.5033442472556,"Urban and Built-up",14.25,103.65,0.935094580054283,14.3333333333333,37.9948373,37.9948373,0,688,945.994840709723,500,58,65.04065041,68.29268293,41.23618129,34.78474582,47.96747967,47.96747967,c(-122.200324, 37.786196)
"361","Maness Home",NA,"01/24/2023","01/31/2023",7,"IOR","CA",84522,34.56,22.2558535719178,5669.26928285246,2081.01003494802,12525.625,12288.5,11970.8333333333,14190,9,17823.7211635986,0.022704239358071,785039.343644098,400.629160935713,68.7626546681665,0.112345002488439,48.8962330544028,3.5033442472556,"Urban and Built-up",14.25,103.65,0.935094580054283,15.6666666666667,41.5179891,41.5179891,0,468,945.994840709723,500,58,65.04065041,68.29268293,41.23618129,34.78474582,47.96747967,47.96747967,c(-122.200324, 37.786196)
"362","Maness Home",NA,"01/24/2023","01/31/2023",7,"IOR","CA",84522,34.56,22.2558535719178,5669.26928285246,2081.01003494802,12525.625,12288.5,11970.8333333333,14190,9,17823.7211635986,0.022704239358071,785039.343644098,400.629160935713,68.7626546681665,0.112345002488439,48.8962330544028,3.5033442472556,"Urban and Built-up",14.25,103.65,0.935094580054283,14,59.4579433,59.4579433,0,537,945.994840709723,500,58,65.04065041,68.29268293,41.23618129,34.78474582,47.96747967,47.96747967,c(-122.200324, 37.786196)
"363","Maness Home",NA,"01/24/2023","01/31/2023",7,"IOR","CA",84522,34.56,22.2558535719178,5669.26928285246,2081.01003494802,12525.625,12288.5,11970.8333333333,14190,9,17823.7211635986,0.022704239358071,785039.343644098,400.629160935713,68.7626546681665,0.112345002488439,48.8962330544028,3.5033442472556,"Urban and Built-up",14.25,103.65,0.935094580054283,13.1666666666667,77.5429452,77.5429452,0,413,945.994840709723,500,58,65.04065041,68.29268293,41.23618129,34.78474582,47.96747967,47.96747967,c(-122.200324, 37.786196)
"364","Maness Home",NA,"01/24/2023","01/31/2023",7,"IOR","CA",84522,34.56,22.2558535719178,5669.26928285246,2081.01003494802,12525.625,12288.5,11970.8333333333,14190,9,17823.7211635986,0.022704239358071,785039.343644098,400.629160935713,68.7626546681665,0.112345002488439,48.8962330544028,3.5033442472556,"Urban and Built-up",14.25,103.65,0.935094580054283,15.1666666666667,50.8665234,50.8665234,0,368,945.994840709723,500,58,65.04065041,68.29268293,41.23618129,34.78474582,47.96747967,47.96747967,c(-122.200324, 37.786196)
"365","Maness Home",NA,"01/24/2023","01/31/2023",7,"IOR","CA",84522,34.56,22.2558535719178,5669.26928285246,2081.01003494802,12525.625,12288.5,11970.8333333333,14190,9,17823.7211635986,0.022704239358071,785039.343644098,400.629160935713,68.7626546681665,0.112345002488439,48.8962330544028,3.5033442472556,"Urban and Built-up",14.25,103.65,0.935094580054283,16.5,82.2526712,82.2526712,0,644,945.994840709723,500,58,65.04065041,68.29268293,41.23618129,34.78474582,47.96747967,47.96747967,c(-122.200324, 37.786196)
"366","Maness Home",NA,"01/24/2023","01/31/2023",7,"IOR","CA",84522,34.56,22.2558535719178,5669.26928285246,2081.01003494802,12525.625,12288.5,11970.8333333333,14190,9,17823.7211635986,0.022704239358071,785039.343644098,400.629160935713,68.7626546681665,0.112345002488439,48.8962330544028,3.5033442472556,"Urban and Built-up",14.25,103.65,0.935094580054283,14.1666666666667,45.7347506,45.7347506,0,561,945.994840709723,500,58,65.04065041,68.29268293,41.23618129,34.78474582,47.96747967,47.96747967,c(-122.200324, 37.786196)
"367","Marcus Home",NA,"01/27/2023","02/03/2023",7,"","CA",91440.5,38.375,12.0793460972698,1758.17931754669,704.684352628234,13675.25,13463,13694.5,13617.5,1,9634.40935495545,0.0122725178463452,785039.343644109,265.358249578108,56.4633596392334,0.155247925759161,53.3527101993115,3.29970530784913,"Urban and Built-up",14.4499998092651,128.8,0.892295598983765,11,3721.2251832,2459.3638139,1261.8613693,2692,394.974675863384,500,59,69.91869919,83.7398374,51.87585032,41.80509134,69.91869919,65.85365854,c(-122.334858, 37.985175)
"368","Marcus Home",NA,"01/27/2023","02/03/2023",7,"","CA",91440.5,38.375,12.0793460972698,1758.17931754669,704.684352628234,13675.25,13463,13694.5,13617.5,1,9634.40935495545,0.0122725178463452,785039.343644109,265.358249578108,56.4633596392334,0.155247925759161,53.3527101993115,3.29970530784913,"Urban and Built-up",14.4499998092651,128.8,0.892295598983765,16,173.4572812,167.0771592,6.380122,160,394.974675863384,500,59,69.91869919,83.7398374,51.87585032,41.80509134,69.91869919,65.85365854,c(-122.334858, 37.985175)
"369","Marcus Home",NA,"01/27/2023","02/03/2023",7,"","CA",91440.5,38.375,12.0793460972698,1758.17931754669,704.684352628234,13675.25,13463,13694.5,13617.5,1,9634.40935495545,0.0122725178463452,785039.343644109,265.358249578108,56.4633596392334,0.155247925759161,53.3527101993115,3.29970530784913,"Urban and Built-up",14.4499998092651,128.8,0.892295598983765,18.1666666666667,254.4361519,254.4361519,0,754,394.974675863384,500,59,69.91869919,83.7398374,51.87585032,41.80509134,69.91869919,65.85365854,c(-122.334858, 37.985175)
"370","Marina Bay Park","MBP","11/24/2023","12/11/2023",17,"","CA",90797.3333333333,38.675,29.5325696049088,1024.58977647822,464.974719939218,5146.83333333333,5001,5460.25,4520,1,11217.9028688939,0.0142896059410481,785039.343644147,109.296268181113,63.9432463110102,0.10384670062337,3.56155324276303,3.67665509457473,"Urban and Built-up",14.25,127.8,0.883501648902893,14.1666666666667,985.9201044,567.9798593,417.9402451,750,1775.7334989535,500,60,62.60162602,34.14634146,51.30386555,51.30386555,82.11382114,65.04065041,c(-122.34515, 37.91472)
"371","Marina Bay Park","MBP","11/24/2023","12/11/2023",17,"","CA",90797.3333333333,38.675,29.5325696049088,1024.58977647822,464.974719939218,5146.83333333333,5001,5460.25,4520,1,11217.9028688939,0.0142896059410481,785039.343644147,109.296268181113,63.9432463110102,0.10384670062337,3.56155324276303,3.67665509457473,"Urban and Built-up",14.25,127.8,0.883501648902893,15.3333333333333,470.003968,469.9142707,0.0896973,529,1775.7334989535,500,60,62.60162602,34.14634146,51.30386555,51.30386555,82.11382114,65.04065041,c(-122.34515, 37.91472)
"372","Marina Bay Park","MBP","11/24/2023","12/11/2023",17,"","CA",90797.3333333333,38.675,29.5325696049088,1024.58977647822,464.974719939218,5146.83333333333,5001,5460.25,4520,1,11217.9028688939,0.0142896059410481,785039.343644147,109.296268181113,63.9432463110102,0.10384670062337,3.56155324276303,3.67665509457473,"Urban and Built-up",14.25,127.8,0.883501648902893,14.6666666666667,1878.5320365,490.0877618,1388.4442747,1722,1775.7334989535,500,60,62.60162602,34.14634146,51.30386555,51.30386555,82.11382114,65.04065041,c(-122.34515, 37.91472)
"373","Mason Home","BMH","11/23/2022","12/07/2022",14,"Retired from UWIN","CA",107904.222222222,44.5444444444444,40.8517458811564,4160.330304105,1779.28080672648,12062.3333333333,12095,12281.8181818182,11458.75,31,13393.1742352101,0.0170605133916451,785039.343644198,235.295780539284,61.4245495495495,0.143250283595486,66.6104430648041,3.37976011493648,"Urban and Built-up",14.25,106.3,0.940189957618713,13.5,93.4635982,93.4635982,0,676,698.792370749403,500,61,56.09756098,55.28455285,39.06558591,33.22367853,39.02439024,42.27642276,c(-122.218344, 37.803141)
"374","Mason Home","BMH","11/23/2022","12/07/2022",14,"Retired from UWIN","CA",107904.222222222,44.5444444444444,40.8517458811564,4160.330304105,1779.28080672648,12062.3333333333,12095,12281.8181818182,11458.75,31,13393.1742352101,0.0170605133916451,785039.343644198,235.295780539284,61.4245495495495,0.143250283595486,66.6104430648041,3.37976011493648,"Urban and Built-up",14.25,106.3,0.940189957618713,14.6666666666667,58.3934365,58.3934365,0,528,698.792370749403,500,61,56.09756098,55.28455285,39.06558591,33.22367853,39.02439024,42.27642276,c(-122.218344, 37.803141)
"375","Mason Home","BMH","11/23/2022","12/07/2022",14,"Retired from UWIN","CA",107904.222222222,44.5444444444444,40.8517458811564,4160.330304105,1779.28080672648,12062.3333333333,12095,12281.8181818182,11458.75,31,13393.1742352101,0.0170605133916451,785039.343644198,235.295780539284,61.4245495495495,0.143250283595486,66.6104430648041,3.37976011493648,"Urban and Built-up",14.25,106.3,0.940189957618713,17,59.0858107,59.0858107,0,612,698.792370749403,500,61,56.09756098,55.28455285,39.06558591,33.22367853,39.02439024,42.27642276,c(-122.218344, 37.803141)
"376","Mason Home","BMH","11/23/2022","12/07/2022",14,"Retired from UWIN","CA",107904.222222222,44.5444444444444,40.8517458811564,4160.330304105,1779.28080672648,12062.3333333333,12095,12281.8181818182,11458.75,31,13393.1742352101,0.0170605133916451,785039.343644198,235.295780539284,61.4245495495495,0.143250283595486,66.6104430648041,3.37976011493648,"Urban and Built-up",14.25,106.3,0.940189957618713,15.5,56.2419368,56.2419368,0,578,698.792370749403,500,61,56.09756098,55.28455285,39.06558591,33.22367853,39.02439024,42.27642276,c(-122.218344, 37.803141)
"377","Mason Home","BMH","11/23/2022","12/07/2022",14,"Retired from UWIN","CA",107904.222222222,44.5444444444444,40.8517458811564,4160.330304105,1779.28080672648,12062.3333333333,12095,12281.8181818182,11458.75,31,13393.1742352101,0.0170605133916451,785039.343644198,235.295780539284,61.4245495495495,0.143250283595486,66.6104430648041,3.37976011493648,"Urban and Built-up",14.25,106.3,0.940189957618713,15.6666666666667,76.1426295,76.1426295,0,701,698.792370749403,500,61,56.09756098,55.28455285,39.06558591,33.22367853,39.02439024,42.27642276,c(-122.218344, 37.803141)
"378","Mason Home","BMH","11/23/2022","12/07/2022",14,"Retired from UWIN","CA",107904.222222222,44.5444444444444,40.8517458811564,4160.330304105,1779.28080672648,12062.3333333333,12095,12281.8181818182,11458.75,31,13393.1742352101,0.0170605133916451,785039.343644198,235.295780539284,61.4245495495495,0.143250283595486,66.6104430648041,3.37976011493648,"Urban and Built-up",14.25,106.3,0.940189957618713,14.6666666666667,61.8152773,61.8152773,0,832,698.792370749403,500,61,56.09756098,55.28455285,39.06558591,33.22367853,39.02439024,42.27642276,c(-122.218344, 37.803141)
"379","Mason Home","BMH","11/23/2022","12/07/2022",14,"Retired from UWIN","CA",107904.222222222,44.5444444444444,40.8517458811564,4160.330304105,1779.28080672648,12062.3333333333,12095,12281.8181818182,11458.75,31,13393.1742352101,0.0170605133916451,785039.343644198,235.295780539284,61.4245495495495,0.143250283595486,66.6104430648041,3.37976011493648,"Urban and Built-up",14.25,106.3,0.940189957618713,16.3333333333333,34.8294863,34.8294863,0,389,698.792370749403,500,61,56.09756098,55.28455285,39.06558591,33.22367853,39.02439024,42.27642276,c(-122.218344, 37.803141)
"380","Mason Home","BMH","11/23/2022","12/07/2022",14,"Retired from UWIN","CA",107904.222222222,44.5444444444444,40.8517458811564,4160.330304105,1779.28080672648,12062.3333333333,12095,12281.8181818182,11458.75,31,13393.1742352101,0.0170605133916451,785039.343644198,235.295780539284,61.4245495495495,0.143250283595486,66.6104430648041,3.37976011493648,"Urban and Built-up",14.25,106.3,0.940189957618713,13.5,104.9085289,85.7498775,19.1586514,651,698.792370749403,500,61,56.09756098,55.28455285,39.06558591,33.22367853,39.02439024,42.27642276,c(-122.218344, 37.803141)
"381","Mason Home","BMH","11/23/2022","12/07/2022",14,"Retired from UWIN","CA",107904.222222222,44.5444444444444,40.8517458811564,4160.330304105,1779.28080672648,12062.3333333333,12095,12281.8181818182,11458.75,31,13393.1742352101,0.0170605133916451,785039.343644198,235.295780539284,61.4245495495495,0.143250283595486,66.6104430648041,3.37976011493648,"Urban and Built-up",14.25,106.3,0.940189957618713,18,70.7649922,70.7649922,0,596,698.792370749403,500,61,56.09756098,55.28455285,39.06558591,33.22367853,39.02439024,42.27642276,c(-122.218344, 37.803141)
"382","McKinley Park",NA,"11/30/2023","12/07/2023",7,"Failed site","CA",77051.1428571429,36.6125,36.5470661243026,4312.99723839228,1765.91172218056,30427.75,29288,29489.6666666667,33242,13,13926.6328450349,0.0177400444420852,785039.343644279,484.851708985438,75.2186098654709,0.087871229281301,6.73990391552563,3.46329215221413,"Urban and Built-up",14.25,101.5,0.932791173458099,12.5,74.5060862,74.5060862,0,1482,1409.21361771363,500,62,55.28455285,64.22764228,59.45572381,46.47651102,75.6097561,82.92682927,c(-122.24444, 37.7706)
"383","McKinley Park",NA,"11/30/2023","12/07/2023",7,"Failed site","CA",77051.1428571429,36.6125,36.5470661243026,4312.99723839228,1765.91172218056,30427.75,29288,29489.6666666667,33242,13,13926.6328450349,0.0177400444420852,785039.343644279,484.851708985438,75.2186098654709,0.087871229281301,6.73990391552563,3.46329215221413,"Urban and Built-up",14.25,101.5,0.932791173458099,18.3333333333333,51.0184899,51.0184899,0,482,1409.21361771363,500,62,55.28455285,64.22764228,59.45572381,46.47651102,75.6097561,82.92682927,c(-122.24444, 37.7706)
"384","McKinley Park",NA,"11/30/2023","12/07/2023",7,"Failed site","CA",77051.1428571429,36.6125,36.5470661243026,4312.99723839228,1765.91172218056,30427.75,29288,29489.6666666667,33242,13,13926.6328450349,0.0177400444420852,785039.343644279,484.851708985438,75.2186098654709,0.087871229281301,6.73990391552563,3.46329215221413,"Urban and Built-up",14.25,101.5,0.932791173458099,15.1666666666667,62.4824473,62.4824473,0,877,1409.21361771363,500,62,55.28455285,64.22764228,59.45572381,46.47651102,75.6097561,82.92682927,c(-122.24444, 37.7706)
"385","McKinley Park",NA,"11/30/2023","12/07/2023",7,"Failed site","CA",77051.1428571429,36.6125,36.5470661243026,4312.99723839228,1765.91172218056,30427.75,29288,29489.6666666667,33242,13,13926.6328450349,0.0177400444420852,785039.343644279,484.851708985438,75.2186098654709,0.087871229281301,6.73990391552563,3.46329215221413,"Urban and Built-up",14.25,101.5,0.932791173458099,18.5,109.289859,109.289859,0,358,1409.21361771363,500,62,55.28455285,64.22764228,59.45572381,46.47651102,75.6097561,82.92682927,c(-122.24444, 37.7706)
"386","McKinley Park",NA,"11/30/2023","12/07/2023",7,"Failed site","CA",77051.1428571429,36.6125,36.5470661243026,4312.99723839228,1765.91172218056,30427.75,29288,29489.6666666667,33242,13,13926.6328450349,0.0177400444420852,785039.343644279,484.851708985438,75.2186098654709,0.087871229281301,6.73990391552563,3.46329215221413,"Urban and Built-up",14.25,101.5,0.932791173458099,8,225.3260422,64.6178855,160.7081567,35,1409.21361771363,500,62,55.28455285,64.22764228,59.45572381,46.47651102,75.6097561,82.92682927,c(-122.24444, 37.7706)
"387","McKinley Park",NA,"11/30/2023","12/07/2023",7,"Failed site","CA",77051.1428571429,36.6125,36.5470661243026,4312.99723839228,1765.91172218056,30427.75,29288,29489.6666666667,33242,13,13926.6328450349,0.0177400444420852,785039.343644279,484.851708985438,75.2186098654709,0.087871229281301,6.73990391552563,3.46329215221413,"Urban and Built-up",14.25,101.5,0.932791173458099,19.8333333333333,55.4094569,55.4094569,0,422,1409.21361771363,500,62,55.28455285,64.22764228,59.45572381,46.47651102,75.6097561,82.92682927,c(-122.24444, 37.7706)
"388","McLaughlin Eastshore State Park","MESP","11/29/2023","12/13/2023",14,"","CA",144168.5,38,40.8092910139131,414.468751334812,190.781476773508,14548.6,13653,13282.3636363636,18030.75,1,11384.665811307,0.0145020321637111,785039.343644212,173.900616324774,33.0556818181818,0.0961245964210404,2.75951031527121,3.07382091662808,"Urban and Built-up",14.3000001907349,119.15,0.777172803878784,19.5,2268.6782265,819.5938821,1449.0843444,556,1359.22967719528,500,63,82.92682927,70.73170732,60.13210098,58.38493484,95.12195122,83.7398374,c(-122.30742, 37.87153)
"389","McLaughlin Eastshore State Park","MESP","11/29/2023","12/13/2023",14,"","CA",144168.5,38,40.8092910139131,414.468751334812,190.781476773508,14548.6,13653,13282.3636363636,18030.75,1,11384.665811307,0.0145020321637111,785039.343644212,173.900616324774,33.0556818181818,0.0961245964210404,2.75951031527121,3.07382091662808,"Urban and Built-up",14.3000001907349,119.15,0.777172803878784,18.3333333333333,297.204467,297.204467,0,483,1359.22967719528,500,63,82.92682927,70.73170732,60.13210098,58.38493484,95.12195122,83.7398374,c(-122.30742, 37.87153)
"390","Merrill Home",NA,"01/26/2023","02/10/2023",15,"IOR","CA",193631.333333333,45.1,64.7260983652648,2264.7766368818,861.882175603306,3861.5,3793.5,3989.33333333333,3478,1,10745.1447207956,0.0136873964442533,785039.343644281,78.9047935806928,35.6625282167043,0.207446878907196,125.936772075301,2.49296844839837,"Urban and Built-up",14.0999999046326,114.25,0.867839634418488,15.8333333333333,105.3990224,105.3990224,0,625,697.037348118815,500,64,42.27642276,18.69918699,34.38327414,32.17710731,35.77235772,19.51219512,c(-122.233913, 37.839858)
"391","Merrill Home",NA,"01/26/2023","02/10/2023",15,"IOR","CA",193631.333333333,45.1,64.7260983652648,2264.7766368818,861.882175603306,3861.5,3793.5,3989.33333333333,3478,1,10745.1447207956,0.0136873964442533,785039.343644281,78.9047935806928,35.6625282167043,0.207446878907196,125.936772075301,2.49296844839837,"Urban and Built-up",14.0999999046326,114.25,0.867839634418488,15.5,102.3483258,102.3483258,0,543,697.037348118815,500,64,42.27642276,18.69918699,34.38327414,32.17710731,35.77235772,19.51219512,c(-122.233913, 37.839858)
"392","Merrill Home",NA,"01/26/2023","02/10/2023",15,"IOR","CA",193631.333333333,45.1,64.7260983652648,2264.7766368818,861.882175603306,3861.5,3793.5,3989.33333333333,3478,1,10745.1447207956,0.0136873964442533,785039.343644281,78.9047935806928,35.6625282167043,0.207446878907196,125.936772075301,2.49296844839837,"Urban and Built-up",14.0999999046326,114.25,0.867839634418488,14.6666666666667,84.9114672,84.9114672,0,431,697.037348118815,500,64,42.27642276,18.69918699,34.38327414,32.17710731,35.77235772,19.51219512,c(-122.233913, 37.839858)
"393","Merrill Home",NA,"01/26/2023","02/10/2023",15,"IOR","CA",193631.333333333,45.1,64.7260983652648,2264.7766368818,861.882175603306,3861.5,3793.5,3989.33333333333,3478,1,10745.1447207956,0.0136873964442533,785039.343644281,78.9047935806928,35.6625282167043,0.207446878907196,125.936772075301,2.49296844839837,"Urban and Built-up",14.0999999046326,114.25,0.867839634418488,14.5,121.637446,121.637446,0,607,697.037348118815,500,64,42.27642276,18.69918699,34.38327414,32.17710731,35.77235772,19.51219512,c(-122.233913, 37.839858)
"394","Merrill Home",NA,"01/26/2023","02/10/2023",15,"IOR","CA",193631.333333333,45.1,64.7260983652648,2264.7766368818,861.882175603306,3861.5,3793.5,3989.33333333333,3478,1,10745.1447207956,0.0136873964442533,785039.343644281,78.9047935806928,35.6625282167043,0.207446878907196,125.936772075301,2.49296844839837,"Urban and Built-up",14.0999999046326,114.25,0.867839634418488,12.6666666666667,465.3552757,465.3552757,0,590,697.037348118815,500,64,42.27642276,18.69918699,34.38327414,32.17710731,35.77235772,19.51219512,c(-122.233913, 37.839858)
"395","Merrill Home",NA,"01/26/2023","02/10/2023",15,"IOR","CA",193631.333333333,45.1,64.7260983652648,2264.7766368818,861.882175603306,3861.5,3793.5,3989.33333333333,3478,1,10745.1447207956,0.0136873964442533,785039.343644281,78.9047935806928,35.6625282167043,0.207446878907196,125.936772075301,2.49296844839837,"Urban and Built-up",14.0999999046326,114.25,0.867839634418488,11.6666666666667,251.2329946,244.9882834,6.2447112,616,697.037348118815,500,64,42.27642276,18.69918699,34.38327414,32.17710731,35.77235772,19.51219512,c(-122.233913, 37.839858)
"396","Metropolitan Golf Links",NA,"12/01/2023","12/15/2023",14,"","CA",85331,33.3,13.3640552995392,243.893090503755,75.9787735389152,18828,18962,18593.0909090909,19474,1,5418.00498208214,0.00690157127276203,785039.34364411,409.441502521653,75.9503386004515,0.168720144176136,4.32805256301912,3.66308229823558,"Urban and Built-up",14.3500003814697,97.25,0.811660706996918,13.5,1173.7650302,831.3644906,342.4005396,960,1438.76775247848,500,65,93.49593496,79.67479675,61.08829774,61.03340788,100,96.74796748,c(-122.1930927, 37.7197482)
"397","Metropolitan Golf Links",NA,"12/01/2023","12/15/2023",14,"","CA",85331,33.3,13.3640552995392,243.893090503755,75.9787735389152,18828,18962,18593.0909090909,19474,1,5418.00498208214,0.00690157127276203,785039.34364411,409.441502521653,75.9503386004515,0.168720144176136,4.32805256301912,3.66308229823558,"Urban and Built-up",14.3500003814697,97.25,0.811660706996918,3.66666666666667,3284.5456154,2631.9503147,652.5953007,0,1438.76775247848,500,65,93.49593496,79.67479675,61.08829774,61.03340788,100,96.74796748,c(-122.1930927, 37.7197482)
"398","Middleton Home",NA,"02/20/2023","02/26/2023",6,"","CA",124700.333333333,45.93,64.0487640514987,5663.88757207974,2819.92934588129,22022.1428571429,21769,22203.2,21569.5,10,13752.6633627706,0.0175184383739722,785039.343643978,275.32800503408,47.3198198198199,0.179936809430092,105.00258052754,2.78075676437447,"Urban and Built-up",14.1749999523163,123.425,0.916365802288055,14.1666666666667,119.7463897,118.8481812,0.8982085,457,646.143917277475,500,66,14.63414634,26.82926829,38.20798876,27.71950304,21.95121951,39.02439024,c(-122.266458, 37.882987)
"399","Middleton Home",NA,"02/20/2023","02/26/2023",6,"","CA",124700.333333333,45.93,64.0487640514987,5663.88757207974,2819.92934588129,22022.1428571429,21769,22203.2,21569.5,10,13752.6633627706,0.0175184383739722,785039.343643978,275.32800503408,47.3198198198199,0.179936809430092,105.00258052754,2.78075676437447,"Urban and Built-up",14.1749999523163,123.425,0.916365802288055,16.6666666666667,34.9569899,34.9569899,0,529,646.143917277475,500,66,14.63414634,26.82926829,38.20798876,27.71950304,21.95121951,39.02439024,c(-122.266458, 37.882987)
"400","Middleton Home",NA,"02/20/2023","02/26/2023",6,"","CA",124700.333333333,45.93,64.0487640514987,5663.88757207974,2819.92934588129,22022.1428571429,21769,22203.2,21569.5,10,13752.6633627706,0.0175184383739722,785039.343643978,275.32800503408,47.3198198198199,0.179936809430092,105.00258052754,2.78075676437447,"Urban and Built-up",14.1749999523163,123.425,0.916365802288055,15.3333333333333,54.4895036,54.4895036,0,310,646.143917277475,500,66,14.63414634,26.82926829,38.20798876,27.71950304,21.95121951,39.02439024,c(-122.266458, 37.882987)
"401","Middleton Home",NA,"02/20/2023","02/26/2023",6,"","CA",124700.333333333,45.93,64.0487640514987,5663.88757207974,2819.92934588129,22022.1428571429,21769,22203.2,21569.5,10,13752.6633627706,0.0175184383739722,785039.343643978,275.32800503408,47.3198198198199,0.179936809430092,105.00258052754,2.78075676437447,"Urban and Built-up",14.1749999523163,123.425,0.916365802288055,15.3333333333333,45.2254775,45.2254775,0,280,646.143917277475,500,66,14.63414634,26.82926829,38.20798876,27.71950304,21.95121951,39.02439024,c(-122.266458, 37.882987)
"402","Middleton Home",NA,"02/20/2023","02/26/2023",6,"","CA",124700.333333333,45.93,64.0487640514987,5663.88757207974,2819.92934588129,22022.1428571429,21769,22203.2,21569.5,10,13752.6633627706,0.0175184383739722,785039.343643978,275.32800503408,47.3198198198199,0.179936809430092,105.00258052754,2.78075676437447,"Urban and Built-up",14.1749999523163,123.425,0.916365802288055,17,71.2245982,71.2245982,0,618,646.143917277475,500,66,14.63414634,26.82926829,38.20798876,27.71950304,21.95121951,39.02439024,c(-122.266458, 37.882987)
"403","Middleton Home",NA,"02/20/2023","02/26/2023",6,"","CA",124700.333333333,45.93,64.0487640514987,5663.88757207974,2819.92934588129,22022.1428571429,21769,22203.2,21569.5,10,13752.6633627706,0.0175184383739722,785039.343643978,275.32800503408,47.3198198198199,0.179936809430092,105.00258052754,2.78075676437447,"Urban and Built-up",14.1749999523163,123.425,0.916365802288055,19.3333333333333,35.6098281,35.6098281,0,315,646.143917277475,500,66,14.63414634,26.82926829,38.20798876,27.71950304,21.95121951,39.02439024,c(-122.266458, 37.882987)
"404","Middleton Home",NA,"02/20/2023","02/26/2023",6,"","CA",124700.333333333,45.93,64.0487640514987,5663.88757207974,2819.92934588129,22022.1428571429,21769,22203.2,21569.5,10,13752.6633627706,0.0175184383739722,785039.343643978,275.32800503408,47.3198198198199,0.179936809430092,105.00258052754,2.78075676437447,"Urban and Built-up",14.1749999523163,123.425,0.916365802288055,17.8333333333333,47.0036091,47.0036091,0,771,646.143917277475,500,66,14.63414634,26.82926829,38.20798876,27.71950304,21.95121951,39.02439024,c(-122.266458, 37.882987)
"405","Middleton Home",NA,"02/20/2023","02/26/2023",6,"","CA",124700.333333333,45.93,64.0487640514987,5663.88757207974,2819.92934588129,22022.1428571429,21769,22203.2,21569.5,10,13752.6633627706,0.0175184383739722,785039.343643978,275.32800503408,47.3198198198199,0.179936809430092,105.00258052754,2.78075676437447,"Urban and Built-up",14.1749999523163,123.425,0.916365802288055,15.3333333333333,38.377101,38.377101,0,326,646.143917277475,500,66,14.63414634,26.82926829,38.20798876,27.71950304,21.95121951,39.02439024,c(-122.266458, 37.882987)
"406","Middleton Home",NA,"02/20/2023","02/26/2023",6,"","CA",124700.333333333,45.93,64.0487640514987,5663.88757207974,2819.92934588129,22022.1428571429,21769,22203.2,21569.5,10,13752.6633627706,0.0175184383739722,785039.343643978,275.32800503408,47.3198198198199,0.179936809430092,105.00258052754,2.78075676437447,"Urban and Built-up",14.1749999523163,123.425,0.916365802288055,14.6666666666667,64.6794134,64.6794134,0,438,646.143917277475,500,66,14.63414634,26.82926829,38.20798876,27.71950304,21.95121951,39.02439024,c(-122.266458, 37.882987)
"407","Middleton Home",NA,"02/20/2023","02/26/2023",6,"","CA",124700.333333333,45.93,64.0487640514987,5663.88757207974,2819.92934588129,22022.1428571429,21769,22203.2,21569.5,10,13752.6633627706,0.0175184383739722,785039.343643978,275.32800503408,47.3198198198199,0.179936809430092,105.00258052754,2.78075676437447,"Urban and Built-up",14.1749999523163,123.425,0.916365802288055,16,52.6382304,52.6382304,0,349,646.143917277475,500,66,14.63414634,26.82926829,38.20798876,27.71950304,21.95121951,39.02439024,c(-122.266458, 37.882987)
"408","Miller Knox-Crest Trail","MK-CT","11/24/2023","12/02/2023",8,"IOR","CA",136250,56.3,65.2542372881356,348.5553639117,189.88040443155,1708.33333333333,1652,1907.5,1310,1,5317.22664880134,0.00677319766435973,785039.343644192,479.968115315304,53.6489241223101,0.125070168827283,25.7324175902198,3.61868761256589,"Urban and Built-up",NA,131.025,NA,8.33333333333333,2078.9439741,1135.9130167,943.0309574,931,1277.49029666734,500,67,86.99186992,52.03252033,60.52621317,60.52621317,96.74796748,91.8699187,c(-122.37392, 37.91637)
"409","Miller Knox-Pickleweed","MK-PW","11/24/2023","12/02/2023",8,"","CA",136250,56.3,65.2542372881356,348.5553639117,189.88040443155,7100,7100,7100,NA,1,4302.48337664476,0.0054805958599133,785039.343644072,326.165998351275,21.4769403824523,0.0930903670651807,5.8209211334119,1.34814035469907,"Urban and Built-up",NA,132.8,NA,8.33333333333333,2078.9439741,1135.9130167,943.0309574,931,1277.49029666734,500,68,86.99186992,52.03252033,60.52621317,60.52621317,96.74796748,91.8699187,c(-122.38757, 37.91243)
"410","Mira Vista Park","MVP","11/19/2023","12/04/2023",15,"","CA",116424.111111111,44.0222222222222,38.7946898638937,3242.39542640626,1258.68138708827,18714.0625,18574,18264.1818181818,19703.8,7,18358.1410416433,0.0233849948926397,785039.343644306,405.90863206474,61.7720090293454,0.141740985276366,46.4649888485839,2.92294452256356,"Temperate or Subpolar Needleaf Forest",14.3500003814697,129.6,0.912889003753662,18.3333333333333,76.1305216,76.1305216,0,399,488.521859577132,500,69,95.12195122,86.17886179,50.43312182,40.59100214,65.85365854,63.41463415,c(-122.3211, 37.93756)
"411","Mira Vista Park","MVP","11/19/2023","12/04/2023",15,"","CA",116424.111111111,44.0222222222222,38.7946898638937,3242.39542640626,1258.68138708827,18714.0625,18574,18264.1818181818,19703.8,7,18358.1410416433,0.0233849948926397,785039.343644306,405.90863206474,61.7720090293454,0.141740985276366,46.4649888485839,2.92294452256356,"Temperate or Subpolar Needleaf Forest",14.3500003814697,129.6,0.912889003753662,14.8333333333333,61.4606888,61.4606888,0,488,488.521859577132,500,69,95.12195122,86.17886179,50.43312182,40.59100214,65.85365854,63.41463415,c(-122.3211, 37.93756)
"412","Mira Vista Park","MVP","11/19/2023","12/04/2023",15,"","CA",116424.111111111,44.0222222222222,38.7946898638937,3242.39542640626,1258.68138708827,18714.0625,18574,18264.1818181818,19703.8,7,18358.1410416433,0.0233849948926397,785039.343644306,405.90863206474,61.7720090293454,0.141740985276366,46.4649888485839,2.92294452256356,"Temperate or Subpolar Needleaf Forest",14.3500003814697,129.6,0.912889003753662,14.5,56.0064505,56.0064505,0,565,488.521859577132,500,69,95.12195122,86.17886179,50.43312182,40.59100214,65.85365854,63.41463415,c(-122.3211, 37.93756)
"413","Mira Vista Park","MVP","11/19/2023","12/04/2023",15,"","CA",116424.111111111,44.0222222222222,38.7946898638937,3242.39542640626,1258.68138708827,18714.0625,18574,18264.1818181818,19703.8,7,18358.1410416433,0.0233849948926397,785039.343644306,405.90863206474,61.7720090293454,0.141740985276366,46.4649888485839,2.92294452256356,"Temperate or Subpolar Needleaf Forest",14.3500003814697,129.6,0.912889003753662,14.5,52.5885633,52.5885633,0,361,488.521859577132,500,69,95.12195122,86.17886179,50.43312182,40.59100214,65.85365854,63.41463415,c(-122.3211, 37.93756)
"414","Mira Vista Park","MVP","11/19/2023","12/04/2023",15,"","CA",116424.111111111,44.0222222222222,38.7946898638937,3242.39542640626,1258.68138708827,18714.0625,18574,18264.1818181818,19703.8,7,18358.1410416433,0.0233849948926397,785039.343644306,405.90863206474,61.7720090293454,0.141740985276366,46.4649888485839,2.92294452256356,"Temperate or Subpolar Needleaf Forest",14.3500003814697,129.6,0.912889003753662,13.3333333333333,81.6008214,81.6008214,0,613,488.521859577132,500,69,95.12195122,86.17886179,50.43312182,40.59100214,65.85365854,63.41463415,c(-122.3211, 37.93756)
"415","Mira Vista Park","MVP","11/19/2023","12/04/2023",15,"","CA",116424.111111111,44.0222222222222,38.7946898638937,3242.39542640626,1258.68138708827,18714.0625,18574,18264.1818181818,19703.8,7,18358.1410416433,0.0233849948926397,785039.343644306,405.90863206474,61.7720090293454,0.141740985276366,46.4649888485839,2.92294452256356,"Temperate or Subpolar Needleaf Forest",14.3500003814697,129.6,0.912889003753662,14.6666666666667,66.0985087,66.0985087,0,351,488.521859577132,500,69,95.12195122,86.17886179,50.43312182,40.59100214,65.85365854,63.41463415,c(-122.3211, 37.93756)
"416","Mira Vista Park","MVP","11/19/2023","12/04/2023",15,"","CA",116424.111111111,44.0222222222222,38.7946898638937,3242.39542640626,1258.68138708827,18714.0625,18574,18264.1818181818,19703.8,7,18358.1410416433,0.0233849948926397,785039.343644306,405.90863206474,61.7720090293454,0.141740985276366,46.4649888485839,2.92294452256356,"Temperate or Subpolar Needleaf Forest",14.3500003814697,129.6,0.912889003753662,14.3333333333333,110.7437954,110.7437954,0,605,488.521859577132,500,69,95.12195122,86.17886179,50.43312182,40.59100214,65.85365854,63.41463415,c(-122.3211, 37.93756)
"417","Mira Vista Park","MVP","11/19/2023","12/04/2023",15,"","CA",116424.111111111,44.0222222222222,38.7946898638937,3242.39542640626,1258.68138708827,18714.0625,18574,18264.1818181818,19703.8,7,18358.1410416433,0.0233849948926397,785039.343644306,405.90863206474,61.7720090293454,0.141740985276366,46.4649888485839,2.92294452256356,"Temperate or Subpolar Needleaf Forest",14.3500003814697,129.6,0.912889003753662,13.1666666666667,119.9981846,119.9981846,0,824,488.521859577132,500,69,95.12195122,86.17886179,50.43312182,40.59100214,65.85365854,63.41463415,c(-122.3211, 37.93756)
"418","Mira Vista Park","MVP","11/19/2023","12/04/2023",15,"","CA",116424.111111111,44.0222222222222,38.7946898638937,3242.39542640626,1258.68138708827,18714.0625,18574,18264.1818181818,19703.8,7,18358.1410416433,0.0233849948926397,785039.343644306,405.90863206474,61.7720090293454,0.141740985276366,46.4649888485839,2.92294452256356,"Temperate or Subpolar Needleaf Forest",14.3500003814697,129.6,0.912889003753662,13.8333333333333,50.8121614,50.8121614,0,399,488.521859577132,500,69,95.12195122,86.17886179,50.43312182,40.59100214,65.85365854,63.41463415,c(-122.3211, 37.93756)
"419","Mirmalek Home",NA,"11/23/2022","12/07/2022",14,"","CA",186198.2,46.22,60.9822500014792,2108.85254331135,814.452149096953,3720.2,3664,3580.09090909091,4105.5,1,13302.3123173695,0.0169447715265053,785039.343644252,479.237611455772,37.1106094808126,0.185048919838761,169.709638498231,2.43119004729991,"Urban and Built-up",14,119.25,0.797368288040161,9.5,544.445314,544.445314,0,1161,504.102549711032,500,70,28.45528455,19.51219512,34.38327414,27.72027739,22.76422764,19.51219512,c(-122.226323, 37.844884)
"420","Mirmalek Home",NA,"11/23/2022","12/07/2022",14,"","CA",186198.2,46.22,60.9822500014792,2108.85254331135,814.452149096953,3720.2,3664,3580.09090909091,4105.5,1,13302.3123173695,0.0169447715265053,785039.343644252,479.237611455772,37.1106094808126,0.185048919838761,169.709638498231,2.43119004729991,"Urban and Built-up",14,119.25,0.797368288040161,12.5,138.296928,138.296928,0,623,504.102549711032,500,70,28.45528455,19.51219512,34.38327414,27.72027739,22.76422764,19.51219512,c(-122.226323, 37.844884)
"421","Mirmalek Home",NA,"11/23/2022","12/07/2022",14,"","CA",186198.2,46.22,60.9822500014792,2108.85254331135,814.452149096953,3720.2,3664,3580.09090909091,4105.5,1,13302.3123173695,0.0169447715265053,785039.343644252,479.237611455772,37.1106094808126,0.185048919838761,169.709638498231,2.43119004729991,"Urban and Built-up",14,119.25,0.797368288040161,15.8333333333333,105.3990224,105.3990224,0,625,504.102549711032,500,70,28.45528455,19.51219512,34.38327414,27.72027739,22.76422764,19.51219512,c(-122.226323, 37.844884)
"422","Mirmalek Home",NA,"11/23/2022","12/07/2022",14,"","CA",186198.2,46.22,60.9822500014792,2108.85254331135,814.452149096953,3720.2,3664,3580.09090909091,4105.5,1,13302.3123173695,0.0169447715265053,785039.343644252,479.237611455772,37.1106094808126,0.185048919838761,169.709638498231,2.43119004729991,"Urban and Built-up",14,119.25,0.797368288040161,15.5,102.3483258,102.3483258,0,543,504.102549711032,500,70,28.45528455,19.51219512,34.38327414,27.72027739,22.76422764,19.51219512,c(-122.226323, 37.844884)
"423","Mirmalek Home",NA,"11/23/2022","12/07/2022",14,"","CA",186198.2,46.22,60.9822500014792,2108.85254331135,814.452149096953,3720.2,3664,3580.09090909091,4105.5,1,13302.3123173695,0.0169447715265053,785039.343644252,479.237611455772,37.1106094808126,0.185048919838761,169.709638498231,2.43119004729991,"Urban and Built-up",14,119.25,0.797368288040161,11.6666666666667,251.2329946,244.9882834,6.2447112,616,504.102549711032,500,70,28.45528455,19.51219512,34.38327414,27.72027739,22.76422764,19.51219512,c(-122.226323, 37.844884)
"424","Monarch Bay Golf Club",NA,"11/28/2023","12/05/2023",7,"IOR","CA",105951,39.64,16.2481856421442,1051.16153572744,356.83405529058,8825.75,8404,7933.16666666667,11503.5,7,7427.33687185711,0.00946110144923328,785039.343644181,464.078774823895,31.7722660653889,0.188269164263093,2.55260149338248,2.32692385365716,"Urban and Built-up",14.3500003814697,99,0.701546430587769,14.1666666666667,682.0266404,141.1316592,540.8949812,432,1569.3788958838,500,71,56.91056911,69.10569106,61.00003949,43.30442354,71.54471545,95.93495935,c(-122.185248, 37.694999)
"425","Monarch Bay Golf Club",NA,"11/28/2023","12/05/2023",7,"IOR","CA",105951,39.64,16.2481856421442,1051.16153572744,356.83405529058,8825.75,8404,7933.16666666667,11503.5,7,7427.33687185711,0.00946110144923328,785039.343644181,464.078774823895,31.7722660653889,0.188269164263093,2.55260149338248,2.32692385365716,"Urban and Built-up",14.3500003814697,99,0.701546430587769,13.3333333333333,296.3040346,296.3040346,0,1305,1569.3788958838,500,71,56.91056911,69.10569106,61.00003949,43.30442354,71.54471545,95.93495935,c(-122.185248, 37.694999)
"426","Monarch Bay Golf Club",NA,"11/28/2023","12/05/2023",7,"IOR","CA",105951,39.64,16.2481856421442,1051.16153572744,356.83405529058,8825.75,8404,7933.16666666667,11503.5,7,7427.33687185711,0.00946110144923328,785039.343644181,464.078774823895,31.7722660653889,0.188269164263093,2.55260149338248,2.32692385365716,"Urban and Built-up",14.3500003814697,99,0.701546430587769,13.5,1173.7650302,831.3644906,342.4005396,960,1569.3788958838,500,71,56.91056911,69.10569106,61.00003949,43.30442354,71.54471545,95.93495935,c(-122.185248, 37.694999)
"427","Monarch Bay Golf Club",NA,"11/28/2023","12/05/2023",7,"IOR","CA",105951,39.64,16.2481856421442,1051.16153572744,356.83405529058,8825.75,8404,7933.16666666667,11503.5,7,7427.33687185711,0.00946110144923328,785039.343644181,464.078774823895,31.7722660653889,0.188269164263093,2.55260149338248,2.32692385365716,"Urban and Built-up",14.3500003814697,99,0.701546430587769,11,710.1107909,710.1107909,0,826,1569.3788958838,500,71,56.91056911,69.10569106,61.00003949,43.30442354,71.54471545,95.93495935,c(-122.185248, 37.694999)
"428","Monarch Bay Golf Club",NA,"11/28/2023","12/05/2023",7,"IOR","CA",105951,39.64,16.2481856421442,1051.16153572744,356.83405529058,8825.75,8404,7933.16666666667,11503.5,7,7427.33687185711,0.00946110144923328,785039.343644181,464.078774823895,31.7722660653889,0.188269164263093,2.55260149338248,2.32692385365716,"Urban and Built-up",14.3500003814697,99,0.701546430587769,11.6666666666667,335.497554,335.497554,0,584,1569.3788958838,500,71,56.91056911,69.10569106,61.00003949,43.30442354,71.54471545,95.93495935,c(-122.185248, 37.694999)
"429","Morello-Frosch Home",NA,"11/22/2022","12/03/2022",11,"","CA",93664.25,36.5666666666667,45.3372192657198,5321.82210303161,2489.21259538343,20952.1666666667,22322.5,20328.2222222222,22824,14,17721.6835303875,0.0225742616263386,785039.343643943,402.259789770061,67.0441176470589,0.120386034810116,16.7945749746204,3.64502400762975,"Urban and Built-up",14.25,115.4,0.940840601921082,14.8333333333333,38.9417245,38.9417245,0,365,1550.99922500511,500,72,78.04878049,73.98373984,60.13210098,50.29299012,81.30081301,83.7398374,c(-122.291413, 37.865678)
"430","Morello-Frosch Home",NA,"11/22/2022","12/03/2022",11,"","CA",93664.25,36.5666666666667,45.3372192657198,5321.82210303161,2489.21259538343,20952.1666666667,22322.5,20328.2222222222,22824,14,17721.6835303875,0.0225742616263386,785039.343643943,402.259789770061,67.0441176470589,0.120386034810116,16.7945749746204,3.64502400762975,"Urban and Built-up",14.25,115.4,0.940840601921082,19.5,2268.6782265,819.5938821,1449.0843444,556,1550.99922500511,500,72,78.04878049,73.98373984,60.13210098,50.29299012,81.30081301,83.7398374,c(-122.291413, 37.865678)
"431","Morello-Frosch Home",NA,"11/22/2022","12/03/2022",11,"","CA",93664.25,36.5666666666667,45.3372192657198,5321.82210303161,2489.21259538343,20952.1666666667,22322.5,20328.2222222222,22824,14,17721.6835303875,0.0225742616263386,785039.343643943,402.259789770061,67.0441176470589,0.120386034810116,16.7945749746204,3.64502400762975,"Urban and Built-up",14.25,115.4,0.940840601921082,17,87.0298555,87.0298555,0,920,1550.99922500511,500,72,78.04878049,73.98373984,60.13210098,50.29299012,81.30081301,83.7398374,c(-122.291413, 37.865678)
"432","Morello-Frosch Home",NA,"11/22/2022","12/03/2022",11,"","CA",93664.25,36.5666666666667,45.3372192657198,5321.82210303161,2489.21259538343,20952.1666666667,22322.5,20328.2222222222,22824,14,17721.6835303875,0.0225742616263386,785039.343643943,402.259789770061,67.0441176470589,0.120386034810116,16.7945749746204,3.64502400762975,"Urban and Built-up",14.25,115.4,0.940840601921082,15.5,51.0076175,51.0076175,0,554,1550.99922500511,500,72,78.04878049,73.98373984,60.13210098,50.29299012,81.30081301,83.7398374,c(-122.291413, 37.865678)
"433","Morello-Frosch Home",NA,"11/22/2022","12/03/2022",11,"","CA",93664.25,36.5666666666667,45.3372192657198,5321.82210303161,2489.21259538343,20952.1666666667,22322.5,20328.2222222222,22824,14,17721.6835303875,0.0225742616263386,785039.343643943,402.259789770061,67.0441176470589,0.120386034810116,16.7945749746204,3.64502400762975,"Urban and Built-up",14.25,115.4,0.940840601921082,18,38.0546355,38.0546355,0,368,1550.99922500511,500,72,78.04878049,73.98373984,60.13210098,50.29299012,81.30081301,83.7398374,c(-122.291413, 37.865678)
"434","Morello-Frosch Home",NA,"11/22/2022","12/03/2022",11,"","CA",93664.25,36.5666666666667,45.3372192657198,5321.82210303161,2489.21259538343,20952.1666666667,22322.5,20328.2222222222,22824,14,17721.6835303875,0.0225742616263386,785039.343643943,402.259789770061,67.0441176470589,0.120386034810116,16.7945749746204,3.64502400762975,"Urban and Built-up",14.25,115.4,0.940840601921082,17.3333333333333,68.182303,68.182303,0,757,1550.99922500511,500,72,78.04878049,73.98373984,60.13210098,50.29299012,81.30081301,83.7398374,c(-122.291413, 37.865678)
"435","Morello-Frosch Home",NA,"11/22/2022","12/03/2022",11,"","CA",93664.25,36.5666666666667,45.3372192657198,5321.82210303161,2489.21259538343,20952.1666666667,22322.5,20328.2222222222,22824,14,17721.6835303875,0.0225742616263386,785039.343643943,402.259789770061,67.0441176470589,0.120386034810116,16.7945749746204,3.64502400762975,"Urban and Built-up",14.25,115.4,0.940840601921082,15.5,39.8134933,39.8134933,0,396,1550.99922500511,500,72,78.04878049,73.98373984,60.13210098,50.29299012,81.30081301,83.7398374,c(-122.291413, 37.865678)
"436","Morello-Frosch Home",NA,"11/22/2022","12/03/2022",11,"","CA",93664.25,36.5666666666667,45.3372192657198,5321.82210303161,2489.21259538343,20952.1666666667,22322.5,20328.2222222222,22824,14,17721.6835303875,0.0225742616263386,785039.343643943,402.259789770061,67.0441176470589,0.120386034810116,16.7945749746204,3.64502400762975,"Urban and Built-up",14.25,115.4,0.940840601921082,16.1666666666667,57.9417377,57.9417377,0,694,1550.99922500511,500,72,78.04878049,73.98373984,60.13210098,50.29299012,81.30081301,83.7398374,c(-122.291413, 37.865678)
"437","Morello-Frosch Home",NA,"11/22/2022","12/03/2022",11,"","CA",93664.25,36.5666666666667,45.3372192657198,5321.82210303161,2489.21259538343,20952.1666666667,22322.5,20328.2222222222,22824,14,17721.6835303875,0.0225742616263386,785039.343643943,402.259789770061,67.0441176470589,0.120386034810116,16.7945749746204,3.64502400762975,"Urban and Built-up",14.25,115.4,0.940840601921082,15,54.9281061,54.9281061,0,676,1550.99922500511,500,72,78.04878049,73.98373984,60.13210098,50.29299012,81.30081301,83.7398374,c(-122.291413, 37.865678)
"438","Neumann Home",NA,"11/06/2023","11/22/2023",16,"","CA",116087,39.7,61.1293332875159,6388.72015282447,3013.34022848829,36643.2941176471,37433,36232.5384615385,37978.25,1,14348.1812010849,0.0182770218043873,785039.34364409,498.478609115503,58.1867266591676,0.153809686987826,54.6105738116386,2.94317294875332,"Urban and Built-up",14.3000001907349,120.3,0.934234499931335,11,39.4381484,39.4381484,0,422,412.638026727045,500,73,36.58536585,32.5203252,42.70250638,35.08540885,48.7804878,51.2195122,c(-122.275755, 37.878494)
"439","Neumann Home",NA,"11/06/2023","11/22/2023",16,"","CA",116087,39.7,61.1293332875159,6388.72015282447,3013.34022848829,36643.2941176471,37433,36232.5384615385,37978.25,1,14348.1812010849,0.0182770218043873,785039.34364409,498.478609115503,58.1867266591676,0.153809686987826,54.6105738116386,2.94317294875332,"Urban and Built-up",14.3000001907349,120.3,0.934234499931335,16.6666666666667,34.9569899,34.9569899,0,529,412.638026727045,500,73,36.58536585,32.5203252,42.70250638,35.08540885,48.7804878,51.2195122,c(-122.275755, 37.878494)
"440","Neumann Home",NA,"11/06/2023","11/22/2023",16,"","CA",116087,39.7,61.1293332875159,6388.72015282447,3013.34022848829,36643.2941176471,37433,36232.5384615385,37978.25,1,14348.1812010849,0.0182770218043873,785039.34364409,498.478609115503,58.1867266591676,0.153809686987826,54.6105738116386,2.94317294875332,"Urban and Built-up",14.3000001907349,120.3,0.934234499931335,15.1666666666667,59.7937522,59.7937522,0,622,412.638026727045,500,73,36.58536585,32.5203252,42.70250638,35.08540885,48.7804878,51.2195122,c(-122.275755, 37.878494)
"441","Neumann Home",NA,"11/06/2023","11/22/2023",16,"","CA",116087,39.7,61.1293332875159,6388.72015282447,3013.34022848829,36643.2941176471,37433,36232.5384615385,37978.25,1,14348.1812010849,0.0182770218043873,785039.34364409,498.478609115503,58.1867266591676,0.153809686987826,54.6105738116386,2.94317294875332,"Urban and Built-up",14.3000001907349,120.3,0.934234499931335,17,71.2245982,71.2245982,0,618,412.638026727045,500,73,36.58536585,32.5203252,42.70250638,35.08540885,48.7804878,51.2195122,c(-122.275755, 37.878494)
"442","Neumann Home",NA,"11/06/2023","11/22/2023",16,"","CA",116087,39.7,61.1293332875159,6388.72015282447,3013.34022848829,36643.2941176471,37433,36232.5384615385,37978.25,1,14348.1812010849,0.0182770218043873,785039.34364409,498.478609115503,58.1867266591676,0.153809686987826,54.6105738116386,2.94317294875332,"Urban and Built-up",14.3000001907349,120.3,0.934234499931335,19.3333333333333,35.6098281,35.6098281,0,315,412.638026727045,500,73,36.58536585,32.5203252,42.70250638,35.08540885,48.7804878,51.2195122,c(-122.275755, 37.878494)
"443","Neumann Home",NA,"11/06/2023","11/22/2023",16,"","CA",116087,39.7,61.1293332875159,6388.72015282447,3013.34022848829,36643.2941176471,37433,36232.5384615385,37978.25,1,14348.1812010849,0.0182770218043873,785039.34364409,498.478609115503,58.1867266591676,0.153809686987826,54.6105738116386,2.94317294875332,"Urban and Built-up",14.3000001907349,120.3,0.934234499931335,15,68.2512439,68.2512439,0,477,412.638026727045,500,73,36.58536585,32.5203252,42.70250638,35.08540885,48.7804878,51.2195122,c(-122.275755, 37.878494)
"444","Neumann Home",NA,"11/06/2023","11/22/2023",16,"","CA",116087,39.7,61.1293332875159,6388.72015282447,3013.34022848829,36643.2941176471,37433,36232.5384615385,37978.25,1,14348.1812010849,0.0182770218043873,785039.34364409,498.478609115503,58.1867266591676,0.153809686987826,54.6105738116386,2.94317294875332,"Urban and Built-up",14.3000001907349,120.3,0.934234499931335,15.5,62.3354228,62.3354228,0,493,412.638026727045,500,73,36.58536585,32.5203252,42.70250638,35.08540885,48.7804878,51.2195122,c(-122.275755, 37.878494)
"445","Neumann Home",NA,"11/06/2023","11/22/2023",16,"","CA",116087,39.7,61.1293332875159,6388.72015282447,3013.34022848829,36643.2941176471,37433,36232.5384615385,37978.25,1,14348.1812010849,0.0182770218043873,785039.34364409,498.478609115503,58.1867266591676,0.153809686987826,54.6105738116386,2.94317294875332,"Urban and Built-up",14.3000001907349,120.3,0.934234499931335,16.1666666666667,40.2234322,40.2234322,0,538,412.638026727045,500,73,36.58536585,32.5203252,42.70250638,35.08540885,48.7804878,51.2195122,c(-122.275755, 37.878494)
"446","Nicholl Park",NA,"11/27/2023","12/11/2023",14,"","CA",64483.1666666667,36.5285714285714,10.4973026986744,3926.09060261833,1456.07631636847,15306.4,15219,14769.2727272727,16783.5,1,13124.1030997308,0.0167177647922855,785039.343644017,372.571419173334,63.5670800450958,0.132369152638893,15.6031937005385,3.42111514969448,"Urban and Built-up",14.3500003814697,128.1,0.92610114812851,18,62.4975204,62.4975204,0,401,380.390834252985,500,74,99.18699187,98.37398374,56.59650758,48.06415558,78.04878049,77.23577236,c(-122.3403681, 37.9314647)
"447","Nicholl Park",NA,"11/27/2023","12/11/2023",14,"","CA",64483.1666666667,36.5285714285714,10.4973026986744,3926.09060261833,1456.07631636847,15306.4,15219,14769.2727272727,16783.5,1,13124.1030997308,0.0167177647922855,785039.343644017,372.571419173334,63.5670800450958,0.132369152638893,15.6031937005385,3.42111514969448,"Urban and Built-up",14.3500003814697,128.1,0.92610114812851,16.5,47.065137,47.065137,0,442,380.390834252985,500,74,99.18699187,98.37398374,56.59650758,48.06415558,78.04878049,77.23577236,c(-122.3403681, 37.9314647)
"448","Nicholl Park",NA,"11/27/2023","12/11/2023",14,"","CA",64483.1666666667,36.5285714285714,10.4973026986744,3926.09060261833,1456.07631636847,15306.4,15219,14769.2727272727,16783.5,1,13124.1030997308,0.0167177647922855,785039.343644017,372.571419173334,63.5670800450958,0.132369152638893,15.6031937005385,3.42111514969448,"Urban and Built-up",14.3500003814697,128.1,0.92610114812851,17.1666666666667,124.9038609,124.9038609,0,564,380.390834252985,500,74,99.18699187,98.37398374,56.59650758,48.06415558,78.04878049,77.23577236,c(-122.3403681, 37.9314647)
"449","Nicholl Park",NA,"11/27/2023","12/11/2023",14,"","CA",64483.1666666667,36.5285714285714,10.4973026986744,3926.09060261833,1456.07631636847,15306.4,15219,14769.2727272727,16783.5,1,13124.1030997308,0.0167177647922855,785039.343644017,372.571419173334,63.5670800450958,0.132369152638893,15.6031937005385,3.42111514969448,"Urban and Built-up",14.3500003814697,128.1,0.92610114812851,14.1666666666667,90.2703249,90.2703249,0,697,380.390834252985,500,74,99.18699187,98.37398374,56.59650758,48.06415558,78.04878049,77.23577236,c(-122.3403681, 37.9314647)
"450","Nicholl Park",NA,"11/27/2023","12/11/2023",14,"","CA",64483.1666666667,36.5285714285714,10.4973026986744,3926.09060261833,1456.07631636847,15306.4,15219,14769.2727272727,16783.5,1,13124.1030997308,0.0167177647922855,785039.343644017,372.571419173334,63.5670800450958,0.132369152638893,15.6031937005385,3.42111514969448,"Urban and Built-up",14.3500003814697,128.1,0.92610114812851,16.8333333333333,83.7639348,83.7639348,0,349,380.390834252985,500,74,99.18699187,98.37398374,56.59650758,48.06415558,78.04878049,77.23577236,c(-122.3403681, 37.9314647)
"451","Nicholl Park",NA,"11/27/2023","12/11/2023",14,"","CA",64483.1666666667,36.5285714285714,10.4973026986744,3926.09060261833,1456.07631636847,15306.4,15219,14769.2727272727,16783.5,1,13124.1030997308,0.0167177647922855,785039.343644017,372.571419173334,63.5670800450958,0.132369152638893,15.6031937005385,3.42111514969448,"Urban and Built-up",14.3500003814697,128.1,0.92610114812851,16,80.5691789,80.5691789,0,455,380.390834252985,500,74,99.18699187,98.37398374,56.59650758,48.06415558,78.04878049,77.23577236,c(-122.3403681, 37.9314647)
"452","Nicholl Park",NA,"11/27/2023","12/11/2023",14,"","CA",64483.1666666667,36.5285714285714,10.4973026986744,3926.09060261833,1456.07631636847,15306.4,15219,14769.2727272727,16783.5,1,13124.1030997308,0.0167177647922855,785039.343644017,372.571419173334,63.5670800450958,0.132369152638893,15.6031937005385,3.42111514969448,"Urban and Built-up",14.3500003814697,128.1,0.92610114812851,14.8333333333333,87.2789323,87.2789323,0,526,380.390834252985,500,74,99.18699187,98.37398374,56.59650758,48.06415558,78.04878049,77.23577236,c(-122.3403681, 37.9314647)
"453","Nicholl Park",NA,"11/27/2023","12/11/2023",14,"","CA",64483.1666666667,36.5285714285714,10.4973026986744,3926.09060261833,1456.07631636847,15306.4,15219,14769.2727272727,16783.5,1,13124.1030997308,0.0167177647922855,785039.343644017,372.571419173334,63.5670800450958,0.132369152638893,15.6031937005385,3.42111514969448,"Urban and Built-up",14.3500003814697,128.1,0.92610114812851,14,53.4217845,53.4217845,0,545,380.390834252985,500,74,99.18699187,98.37398374,56.59650758,48.06415558,78.04878049,77.23577236,c(-122.3403681, 37.9314647)
"454","North Richmond Ballpark","NRB","11/08/2023","11/22/2023",14,"","CA",62270,34.25,4.42049843776909,1862.40807329965,552.505421764248,7182.6,7215,7027.45454545455,7609.25,1,11590.9841398652,0.0147648448879757,785039.34364422,413.383941335749,64.939529675252,0.159904069826412,6.14929040137949,3.17714873089102,"Urban and Built-up",14.3500003814697,129.9,0.892365515232086,11.5,1552.7326633,1213.844156,338.8885073,874,991.851895671353,500,75,94.30894309,99.18699187,60.52621317,57.4118888,94.30894309,91.8699187,c(-122.36488, 37.96078)
"455","North Richmond Ballpark","NRB","11/08/2023","11/22/2023",14,"","CA",62270,34.25,4.42049843776909,1862.40807329965,552.505421764248,7182.6,7215,7027.45454545455,7609.25,1,11590.9841398652,0.0147648448879757,785039.34364422,413.383941335749,64.939529675252,0.159904069826412,6.14929040137949,3.17714873089102,"Urban and Built-up",14.3500003814697,129.9,0.892365515232086,13.1666666666667,171.062388,171.062388,0,805,991.851895671353,500,75,94.30894309,99.18699187,60.52621317,57.4118888,94.30894309,91.8699187,c(-122.36488, 37.96078)
"456","Ochoa Home",NA,"12/08/2023","12/22/2023",14,"","CA",107113.4,39.06,19.6075789239085,2510.79395448488,967.836371848283,7329,7151,6778.72727272727,8842.25,1,9518.63859982225,0.0121250465685391,785039.343644278,295.383767690353,42.7207207207207,0.152324365597204,13.514985857796,2.38867460014271,"Urban and Built-up",14.75,123.2,0.82755172252655,16.6666666666667,314.8656924,312.0334322,2.8322602,1509,3219.41693639084,500,76,71.54471545,60.97560976,42.25086926,38.27008345,58.53658537,49.59349593,c(-122.2953581, 38.0093192)
"457","Ochoa Home",NA,"12/08/2023","12/22/2023",14,"","CA",107113.4,39.06,19.6075789239085,2510.79395448488,967.836371848283,7329,7151,6778.72727272727,8842.25,1,9518.63859982225,0.0121250465685391,785039.343644278,295.383767690353,42.7207207207207,0.152324365597204,13.514985857796,2.38867460014271,"Urban and Built-up",14.75,123.2,0.82755172252655,15.6666666666667,377.8648258,195.9463464,181.9184794,1065,3219.41693639084,500,76,71.54471545,60.97560976,42.25086926,38.27008345,58.53658537,49.59349593,c(-122.2953581, 38.0093192)
"458","Ochoa Home",NA,"12/08/2023","12/22/2023",14,"","CA",107113.4,39.06,19.6075789239085,2510.79395448488,967.836371848283,7329,7151,6778.72727272727,8842.25,1,9518.63859982225,0.0121250465685391,785039.343644278,295.383767690353,42.7207207207207,0.152324365597204,13.514985857796,2.38867460014271,"Urban and Built-up",14.75,123.2,0.82755172252655,16.1666666666667,638.9751487,420.8797467,218.095402,2485,3219.41693639084,500,76,71.54471545,60.97560976,42.25086926,38.27008345,58.53658537,49.59349593,c(-122.2953581, 38.0093192)
"459","Ochoa Home",NA,"12/08/2023","12/22/2023",14,"","CA",107113.4,39.06,19.6075789239085,2510.79395448488,967.836371848283,7329,7151,6778.72727272727,8842.25,1,9518.63859982225,0.0121250465685391,785039.343644278,295.383767690353,42.7207207207207,0.152324365597204,13.514985857796,2.38867460014271,"Urban and Built-up",14.75,123.2,0.82755172252655,14.5,183.2824714,157.4763358,25.8061356,670,3219.41693639084,500,76,71.54471545,60.97560976,42.25086926,38.27008345,58.53658537,49.59349593,c(-122.2953581, 38.0093192)
"460","Osborne Home",NA,"12/01/2023","12/15/2023",14,"","CA",121994,51.6,23.3012896868895,860.844394525032,319.210101177429,8565,8565,8565,NA,1,8486.41655880596,0.0108101799323993,785039.343644154,226.710115031434,26.4186307519642,0.23046137172417,163.967051387283,2.0874685612885,"Urban and Built-up",14.0500001907349,103.1,0.643657028675079,10.1666666666667,465.8610894,465.8610894,0,602,966.264620565635,500,77,32.5203252,10.56910569,37.48539346,33.99515574,45.52845528,34.95934959,c(-122.1263676, 37.7533085)
"461","Osborne Home",NA,"12/01/2023","12/15/2023",14,"","CA",121994,51.6,23.3012896868895,860.844394525032,319.210101177429,8565,8565,8565,NA,1,8486.41655880596,0.0108101799323993,785039.343644154,226.710115031434,26.4186307519642,0.23046137172417,163.967051387283,2.0874685612885,"Urban and Built-up",14.0500001907349,103.1,0.643657028675079,12.8333333333333,157.7241771,157.7241771,0,396,966.264620565635,500,77,32.5203252,10.56910569,37.48539346,33.99515574,45.52845528,34.95934959,c(-122.1263676, 37.7533085)
"462","Osborne Home",NA,"12/01/2023","12/15/2023",14,"","CA",121994,51.6,23.3012896868895,860.844394525032,319.210101177429,8565,8565,8565,NA,1,8486.41655880596,0.0108101799323993,785039.343644154,226.710115031434,26.4186307519642,0.23046137172417,163.967051387283,2.0874685612885,"Urban and Built-up",14.0500001907349,103.1,0.643657028675079,8.83333333333333,384.5310896,384.5310896,0,5,966.264620565635,500,77,32.5203252,10.56910569,37.48539346,33.99515574,45.52845528,34.95934959,c(-122.1263676, 37.7533085)
"463","Osborne Home",NA,"12/01/2023","12/15/2023",14,"","CA",121994,51.6,23.3012896868895,860.844394525032,319.210101177429,8565,8565,8565,NA,1,8486.41655880596,0.0108101799323993,785039.343644154,226.710115031434,26.4186307519642,0.23046137172417,163.967051387283,2.0874685612885,"Urban and Built-up",14.0500001907349,103.1,0.643657028675079,6,609.8899961,609.8899961,0,971,966.264620565635,500,77,32.5203252,10.56910569,37.48539346,33.99515574,45.52845528,34.95934959,c(-122.1263676, 37.7533085)
"464","Oyster Bay Regional Shoreline","OBRS","11/30/2023","12/14/2023",14,"","CA",85331,33.3,13.3640552995392,487.786181007511,151.95754707783,4420.8,4532,4759.27272727273,3490,1,731.217762299185,0.000931440912126641,785039.343644127,278.099123724227,23.5486425339366,0.139167261927479,9.60564959551158,3.06385999411143,"Urban and Built-up",14.3500003814697,98.9,0.770279467105865,13.5,1173.7650302,831.3644906,342.4005396,960,1438.76775247848,500,78,97.56097561,79.67479675,61.08829774,61.00135599,99.18699187,96.74796748,c(-122.194922, 37.706867)
"465","OZ Cali Trail",NA,"02/17/2023","02/24/2023",7,"","CA",113750,52.6,18.8294517224648,495.331974084812,163.928813318174,4727.25,4267.5,4222.5,6241.5,1,2952.8883145267,0.0037614526436585,785039.343644275,459.370816010345,12.3292134831461,0.253525357164833,172.594816678858,1.93153268380939,"Urban and Built-up",14.0500001907349,101.5,0.685464024543762,8.83333333333333,384.5310896,384.5310896,0,5,832.299941069998,500,NA,NA,NA,NA,NA,NA,NA,c(-122.137289, 37.752537)
"466","OZ Cali Trail",NA,"02/17/2023","02/24/2023",7,"","CA",113750,52.6,18.8294517224648,495.331974084812,163.928813318174,4727.25,4267.5,4222.5,6241.5,1,2952.8883145267,0.0037614526436585,785039.343644275,459.370816010345,12.3292134831461,0.253525357164833,172.594816678858,1.93153268380939,"Urban and Built-up",14.0500001907349,101.5,0.685464024543762,6,609.8899961,609.8899961,0,971,832.299941069998,500,NA,NA,NA,NA,NA,NA,NA,c(-122.137289, 37.752537)
"467","OZ Creek",NA,"02/17/2023","03/11/2023",22,"","CA",110802.25,34.4,14.9405924666851,2209.73405659326,781.973396298537,7099.17391304348,7256,7534.5,6104.14285714286,1,10178.1634530558,0.0129651635111803,785039.343644126,304.420657450753,25.0995475113122,0.256262217188,86.9599069707534,2.62879569719581,"Urban and Built-up",14.25,100.2,0.761401176452637,9.66666666666667,95.8710935,95.8710935,0,319,428.094479075636,500,80,50.40650407,40.6504065,37.48539346,36.53529895,53.65853659,34.95934959,c(-122.14673, 37.752737)
"468","OZ Creek",NA,"02/17/2023","03/11/2023",22,"","CA",110802.25,34.4,14.9405924666851,2209.73405659326,781.973396298537,7099.17391304348,7256,7534.5,6104.14285714286,1,10178.1634530558,0.0129651635111803,785039.343644126,304.420657450753,25.0995475113122,0.256262217188,86.9599069707534,2.62879569719581,"Urban and Built-up",14.25,100.2,0.761401176452637,12.1666666666667,95.3739283,95.3739283,0,317,428.094479075636,500,80,50.40650407,40.6504065,37.48539346,36.53529895,53.65853659,34.95934959,c(-122.14673, 37.752737)
"469","OZ Creek",NA,"02/17/2023","03/11/2023",22,"","CA",110802.25,34.4,14.9405924666851,2209.73405659326,781.973396298537,7099.17391304348,7256,7534.5,6104.14285714286,1,10178.1634530558,0.0129651635111803,785039.343644126,304.420657450753,25.0995475113122,0.256262217188,86.9599069707534,2.62879569719581,"Urban and Built-up",14.25,100.2,0.761401176452637,8.83333333333333,384.5310896,384.5310896,0,5,428.094479075636,500,80,50.40650407,40.6504065,37.48539346,36.53529895,53.65853659,34.95934959,c(-122.14673, 37.752737)
"470","OZ Creek",NA,"02/17/2023","03/11/2023",22,"","CA",110802.25,34.4,14.9405924666851,2209.73405659326,781.973396298537,7099.17391304348,7256,7534.5,6104.14285714286,1,10178.1634530558,0.0129651635111803,785039.343644126,304.420657450753,25.0995475113122,0.256262217188,86.9599069707534,2.62879569719581,"Urban and Built-up",14.25,100.2,0.761401176452637,16.3333333333333,112.6126127,112.6126127,0,636,428.094479075636,500,80,50.40650407,40.6504065,37.48539346,36.53529895,53.65853659,34.95934959,c(-122.14673, 37.752737)
"471","OZ Creek",NA,"02/17/2023","03/11/2023",22,"","CA",110802.25,34.4,14.9405924666851,2209.73405659326,781.973396298537,7099.17391304348,7256,7534.5,6104.14285714286,1,10178.1634530558,0.0129651635111803,785039.343644126,304.420657450753,25.0995475113122,0.256262217188,86.9599069707534,2.62879569719581,"Urban and Built-up",14.25,100.2,0.761401176452637,13.3333333333333,159.8381176,159.8381176,0,738,428.094479075636,500,80,50.40650407,40.6504065,37.48539346,36.53529895,53.65853659,34.95934959,c(-122.14673, 37.752737)
"472","OZ SEKI Gate",NA,"02/17/2023","03/11/2023",22,"","CA",86139,41.5,14.7072846785403,1940.02731028296,746.128815338766,12380.347826087,12619,12910.625,11168.2857142857,1,9025.18163992569,0.0114964704801034,785039.343644237,394.992559697629,31.8626126126125,0.217538073685586,83.0782646308876,2.64057023176398,"Urban and Built-up",14.25,98.4,0.761401176452637,8.83333333333333,384.5310896,384.5310896,0,5,428.094479075636,500,81,51.2195122,47.15447154,37.48539346,36.77394489,55.28455285,34.95934959,c(-122.146167, 37.748906)
"473","OZ SEKI Gate",NA,"02/17/2023","03/11/2023",22,"","CA",86139,41.5,14.7072846785403,1940.02731028296,746.128815338766,12380.347826087,12619,12910.625,11168.2857142857,1,9025.18163992569,0.0114964704801034,785039.343644237,394.992559697629,31.8626126126125,0.217538073685586,83.0782646308876,2.64057023176398,"Urban and Built-up",14.25,98.4,0.761401176452637,14.3333333333333,81.22177,81.22177,0,539,428.094479075636,500,81,51.2195122,47.15447154,37.48539346,36.77394489,55.28455285,34.95934959,c(-122.146167, 37.748906)
"474","OZ SEKI Gate",NA,"02/17/2023","03/11/2023",22,"","CA",86139,41.5,14.7072846785403,1940.02731028296,746.128815338766,12380.347826087,12619,12910.625,11168.2857142857,1,9025.18163992569,0.0114964704801034,785039.343644237,394.992559697629,31.8626126126125,0.217538073685586,83.0782646308876,2.64057023176398,"Urban and Built-up",14.25,98.4,0.761401176452637,16.3333333333333,112.6126127,112.6126127,0,636,428.094479075636,500,81,51.2195122,47.15447154,37.48539346,36.77394489,55.28455285,34.95934959,c(-122.146167, 37.748906)
"475","OZ SEKI Gate",NA,"02/17/2023","03/11/2023",22,"","CA",86139,41.5,14.7072846785403,1940.02731028296,746.128815338766,12380.347826087,12619,12910.625,11168.2857142857,1,9025.18163992569,0.0114964704801034,785039.343644237,394.992559697629,31.8626126126125,0.217538073685586,83.0782646308876,2.64057023176398,"Urban and Built-up",14.25,98.4,0.761401176452637,6,609.8899961,609.8899961,0,971,428.094479075636,500,81,51.2195122,47.15447154,37.48539346,36.77394489,55.28455285,34.95934959,c(-122.146167, 37.748906)
"476","Phoenixx Home",NA,"01/27/2023","02/03/2023",7,"","CA",84898.75,46.075,32.1494830148259,1851.09026755195,690.946654421026,4191,4104.5,4228.5,4078.5,1,8383.8925682824,0.0106795826682591,785039.343644039,445.122961797512,33.3513513513514,0.215691945535118,98.049352604449,2.32981775778757,"Urban and Built-up",14.4499998092651,131.7,0.778644144535065,12.3333333333333,182.7736925,182.7736925,0,1046,1588.95534929165,500,82,69.10569106,58.53658537,40.8486294,38.53451849,60.97560976,45.52845528,c(-122.291056, 37.980515)
"477","Phoenixx Home",NA,"01/27/2023","02/03/2023",7,"","CA",84898.75,46.075,32.1494830148259,1851.09026755195,690.946654421026,4191,4104.5,4228.5,4078.5,1,8383.8925682824,0.0106795826682591,785039.343644039,445.122961797512,33.3513513513514,0.215691945535118,98.049352604449,2.32981775778757,"Urban and Built-up",14.4499998092651,131.7,0.778644144535065,12.1666666666667,464.9142022,464.9142022,0,890,1588.95534929165,500,82,69.10569106,58.53658537,40.8486294,38.53451849,60.97560976,45.52845528,c(-122.291056, 37.980515)
"478","Phoenixx Home",NA,"01/27/2023","02/03/2023",7,"","CA",84898.75,46.075,32.1494830148259,1851.09026755195,690.946654421026,4191,4104.5,4228.5,4078.5,1,8383.8925682824,0.0106795826682591,785039.343644039,445.122961797512,33.3513513513514,0.215691945535118,98.049352604449,2.32981775778757,"Urban and Built-up",14.4499998092651,131.7,0.778644144535065,14.1666666666667,205.2563331,205.2563331,0,1015,1588.95534929165,500,82,69.10569106,58.53658537,40.8486294,38.53451849,60.97560976,45.52845528,c(-122.291056, 37.980515)
"479","Phoenixx Home",NA,"01/27/2023","02/03/2023",7,"","CA",84898.75,46.075,32.1494830148259,1851.09026755195,690.946654421026,4191,4104.5,4228.5,4078.5,1,8383.8925682824,0.0106795826682591,785039.343644039,445.122961797512,33.3513513513514,0.215691945535118,98.049352604449,2.32981775778757,"Urban and Built-up",14.4499998092651,131.7,0.778644144535065,12.1666666666667,126.4835712,126.4835712,0,573,1588.95534929165,500,82,69.10569106,58.53658537,40.8486294,38.53451849,60.97560976,45.52845528,c(-122.291056, 37.980515)
"480","Picone Home",NA,"11/23/2022","12/07/2022",14,"","CA",62996.75,32.3666666666667,7.99386755840482,4704.1067846321,1621.94965525765,8781.2,8935,8790.27272727273,8756.25,1,13295.3845143625,0.0169359467420422,785039.343643996,494.835777818661,64.2038288288288,0.121362855060399,27.4749609267044,3.33345602058724,"Urban and Built-up",14.3000001907349,99.4,0.917117238044739,11.5,186.6057193,186.6057193,0,381,1798.89866675626,500,83,52.03252033,56.91056911,35.83212578,30.6057035,29.26829268,30.08130081,c(-122.16558, 37.761143)
"481","Picone Home",NA,"11/23/2022","12/07/2022",14,"","CA",62996.75,32.3666666666667,7.99386755840482,4704.1067846321,1621.94965525765,8781.2,8935,8790.27272727273,8756.25,1,13295.3845143625,0.0169359467420422,785039.343643996,494.835777818661,64.2038288288288,0.121362855060399,27.4749609267044,3.33345602058724,"Urban and Built-up",14.3000001907349,99.4,0.917117238044739,13.8333333333333,30.5988872,30.5988872,0,394,1798.89866675626,500,83,52.03252033,56.91056911,35.83212578,30.6057035,29.26829268,30.08130081,c(-122.16558, 37.761143)
"482","Picone Home",NA,"11/23/2022","12/07/2022",14,"","CA",62996.75,32.3666666666667,7.99386755840482,4704.1067846321,1621.94965525765,8781.2,8935,8790.27272727273,8756.25,1,13295.3845143625,0.0169359467420422,785039.343643996,494.835777818661,64.2038288288288,0.121362855060399,27.4749609267044,3.33345602058724,"Urban and Built-up",14.3000001907349,99.4,0.917117238044739,12.6666666666667,48.1106171,48.1106171,0,405,1798.89866675626,500,83,52.03252033,56.91056911,35.83212578,30.6057035,29.26829268,30.08130081,c(-122.16558, 37.761143)
"483","Picone Home",NA,"11/23/2022","12/07/2022",14,"","CA",62996.75,32.3666666666667,7.99386755840482,4704.1067846321,1621.94965525765,8781.2,8935,8790.27272727273,8756.25,1,13295.3845143625,0.0169359467420422,785039.343643996,494.835777818661,64.2038288288288,0.121362855060399,27.4749609267044,3.33345602058724,"Urban and Built-up",14.3000001907349,99.4,0.917117238044739,14,56.1552047,56.1552047,0,568,1798.89866675626,500,83,52.03252033,56.91056911,35.83212578,30.6057035,29.26829268,30.08130081,c(-122.16558, 37.761143)
"484","Picone Home",NA,"11/23/2022","12/07/2022",14,"","CA",62996.75,32.3666666666667,7.99386755840482,4704.1067846321,1621.94965525765,8781.2,8935,8790.27272727273,8756.25,1,13295.3845143625,0.0169359467420422,785039.343643996,494.835777818661,64.2038288288288,0.121362855060399,27.4749609267044,3.33345602058724,"Urban and Built-up",14.3000001907349,99.4,0.917117238044739,15.5,65.0824335,65.0824335,0,436,1798.89866675626,500,83,52.03252033,56.91056911,35.83212578,30.6057035,29.26829268,30.08130081,c(-122.16558, 37.761143)
"485","Picone Home",NA,"11/23/2022","12/07/2022",14,"","CA",62996.75,32.3666666666667,7.99386755840482,4704.1067846321,1621.94965525765,8781.2,8935,8790.27272727273,8756.25,1,13295.3845143625,0.0169359467420422,785039.343643996,494.835777818661,64.2038288288288,0.121362855060399,27.4749609267044,3.33345602058724,"Urban and Built-up",14.3000001907349,99.4,0.917117238044739,11.1666666666667,60.8547996,60.8547996,0,352,1798.89866675626,500,83,52.03252033,56.91056911,35.83212578,30.6057035,29.26829268,30.08130081,c(-122.16558, 37.761143)
"486","Picone Home",NA,"11/23/2022","12/07/2022",14,"","CA",62996.75,32.3666666666667,7.99386755840482,4704.1067846321,1621.94965525765,8781.2,8935,8790.27272727273,8756.25,1,13295.3845143625,0.0169359467420422,785039.343643996,494.835777818661,64.2038288288288,0.121362855060399,27.4749609267044,3.33345602058724,"Urban and Built-up",14.3000001907349,99.4,0.917117238044739,13.3333333333333,159.8381176,159.8381176,0,738,1798.89866675626,500,83,52.03252033,56.91056911,35.83212578,30.6057035,29.26829268,30.08130081,c(-122.16558, 37.761143)
"487","Picone Home",NA,"11/23/2022","12/07/2022",14,"","CA",62996.75,32.3666666666667,7.99386755840482,4704.1067846321,1621.94965525765,8781.2,8935,8790.27272727273,8756.25,1,13295.3845143625,0.0169359467420422,785039.343643996,494.835777818661,64.2038288288288,0.121362855060399,27.4749609267044,3.33345602058724,"Urban and Built-up",14.3000001907349,99.4,0.917117238044739,12.1666666666667,42.866908,42.866908,0,422,1798.89866675626,500,83,52.03252033,56.91056911,35.83212578,30.6057035,29.26829268,30.08130081,c(-122.16558, 37.761143)
"488","Picone Home",NA,"11/23/2022","12/07/2022",14,"","CA",62996.75,32.3666666666667,7.99386755840482,4704.1067846321,1621.94965525765,8781.2,8935,8790.27272727273,8756.25,1,13295.3845143625,0.0169359467420422,785039.343643996,494.835777818661,64.2038288288288,0.121362855060399,27.4749609267044,3.33345602058724,"Urban and Built-up",14.3000001907349,99.4,0.917117238044739,13.6666666666667,43.9711979,43.9711979,0,400,1798.89866675626,500,83,52.03252033,56.91056911,35.83212578,30.6057035,29.26829268,30.08130081,c(-122.16558, 37.761143)
"489","Point Isabel Regional Shoreline","PIRS","11/24/2023","12/02/2023",8,"","CA",94833,46,50.2966101694915,573.289810241531,422.051291987406,13626.1111111111,14075,12191.1666666667,16496,5,837.566559876531,0.00106691029775458,785039.343644236,28.1247765740827,33.4144960362401,0.034414997868066,2.01940016845677,2.78224460530842,"Urban and Built-up",14.3500003814697,124.3,0.460577189922333,14.1666666666667,985.9201044,567.9798593,417.9402451,750,1319.22151078428,500,84,75.6097561,78.04878049,56.59650758,52.46078264,87.80487805,77.23577236,c(-122.32326, 37.89808)
"490","Point Isabel Regional Shoreline","PIRS","11/24/2023","12/02/2023",8,"","CA",94833,46,50.2966101694915,573.289810241531,422.051291987406,13626.1111111111,14075,12191.1666666667,16496,5,837.566559876531,0.00106691029775458,785039.343644236,28.1247765740827,33.4144960362401,0.034414997868066,2.01940016845677,2.78224460530842,"Urban and Built-up",14.3500003814697,124.3,0.460577189922333,12.5,433.4588664,159.3555313,274.1033351,360,1319.22151078428,500,84,75.6097561,78.04878049,56.59650758,52.46078264,87.80487805,77.23577236,c(-122.32326, 37.89808)
"491","Point Molate Beach Park","PMBP","11/24/2023","12/02/2023",8,"","CA",107870,46.2,51.8557794273595,118.239006766146,67.9742409834698,1494,1494,1494,NA,1,2166.27838135201,0.00275945199293587,785039.343644184,12.0137579334374,24.6524184476941,0.103995288558527,39.3486064170536,1.50621962085178,"Urban and Built-up",NA,138.6,NA,10,4753.2687265,3046.313046,1706.9556805,864,3625.46821920173,500,85,86.99186992,52.03252033,60.52621317,60.52621317,96.74796748,91.8699187,c(-122.410266, 37.940785)
"492","Point Pinole East","PPE","11/08/2023","11/22/2023",14,"","CA",60100,35.9,16.8838470382911,1512.66122111653,26.024788518256,2565.26666666667,2526,2768.63636363636,2006,1,3338.29523839842,0.00425239227234327,785039.343644291,110.801096146225,33.7292134831462,0.191510044930215,11.0417232155124,3.22048533618372,"Urban and Built-up",NA,129.6,NA,11,3721.2251832,2459.3638139,1261.8613693,2692,958.508159360208,500,86,73.17073171,30.08130081,51.87585032,51.87585032,84.55284553,65.85365854,c(-122.35264, 38.00112)
"493","Point Pinole South","PPS","11/09/2023","11/15/2023",6,"","CA",72401,36.8,14.142205663683,1506.45842231867,174.066017067305,2004.57142857143,1891,2147,1648.5,1,4544.68550791187,0.00578911814383125,785039.343644176,119.181089099699,13.9044943820225,0.175537594879722,12.2879982398179,2.67624494856631,"Urban and Built-up",NA,129.5,NA,11,3721.2251832,2459.3638139,1261.8613693,2692,958.508159360208,500,87,73.17073171,30.08130081,51.87585032,51.87585032,84.55284553,65.85365854,c(-122.35696, 37.99319)
"494","Point Pinole West","PPW","11/08/2023","11/22/2023",14,"","CA",60100,38,3.42146189735614,153.463126397578,52.049577036512,1075,1075,1075,NA,1,4492.11897300815,0.0057221577611088,785039.343643978,438.849328070332,0,0.186272235310219,9.76515260524518,0.634055260932588,"Urban and Built-up",NA,130.9,NA,11,3721.2251832,2459.3638139,1261.8613693,2692,1184.38730516924,500,88,73.17073171,30.08130081,51.87585032,51.87585032,84.55284553,65.85365854,c(-122.36557, 38.00415)
"495","Rifle Range Road Trailhead","RRR","11/19/2023","12/11/2023",22,"","CA",147581.25,48.25,48.9511214900827,1058.19947889307,456.234389344153,5478.25,5468.5,5478.25,NA,1,4992.96550822397,0.00636014684951621,785039.343644049,394.641218180607,5.85762711864406,0.314472721148393,170.526673532592,1.58818999020687,"Urban and Built-up",14.1499996185303,134.4,0.552838504314423,12.5,402.8095708,402.8095708,0,930,967.770809066389,500,89,37.39837398,45.52845528,33.35097919,25.11595866,14.63414634,11.38211382,c(-122.29759, 37.9345)
"496","Rifle Range Road Trailhead","RRR","11/19/2023","12/11/2023",22,"","CA",147581.25,48.25,48.9511214900827,1058.19947889307,456.234389344153,5478.25,5468.5,5478.25,NA,1,4992.96550822397,0.00636014684951621,785039.343644049,394.641218180607,5.85762711864406,0.314472721148393,170.526673532592,1.58818999020687,"Urban and Built-up",14.1499996185303,134.4,0.552838504314423,17.6666666666667,169.0166471,169.0166471,0,542,967.770809066389,500,89,37.39837398,45.52845528,33.35097919,25.11595866,14.63414634,11.38211382,c(-122.29759, 37.9345)
"497","Rifle Range Road Trailhead","RRR","11/19/2023","12/11/2023",22,"","CA",147581.25,48.25,48.9511214900827,1058.19947889307,456.234389344153,5478.25,5468.5,5478.25,NA,1,4992.96550822397,0.00636014684951621,785039.343644049,394.641218180607,5.85762711864406,0.314472721148393,170.526673532592,1.58818999020687,"Urban and Built-up",14.1499996185303,134.4,0.552838504314423,10.5,2208.2724076,2208.2724076,0,966,967.770809066389,500,89,37.39837398,45.52845528,33.35097919,25.11595866,14.63414634,11.38211382,c(-122.29759, 37.9345)
"498","Rifle Range Road Trailhead","RRR","11/19/2023","12/11/2023",22,"","CA",147581.25,48.25,48.9511214900827,1058.19947889307,456.234389344153,5478.25,5468.5,5478.25,NA,1,4992.96550822397,0.00636014684951621,785039.343644049,394.641218180607,5.85762711864406,0.314472721148393,170.526673532592,1.58818999020687,"Urban and Built-up",14.1499996185303,134.4,0.552838504314423,13.3333333333333,173.9099684,173.9099684,0,432,967.770809066389,500,89,37.39837398,45.52845528,33.35097919,25.11595866,14.63414634,11.38211382,c(-122.29759, 37.9345)
"499","Roberts Regional-Graham Trail","RR-GT","11/06/2023","11/13/2023",7,"","CA",163752,48.55,58.9988422505263,274.259449857225,107.215231135383,8566,8566,8566,NA,1,1101.13380943759,0.001402647928862,785039.343644105,182.608420122097,1.12612612612613,0.33944735507896,373.407470010855,1.27308278879053,"Temperate or Subpolar Needleaf Forest",13.5500001907349,120.2,0.611993908882141,8.83333333333333,787.4103426,787.4103426,0,705,1392.47796553475,500,90,2.43902439,11.38211382,28.7144566,21.27916939,7.317073171,4.06504065,c(-122.17278, 37.80941)
"500","Roberts Regional-Graham Trail","RR-GT","11/06/2023","11/13/2023",7,"","CA",163752,48.55,58.9988422505263,274.259449857225,107.215231135383,8566,8566,8566,NA,1,1101.13380943759,0.001402647928862,785039.343644105,182.608420122097,1.12612612612613,0.33944735507896,373.407470010855,1.27308278879053,"Temperate or Subpolar Needleaf Forest",13.5500001907349,120.2,0.611993908882141,5.5,20001.5524954,19136.5757331,864.9767623,1180,1392.47796553475,500,90,2.43902439,11.38211382,28.7144566,21.27916939,7.317073171,4.06504065,c(-122.17278, 37.80941)
"501","Rokoff Home",NA,"02/09/2023","02/24/2023",15,"","CA",96868.375,39.25,25.8979501721235,5336.71949437696,1995.37477147451,11529.3125,11468,11368.3333333333,12012.25,1,13416.7010005097,0.0170904822912834,785039.343644065,460.107417719089,64.645197740113,0.126997666337377,44.1554219806523,3.26905311655229,"Temperate or Subpolar Needleaf Forest",14.25,101.25,0.933779418468475,12.6666666666667,46.2647801,46.2647801,0,457,945.994840709723,500,91,52.84552846,61.78861789,47.86423727,35.74235838,50.40650407,58.53658537,c(-122.198793, 37.77776)
"502","Rokoff Home",NA,"02/09/2023","02/24/2023",15,"","CA",96868.375,39.25,25.8979501721235,5336.71949437696,1995.37477147451,11529.3125,11468,11368.3333333333,12012.25,1,13416.7010005097,0.0170904822912834,785039.343644065,460.107417719089,64.645197740113,0.126997666337377,44.1554219806523,3.26905311655229,"Temperate or Subpolar Needleaf Forest",14.25,101.25,0.933779418468475,12.3333333333333,50.7538458,50.7538458,0,487,945.994840709723,500,91,52.84552846,61.78861789,47.86423727,35.74235838,50.40650407,58.53658537,c(-122.198793, 37.77776)
"503","Rokoff Home",NA,"02/09/2023","02/24/2023",15,"","CA",96868.375,39.25,25.8979501721235,5336.71949437696,1995.37477147451,11529.3125,11468,11368.3333333333,12012.25,1,13416.7010005097,0.0170904822912834,785039.343644065,460.107417719089,64.645197740113,0.126997666337377,44.1554219806523,3.26905311655229,"Temperate or Subpolar Needleaf Forest",14.25,101.25,0.933779418468475,14,59.4579433,59.4579433,0,537,945.994840709723,500,91,52.84552846,61.78861789,47.86423727,35.74235838,50.40650407,58.53658537,c(-122.198793, 37.77776)
"504","Rokoff Home",NA,"02/09/2023","02/24/2023",15,"","CA",96868.375,39.25,25.8979501721235,5336.71949437696,1995.37477147451,11529.3125,11468,11368.3333333333,12012.25,1,13416.7010005097,0.0170904822912834,785039.343644065,460.107417719089,64.645197740113,0.126997666337377,44.1554219806523,3.26905311655229,"Temperate or Subpolar Needleaf Forest",14.25,101.25,0.933779418468475,13.6666666666667,49.0528094,49.0528094,0,682,945.994840709723,500,91,52.84552846,61.78861789,47.86423727,35.74235838,50.40650407,58.53658537,c(-122.198793, 37.77776)
"505","Rokoff Home",NA,"02/09/2023","02/24/2023",15,"","CA",96868.375,39.25,25.8979501721235,5336.71949437696,1995.37477147451,11529.3125,11468,11368.3333333333,12012.25,1,13416.7010005097,0.0170904822912834,785039.343644065,460.107417719089,64.645197740113,0.126997666337377,44.1554219806523,3.26905311655229,"Temperate or Subpolar Needleaf Forest",14.25,101.25,0.933779418468475,13.8333333333333,50.1556167,50.1556167,0,466,945.994840709723,500,91,52.84552846,61.78861789,47.86423727,35.74235838,50.40650407,58.53658537,c(-122.198793, 37.77776)
"506","Rokoff Home",NA,"02/09/2023","02/24/2023",15,"","CA",96868.375,39.25,25.8979501721235,5336.71949437696,1995.37477147451,11529.3125,11468,11368.3333333333,12012.25,1,13416.7010005097,0.0170904822912834,785039.343644065,460.107417719089,64.645197740113,0.126997666337377,44.1554219806523,3.26905311655229,"Temperate or Subpolar Needleaf Forest",14.25,101.25,0.933779418468475,13.3333333333333,51.7546008,51.7546008,0,502,945.994840709723,500,91,52.84552846,61.78861789,47.86423727,35.74235838,50.40650407,58.53658537,c(-122.198793, 37.77776)
"507","Rokoff Home",NA,"02/09/2023","02/24/2023",15,"","CA",96868.375,39.25,25.8979501721235,5336.71949437696,1995.37477147451,11529.3125,11468,11368.3333333333,12012.25,1,13416.7010005097,0.0170904822912834,785039.343644065,460.107417719089,64.645197740113,0.126997666337377,44.1554219806523,3.26905311655229,"Temperate or Subpolar Needleaf Forest",14.25,101.25,0.933779418468475,14.6666666666667,50.2915217,50.2915217,0,439,945.994840709723,500,91,52.84552846,61.78861789,47.86423727,35.74235838,50.40650407,58.53658537,c(-122.198793, 37.77776)
"508","Rokoff Home",NA,"02/09/2023","02/24/2023",15,"","CA",96868.375,39.25,25.8979501721235,5336.71949437696,1995.37477147451,11529.3125,11468,11368.3333333333,12012.25,1,13416.7010005097,0.0170904822912834,785039.343644065,460.107417719089,64.645197740113,0.126997666337377,44.1554219806523,3.26905311655229,"Temperate or Subpolar Needleaf Forest",14.25,101.25,0.933779418468475,15.1666666666667,50.8665234,50.8665234,0,368,945.994840709723,500,91,52.84552846,61.78861789,47.86423727,35.74235838,50.40650407,58.53658537,c(-122.198793, 37.77776)
"509","Scharnagl Home","ASH","11/23/2022","12/03/2022",10,"Retired from UWIN","CA",170146,43.9833333333333,63.3732740053867,1882.61496573297,754.9579782531,9212.54545454545,8962,9223.5,9183.33333333333,1,15517.2896797699,0.019766257328886,785039.343644146,83.4061110105763,26.1571268237935,0.229445479064258,202.33631142703,2.46428294877538,"Temperate or Subpolar Needleaf Forest",13.9499998092651,114.4,0.830656409263611,11,168.1078133,168.1078133,0,690,940.064157931755,500,92,13.00813008,8.130081301,34.38327414,28.08323082,25.20325203,19.51219512,c(-122.217325, 37.831654)
"510","Scharnagl Home","ASH","11/23/2022","12/03/2022",10,"Retired from UWIN","CA",170146,43.9833333333333,63.3732740053867,1882.61496573297,754.9579782531,9212.54545454545,8962,9223.5,9183.33333333333,1,15517.2896797699,0.019766257328886,785039.343644146,83.4061110105763,26.1571268237935,0.229445479064258,202.33631142703,2.46428294877538,"Temperate or Subpolar Needleaf Forest",13.9499998092651,114.4,0.830656409263611,12.5,138.296928,138.296928,0,623,940.064157931755,500,92,13.00813008,8.130081301,34.38327414,28.08323082,25.20325203,19.51219512,c(-122.217325, 37.831654)
"511","Scharnagl Home","ASH","11/23/2022","12/03/2022",10,"Retired from UWIN","CA",170146,43.9833333333333,63.3732740053867,1882.61496573297,754.9579782531,9212.54545454545,8962,9223.5,9183.33333333333,1,15517.2896797699,0.019766257328886,785039.343644146,83.4061110105763,26.1571268237935,0.229445479064258,202.33631142703,2.46428294877538,"Temperate or Subpolar Needleaf Forest",13.9499998092651,114.4,0.830656409263611,17.6666666666667,266.6448687,266.6448687,0,997,940.064157931755,500,92,13.00813008,8.130081301,34.38327414,28.08323082,25.20325203,19.51219512,c(-122.217325, 37.831654)
"512","Scharnagl Home","ASH","11/23/2022","12/03/2022",10,"Retired from UWIN","CA",170146,43.9833333333333,63.3732740053867,1882.61496573297,754.9579782531,9212.54545454545,8962,9223.5,9183.33333333333,1,15517.2896797699,0.019766257328886,785039.343644146,83.4061110105763,26.1571268237935,0.229445479064258,202.33631142703,2.46428294877538,"Temperate or Subpolar Needleaf Forest",13.9499998092651,114.4,0.830656409263611,15.5,102.3483258,102.3483258,0,543,940.064157931755,500,92,13.00813008,8.130081301,34.38327414,28.08323082,25.20325203,19.51219512,c(-122.217325, 37.831654)
"513","Scharnagl Home","ASH","11/23/2022","12/03/2022",10,"Retired from UWIN","CA",170146,43.9833333333333,63.3732740053867,1882.61496573297,754.9579782531,9212.54545454545,8962,9223.5,9183.33333333333,1,15517.2896797699,0.019766257328886,785039.343644146,83.4061110105763,26.1571268237935,0.229445479064258,202.33631142703,2.46428294877538,"Temperate or Subpolar Needleaf Forest",13.9499998092651,114.4,0.830656409263611,10.5,270.0971028,268.8267617,1.2703411,872,940.064157931755,500,92,13.00813008,8.130081301,34.38327414,28.08323082,25.20325203,19.51219512,c(-122.217325, 37.831654)
"514","Scharnagl Home","ASH","11/23/2022","12/03/2022",10,"Retired from UWIN","CA",170146,43.9833333333333,63.3732740053867,1882.61496573297,754.9579782531,9212.54545454545,8962,9223.5,9183.33333333333,1,15517.2896797699,0.019766257328886,785039.343644146,83.4061110105763,26.1571268237935,0.229445479064258,202.33631142703,2.46428294877538,"Temperate or Subpolar Needleaf Forest",13.9499998092651,114.4,0.830656409263611,12.6666666666667,465.3552757,465.3552757,0,590,940.064157931755,500,92,13.00813008,8.130081301,34.38327414,28.08323082,25.20325203,19.51219512,c(-122.217325, 37.831654)
"515","Schell Home","CSH","11/21/2022","12/02/2022",11,"","CA",103454.6,43.72,28.6108259490682,1672.71209242131,589.591943093965,4174.75,4032,4316.4,3466.5,1,7298.89081730722,0.00929748410242138,785039.343644195,386.601016493271,43.9831271091115,0.187990187464687,50.911020876435,2.58180024075877,"Urban and Built-up",14.4499998092651,134.5,0.82026045024395,12.3333333333333,224.4028766,224.4028766,0,716,1588.95534929165,500,93,39.83739837,50.40650407,40.8486294,25.07091916,13.82113821,45.52845528,c(-122.290044, 37.966222)
"516","Schell Home","CSH","11/21/2022","12/02/2022",11,"","CA",103454.6,43.72,28.6108259490682,1672.71209242131,589.591943093965,4174.75,4032,4316.4,3466.5,1,7298.89081730722,0.00929748410242138,785039.343644195,386.601016493271,43.9831271091115,0.187990187464687,50.911020876435,2.58180024075877,"Urban and Built-up",14.4499998092651,134.5,0.82026045024395,12.3333333333333,182.7736925,182.7736925,0,1046,1588.95534929165,500,93,39.83739837,50.40650407,40.8486294,25.07091916,13.82113821,45.52845528,c(-122.290044, 37.966222)
"517","Schell Home","CSH","11/21/2022","12/02/2022",11,"","CA",103454.6,43.72,28.6108259490682,1672.71209242131,589.591943093965,4174.75,4032,4316.4,3466.5,1,7298.89081730722,0.00929748410242138,785039.343644195,386.601016493271,43.9831271091115,0.187990187464687,50.911020876435,2.58180024075877,"Urban and Built-up",14.4499998092651,134.5,0.82026045024395,11.5,147.7304647,147.7304647,0,543,1588.95534929165,500,93,39.83739837,50.40650407,40.8486294,25.07091916,13.82113821,45.52845528,c(-122.290044, 37.966222)
"518","Schell Home","CSH","11/21/2022","12/02/2022",11,"","CA",103454.6,43.72,28.6108259490682,1672.71209242131,589.591943093965,4174.75,4032,4316.4,3466.5,1,7298.89081730722,0.00929748410242138,785039.343644195,386.601016493271,43.9831271091115,0.187990187464687,50.911020876435,2.58180024075877,"Urban and Built-up",14.4499998092651,134.5,0.82026045024395,8.66666666666667,1690.0696078,1690.0696078,0,858,1588.95534929165,500,93,39.83739837,50.40650407,40.8486294,25.07091916,13.82113821,45.52845528,c(-122.290044, 37.966222)
"519","Schell Home","CSH","11/21/2022","12/02/2022",11,"","CA",103454.6,43.72,28.6108259490682,1672.71209242131,589.591943093965,4174.75,4032,4316.4,3466.5,1,7298.89081730722,0.00929748410242138,785039.343644195,386.601016493271,43.9831271091115,0.187990187464687,50.911020876435,2.58180024075877,"Urban and Built-up",14.4499998092651,134.5,0.82026045024395,11.3333333333333,508.4332071,508.4332071,0,892,1588.95534929165,500,93,39.83739837,50.40650407,40.8486294,25.07091916,13.82113821,45.52845528,c(-122.290044, 37.966222)
"520","Scott Home",NA,"11/27/2022","12/11/2022",14,"","CA",194649.375,52.075,70.024064501092,2805.66074612747,1171.9220604872,3661,3753,3747,3489,1,12728.8914552284,0.0162143356995806,785039.343644378,391.791148577296,35.8565022421525,0.214938070862248,165.593421928872,2.2051055976364,"Urban and Built-up",14,129.65,0.875012844800949,15.3333333333333,107.1853083,107.1853083,0,531,1129.37156077281,500,94,21.13821138,20.32520325,31.43515873,21.92927807,9.756097561,8.130081301,c(-122.275291, 37.90107)
"521","Scott Home",NA,"11/27/2022","12/11/2022",14,"","CA",194649.375,52.075,70.024064501092,2805.66074612747,1171.9220604872,3661,3753,3747,3489,1,12728.8914552284,0.0162143356995806,785039.343644378,391.791148577296,35.8565022421525,0.214938070862248,165.593421928872,2.2051055976364,"Urban and Built-up",14,129.65,0.875012844800949,11.6666666666667,63.4851791,63.1123052,0.3728739,301,1129.37156077281,500,94,21.13821138,20.32520325,31.43515873,21.92927807,9.756097561,8.130081301,c(-122.275291, 37.90107)
"522","Scott Home",NA,"11/27/2022","12/11/2022",14,"","CA",194649.375,52.075,70.024064501092,2805.66074612747,1171.9220604872,3661,3753,3747,3489,1,12728.8914552284,0.0162143356995806,785039.343644378,391.791148577296,35.8565022421525,0.214938070862248,165.593421928872,2.2051055976364,"Urban and Built-up",14,129.65,0.875012844800949,17.3333333333333,51.221359,51.221359,0,319,1129.37156077281,500,94,21.13821138,20.32520325,31.43515873,21.92927807,9.756097561,8.130081301,c(-122.275291, 37.90107)
"523","Scott Home",NA,"11/27/2022","12/11/2022",14,"","CA",194649.375,52.075,70.024064501092,2805.66074612747,1171.9220604872,3661,3753,3747,3489,1,12728.8914552284,0.0162143356995806,785039.343644378,391.791148577296,35.8565022421525,0.214938070862248,165.593421928872,2.2051055976364,"Urban and Built-up",14,129.65,0.875012844800949,16.1666666666667,123.0750738,123.0750738,0,570,1129.37156077281,500,94,21.13821138,20.32520325,31.43515873,21.92927807,9.756097561,8.130081301,c(-122.275291, 37.90107)
"524","Scott Home",NA,"11/27/2022","12/11/2022",14,"","CA",194649.375,52.075,70.024064501092,2805.66074612747,1171.9220604872,3661,3753,3747,3489,1,12728.8914552284,0.0162143356995806,785039.343644378,391.791148577296,35.8565022421525,0.214938070862248,165.593421928872,2.2051055976364,"Urban and Built-up",14,129.65,0.875012844800949,14.6666666666667,71.4287028,71.4287028,0,326,1129.37156077281,500,94,21.13821138,20.32520325,31.43515873,21.92927807,9.756097561,8.130081301,c(-122.275291, 37.90107)
"525","Scott Home",NA,"11/27/2022","12/11/2022",14,"","CA",194649.375,52.075,70.024064501092,2805.66074612747,1171.9220604872,3661,3753,3747,3489,1,12728.8914552284,0.0162143356995806,785039.343644378,391.791148577296,35.8565022421525,0.214938070862248,165.593421928872,2.2051055976364,"Urban and Built-up",14,129.65,0.875012844800949,13.1666666666667,76.9975955,76.9975955,0,350,1129.37156077281,500,94,21.13821138,20.32520325,31.43515873,21.92927807,9.756097561,8.130081301,c(-122.275291, 37.90107)
"526","Scott Home",NA,"11/27/2022","12/11/2022",14,"","CA",194649.375,52.075,70.024064501092,2805.66074612747,1171.9220604872,3661,3753,3747,3489,1,12728.8914552284,0.0162143356995806,785039.343644378,391.791148577296,35.8565022421525,0.214938070862248,165.593421928872,2.2051055976364,"Urban and Built-up",14,129.65,0.875012844800949,11.8333333333333,228.8914481,228.8914481,0,890,1129.37156077281,500,94,21.13821138,20.32520325,31.43515873,21.92927807,9.756097561,8.130081301,c(-122.275291, 37.90107)
"527","Scott Home",NA,"11/27/2022","12/11/2022",14,"","CA",194649.375,52.075,70.024064501092,2805.66074612747,1171.9220604872,3661,3753,3747,3489,1,12728.8914552284,0.0162143356995806,785039.343644378,391.791148577296,35.8565022421525,0.214938070862248,165.593421928872,2.2051055976364,"Urban and Built-up",14,129.65,0.875012844800949,12.3333333333333,63.6519716,57.6738813,5.9780903,377,1129.37156077281,500,94,21.13821138,20.32520325,31.43515873,21.92927807,9.756097561,8.130081301,c(-122.275291, 37.90107)
"528","Shannon Home",NA,"11/21/2022","12/06/2022",15,"","CA",78178.5,38.5,31.8358850157338,3096.34225720896,1275.9586402418,10049.5,9767,9897.91666666667,10504.25,1,18332.1974915025,0.0233519474405024,785039.343644057,387.45543297599,61.3622047244094,0.123928117253571,10.5064526197475,3.06982495308827,"Urban and Built-up",14.3500003814697,126.5,0.941314518451691,14.1666666666667,985.9201044,567.9798593,417.9402451,750,600.661715009413,500,95,81.30081301,76.42276423,56.59650758,52.96412455,89.43089431,77.23577236,c(-122.320163, 37.91391)
"529","Shannon Home",NA,"11/21/2022","12/06/2022",15,"","CA",78178.5,38.5,31.8358850157338,3096.34225720896,1275.9586402418,10049.5,9767,9897.91666666667,10504.25,1,18332.1974915025,0.0233519474405024,785039.343644057,387.45543297599,61.3622047244094,0.123928117253571,10.5064526197475,3.06982495308827,"Urban and Built-up",14.3500003814697,126.5,0.941314518451691,12.3333333333333,156.6764731,156.6764731,0,1126,600.661715009413,500,95,81.30081301,76.42276423,56.59650758,52.96412455,89.43089431,77.23577236,c(-122.320163, 37.91391)
"530","Shannon Home",NA,"11/21/2022","12/06/2022",15,"","CA",78178.5,38.5,31.8358850157338,3096.34225720896,1275.9586402418,10049.5,9767,9897.91666666667,10504.25,1,18332.1974915025,0.0233519474405024,785039.343644057,387.45543297599,61.3622047244094,0.123928117253571,10.5064526197475,3.06982495308827,"Urban and Built-up",14.3500003814697,126.5,0.941314518451691,14.5,141.4407813,141.4407813,0,733,600.661715009413,500,95,81.30081301,76.42276423,56.59650758,52.96412455,89.43089431,77.23577236,c(-122.320163, 37.91391)
"531","Shannon Home",NA,"11/21/2022","12/06/2022",15,"","CA",78178.5,38.5,31.8358850157338,3096.34225720896,1275.9586402418,10049.5,9767,9897.91666666667,10504.25,1,18332.1974915025,0.0233519474405024,785039.343644057,387.45543297599,61.3622047244094,0.123928117253571,10.5064526197475,3.06982495308827,"Urban and Built-up",14.3500003814697,126.5,0.941314518451691,14.3333333333333,96.2271646,96.2271646,0,851,600.661715009413,500,95,81.30081301,76.42276423,56.59650758,52.96412455,89.43089431,77.23577236,c(-122.320163, 37.91391)
"532","Shannon Home",NA,"11/21/2022","12/06/2022",15,"","CA",78178.5,38.5,31.8358850157338,3096.34225720896,1275.9586402418,10049.5,9767,9897.91666666667,10504.25,1,18332.1974915025,0.0233519474405024,785039.343644057,387.45543297599,61.3622047244094,0.123928117253571,10.5064526197475,3.06982495308827,"Urban and Built-up",14.3500003814697,126.5,0.941314518451691,16.5,148.7210886,148.7210886,0,897,600.661715009413,500,95,81.30081301,76.42276423,56.59650758,52.96412455,89.43089431,77.23577236,c(-122.320163, 37.91391)
"533","Sherman Home",NA,"11/22/2022","12/02/2022",10,"Wilson Sherman #2","CA",186306.2,51.08,67.9690383065967,2091.58307937126,866.980538172583,4074,3987,4029.77777777778,4273,1,12784.918184616,0.0162857037524618,785039.343644175,471.513234929026,22.6129753914989,0.233997911164055,286.540273083381,1.88564839289246,"Urban and Built-up",13.75,131.4,0.739448994398117,14.1666666666667,119.7463897,118.8481812,0.8982085,457,855.756102391557,500,96,12.19512195,38.21138211,33.62227227,20.09189324,2.43902439,12.19512195,c(-122.257487, 37.892485)
"534","Sherman Home",NA,"11/22/2022","12/02/2022",10,"Wilson Sherman #2","CA",186306.2,51.08,67.9690383065967,2091.58307937126,866.980538172583,4074,3987,4029.77777777778,4273,1,12784.918184616,0.0162857037524618,785039.343644175,471.513234929026,22.6129753914989,0.233997911164055,286.540273083381,1.88564839289246,"Urban and Built-up",13.75,131.4,0.739448994398117,12,125.1697405,125.1697405,0,487,855.756102391557,500,96,12.19512195,38.21138211,33.62227227,20.09189324,2.43902439,12.19512195,c(-122.257487, 37.892485)
"535","Sherman Home",NA,"11/22/2022","12/02/2022",10,"Wilson Sherman #2","CA",186306.2,51.08,67.9690383065967,2091.58307937126,866.980538172583,4074,3987,4029.77777777778,4273,1,12784.918184616,0.0162857037524618,785039.343644175,471.513234929026,22.6129753914989,0.233997911164055,286.540273083381,1.88564839289246,"Urban and Built-up",13.75,131.4,0.739448994398117,14.6666666666667,110.1416127,110.1416127,0,481,855.756102391557,500,96,12.19512195,38.21138211,33.62227227,20.09189324,2.43902439,12.19512195,c(-122.257487, 37.892485)
"536","Sherman Home",NA,"11/22/2022","12/02/2022",10,"Wilson Sherman #2","CA",186306.2,51.08,67.9690383065967,2091.58307937126,866.980538172583,4074,3987,4029.77777777778,4273,1,12784.918184616,0.0162857037524618,785039.343644175,471.513234929026,22.6129753914989,0.233997911164055,286.540273083381,1.88564839289246,"Urban and Built-up",13.75,131.4,0.739448994398117,14,164.0667399,164.0667399,0,527,855.756102391557,500,96,12.19512195,38.21138211,33.62227227,20.09189324,2.43902439,12.19512195,c(-122.257487, 37.892485)
"537","Sherman Home",NA,"11/22/2022","12/02/2022",10,"Wilson Sherman #2","CA",186306.2,51.08,67.9690383065967,2091.58307937126,866.980538172583,4074,3987,4029.77777777778,4273,1,12784.918184616,0.0162857037524618,785039.343644175,471.513234929026,22.6129753914989,0.233997911164055,286.540273083381,1.88564839289246,"Urban and Built-up",13.75,131.4,0.739448994398117,11.1666666666667,104.6159625,104.6159625,0,406,855.756102391557,500,96,12.19512195,38.21138211,33.62227227,20.09189324,2.43902439,12.19512195,c(-122.257487, 37.892485)
"538","Sherman Home",NA,"11/22/2022","12/02/2022",10,"Wilson Sherman #2","CA",186306.2,51.08,67.9690383065967,2091.58307937126,866.980538172583,4074,3987,4029.77777777778,4273,1,12784.918184616,0.0162857037524618,785039.343644175,471.513234929026,22.6129753914989,0.233997911164055,286.540273083381,1.88564839289246,"Urban and Built-up",13.75,131.4,0.739448994398117,4,17980.3370117,16534.8341347,1445.502877,977,855.756102391557,500,96,12.19512195,38.21138211,33.62227227,20.09189324,2.43902439,12.19512195,c(-122.257487, 37.892485)
"539","Sherrer Home",NA,"02/09/2023","02/24/2023",15,"","CA",160104.2,44.72,34.173686123921,3527.17516509266,1179.45055326709,5468.0625,5464,5459.75,5493,1,14017.4812384976,0.0178557690795854,785039.343644056,406.477198364063,42.3638418079096,0.139993336020859,3.76054190763542,2.5706715670096,"Urban and Built-up",NA,101.85,NA,13.8333333333333,264.9092383,179.8781747,85.0310636,1144,1373.73094376958,500,97,7.317073171,4.87804878,38.98745264,31.30182149,31.70731707,41.46341463,c(-122.249759, 37.740986)
"540","Sherrer Home",NA,"02/09/2023","02/24/2023",15,"","CA",160104.2,44.72,34.173686123921,3527.17516509266,1179.45055326709,5468.0625,5464,5459.75,5493,1,14017.4812384976,0.0178557690795854,785039.343644056,406.477198364063,42.3638418079096,0.139993336020859,3.76054190763542,2.5706715670096,"Urban and Built-up",NA,101.85,NA,17.6666666666667,211.5326731,211.5326731,0,1288,1373.73094376958,500,97,7.317073171,4.87804878,38.98745264,31.30182149,31.70731707,41.46341463,c(-122.249759, 37.740986)
"541","Sherrer Home",NA,"02/09/2023","02/24/2023",15,"","CA",160104.2,44.72,34.173686123921,3527.17516509266,1179.45055326709,5468.0625,5464,5459.75,5493,1,14017.4812384976,0.0178557690795854,785039.343644056,406.477198364063,42.3638418079096,0.139993336020859,3.76054190763542,2.5706715670096,"Urban and Built-up",NA,101.85,NA,15.5,193.0001731,160.7155697,32.2846034,975,1373.73094376958,500,97,7.317073171,4.87804878,38.98745264,31.30182149,31.70731707,41.46341463,c(-122.249759, 37.740986)
"542","Sherrer Home",NA,"02/09/2023","02/24/2023",15,"","CA",160104.2,44.72,34.173686123921,3527.17516509266,1179.45055326709,5468.0625,5464,5459.75,5493,1,14017.4812384976,0.0178557690795854,785039.343644056,406.477198364063,42.3638418079096,0.139993336020859,3.76054190763542,2.5706715670096,"Urban and Built-up",NA,101.85,NA,13.8333333333333,35.9315523,35.9315523,0,491,1373.73094376958,500,97,7.317073171,4.87804878,38.98745264,31.30182149,31.70731707,41.46341463,c(-122.249759, 37.740986)
"543","Sherrer Home",NA,"02/09/2023","02/24/2023",15,"","CA",160104.2,44.72,34.173686123921,3527.17516509266,1179.45055326709,5468.0625,5464,5459.75,5493,1,14017.4812384976,0.0178557690795854,785039.343644056,406.477198364063,42.3638418079096,0.139993336020859,3.76054190763542,2.5706715670096,"Urban and Built-up",NA,101.85,NA,15.5,1243.6730796,848.9807438,394.6923358,1374,1373.73094376958,500,97,7.317073171,4.87804878,38.98745264,31.30182149,31.70731707,41.46341463,c(-122.249759, 37.740986)
"544","Shunick Home",NA,"02/17/2023","02/23/2023",6,"IOR","CA",196266.2,44.72,63.1220970901094,2189.97875004997,787.501487886957,3540.85714285714,3525,3343.2,4035,1,8436.32852682768,0.0107463767200092,785039.343644046,446.559248382109,25.702947845805,0.219484601577095,169.475111509624,2.25672669711353,"Urban and Built-up",14.0500001907349,115.2,0.794014573097229,15.8333333333333,105.3990224,105.3990224,0,625,891.603322570102,500,98,23.57723577,29.26829268,35.0516685,32.06961585,34.95934959,24.3902439,c(-122.227752, 37.833482)
"545","Shunick Home",NA,"02/17/2023","02/23/2023",6,"IOR","CA",196266.2,44.72,63.1220970901094,2189.97875004997,787.501487886957,3540.85714285714,3525,3343.2,4035,1,8436.32852682768,0.0107463767200092,785039.343644046,446.559248382109,25.702947845805,0.219484601577095,169.475111509624,2.25672669711353,"Urban and Built-up",14.0500001907349,115.2,0.794014573097229,15.5,102.3483258,102.3483258,0,543,891.603322570102,500,98,23.57723577,29.26829268,35.0516685,32.06961585,34.95934959,24.3902439,c(-122.227752, 37.833482)
"546","Shunick Home",NA,"02/17/2023","02/23/2023",6,"IOR","CA",196266.2,44.72,63.1220970901094,2189.97875004997,787.501487886957,3540.85714285714,3525,3343.2,4035,1,8436.32852682768,0.0107463767200092,785039.343644046,446.559248382109,25.702947845805,0.219484601577095,169.475111509624,2.25672669711353,"Urban and Built-up",14.0500001907349,115.2,0.794014573097229,10.5,270.0971028,268.8267617,1.2703411,872,891.603322570102,500,98,23.57723577,29.26829268,35.0516685,32.06961585,34.95934959,24.3902439,c(-122.227752, 37.833482)
"547","Shunick Home",NA,"02/17/2023","02/23/2023",6,"IOR","CA",196266.2,44.72,63.1220970901094,2189.97875004997,787.501487886957,3540.85714285714,3525,3343.2,4035,1,8436.32852682768,0.0107463767200092,785039.343644046,446.559248382109,25.702947845805,0.219484601577095,169.475111509624,2.25672669711353,"Urban and Built-up",14.0500001907349,115.2,0.794014573097229,14,122.4642426,122.4642426,0,500,891.603322570102,500,98,23.57723577,29.26829268,35.0516685,32.06961585,34.95934959,24.3902439,c(-122.227752, 37.833482)
"548","Shunick Home",NA,"02/17/2023","02/23/2023",6,"IOR","CA",196266.2,44.72,63.1220970901094,2189.97875004997,787.501487886957,3540.85714285714,3525,3343.2,4035,1,8436.32852682768,0.0107463767200092,785039.343644046,446.559248382109,25.702947845805,0.219484601577095,169.475111509624,2.25672669711353,"Urban and Built-up",14.0500001907349,115.2,0.794014573097229,12.6666666666667,465.3552757,465.3552757,0,590,891.603322570102,500,98,23.57723577,29.26829268,35.0516685,32.06961585,34.95934959,24.3902439,c(-122.227752, 37.833482)
"549","Sibley Volcanic Regional Preserve","SVR","11/06/2023","11/20/2023",14,"","CA",223768.666666667,48.6666666666667,53.044857601275,765.14144614313,350.306520446904,NA,NA,NA,NA,1,2027.040101132,0.00258208727695339,785039.343644383,488.971729791677,1.37387387387387,0.308664649131582,361.821604112465,1.25598208545701,"Urban and Built-up",13.5500001907349,127.4,0.590132236480713,9.5,544.445314,544.445314,0,1161,507.998215745077,500,99,29.26829268,15.44715447,34.01873279,29.15872212,26.82926829,16.2601626,c(-122.2071, 37.85588)
"550","Sibley Volcanic Regional Preserve","SVR","11/06/2023","11/20/2023",14,"","CA",223768.666666667,48.6666666666667,53.044857601275,765.14144614313,350.306520446904,NA,NA,NA,NA,1,2027.040101132,0.00258208727695339,785039.343644383,488.971729791677,1.37387387387387,0.308664649131582,361.821604112465,1.25598208545701,"Urban and Built-up",13.5500001907349,127.4,0.590132236480713,10.1666666666667,1703.5911669,1703.5911669,0,1432,507.998215745077,500,99,29.26829268,15.44715447,34.01873279,29.15872212,26.82926829,16.2601626,c(-122.2071, 37.85588)
"551","Sibley Volcanic Regional Preserve","SVR","11/06/2023","11/20/2023",14,"","CA",223768.666666667,48.6666666666667,53.044857601275,765.14144614313,350.306520446904,NA,NA,NA,NA,1,2027.040101132,0.00258208727695339,785039.343644383,488.971729791677,1.37387387387387,0.308664649131582,361.821604112465,1.25598208545701,"Urban and Built-up",13.5500001907349,127.4,0.590132236480713,11.5,2958.7697167,2958.283671,0.4860457,961,507.998215745077,500,99,29.26829268,15.44715447,34.01873279,29.15872212,26.82926829,16.2601626,c(-122.2071, 37.85588)
"552","Skyline Gate Staging Area","SKSA","11/06/2023","11/20/2023",14,"","CA",171834,49.075,66.1795769218527,1506.19045514626,536.189085649068,2315.33333333333,2399,2307,2338.25,1,6703.28899885785,0.0085387936963035,785039.343644027,86.4309643817375,4.11525423728814,0.299136492621346,374.786059211282,1.50891000828814,"Urban and Built-up",13.5500001907349,123.65,0.605294167995453,6,89.3073762,89.3073762,0,391,1265.29604530478,500,100,0.81300813,2.43902439,31.4845626,19.91680298,0.81300813,8.943089431,c(-122.18439, 37.83056)
"553","Skyline Gate Staging Area","SKSA","11/06/2023","11/20/2023",14,"","CA",171834,49.075,66.1795769218527,1506.19045514626,536.189085649068,2315.33333333333,2399,2307,2338.25,1,6703.28899885785,0.0085387936963035,785039.343644027,86.4309643817375,4.11525423728814,0.299136492621346,374.786059211282,1.50891000828814,"Urban and Built-up",13.5500001907349,123.65,0.605294167995453,14.6666666666667,198.5317537,198.5317537,0,769,1265.29604530478,500,100,0.81300813,2.43902439,31.4845626,19.91680298,0.81300813,8.943089431,c(-122.18439, 37.83056)
"554","Skyline Gate Staging Area","SKSA","11/06/2023","11/20/2023",14,"","CA",171834,49.075,66.1795769218527,1506.19045514626,536.189085649068,2315.33333333333,2399,2307,2338.25,1,6703.28899885785,0.0085387936963035,785039.343644027,86.4309643817375,4.11525423728814,0.299136492621346,374.786059211282,1.50891000828814,"Urban and Built-up",13.5500001907349,123.65,0.605294167995453,6.5,150.4498002,150.4498002,0,548,1265.29604530478,500,100,0.81300813,2.43902439,31.4845626,19.91680298,0.81300813,8.943089431,c(-122.18439, 37.83056)
"555","Skyline Gate Staging Area","SKSA","11/06/2023","11/20/2023",14,"","CA",171834,49.075,66.1795769218527,1506.19045514626,536.189085649068,2315.33333333333,2399,2307,2338.25,1,6703.28899885785,0.0085387936963035,785039.343644027,86.4309643817375,4.11525423728814,0.299136492621346,374.786059211282,1.50891000828814,"Urban and Built-up",13.5500001907349,123.65,0.605294167995453,7.83333333333333,3409.6936111,3409.6936111,0,1153,1265.29604530478,500,100,0.81300813,2.43902439,31.4845626,19.91680298,0.81300813,8.943089431,c(-122.18439, 37.83056)
"556","Skyline Gate Staging Area","SKSA","11/06/2023","11/20/2023",14,"","CA",171834,49.075,66.1795769218527,1506.19045514626,536.189085649068,2315.33333333333,2399,2307,2338.25,1,6703.28899885785,0.0085387936963035,785039.343644027,86.4309643817375,4.11525423728814,0.299136492621346,374.786059211282,1.50891000828814,"Urban and Built-up",13.5500001907349,123.65,0.605294167995453,10.3333333333333,165.7914979,165.7914979,0,557,1265.29604530478,500,100,0.81300813,2.43902439,31.4845626,19.91680298,0.81300813,8.943089431,c(-122.18439, 37.83056)
"557","Sobrante Ridge Regional Preserve","SRRP","11/09/2023","11/18/2023",9,"","CA",128393,49.2,30.6462604296447,728.193783153454,251.732574658763,NA,NA,NA,NA,1,2504.19614069384,0.00318989890247903,785039.343644307,334.284028004394,6.35698198198205,0.277278651090945,178.216362531628,1.33268829997017,"Urban and Built-up",14.25,132.8,0.617947041988373,11.3333333333333,508.4332071,508.4332071,0,892,2501.79548540458,500,101,4.87804878,34.95934959,40.8486294,15.32905257,0,45.52845528,c(-122.26092, 37.96875)
"558","Sobrante Ridge Regional Preserve","SRRP","11/09/2023","11/18/2023",9,"","CA",128393,49.2,30.6462604296447,728.193783153454,251.732574658763,NA,NA,NA,NA,1,2504.19614069384,0.00318989890247903,785039.343644307,334.284028004394,6.35698198198205,0.277278651090945,178.216362531628,1.33268829997017,"Urban and Built-up",14.25,132.8,0.617947041988373,9.83333333333333,943.039853,943.039853,0,863,2501.79548540458,500,101,4.87804878,34.95934959,40.8486294,15.32905257,0,45.52845528,c(-122.26092, 37.96875)
"559","Squire Home",NA,"11/28/2023","12/05/2023",7,"","CA",155336.222222222,43.9444444444444,53.7518588805765,4546.00214032999,1823.08173971247,11293.25,11870,12502.8333333333,7664.5,1,16143.9859823251,0.0205645565576216,785039.343643997,311.201096980079,50.6045197740113,0.165060308662486,51.9526301635886,3.48303286304798,"Urban and Built-up",14.25,105.4,0.925353705883026,15.5,56.2419368,56.2419368,0,578,740.741136396437,500,102,60.16260163,54.47154472,41.72079078,35.93759344,51.2195122,48.7804878,c(-122.229514, 37.807332)
"560","Squire Home",NA,"11/28/2023","12/05/2023",7,"","CA",155336.222222222,43.9444444444444,53.7518588805765,4546.00214032999,1823.08173971247,11293.25,11870,12502.8333333333,7664.5,1,16143.9859823251,0.0205645565576216,785039.343643997,311.201096980079,50.6045197740113,0.165060308662486,51.9526301635886,3.48303286304798,"Urban and Built-up",14.25,105.4,0.925353705883026,15.6666666666667,76.1426295,76.1426295,0,701,740.741136396437,500,102,60.16260163,54.47154472,41.72079078,35.93759344,51.2195122,48.7804878,c(-122.229514, 37.807332)
"561","Squire Home",NA,"11/28/2023","12/05/2023",7,"","CA",155336.222222222,43.9444444444444,53.7518588805765,4546.00214032999,1823.08173971247,11293.25,11870,12502.8333333333,7664.5,1,16143.9859823251,0.0205645565576216,785039.343643997,311.201096980079,50.6045197740113,0.165060308662486,51.9526301635886,3.48303286304798,"Urban and Built-up",14.25,105.4,0.925353705883026,16.3333333333333,93.4240622,93.4240622,0,698,740.741136396437,500,102,60.16260163,54.47154472,41.72079078,35.93759344,51.2195122,48.7804878,c(-122.229514, 37.807332)
"562","Squire Home",NA,"11/28/2023","12/05/2023",7,"","CA",155336.222222222,43.9444444444444,53.7518588805765,4546.00214032999,1823.08173971247,11293.25,11870,12502.8333333333,7664.5,1,16143.9859823251,0.0205645565576216,785039.343643997,311.201096980079,50.6045197740113,0.165060308662486,51.9526301635886,3.48303286304798,"Urban and Built-up",14.25,105.4,0.925353705883026,14.8333333333333,80.5266777,80.5266777,0,522,740.741136396437,500,102,60.16260163,54.47154472,41.72079078,35.93759344,51.2195122,48.7804878,c(-122.229514, 37.807332)
"563","Squire Home",NA,"11/28/2023","12/05/2023",7,"","CA",155336.222222222,43.9444444444444,53.7518588805765,4546.00214032999,1823.08173971247,11293.25,11870,12502.8333333333,7664.5,1,16143.9859823251,0.0205645565576216,785039.343643997,311.201096980079,50.6045197740113,0.165060308662486,51.9526301635886,3.48303286304798,"Urban and Built-up",14.25,105.4,0.925353705883026,15,49.0673883,49.0673883,0,357,740.741136396437,500,102,60.16260163,54.47154472,41.72079078,35.93759344,51.2195122,48.7804878,c(-122.229514, 37.807332)
"564","Squire Home",NA,"11/28/2023","12/05/2023",7,"","CA",155336.222222222,43.9444444444444,53.7518588805765,4546.00214032999,1823.08173971247,11293.25,11870,12502.8333333333,7664.5,1,16143.9859823251,0.0205645565576216,785039.343643997,311.201096980079,50.6045197740113,0.165060308662486,51.9526301635886,3.48303286304798,"Urban and Built-up",14.25,105.4,0.925353705883026,14.3333333333333,69.8092094,69.8092094,0,429,740.741136396437,500,102,60.16260163,54.47154472,41.72079078,35.93759344,51.2195122,48.7804878,c(-122.229514, 37.807332)
"565","Squire Home",NA,"11/28/2023","12/05/2023",7,"","CA",155336.222222222,43.9444444444444,53.7518588805765,4546.00214032999,1823.08173971247,11293.25,11870,12502.8333333333,7664.5,1,16143.9859823251,0.0205645565576216,785039.343643997,311.201096980079,50.6045197740113,0.165060308662486,51.9526301635886,3.48303286304798,"Urban and Built-up",14.25,105.4,0.925353705883026,13.8333333333333,80.7799552,80.7799552,0,741,740.741136396437,500,102,60.16260163,54.47154472,41.72079078,35.93759344,51.2195122,48.7804878,c(-122.229514, 37.807332)
"566","Squire Home",NA,"11/28/2023","12/05/2023",7,"","CA",155336.222222222,43.9444444444444,53.7518588805765,4546.00214032999,1823.08173971247,11293.25,11870,12502.8333333333,7664.5,1,16143.9859823251,0.0205645565576216,785039.343643997,311.201096980079,50.6045197740113,0.165060308662486,51.9526301635886,3.48303286304798,"Urban and Built-up",14.25,105.4,0.925353705883026,13.6666666666667,29.6221009,29.6221009,0,351,740.741136396437,500,102,60.16260163,54.47154472,41.72079078,35.93759344,51.2195122,48.7804878,c(-122.229514, 37.807332)
"567","Squire Home",NA,"11/28/2023","12/05/2023",7,"","CA",155336.222222222,43.9444444444444,53.7518588805765,4546.00214032999,1823.08173971247,11293.25,11870,12502.8333333333,7664.5,1,16143.9859823251,0.0205645565576216,785039.343643997,311.201096980079,50.6045197740113,0.165060308662486,51.9526301635886,3.48303286304798,"Urban and Built-up",14.25,105.4,0.925353705883026,14.1666666666667,64.7033821,64.7033821,0,690,740.741136396437,500,102,60.16260163,54.47154472,41.72079078,35.93759344,51.2195122,48.7804878,c(-122.229514, 37.807332)
"568","Sunset View Cemetery","SVC","02/21/2023","03/07/2023",14,"","CA",155186.5,47.95,64.5029467790139,2359.02758239525,1021.96961132814,6038.6,6600,6497.90909090909,4775.5,1,11361.6589394165,0.0144727255154836,785039.343644099,279.073762035217,32.3634311512416,0.221938853540509,84.7752771404528,2.23008097354496,"Urban and Built-up",14.25,126.9,0.877008080482483,14.8333333333333,66.0429112,66.0429112,0,546,411.493166665083,500,103,19.51219512,22.76422764,39.54378808,27.8813398,23.57723577,43.08943089,c(-122.2867, 37.90574)
"569","Sunset View Cemetery","SVC","02/21/2023","03/07/2023",14,"","CA",155186.5,47.95,64.5029467790139,2359.02758239525,1021.96961132814,6038.6,6600,6497.90909090909,4775.5,1,11361.6589394165,0.0144727255154836,785039.343644099,279.073762035217,32.3634311512416,0.221938853540509,84.7752771404528,2.23008097354496,"Urban and Built-up",14.25,126.9,0.877008080482483,13,112.8599598,112.8599598,0,416,411.493166665083,500,103,19.51219512,22.76422764,39.54378808,27.8813398,23.57723577,43.08943089,c(-122.2867, 37.90574)
"570","Sunset View Cemetery","SVC","02/21/2023","03/07/2023",14,"","CA",155186.5,47.95,64.5029467790139,2359.02758239525,1021.96961132814,6038.6,6600,6497.90909090909,4775.5,1,11361.6589394165,0.0144727255154836,785039.343644099,279.073762035217,32.3634311512416,0.221938853540509,84.7752771404528,2.23008097354496,"Urban and Built-up",14.25,126.9,0.877008080482483,14.8333333333333,87.0958312,87.0958312,0,452,411.493166665083,500,103,19.51219512,22.76422764,39.54378808,27.8813398,23.57723577,43.08943089,c(-122.2867, 37.90574)
"571","Sunset View Cemetery","SVC","02/21/2023","03/07/2023",14,"","CA",155186.5,47.95,64.5029467790139,2359.02758239525,1021.96961132814,6038.6,6600,6497.90909090909,4775.5,1,11361.6589394165,0.0144727255154836,785039.343644099,279.073762035217,32.3634311512416,0.221938853540509,84.7752771404528,2.23008097354496,"Urban and Built-up",14.25,126.9,0.877008080482483,11.8333333333333,228.8914481,228.8914481,0,890,411.493166665083,500,103,19.51219512,22.76422764,39.54378808,27.8813398,23.57723577,43.08943089,c(-122.2867, 37.90574)
"572","Tarvin Home","BTH","11/21/2022","12/06/2022",15,"Retired from UWIN","CA",131238.142857143,49.4428571428571,50.2147116572731,2318.17613354505,1038.08707878846,6779.875,6655.5,6848.33333333333,6574.5,1,14166.8452927329,0.0180460322242816,785039.34364424,457.640948964521,57.3505617977528,0.152799670624058,101.320698237869,2.36722173935034,"Urban and Built-up",14.1499996185303,131,0.912889003753662,17.6666666666667,169.0166471,169.0166471,0,542,693.521928878175,500,104,77.23577236,85.36585366,50.43312182,33.43920268,39.83739837,63.41463415,c(-122.313254, 37.935731)
"573","Tarvin Home","BTH","11/21/2022","12/06/2022",15,"Retired from UWIN","CA",131238.142857143,49.4428571428571,50.2147116572731,2318.17613354505,1038.08707878846,6779.875,6655.5,6848.33333333333,6574.5,1,14166.8452927329,0.0180460322242816,785039.34364424,457.640948964521,57.3505617977528,0.152799670624058,101.320698237869,2.36722173935034,"Urban and Built-up",14.1499996185303,131,0.912889003753662,13,82.7115359,82.7115359,0,527,693.521928878175,500,104,77.23577236,85.36585366,50.43312182,33.43920268,39.83739837,63.41463415,c(-122.313254, 37.935731)
"574","Tarvin Home","BTH","11/21/2022","12/06/2022",15,"Retired from UWIN","CA",131238.142857143,49.4428571428571,50.2147116572731,2318.17613354505,1038.08707878846,6779.875,6655.5,6848.33333333333,6574.5,1,14166.8452927329,0.0180460322242816,785039.34364424,457.640948964521,57.3505617977528,0.152799670624058,101.320698237869,2.36722173935034,"Urban and Built-up",14.1499996185303,131,0.912889003753662,13.3333333333333,81.6008214,81.6008214,0,613,693.521928878175,500,104,77.23577236,85.36585366,50.43312182,33.43920268,39.83739837,63.41463415,c(-122.313254, 37.935731)
"575","Tarvin Home","BTH","11/21/2022","12/06/2022",15,"Retired from UWIN","CA",131238.142857143,49.4428571428571,50.2147116572731,2318.17613354505,1038.08707878846,6779.875,6655.5,6848.33333333333,6574.5,1,14166.8452927329,0.0180460322242816,785039.34364424,457.640948964521,57.3505617977528,0.152799670624058,101.320698237869,2.36722173935034,"Urban and Built-up",14.1499996185303,131,0.912889003753662,14.6666666666667,66.0985087,66.0985087,0,351,693.521928878175,500,104,77.23577236,85.36585366,50.43312182,33.43920268,39.83739837,63.41463415,c(-122.313254, 37.935731)
"576","Tarvin Home","BTH","11/21/2022","12/06/2022",15,"Retired from UWIN","CA",131238.142857143,49.4428571428571,50.2147116572731,2318.17613354505,1038.08707878846,6779.875,6655.5,6848.33333333333,6574.5,1,14166.8452927329,0.0180460322242816,785039.34364424,457.640948964521,57.3505617977528,0.152799670624058,101.320698237869,2.36722173935034,"Urban and Built-up",14.1499996185303,131,0.912889003753662,11.3333333333333,109.0392996,109.0392996,0,389,693.521928878175,500,104,77.23577236,85.36585366,50.43312182,33.43920268,39.83739837,63.41463415,c(-122.313254, 37.935731)
"577","Tarvin Home","BTH","11/21/2022","12/06/2022",15,"Retired from UWIN","CA",131238.142857143,49.4428571428571,50.2147116572731,2318.17613354505,1038.08707878846,6779.875,6655.5,6848.33333333333,6574.5,1,14166.8452927329,0.0180460322242816,785039.34364424,457.640948964521,57.3505617977528,0.152799670624058,101.320698237869,2.36722173935034,"Urban and Built-up",14.1499996185303,131,0.912889003753662,14.3333333333333,110.7437954,110.7437954,0,605,693.521928878175,500,104,77.23577236,85.36585366,50.43312182,33.43920268,39.83739837,63.41463415,c(-122.313254, 37.935731)
"578","Tarvin Home","BTH","11/21/2022","12/06/2022",15,"Retired from UWIN","CA",131238.142857143,49.4428571428571,50.2147116572731,2318.17613354505,1038.08707878846,6779.875,6655.5,6848.33333333333,6574.5,1,14166.8452927329,0.0180460322242816,785039.34364424,457.640948964521,57.3505617977528,0.152799670624058,101.320698237869,2.36722173935034,"Urban and Built-up",14.1499996185303,131,0.912889003753662,13.8333333333333,50.8121614,50.8121614,0,399,693.521928878175,500,104,77.23577236,85.36585366,50.43312182,33.43920268,39.83739837,63.41463415,c(-122.313254, 37.935731)
"579","Temescal Regional Recreation Area","TRRA","11/06/2023","11/13/2023",7,"","CA",210139.4,48.12,62.1783808634018,2057.49633855422,811.046939184775,4994.375,4741,4988.33333333333,5012.5,1,14618.340073733,0.0186211559867517,785039.343644046,487.706174066419,38.7483146067416,0.182673403932921,140.847510259334,2.52396177120125,"Urban and Built-up",14.0500001907349,118.1,0.878584980964661,9.5,544.445314,544.445314,0,1161,504.102549711032,500,105,41.46341463,24.3902439,34.38327414,29.67977055,28.45528455,19.51219512,c(-122.231721, 37.846402)
"580","Temescal Regional Recreation Area","TRRA","11/06/2023","11/13/2023",7,"","CA",210139.4,48.12,62.1783808634018,2057.49633855422,811.046939184775,4994.375,4741,4988.33333333333,5012.5,1,14618.340073733,0.0186211559867517,785039.343644046,487.706174066419,38.7483146067416,0.182673403932921,140.847510259334,2.52396177120125,"Urban and Built-up",14.0500001907349,118.1,0.878584980964661,10.1666666666667,1703.5911669,1703.5911669,0,1432,504.102549711032,500,105,41.46341463,24.3902439,34.38327414,29.67977055,28.45528455,19.51219512,c(-122.231721, 37.846402)
"581","Temescal Regional Recreation Area","TRRA","11/06/2023","11/13/2023",7,"","CA",210139.4,48.12,62.1783808634018,2057.49633855422,811.046939184775,4994.375,4741,4988.33333333333,5012.5,1,14618.340073733,0.0186211559867517,785039.343644046,487.706174066419,38.7483146067416,0.182673403932921,140.847510259334,2.52396177120125,"Urban and Built-up",14.0500001907349,118.1,0.878584980964661,15.5,102.3483258,102.3483258,0,543,504.102549711032,500,105,41.46341463,24.3902439,34.38327414,29.67977055,28.45528455,19.51219512,c(-122.231721, 37.846402)
"582","Temescal Regional Recreation Area","TRRA","11/06/2023","11/13/2023",7,"","CA",210139.4,48.12,62.1783808634018,2057.49633855422,811.046939184775,4994.375,4741,4988.33333333333,5012.5,1,14618.340073733,0.0186211559867517,785039.343644046,487.706174066419,38.7483146067416,0.182673403932921,140.847510259334,2.52396177120125,"Urban and Built-up",14.0500001907349,118.1,0.878584980964661,14.6666666666667,84.9114672,84.9114672,0,431,504.102549711032,500,105,41.46341463,24.3902439,34.38327414,29.67977055,28.45528455,19.51219512,c(-122.231721, 37.846402)
"583","Temescal Regional Recreation Area","TRRA","11/06/2023","11/13/2023",7,"","CA",210139.4,48.12,62.1783808634018,2057.49633855422,811.046939184775,4994.375,4741,4988.33333333333,5012.5,1,14618.340073733,0.0186211559867517,785039.343644046,487.706174066419,38.7483146067416,0.182673403932921,140.847510259334,2.52396177120125,"Urban and Built-up",14.0500001907349,118.1,0.878584980964661,14.5,121.637446,121.637446,0,607,504.102549711032,500,105,41.46341463,24.3902439,34.38327414,29.67977055,28.45528455,19.51219512,c(-122.231721, 37.846402)
"584","Temescal Regional Recreation Area","TRRA","11/06/2023","11/13/2023",7,"","CA",210139.4,48.12,62.1783808634018,2057.49633855422,811.046939184775,4994.375,4741,4988.33333333333,5012.5,1,14618.340073733,0.0186211559867517,785039.343644046,487.706174066419,38.7483146067416,0.182673403932921,140.847510259334,2.52396177120125,"Urban and Built-up",14.0500001907349,118.1,0.878584980964661,11.6666666666667,251.2329946,244.9882834,6.2447112,616,504.102549711032,500,105,41.46341463,24.3902439,34.38327414,29.67977055,28.45528455,19.51219512,c(-122.231721, 37.846402)
"585","The Dog Social Club",NA,"02/16/2023","03/03/2023",15,"","CA",62448.5,33.0375,23.7996963469193,5380.29451900191,2306.72831221657,12871.3125,12797,12338.1666666667,14470.75,3,18682.1430016518,0.0237977155577017,785039.343644294,240.039929556101,76.6970720720721,0.0872863817816548,5.15897560343707,4.0720850956811,"Urban and Built-up",14.1499996185303,108.7,0.951355814933777,16.1666666666667,175.0177177,175.0177177,0,926,468.917780262029,500,NA,NA,NA,NA,NA,NA,NA,c(-122.289412, 37.811808)
"586","The Dog Social Club",NA,"02/16/2023","03/03/2023",15,"","CA",62448.5,33.0375,23.7996963469193,5380.29451900191,2306.72831221657,12871.3125,12797,12338.1666666667,14470.75,3,18682.1430016518,0.0237977155577017,785039.343644294,240.039929556101,76.6970720720721,0.0872863817816548,5.15897560343707,4.0720850956811,"Urban and Built-up",14.1499996185303,108.7,0.951355814933777,16.6666666666667,38.5473529,38.5473529,0,590,468.917780262029,500,NA,NA,NA,NA,NA,NA,NA,c(-122.289412, 37.811808)
"587","The Dog Social Club",NA,"02/16/2023","03/03/2023",15,"","CA",62448.5,33.0375,23.7996963469193,5380.29451900191,2306.72831221657,12871.3125,12797,12338.1666666667,14470.75,3,18682.1430016518,0.0237977155577017,785039.343644294,240.039929556101,76.6970720720721,0.0872863817816548,5.15897560343707,4.0720850956811,"Urban and Built-up",14.1499996185303,108.7,0.951355814933777,17.5,42.4347301,42.4347301,0,462,468.917780262029,500,NA,NA,NA,NA,NA,NA,NA,c(-122.289412, 37.811808)
"588","The Dog Social Club",NA,"02/16/2023","03/03/2023",15,"","CA",62448.5,33.0375,23.7996963469193,5380.29451900191,2306.72831221657,12871.3125,12797,12338.1666666667,14470.75,3,18682.1430016518,0.0237977155577017,785039.343644294,240.039929556101,76.6970720720721,0.0872863817816548,5.15897560343707,4.0720850956811,"Urban and Built-up",14.1499996185303,108.7,0.951355814933777,16,27.8328498,27.8328498,0,459,468.917780262029,500,NA,NA,NA,NA,NA,NA,NA,c(-122.289412, 37.811808)
"589","The Dog Social Club",NA,"02/16/2023","03/03/2023",15,"","CA",62448.5,33.0375,23.7996963469193,5380.29451900191,2306.72831221657,12871.3125,12797,12338.1666666667,14470.75,3,18682.1430016518,0.0237977155577017,785039.343644294,240.039929556101,76.6970720720721,0.0872863817816548,5.15897560343707,4.0720850956811,"Urban and Built-up",14.1499996185303,108.7,0.951355814933777,13.8333333333333,61.0144262,61.0144262,0,739,468.917780262029,500,NA,NA,NA,NA,NA,NA,NA,c(-122.289412, 37.811808)
"590","The Dog Social Club",NA,"02/16/2023","03/03/2023",15,"","CA",62448.5,33.0375,23.7996963469193,5380.29451900191,2306.72831221657,12871.3125,12797,12338.1666666667,14470.75,3,18682.1430016518,0.0237977155577017,785039.343644294,240.039929556101,76.6970720720721,0.0872863817816548,5.15897560343707,4.0720850956811,"Urban and Built-up",14.1499996185303,108.7,0.951355814933777,15.3333333333333,65.1308651,65.1308651,0,479,468.917780262029,500,NA,NA,NA,NA,NA,NA,NA,c(-122.289412, 37.811808)
"591","The Dog Social Club",NA,"02/16/2023","03/03/2023",15,"","CA",62448.5,33.0375,23.7996963469193,5380.29451900191,2306.72831221657,12871.3125,12797,12338.1666666667,14470.75,3,18682.1430016518,0.0237977155577017,785039.343644294,240.039929556101,76.6970720720721,0.0872863817816548,5.15897560343707,4.0720850956811,"Urban and Built-up",14.1499996185303,108.7,0.951355814933777,17.3333333333333,179.0185138,179.0185138,0,1039,468.917780262029,500,NA,NA,NA,NA,NA,NA,NA,c(-122.289412, 37.811808)
"592","Tilden Nature Area-Jewel Lake","TNA-JL","11/10/2023","11/24/2023",14,"","CA",133942.333333333,50.2,50.4378700588615,666.603201028482,289.373775241694,9513.5,9513.5,9513.5,NA,1,3485.36521106382,0.0044397331666013,785039.343644143,471.059422163768,2.9604966139955,0.30732777332898,201.22242074833,1.25360546715508,"Urban and Built-up",13.9499998092651,133.4,0.523711502552032,10.5,2208.2724076,2208.2724076,0,966,1251.27116510437,500,107,9.756097561,17.88617886,26.29784164,21.43893119,8.130081301,3.25203252,c(-122.26971, 37.91272)
"593","Tilden Nature Area-Jewel Lake","TNA-JL","11/10/2023","11/24/2023",14,"","CA",133942.333333333,50.2,50.4378700588615,666.603201028482,289.373775241694,9513.5,9513.5,9513.5,NA,1,3485.36521106382,0.0044397331666013,785039.343644143,471.059422163768,2.9604966139955,0.30732777332898,201.22242074833,1.25360546715508,"Urban and Built-up",13.9499998092651,133.4,0.523711502552032,12.6666666666667,155.1370401,155.1370401,0,510,1251.27116510437,500,107,9.756097561,17.88617886,26.29784164,21.43893119,8.130081301,3.25203252,c(-122.26971, 37.91272)
"594","Tilden Nature Area-Jewel Lake","TNA-JL","11/10/2023","11/24/2023",14,"","CA",133942.333333333,50.2,50.4378700588615,666.603201028482,289.373775241694,9513.5,9513.5,9513.5,NA,1,3485.36521106382,0.0044397331666013,785039.343644143,471.059422163768,2.9604966139955,0.30732777332898,201.22242074833,1.25360546715508,"Urban and Built-up",13.9499998092651,133.4,0.523711502552032,4,17980.3370117,16534.8341347,1445.502877,977,1251.27116510437,500,107,9.756097561,17.88617886,26.29784164,21.43893119,8.130081301,3.25203252,c(-122.26971, 37.91272)
"595","Tilden Nature Area-Loop Road Parking","TNA-LR","11/10/2023","11/16/2023",6,"","CA",168613.5,52.95,61.3745781777278,1182.54689978492,463.841137851968,8353,8353,8353,NA,1,5849.98413931559,0.00745183561394408,785039.343644261,405.882168072227,2.46292134831461,0.310008990321397,221.330108070016,1.2662446125458,"Urban and Built-up",13.9499998092651,132.4,0.506390988826752,13.1666666666667,77.0302127,77.0302127,0,306,1079.3753268483,500,108,8.130081301,25.20325203,33.62227227,20.76941577,4.87804878,12.19512195,c(-122.260249, 37.9043)
"596","Tilden Nature Area-Loop Road Parking","TNA-LR","11/10/2023","11/16/2023",6,"","CA",168613.5,52.95,61.3745781777278,1182.54689978492,463.841137851968,8353,8353,8353,NA,1,5849.98413931559,0.00745183561394408,785039.343644261,405.882168072227,2.46292134831461,0.310008990321397,221.330108070016,1.2662446125458,"Urban and Built-up",13.9499998092651,132.4,0.506390988826752,14,164.0667399,164.0667399,0,527,1079.3753268483,500,108,8.130081301,25.20325203,33.62227227,20.76941577,4.87804878,12.19512195,c(-122.260249, 37.9043)
"597","Tilden Nature Area-Loop Road Parking","TNA-LR","11/10/2023","11/16/2023",6,"","CA",168613.5,52.95,61.3745781777278,1182.54689978492,463.841137851968,8353,8353,8353,NA,1,5849.98413931559,0.00745183561394408,785039.343644261,405.882168072227,2.46292134831461,0.310008990321397,221.330108070016,1.2662446125458,"Urban and Built-up",13.9499998092651,132.4,0.506390988826752,4,17980.3370117,16534.8341347,1445.502877,977,1079.3753268483,500,108,8.130081301,25.20325203,33.62227227,20.76941577,4.87804878,12.19512195,c(-122.260249, 37.9043)
"598","Tilden Regional Park-Arroyo Pkwy","TRP-AP","11/10/2023","11/24/2023",14,"IOR","CA",190327,47.4,68.2328907048008,165.134032587485,60.1283441679575,7441.5,7441.5,7441.5,NA,1,2115.11059234975,0.00269427336282484,785039.343644085,44.4578854258464,0.566441441441442,0.297143081028949,383.984943982014,0.912959757829962,"Urban and Built-up",13.5500001907349,132.5,0.453686952590942,6.5,3400.4955607,3400.4955607,0,875,1259.87723248736,500,109,43.08943089,23.57723577,34.01873279,33.49542758,41.46341463,16.2601626,c(-122.234301, 37.889562)
"599","Tilden Regional Park-Lake Anza","TRP-LA","11/10/2023","11/24/2023",14,"IOR","CA",189895,52.4333333333333,63.701197229975,776.04803527631,352.386244754767,10512.5,10512.5,10512.5,NA,1,4125.14852976778,0.00525470291796906,785039.343644217,411.921110304608,2.19300225733635,0.296868757536804,275.790093473462,1.22318590966062,"Urban and Built-up",13.75,132.25,0.483121782541275,14,164.0667399,164.0667399,0,527,855.756102391557,500,110,17.07317073,26.01626016,33.62227227,25.22249332,15.44715447,12.19512195,c(-122.24945, 37.89683)
"600","Tilden Regional Park-Lake Anza","TRP-LA","11/10/2023","11/24/2023",14,"IOR","CA",189895,52.4333333333333,63.701197229975,776.04803527631,352.386244754767,10512.5,10512.5,10512.5,NA,1,4125.14852976778,0.00525470291796906,785039.343644217,411.921110304608,2.19300225733635,0.296868757536804,275.790093473462,1.22318590966062,"Urban and Built-up",13.75,132.25,0.483121782541275,6.5,3400.4955607,3400.4955607,0,875,855.756102391557,500,110,17.07317073,26.01626016,33.62227227,25.22249332,15.44715447,12.19512195,c(-122.24945, 37.89683)
"601","Tilden Regional Park-Lake Anza","TRP-LA","11/10/2023","11/24/2023",14,"IOR","CA",189895,52.4333333333333,63.701197229975,776.04803527631,352.386244754767,10512.5,10512.5,10512.5,NA,1,4125.14852976778,0.00525470291796906,785039.343644217,411.921110304608,2.19300225733635,0.296868757536804,275.790093473462,1.22318590966062,"Urban and Built-up",13.75,132.25,0.483121782541275,4,17980.3370117,16534.8341347,1445.502877,977,855.756102391557,500,110,17.07317073,26.01626016,33.62227227,25.22249332,15.44715447,12.19512195,c(-122.24945, 37.89683)
"602","Tilden Regional Park-Nimitz Way","TRP-NW","11/10/2023","11/24/2023",14,"","CA",184792.5,49.25,58.9195949586996,95.2613076652974,34.8686565034043,3177,3177,3177,NA,1,7329.70958159102,0.00933674170719263,785039.343644317,331.732600668175,0.274774774774775,0.299281694398866,287.462554529716,0.776026524622715,"Urban and Built-up",13.75,134.9,0.39167132973671,6.5,3400.4955607,3400.4955607,0,875,989.45198254345,500,111,13.82113821,14.63414634,33.62227227,24.12595925,13.00813008,12.19512195,c(-122.2481, 37.90568)
"603","Tilden Regional Park-Nimitz Way","TRP-NW","11/10/2023","11/24/2023",14,"","CA",184792.5,49.25,58.9195949586996,95.2613076652974,34.8686565034043,3177,3177,3177,NA,1,7329.70958159102,0.00933674170719263,785039.343644317,331.732600668175,0.274774774774775,0.299281694398866,287.462554529716,0.776026524622715,"Urban and Built-up",13.75,134.9,0.39167132973671,4,17980.3370117,16534.8341347,1445.502877,977,989.45198254345,500,111,13.82113821,14.63414634,33.62227227,24.12595925,13.00813008,12.19512195,c(-122.2481, 37.90568)
"604","Tilden Regional Park-Seaview Trail","TRP-ST","11/10/2023","11/24/2023",14,"","CA",202413.5,48.9,66.4529461908577,231.006738411633,92.7156134682374,8244,8244,8244,NA,1,4317.85094844255,0.00550017140338252,785039.343644297,327.350526376017,2.40045248868778,0.295334317841819,509.175307476159,1.13583284884092,"Urban and Built-up",13.25,132.7,0.471883296966553,10.1666666666667,1703.5911669,1703.5911669,0,1432,1259.87723248736,500,112,40.6504065,9.756097561,34.01873279,33.70708212,44.71544715,16.2601626,c(-122.2234, 37.8822)
"605","Tilden Regional Park-Seaview Trail","TRP-ST","11/10/2023","11/24/2023",14,"","CA",202413.5,48.9,66.4529461908577,231.006738411633,92.7156134682374,8244,8244,8244,NA,1,4317.85094844255,0.00550017140338252,785039.343644297,327.350526376017,2.40045248868778,0.295334317841819,509.175307476159,1.13583284884092,"Urban and Built-up",13.25,132.7,0.471883296966553,6.5,3400.4955607,3400.4955607,0,875,1259.87723248736,500,112,40.6504065,9.756097561,34.01873279,33.70708212,44.71544715,16.2601626,c(-122.2234, 37.8822)
"606","Tudor Home",NA,"01/26/2023","02/02/2023",7,"IOR","CA",242590,51.2,68.2047146536951,837.18899413778,317.134523691138,4010.25,4271.5,4457.33333333333,2669,1,4032.18205228669,0.0051362802194981,785039.343644046,424.999554524729,10.1194539249147,0.290179636470279,219.024622575224,1.48016872630197,"Urban and Built-up",14.0500001907349,123.9,0.703984171152115,8.83333333333333,369.8825074,369.8825074,0,468,3594.94133848676,500,113,33.33333333,13.00813008,31.4845626,28.75086223,26.01626016,8.943089431,c(-122.170592, 37.879725)
"607","Tudor Home",NA,"01/26/2023","02/02/2023",7,"IOR","CA",242590,51.2,68.2047146536951,837.18899413778,317.134523691138,4010.25,4271.5,4457.33333333333,2669,1,4032.18205228669,0.0051362802194981,785039.343644046,424.999554524729,10.1194539249147,0.290179636470279,219.024622575224,1.48016872630197,"Urban and Built-up",14.0500001907349,123.9,0.703984171152115,8.33333333333333,482.6189172,482.6189172,0,617,3594.94133848676,500,113,33.33333333,13.00813008,31.4845626,28.75086223,26.01626016,8.943089431,c(-122.170592, 37.879725)
"608","UC Gill Tract","UCGT","11/29/2023","12/06/2023",7,"","CA",94447.2727272727,35.8916666666667,41.7982646672547,6642.7358528829,2587.16725446145,27643.125,26676.5,26134.8333333333,32168,12,15280.4923912668,0.0194646198499271,785039.343644,20.5519917892322,68.3719101123596,0.121337767260091,13.2404583457284,3.39433285443991,"Urban and Built-up",14.3500003814697,121.2,0.922255754470825,12.5,433.4588664,159.3555313,274.1033351,360,732.414340096621,500,114,82.11382114,86.99186992,60.13210098,48.74952354,78.86178862,83.7398374,c(-122.29775, 37.885859)
"609","UC Gill Tract","UCGT","11/29/2023","12/06/2023",7,"","CA",94447.2727272727,35.8916666666667,41.7982646672547,6642.7358528829,2587.16725446145,27643.125,26676.5,26134.8333333333,32168,12,15280.4923912668,0.0194646198499271,785039.343644,20.5519917892322,68.3719101123596,0.121337767260091,13.2404583457284,3.39433285443991,"Urban and Built-up",14.3500003814697,121.2,0.922255754470825,17.8333333333333,677.3675699,273.9024428,403.4651271,798,732.414340096621,500,114,82.11382114,86.99186992,60.13210098,48.74952354,78.86178862,83.7398374,c(-122.29775, 37.885859)
"610","UC Gill Tract","UCGT","11/29/2023","12/06/2023",7,"","CA",94447.2727272727,35.8916666666667,41.7982646672547,6642.7358528829,2587.16725446145,27643.125,26676.5,26134.8333333333,32168,12,15280.4923912668,0.0194646198499271,785039.343644,20.5519917892322,68.3719101123596,0.121337767260091,13.2404583457284,3.39433285443991,"Urban and Built-up",14.3500003814697,121.2,0.922255754470825,18.1666666666667,45.0695574,45.0695574,0,441,732.414340096621,500,114,82.11382114,86.99186992,60.13210098,48.74952354,78.86178862,83.7398374,c(-122.29775, 37.885859)
"611","UC Gill Tract","UCGT","11/29/2023","12/06/2023",7,"","CA",94447.2727272727,35.8916666666667,41.7982646672547,6642.7358528829,2587.16725446145,27643.125,26676.5,26134.8333333333,32168,12,15280.4923912668,0.0194646198499271,785039.343644,20.5519917892322,68.3719101123596,0.121337767260091,13.2404583457284,3.39433285443991,"Urban and Built-up",14.3500003814697,121.2,0.922255754470825,13.6666666666667,57.7976784,57.7976784,0,678,732.414340096621,500,114,82.11382114,86.99186992,60.13210098,48.74952354,78.86178862,83.7398374,c(-122.29775, 37.885859)
"612","UC Gill Tract","UCGT","11/29/2023","12/06/2023",7,"","CA",94447.2727272727,35.8916666666667,41.7982646672547,6642.7358528829,2587.16725446145,27643.125,26676.5,26134.8333333333,32168,12,15280.4923912668,0.0194646198499271,785039.343644,20.5519917892322,68.3719101123596,0.121337767260091,13.2404583457284,3.39433285443991,"Urban and Built-up",14.3500003814697,121.2,0.922255754470825,15.1666666666667,56.2355122,56.2355122,0,449,732.414340096621,500,114,82.11382114,86.99186992,60.13210098,48.74952354,78.86178862,83.7398374,c(-122.29775, 37.885859)
"613","UC Gill Tract","UCGT","11/29/2023","12/06/2023",7,"","CA",94447.2727272727,35.8916666666667,41.7982646672547,6642.7358528829,2587.16725446145,27643.125,26676.5,26134.8333333333,32168,12,15280.4923912668,0.0194646198499271,785039.343644,20.5519917892322,68.3719101123596,0.121337767260091,13.2404583457284,3.39433285443991,"Urban and Built-up",14.3500003814697,121.2,0.922255754470825,17.6666666666667,34.0362953,34.0362953,0,511,732.414340096621,500,114,82.11382114,86.99186992,60.13210098,48.74952354,78.86178862,83.7398374,c(-122.29775, 37.885859)
"614","UC Gill Tract","UCGT","11/29/2023","12/06/2023",7,"","CA",94447.2727272727,35.8916666666667,41.7982646672547,6642.7358528829,2587.16725446145,27643.125,26676.5,26134.8333333333,32168,12,15280.4923912668,0.0194646198499271,785039.343644,20.5519917892322,68.3719101123596,0.121337767260091,13.2404583457284,3.39433285443991,"Urban and Built-up",14.3500003814697,121.2,0.922255754470825,16.8333333333333,49.0167328,49.0167328,0,385,732.414340096621,500,114,82.11382114,86.99186992,60.13210098,48.74952354,78.86178862,83.7398374,c(-122.29775, 37.885859)
"615","UC Gill Tract","UCGT","11/29/2023","12/06/2023",7,"","CA",94447.2727272727,35.8916666666667,41.7982646672547,6642.7358528829,2587.16725446145,27643.125,26676.5,26134.8333333333,32168,12,15280.4923912668,0.0194646198499271,785039.343644,20.5519917892322,68.3719101123596,0.121337767260091,13.2404583457284,3.39433285443991,"Urban and Built-up",14.3500003814697,121.2,0.922255754470825,18.3333333333333,297.204467,297.204467,0,483,732.414340096621,500,114,82.11382114,86.99186992,60.13210098,48.74952354,78.86178862,83.7398374,c(-122.29775, 37.885859)
"616","UC Gill Tract","UCGT","11/29/2023","12/06/2023",7,"","CA",94447.2727272727,35.8916666666667,41.7982646672547,6642.7358528829,2587.16725446145,27643.125,26676.5,26134.8333333333,32168,12,15280.4923912668,0.0194646198499271,785039.343644,20.5519917892322,68.3719101123596,0.121337767260091,13.2404583457284,3.39433285443991,"Urban and Built-up",14.3500003814697,121.2,0.922255754470825,16.6666666666667,60.974396,60.974396,0,645,732.414340096621,500,114,82.11382114,86.99186992,60.13210098,48.74952354,78.86178862,83.7398374,c(-122.29775, 37.885859)
"617","UCB Women's Faculty Club","UCB-WC","11/07/2023","11/13/2023",6,"IOR","CA",55218.5,21.6833333333333,42.2233421372711,16721.3110627084,2668.40789612151,76280.2857142857,76317,75209.6,78957,7,13512.4917935505,0.0172125026636603,785039.343643999,491.242011230947,48.7722660653889,0.15787527516887,115.26983952229,3.93284520068928,"Temperate or Subpolar Needleaf Forest",14.1499996185303,121.5,0.874577820301056,14.8333333333333,24.8696266,24.8696266,0,657,582.074104635211,500,115,35.77235772,43.08943089,37.23613114,33.6455077,43.90243902,33.33333333,c(-122.255292, 37.872173)
"618","UCB Women's Faculty Club","UCB-WC","11/07/2023","11/13/2023",6,"IOR","CA",55218.5,21.6833333333333,42.2233421372711,16721.3110627084,2668.40789612151,76280.2857142857,76317,75209.6,78957,7,13512.4917935505,0.0172125026636603,785039.343643999,491.242011230947,48.7722660653889,0.15787527516887,115.26983952229,3.93284520068928,"Temperate or Subpolar Needleaf Forest",14.1499996185303,121.5,0.874577820301056,14.5,28.8103774,28.8103774,0,506,582.074104635211,500,115,35.77235772,43.08943089,37.23613114,33.6455077,43.90243902,33.33333333,c(-122.255292, 37.872173)
"619","UCB Women's Faculty Club","UCB-WC","11/07/2023","11/13/2023",6,"IOR","CA",55218.5,21.6833333333333,42.2233421372711,16721.3110627084,2668.40789612151,76280.2857142857,76317,75209.6,78957,7,13512.4917935505,0.0172125026636603,785039.343643999,491.242011230947,48.7722660653889,0.15787527516887,115.26983952229,3.93284520068928,"Temperate or Subpolar Needleaf Forest",14.1499996185303,121.5,0.874577820301056,16.8333333333333,46.5615472,46.5615472,0,561,582.074104635211,500,115,35.77235772,43.08943089,37.23613114,33.6455077,43.90243902,33.33333333,c(-122.255292, 37.872173)
"620","UCB Women's Faculty Club","UCB-WC","11/07/2023","11/13/2023",6,"IOR","CA",55218.5,21.6833333333333,42.2233421372711,16721.3110627084,2668.40789612151,76280.2857142857,76317,75209.6,78957,7,13512.4917935505,0.0172125026636603,785039.343643999,491.242011230947,48.7722660653889,0.15787527516887,115.26983952229,3.93284520068928,"Temperate or Subpolar Needleaf Forest",14.1499996185303,121.5,0.874577820301056,13.5,419.8940648,419.8940648,0,253,582.074104635211,500,115,35.77235772,43.08943089,37.23613114,33.6455077,43.90243902,33.33333333,c(-122.255292, 37.872173)
"621","UCB Women's Faculty Club","UCB-WC","11/07/2023","11/13/2023",6,"IOR","CA",55218.5,21.6833333333333,42.2233421372711,16721.3110627084,2668.40789612151,76280.2857142857,76317,75209.6,78957,7,13512.4917935505,0.0172125026636603,785039.343643999,491.242011230947,48.7722660653889,0.15787527516887,115.26983952229,3.93284520068928,"Temperate or Subpolar Needleaf Forest",14.1499996185303,121.5,0.874577820301056,15,16.2132194,16.2132194,0,325,582.074104635211,500,115,35.77235772,43.08943089,37.23613114,33.6455077,43.90243902,33.33333333,c(-122.255292, 37.872173)
"622","UCB Women's Faculty Club","UCB-WC","11/07/2023","11/13/2023",6,"IOR","CA",55218.5,21.6833333333333,42.2233421372711,16721.3110627084,2668.40789612151,76280.2857142857,76317,75209.6,78957,7,13512.4917935505,0.0172125026636603,785039.343643999,491.242011230947,48.7722660653889,0.15787527516887,115.26983952229,3.93284520068928,"Temperate or Subpolar Needleaf Forest",14.1499996185303,121.5,0.874577820301056,18.5,45.2148522,45.2148522,0,968,582.074104635211,500,115,35.77235772,43.08943089,37.23613114,33.6455077,43.90243902,33.33333333,c(-122.255292, 37.872173)
"623","University Village Community Garden",NA,"11/29/2023","12/13/2023",14,"","CA",93017.3333333333,32.8428571428571,37.9855491925377,6111.06089379268,2360.59881013691,22470.2666666667,20992,20810.1818181818,27035.5,1,14796.6368981947,0.0188482743164342,785039.343643957,265.453090103617,64.6880630630631,0.131014179150303,5.42698597235787,3.47279683988243,"Temperate or Subpolar Needleaf Forest",14.3500003814697,121.5,0.823391616344452,12.5,433.4588664,159.3555313,274.1033351,360,732.414340096621,500,116,91.05691057,86.99186992,60.13210098,54.69091342,92.68292683,83.7398374,c(-122.305614, 37.883692)
"624","University Village Community Garden",NA,"11/29/2023","12/13/2023",14,"","CA",93017.3333333333,32.8428571428571,37.9855491925377,6111.06089379268,2360.59881013691,22470.2666666667,20992,20810.1818181818,27035.5,1,14796.6368981947,0.0188482743164342,785039.343643957,265.453090103617,64.6880630630631,0.131014179150303,5.42698597235787,3.47279683988243,"Temperate or Subpolar Needleaf Forest",14.3500003814697,121.5,0.823391616344452,17.8333333333333,677.3675699,273.9024428,403.4651271,798,732.414340096621,500,116,91.05691057,86.99186992,60.13210098,54.69091342,92.68292683,83.7398374,c(-122.305614, 37.883692)
"625","University Village Community Garden",NA,"11/29/2023","12/13/2023",14,"","CA",93017.3333333333,32.8428571428571,37.9855491925377,6111.06089379268,2360.59881013691,22470.2666666667,20992,20810.1818181818,27035.5,1,14796.6368981947,0.0188482743164342,785039.343643957,265.453090103617,64.6880630630631,0.131014179150303,5.42698597235787,3.47279683988243,"Temperate or Subpolar Needleaf Forest",14.3500003814697,121.5,0.823391616344452,19.5,2268.6782265,819.5938821,1449.0843444,556,732.414340096621,500,116,91.05691057,86.99186992,60.13210098,54.69091342,92.68292683,83.7398374,c(-122.305614, 37.883692)
"626","University Village Community Garden",NA,"11/29/2023","12/13/2023",14,"","CA",93017.3333333333,32.8428571428571,37.9855491925377,6111.06089379268,2360.59881013691,22470.2666666667,20992,20810.1818181818,27035.5,1,14796.6368981947,0.0188482743164342,785039.343643957,265.453090103617,64.6880630630631,0.131014179150303,5.42698597235787,3.47279683988243,"Temperate or Subpolar Needleaf Forest",14.3500003814697,121.5,0.823391616344452,18.3333333333333,297.204467,297.204467,0,483,732.414340096621,500,116,91.05691057,86.99186992,60.13210098,54.69091342,92.68292683,83.7398374,c(-122.305614, 37.883692)
"627","Urban Tilth's Edible Forest",NA,"11/29/2023","12/13/2023",14,"","CA",68036.5,33.7888888888889,6.05586724681802,5098.28059779254,1786.51938696451,19302.3333333333,19598,19931.6363636364,17571.75,2,15944.0458548468,0.0203098685230653,785039.343644182,377.148477476981,71.0915254237288,0.0948188041120991,8.85054893927141,3.8768007680794,"Temperate or Subpolar Needleaf Forest",14.25,129,0.938402891159058,16.1666666666667,63.0517657,63.0517657,0,599,1193.11629760361,500,117,96.74796748,93.49593496,54.02401108,51.37274467,82.92682927,70.73170732,c(-122.3539389, 37.931366)
"628","Urban Tilth's Edible Forest",NA,"11/29/2023","12/13/2023",14,"","CA",68036.5,33.7888888888889,6.05586724681802,5098.28059779254,1786.51938696451,19302.3333333333,19598,19931.6363636364,17571.75,2,15944.0458548468,0.0203098685230653,785039.343644182,377.148477476981,71.0915254237288,0.0948188041120991,8.85054893927141,3.8768007680794,"Temperate or Subpolar Needleaf Forest",14.25,129,0.938402891159058,16.3333333333333,57.7000739,57.7000739,0,425,1193.11629760361,500,117,96.74796748,93.49593496,54.02401108,51.37274467,82.92682927,70.73170732,c(-122.3539389, 37.931366)
"629","Urban Tilth's Edible Forest",NA,"11/29/2023","12/13/2023",14,"","CA",68036.5,33.7888888888889,6.05586724681802,5098.28059779254,1786.51938696451,19302.3333333333,19598,19931.6363636364,17571.75,2,15944.0458548468,0.0203098685230653,785039.343644182,377.148477476981,71.0915254237288,0.0948188041120991,8.85054893927141,3.8768007680794,"Temperate or Subpolar Needleaf Forest",14.25,129,0.938402891159058,13.5,43.6020305,43.6020305,0,471,1193.11629760361,500,117,96.74796748,93.49593496,54.02401108,51.37274467,82.92682927,70.73170732,c(-122.3539389, 37.931366)
"630","Urban Tilth's Edible Forest",NA,"11/29/2023","12/13/2023",14,"","CA",68036.5,33.7888888888889,6.05586724681802,5098.28059779254,1786.51938696451,19302.3333333333,19598,19931.6363636364,17571.75,2,15944.0458548468,0.0203098685230653,785039.343644182,377.148477476981,71.0915254237288,0.0948188041120991,8.85054893927141,3.8768007680794,"Temperate or Subpolar Needleaf Forest",14.25,129,0.938402891159058,16,80.5691789,80.5691789,0,455,1193.11629760361,500,117,96.74796748,93.49593496,54.02401108,51.37274467,82.92682927,70.73170732,c(-122.3539389, 37.931366)
"631","Urban Tilth's Edible Forest",NA,"11/29/2023","12/13/2023",14,"","CA",68036.5,33.7888888888889,6.05586724681802,5098.28059779254,1786.51938696451,19302.3333333333,19598,19931.6363636364,17571.75,2,15944.0458548468,0.0203098685230653,785039.343644182,377.148477476981,71.0915254237288,0.0948188041120991,8.85054893927141,3.8768007680794,"Temperate or Subpolar Needleaf Forest",14.25,129,0.938402891159058,14.8333333333333,87.2789323,87.2789323,0,526,1193.11629760361,500,117,96.74796748,93.49593496,54.02401108,51.37274467,82.92682927,70.73170732,c(-122.3539389, 37.931366)
"632","Urban Tilth's Edible Forest",NA,"11/29/2023","12/13/2023",14,"","CA",68036.5,33.7888888888889,6.05586724681802,5098.28059779254,1786.51938696451,19302.3333333333,19598,19931.6363636364,17571.75,2,15944.0458548468,0.0203098685230653,785039.343644182,377.148477476981,71.0915254237288,0.0948188041120991,8.85054893927141,3.8768007680794,"Temperate or Subpolar Needleaf Forest",14.25,129,0.938402891159058,16,103.0251327,103.0251327,0,563,1193.11629760361,500,117,96.74796748,93.49593496,54.02401108,51.37274467,82.92682927,70.73170732,c(-122.3539389, 37.931366)
"633","Urban Tilth's Edible Forest",NA,"11/29/2023","12/13/2023",14,"","CA",68036.5,33.7888888888889,6.05586724681802,5098.28059779254,1786.51938696451,19302.3333333333,19598,19931.6363636364,17571.75,2,15944.0458548468,0.0203098685230653,785039.343644182,377.148477476981,71.0915254237288,0.0948188041120991,8.85054893927141,3.8768007680794,"Temperate or Subpolar Needleaf Forest",14.25,129,0.938402891159058,16,31.0236521,31.0236521,0,422,1193.11629760361,500,117,96.74796748,93.49593496,54.02401108,51.37274467,82.92682927,70.73170732,c(-122.3539389, 37.931366)
"634","Urban Tilth's Edible Forest",NA,"11/29/2023","12/13/2023",14,"","CA",68036.5,33.7888888888889,6.05586724681802,5098.28059779254,1786.51938696451,19302.3333333333,19598,19931.6363636364,17571.75,2,15944.0458548468,0.0203098685230653,785039.343644182,377.148477476981,71.0915254237288,0.0948188041120991,8.85054893927141,3.8768007680794,"Temperate or Subpolar Needleaf Forest",14.25,129,0.938402891159058,18.1666666666667,62.5758511,62.5758511,0,368,1193.11629760361,500,117,96.74796748,93.49593496,54.02401108,51.37274467,82.92682927,70.73170732,c(-122.3539389, 37.931366)
"635","Urban Tilth's Edible Forest",NA,"11/29/2023","12/13/2023",14,"","CA",68036.5,33.7888888888889,6.05586724681802,5098.28059779254,1786.51938696451,19302.3333333333,19598,19931.6363636364,17571.75,2,15944.0458548468,0.0203098685230653,785039.343644182,377.148477476981,71.0915254237288,0.0948188041120991,8.85054893927141,3.8768007680794,"Temperate or Subpolar Needleaf Forest",14.25,129,0.938402891159058,14.6666666666667,67.8000393,67.8000393,0,579,1193.11629760361,500,117,96.74796748,93.49593496,54.02401108,51.37274467,82.92682927,70.73170732,c(-122.3539389, 37.931366)
"636","Wakefield Home",NA,"01/26/2023","02/09/2023",14,"","CA",122259.5,42.8,54.3640736717933,4605.10976332175,1824.64443471068,24149.8666666667,23775,23557.5454545455,25778.75,2,15229.659885254,0.0193998683104896,785039.343644372,428.870235663569,61.6831460674158,0.131157179168719,6.74644586300646,2.92492422769366,"Urban and Built-up",14.25,100.5,0.877503752708435,13,51.3199519,51.3199519,0,416,310.234618831539,500,118,24.3902439,60.16260163,62.31199359,41.41887667,67.4796748,99.18699187,c(-122.23532, 37.76017)
"637","Wakefield Home",NA,"01/26/2023","02/09/2023",14,"","CA",122259.5,42.8,54.3640736717933,4605.10976332175,1824.64443471068,24149.8666666667,23775,23557.5454545455,25778.75,2,15229.659885254,0.0193998683104896,785039.343644372,428.870235663569,61.6831460674158,0.131157179168719,6.74644586300646,2.92492422769366,"Urban and Built-up",14.25,100.5,0.877503752708435,19,97.2494173,90.1040266,7.1453907,605,310.234618831539,500,118,24.3902439,60.16260163,62.31199359,41.41887667,67.4796748,99.18699187,c(-122.23532, 37.76017)
"638","Wakefield Home",NA,"01/26/2023","02/09/2023",14,"","CA",122259.5,42.8,54.3640736717933,4605.10976332175,1824.64443471068,24149.8666666667,23775,23557.5454545455,25778.75,2,15229.659885254,0.0193998683104896,785039.343644372,428.870235663569,61.6831460674158,0.131157179168719,6.74644586300646,2.92492422769366,"Urban and Built-up",14.25,100.5,0.877503752708435,15.3333333333333,146.3805574,111.9637281,34.4168293,891,310.234618831539,500,118,24.3902439,60.16260163,62.31199359,41.41887667,67.4796748,99.18699187,c(-122.23532, 37.76017)
"639","Wakefield Home",NA,"01/26/2023","02/09/2023",14,"","CA",122259.5,42.8,54.3640736717933,4605.10976332175,1824.64443471068,24149.8666666667,23775,23557.5454545455,25778.75,2,15229.659885254,0.0193998683104896,785039.343644372,428.870235663569,61.6831460674158,0.131157179168719,6.74644586300646,2.92492422769366,"Urban and Built-up",14.25,100.5,0.877503752708435,15.5,88.3745737,78.9037249,9.4708488,700,310.234618831539,500,118,24.3902439,60.16260163,62.31199359,41.41887667,67.4796748,99.18699187,c(-122.23532, 37.76017)
"640","Wakefield Home",NA,"01/26/2023","02/09/2023",14,"","CA",122259.5,42.8,54.3640736717933,4605.10976332175,1824.64443471068,24149.8666666667,23775,23557.5454545455,25778.75,2,15229.659885254,0.0193998683104896,785039.343644372,428.870235663569,61.6831460674158,0.131157179168719,6.74644586300646,2.92492422769366,"Urban and Built-up",14.25,100.5,0.877503752708435,16.1666666666667,71.4964082,71.4964082,0,562,310.234618831539,500,118,24.3902439,60.16260163,62.31199359,41.41887667,67.4796748,99.18699187,c(-122.23532, 37.76017)
"641","Wakefield Home",NA,"01/26/2023","02/09/2023",14,"","CA",122259.5,42.8,54.3640736717933,4605.10976332175,1824.64443471068,24149.8666666667,23775,23557.5454545455,25778.75,2,15229.659885254,0.0193998683104896,785039.343644372,428.870235663569,61.6831460674158,0.131157179168719,6.74644586300646,2.92492422769366,"Urban and Built-up",14.25,100.5,0.877503752708435,16.3333333333333,49.1343524,49.1343524,0,690,310.234618831539,500,118,24.3902439,60.16260163,62.31199359,41.41887667,67.4796748,99.18699187,c(-122.23532, 37.76017)
"642","Wakefield Home",NA,"01/26/2023","02/09/2023",14,"","CA",122259.5,42.8,54.3640736717933,4605.10976332175,1824.64443471068,24149.8666666667,23775,23557.5454545455,25778.75,2,15229.659885254,0.0193998683104896,785039.343644372,428.870235663569,61.6831460674158,0.131157179168719,6.74644586300646,2.92492422769366,"Urban and Built-up",14.25,100.5,0.877503752708435,19.8333333333333,46.2815829,46.2815829,0,581,310.234618831539,500,118,24.3902439,60.16260163,62.31199359,41.41887667,67.4796748,99.18699187,c(-122.23532, 37.76017)
"643","Wakefield Home",NA,"01/26/2023","02/09/2023",14,"","CA",122259.5,42.8,54.3640736717933,4605.10976332175,1824.64443471068,24149.8666666667,23775,23557.5454545455,25778.75,2,15229.659885254,0.0193998683104896,785039.343644372,428.870235663569,61.6831460674158,0.131157179168719,6.74644586300646,2.92492422769366,"Urban and Built-up",14.25,100.5,0.877503752708435,15.8333333333333,72.4319288,72.4319288,0,602,310.234618831539,500,118,24.3902439,60.16260163,62.31199359,41.41887667,67.4796748,99.18699187,c(-122.23532, 37.76017)
"644","Wakefield Home",NA,"01/26/2023","02/09/2023",14,"","CA",122259.5,42.8,54.3640736717933,4605.10976332175,1824.64443471068,24149.8666666667,23775,23557.5454545455,25778.75,2,15229.659885254,0.0193998683104896,785039.343644372,428.870235663569,61.6831460674158,0.131157179168719,6.74644586300646,2.92492422769366,"Urban and Built-up",14.25,100.5,0.877503752708435,14.3333333333333,48.5250038,48.5250038,0,684,310.234618831539,500,118,24.3902439,60.16260163,62.31199359,41.41887667,67.4796748,99.18699187,c(-122.23532, 37.76017)
"645","Wakefield Home",NA,"01/26/2023","02/09/2023",14,"","CA",122259.5,42.8,54.3640736717933,4605.10976332175,1824.64443471068,24149.8666666667,23775,23557.5454545455,25778.75,2,15229.659885254,0.0193998683104896,785039.343644372,428.870235663569,61.6831460674158,0.131157179168719,6.74644586300646,2.92492422769366,"Urban and Built-up",14.25,100.5,0.877503752708435,14.5,50.5027922,50.5027922,0,583,310.234618831539,500,118,24.3902439,60.16260163,62.31199359,41.41887667,67.4796748,99.18699187,c(-122.23532, 37.76017)
"646","Wildcat Canyon Regional Park","WCRP","11/19/2023","12/04/2023",15,"","CA",108164,43.0142857142857,40.1379483312722,2211.23767559076,899.529780476553,8655.1875,8322.5,8280.09090909091,9480.4,1,9887.06781474053,0.0125943596264168,785039.343644144,492.025565902874,27.8494382022471,0.239754323155869,85.5969921900933,2.33049146151472,"Urban and Built-up",14.25,130.6,0.698752284049988,10.5,2208.2724076,2208.2724076,0,966,1102.16682861699,500,119,86.17886179,95.93495935,46.27273619,34.30835863,46.34146341,54.47154472,c(-122.32061, 37.95303)
"647","Wildcat Canyon Regional Park","WCRP","11/19/2023","12/04/2023",15,"","CA",108164,43.0142857142857,40.1379483312722,2211.23767559076,899.529780476553,8655.1875,8322.5,8280.09090909091,9480.4,1,9887.06781474053,0.0125943596264168,785039.343644144,492.025565902874,27.8494382022471,0.239754323155869,85.5969921900933,2.33049146151472,"Urban and Built-up",14.25,130.6,0.698752284049988,13.6666666666667,93.1823984,93.1823984,0,513,1102.16682861699,500,119,86.17886179,95.93495935,46.27273619,34.30835863,46.34146341,54.47154472,c(-122.32061, 37.95303)
"648","Wildcat Canyon Regional Park","WCRP","11/19/2023","12/04/2023",15,"","CA",108164,43.0142857142857,40.1379483312722,2211.23767559076,899.529780476553,8655.1875,8322.5,8280.09090909091,9480.4,1,9887.06781474053,0.0125943596264168,785039.343644144,492.025565902874,27.8494382022471,0.239754323155869,85.5969921900933,2.33049146151472,"Urban and Built-up",14.25,130.6,0.698752284049988,14.3333333333333,110.7437954,110.7437954,0,605,1102.16682861699,500,119,86.17886179,95.93495935,46.27273619,34.30835863,46.34146341,54.47154472,c(-122.32061, 37.95303)
"649","Wildcat Canyon Regional Park","WCRP","11/19/2023","12/04/2023",15,"","CA",108164,43.0142857142857,40.1379483312722,2211.23767559076,899.529780476553,8655.1875,8322.5,8280.09090909091,9480.4,1,9887.06781474053,0.0125943596264168,785039.343644144,492.025565902874,27.8494382022471,0.239754323155869,85.5969921900933,2.33049146151472,"Urban and Built-up",14.25,130.6,0.698752284049988,9.66666666666667,120.4600145,120.4600145,0,441,1102.16682861699,500,119,86.17886179,95.93495935,46.27273619,34.30835863,46.34146341,54.47154472,c(-122.32061, 37.95303)
"650","Wildcat Canyon Regional Park","WCRP","11/19/2023","12/04/2023",15,"","CA",108164,43.0142857142857,40.1379483312722,2211.23767559076,899.529780476553,8655.1875,8322.5,8280.09090909091,9480.4,1,9887.06781474053,0.0125943596264168,785039.343644144,492.025565902874,27.8494382022471,0.239754323155869,85.5969921900933,2.33049146151472,"Urban and Built-up",14.25,130.6,0.698752284049988,5.5,88.0034295,88.0034295,0,432,1102.16682861699,500,119,86.17886179,95.93495935,46.27273619,34.30835863,46.34146341,54.47154472,c(-122.32061, 37.95303)
"651","Wildcat Canyon Regional Park","WCRP","11/19/2023","12/04/2023",15,"","CA",108164,43.0142857142857,40.1379483312722,2211.23767559076,899.529780476553,8655.1875,8322.5,8280.09090909091,9480.4,1,9887.06781474053,0.0125943596264168,785039.343644144,492.025565902874,27.8494382022471,0.239754323155869,85.5969921900933,2.33049146151472,"Urban and Built-up",14.25,130.6,0.698752284049988,14,74.3244677,74.3244677,0,450,1102.16682861699,500,119,86.17886179,95.93495935,46.27273619,34.30835863,46.34146341,54.47154472,c(-122.32061, 37.95303)
"652","Wildcat Canyon Regional Park","WCRP","11/19/2023","12/04/2023",15,"","CA",108164,43.0142857142857,40.1379483312722,2211.23767559076,899.529780476553,8655.1875,8322.5,8280.09090909091,9480.4,1,9887.06781474053,0.0125943596264168,785039.343644144,492.025565902874,27.8494382022471,0.239754323155869,85.5969921900933,2.33049146151472,"Urban and Built-up",14.25,130.6,0.698752284049988,13.1666666666667,119.9981846,119.9981846,0,824,1102.16682861699,500,119,86.17886179,95.93495935,46.27273619,34.30835863,46.34146341,54.47154472,c(-122.32061, 37.95303)
"653","Wildcat Marsh Staging Area","WMSA","11/08/2023","11/22/2023",14,"Wildcat Creek Trailhead (WCT)","CA",62270,34.25,4.42049843776909,1862.40807329965,552.505421764248,2893,2391,2107.27272727273,5053.75,1,4704.58843752262,0.0059928059346471,785039.343644233,292.746412513585,56.262979683973,0.125743375960183,3.50655988480476,2.66478829353499,"Urban and Built-up",14.3500003814697,132.5,0.848675072193146,11.5,1552.7326633,1213.844156,338.8885073,874,991.851895671353,500,120,95.93495935,82.11382114,60.52621317,58.72763007,95.93495935,91.8699187,c(-122.3759, 37.95885)
"654","Wildcat Marsh Staging Area","WMSA","11/08/2023","11/22/2023",14,"Wildcat Creek Trailhead (WCT)","CA",62270,34.25,4.42049843776909,1862.40807329965,552.505421764248,2893,2391,2107.27272727273,5053.75,1,4704.58843752262,0.0059928059346471,785039.343644233,292.746412513585,56.262979683973,0.125743375960183,3.50655988480476,2.66478829353499,"Urban and Built-up",14.3500003814697,132.5,0.848675072193146,13.1666666666667,171.062388,171.062388,0,805,991.851895671353,500,120,95.93495935,82.11382114,60.52621317,58.72763007,95.93495935,91.8699187,c(-122.3759, 37.95885)
"655","Wilkinson Home",NA,"11/22/2022","12/04/2022",12,"","CA",95154.875,36.3125,38.9673161309878,4985.4768084948,2369.70471146065,30086.2307692308,31129,30017.8888888889,30240,9,17927.773746712,0.0228367837763286,785039.343644137,295.424029478655,77.959595959596,0.0915835102227111,9.33447689664667,3.94095530186163,"Urban and Built-up",14.25,112.6,0.92921257019043,15.5,49.874664,49.874664,0,625,471.976339060089,500,121,68.29268293,95.12195122,60.13210098,49.37530031,79.67479675,83.7398374,c(-122.28681, 37.842845)
"656","Wilkinson Home",NA,"11/22/2022","12/04/2022",12,"","CA",95154.875,36.3125,38.9673161309878,4985.4768084948,2369.70471146065,30086.2307692308,31129,30017.8888888889,30240,9,17927.773746712,0.0228367837763286,785039.343644137,295.424029478655,77.959595959596,0.0915835102227111,9.33447689664667,3.94095530186163,"Urban and Built-up",14.25,112.6,0.92921257019043,18.1666666666667,98.1046304,98.1046304,0,462,471.976339060089,500,121,68.29268293,95.12195122,60.13210098,49.37530031,79.67479675,83.7398374,c(-122.28681, 37.842845)
"657","Wilkinson Home",NA,"11/22/2022","12/04/2022",12,"","CA",95154.875,36.3125,38.9673161309878,4985.4768084948,2369.70471146065,30086.2307692308,31129,30017.8888888889,30240,9,17927.773746712,0.0228367837763286,785039.343644137,295.424029478655,77.959595959596,0.0915835102227111,9.33447689664667,3.94095530186163,"Urban and Built-up",14.25,112.6,0.92921257019043,18.5,62.3159019,62.3159019,0,498,471.976339060089,500,121,68.29268293,95.12195122,60.13210098,49.37530031,79.67479675,83.7398374,c(-122.28681, 37.842845)
"658","Wilkinson Home",NA,"11/22/2022","12/04/2022",12,"","CA",95154.875,36.3125,38.9673161309878,4985.4768084948,2369.70471146065,30086.2307692308,31129,30017.8888888889,30240,9,17927.773746712,0.0228367837763286,785039.343644137,295.424029478655,77.959595959596,0.0915835102227111,9.33447689664667,3.94095530186163,"Urban and Built-up",14.25,112.6,0.92921257019043,18.5,55.7423006,55.7423006,0,660,471.976339060089,500,121,68.29268293,95.12195122,60.13210098,49.37530031,79.67479675,83.7398374,c(-122.28681, 37.842845)
"659","Wilkinson Home",NA,"11/22/2022","12/04/2022",12,"","CA",95154.875,36.3125,38.9673161309878,4985.4768084948,2369.70471146065,30086.2307692308,31129,30017.8888888889,30240,9,17927.773746712,0.0228367837763286,785039.343644137,295.424029478655,77.959595959596,0.0915835102227111,9.33447689664667,3.94095530186163,"Urban and Built-up",14.25,112.6,0.92921257019043,16.8333333333333,62.7928049,62.7928049,0,717,471.976339060089,500,121,68.29268293,95.12195122,60.13210098,49.37530031,79.67479675,83.7398374,c(-122.28681, 37.842845)
"660","Wilkinson Home",NA,"11/22/2022","12/04/2022",12,"","CA",95154.875,36.3125,38.9673161309878,4985.4768084948,2369.70471146065,30086.2307692308,31129,30017.8888888889,30240,9,17927.773746712,0.0228367837763286,785039.343644137,295.424029478655,77.959595959596,0.0915835102227111,9.33447689664667,3.94095530186163,"Urban and Built-up",14.25,112.6,0.92921257019043,15,52.155397,52.155397,0,627,471.976339060089,500,121,68.29268293,95.12195122,60.13210098,49.37530031,79.67479675,83.7398374,c(-122.28681, 37.842845)
"661","Wilkinson Home",NA,"11/22/2022","12/04/2022",12,"","CA",95154.875,36.3125,38.9673161309878,4985.4768084948,2369.70471146065,30086.2307692308,31129,30017.8888888889,30240,9,17927.773746712,0.0228367837763286,785039.343644137,295.424029478655,77.959595959596,0.0915835102227111,9.33447689664667,3.94095530186163,"Urban and Built-up",14.25,112.6,0.92921257019043,16.6666666666667,57.0877601,57.0877601,0,717,471.976339060089,500,121,68.29268293,95.12195122,60.13210098,49.37530031,79.67479675,83.7398374,c(-122.28681, 37.842845)
"662","Wilkinson Home",NA,"11/22/2022","12/04/2022",12,"","CA",95154.875,36.3125,38.9673161309878,4985.4768084948,2369.70471146065,30086.2307692308,31129,30017.8888888889,30240,9,17927.773746712,0.0228367837763286,785039.343644137,295.424029478655,77.959595959596,0.0915835102227111,9.33447689664667,3.94095530186163,"Urban and Built-up",14.25,112.6,0.92921257019043,15,54.1240427,54.1240427,0,696,471.976339060089,500,121,68.29268293,95.12195122,60.13210098,49.37530031,79.67479675,83.7398374,c(-122.28681, 37.842845)
"663","Williams Home",NA,"02/20/2023","03/07/2023",15,"","CA",90843.25,34.0428571428571,49.2602362226891,7684.12759695873,3860.93386180668,57983.625,57871,59995.3333333333,51948.5,28,16482.4894693856,0.0209957495797214,785039.343644349,438.841613783411,65.3101123595505,0.129270953561483,56.7284590565336,3.52028104498641,"Urban and Built-up",14.25,120.9,0.94006085395813,11,39.4381484,39.4381484,0,422,412.638026727045,500,122,34.95934959,35.77235772,46.5442526,35.30352731,49.59349593,56.09756098,c(-122.273254, 37.875349)
"664","Williams Home",NA,"02/20/2023","03/07/2023",15,"","CA",90843.25,34.0428571428571,49.2602362226891,7684.12759695873,3860.93386180668,57983.625,57871,59995.3333333333,51948.5,28,16482.4894693856,0.0209957495797214,785039.343644349,438.841613783411,65.3101123595505,0.129270953561483,56.7284590565336,3.52028104498641,"Urban and Built-up",14.25,120.9,0.94006085395813,16.6666666666667,34.9569899,34.9569899,0,529,412.638026727045,500,122,34.95934959,35.77235772,46.5442526,35.30352731,49.59349593,56.09756098,c(-122.273254, 37.875349)
"665","Williams Home",NA,"02/20/2023","03/07/2023",15,"","CA",90843.25,34.0428571428571,49.2602362226891,7684.12759695873,3860.93386180668,57983.625,57871,59995.3333333333,51948.5,28,16482.4894693856,0.0209957495797214,785039.343644349,438.841613783411,65.3101123595505,0.129270953561483,56.7284590565336,3.52028104498641,"Urban and Built-up",14.25,120.9,0.94006085395813,15.1666666666667,59.7937522,59.7937522,0,622,412.638026727045,500,122,34.95934959,35.77235772,46.5442526,35.30352731,49.59349593,56.09756098,c(-122.273254, 37.875349)
"666","Williams Home",NA,"02/20/2023","03/07/2023",15,"","CA",90843.25,34.0428571428571,49.2602362226891,7684.12759695873,3860.93386180668,57983.625,57871,59995.3333333333,51948.5,28,16482.4894693856,0.0209957495797214,785039.343644349,438.841613783411,65.3101123595505,0.129270953561483,56.7284590565336,3.52028104498641,"Urban and Built-up",14.25,120.9,0.94006085395813,19.3333333333333,35.6098281,35.6098281,0,315,412.638026727045,500,122,34.95934959,35.77235772,46.5442526,35.30352731,49.59349593,56.09756098,c(-122.273254, 37.875349)
"667","Williams Home",NA,"02/20/2023","03/07/2023",15,"","CA",90843.25,34.0428571428571,49.2602362226891,7684.12759695873,3860.93386180668,57983.625,57871,59995.3333333333,51948.5,28,16482.4894693856,0.0209957495797214,785039.343644349,438.841613783411,65.3101123595505,0.129270953561483,56.7284590565336,3.52028104498641,"Urban and Built-up",14.25,120.9,0.94006085395813,15,68.2512439,68.2512439,0,477,412.638026727045,500,122,34.95934959,35.77235772,46.5442526,35.30352731,49.59349593,56.09756098,c(-122.273254, 37.875349)
"668","Williams Home",NA,"02/20/2023","03/07/2023",15,"","CA",90843.25,34.0428571428571,49.2602362226891,7684.12759695873,3860.93386180668,57983.625,57871,59995.3333333333,51948.5,28,16482.4894693856,0.0209957495797214,785039.343644349,438.841613783411,65.3101123595505,0.129270953561483,56.7284590565336,3.52028104498641,"Urban and Built-up",14.25,120.9,0.94006085395813,15.5,62.3354228,62.3354228,0,493,412.638026727045,500,122,34.95934959,35.77235772,46.5442526,35.30352731,49.59349593,56.09756098,c(-122.273254, 37.875349)
"669","Williams Home",NA,"02/20/2023","03/07/2023",15,"","CA",90843.25,34.0428571428571,49.2602362226891,7684.12759695873,3860.93386180668,57983.625,57871,59995.3333333333,51948.5,28,16482.4894693856,0.0209957495797214,785039.343644349,438.841613783411,65.3101123595505,0.129270953561483,56.7284590565336,3.52028104498641,"Urban and Built-up",14.25,120.9,0.94006085395813,13,39.1557131,39.1557131,0,503,412.638026727045,500,122,34.95934959,35.77235772,46.5442526,35.30352731,49.59349593,56.09756098,c(-122.273254, 37.875349)
"670","Williams Home",NA,"02/20/2023","03/07/2023",15,"","CA",90843.25,34.0428571428571,49.2602362226891,7684.12759695873,3860.93386180668,57983.625,57871,59995.3333333333,51948.5,28,16482.4894693856,0.0209957495797214,785039.343644349,438.841613783411,65.3101123595505,0.129270953561483,56.7284590565336,3.52028104498641,"Urban and Built-up",14.25,120.9,0.94006085395813,17.8333333333333,47.0036091,47.0036091,0,771,412.638026727045,500,122,34.95934959,35.77235772,46.5442526,35.30352731,49.59349593,56.09756098,c(-122.273254, 37.875349)
"671","Williams Home",NA,"02/20/2023","03/07/2023",15,"","CA",90843.25,34.0428571428571,49.2602362226891,7684.12759695873,3860.93386180668,57983.625,57871,59995.3333333333,51948.5,28,16482.4894693856,0.0209957495797214,785039.343644349,438.841613783411,65.3101123595505,0.129270953561483,56.7284590565336,3.52028104498641,"Urban and Built-up",14.25,120.9,0.94006085395813,17,30.2863057,30.2863057,0,353,412.638026727045,500,122,34.95934959,35.77235772,46.5442526,35.30352731,49.59349593,56.09756098,c(-122.273254, 37.875349)
"672","Williams Home",NA,"02/20/2023","03/07/2023",15,"","CA",90843.25,34.0428571428571,49.2602362226891,7684.12759695873,3860.93386180668,57983.625,57871,59995.3333333333,51948.5,28,16482.4894693856,0.0209957495797214,785039.343644349,438.841613783411,65.3101123595505,0.129270953561483,56.7284590565336,3.52028104498641,"Urban and Built-up",14.25,120.9,0.94006085395813,16.1666666666667,40.2234322,40.2234322,0,538,412.638026727045,500,122,34.95934959,35.77235772,46.5442526,35.30352731,49.59349593,56.09756098,c(-122.273254, 37.875349)
"673","Williams Home",NA,"02/20/2023","03/07/2023",15,"","CA",90843.25,34.0428571428571,49.2602362226891,7684.12759695873,3860.93386180668,57983.625,57871,59995.3333333333,51948.5,28,16482.4894693856,0.0209957495797214,785039.343644349,438.841613783411,65.3101123595505,0.129270953561483,56.7284590565336,3.52028104498641,"Urban and Built-up",14.25,120.9,0.94006085395813,19.6666666666667,95.2451892,95.2451892,0,841,412.638026727045,500,122,34.95934959,35.77235772,46.5442526,35.30352731,49.59349593,56.09756098,c(-122.273254, 37.875349)
"674","Williams Home",NA,"02/20/2023","03/07/2023",15,"","CA",90843.25,34.0428571428571,49.2602362226891,7684.12759695873,3860.93386180668,57983.625,57871,59995.3333333333,51948.5,28,16482.4894693856,0.0209957495797214,785039.343644349,438.841613783411,65.3101123595505,0.129270953561483,56.7284590565336,3.52028104498641,"Urban and Built-up",14.25,120.9,0.94006085395813,13.6666666666667,60.5259095,60.5259095,0,767,412.638026727045,500,122,34.95934959,35.77235772,46.5442526,35.30352731,49.59349593,56.09756098,c(-122.273254, 37.875349)
"675","Wolff Home",NA,"11/23/2022","12/07/2022",14,"","CA",108559.4,43.8,29.9903644561509,1146.88491342362,495.469442606021,2096.33333333333,2097,2141,1973.5,1,14495.6028447008,0.0184648106646651,785039.343644075,450.868420836299,35.7869222096954,0.204002744110114,134.665758199827,2.57837760358618,"Urban and Built-up",14.1499996185303,104.9,0.757180988788605,12.5,351.6124276,351.6124276,0,349,1798.89866675626,500,123,30.89430894,51.2195122,35.83212578,31.64554428,32.5203252,30.08130081,c(-122.150877, 37.772388)
"676","Wolff Home",NA,"11/23/2022","12/07/2022",14,"","CA",108559.4,43.8,29.9903644561509,1146.88491342362,495.469442606021,2096.33333333333,2097,2141,1973.5,1,14495.6028447008,0.0184648106646651,785039.343644075,450.868420836299,35.7869222096954,0.204002744110114,134.665758199827,2.57837760358618,"Urban and Built-up",14.1499996185303,104.9,0.757180988788605,11.5,186.6057193,186.6057193,0,381,1798.89866675626,500,123,30.89430894,51.2195122,35.83212578,31.64554428,32.5203252,30.08130081,c(-122.150877, 37.772388)
"677","Wolff Home",NA,"11/23/2022","12/07/2022",14,"","CA",108559.4,43.8,29.9903644561509,1146.88491342362,495.469442606021,2096.33333333333,2097,2141,1973.5,1,14495.6028447008,0.0184648106646651,785039.343644075,450.868420836299,35.7869222096954,0.204002744110114,134.665758199827,2.57837760358618,"Urban and Built-up",14.1499996185303,104.9,0.757180988788605,6.16666666666667,757.1952017,757.1952017,0,1489,1798.89866675626,500,123,30.89430894,51.2195122,35.83212578,31.64554428,32.5203252,30.08130081,c(-122.150877, 37.772388)
"678","Wolff Home",NA,"11/23/2022","12/07/2022",14,"","CA",108559.4,43.8,29.9903644561509,1146.88491342362,495.469442606021,2096.33333333333,2097,2141,1973.5,1,14495.6028447008,0.0184648106646651,785039.343644075,450.868420836299,35.7869222096954,0.204002744110114,134.665758199827,2.57837760358618,"Urban and Built-up",14.1499996185303,104.9,0.757180988788605,12.6666666666667,115.0574201,115.0574201,0,479,1798.89866675626,500,123,30.89430894,51.2195122,35.83212578,31.64554428,32.5203252,30.08130081,c(-122.150877, 37.772388)
"679","Wolff Home",NA,"11/23/2022","12/07/2022",14,"","CA",108559.4,43.8,29.9903644561509,1146.88491342362,495.469442606021,2096.33333333333,2097,2141,1973.5,1,14495.6028447008,0.0184648106646651,785039.343644075,450.868420836299,35.7869222096954,0.204002744110114,134.665758199827,2.57837760358618,"Urban and Built-up",14.1499996185303,104.9,0.757180988788605,8.16666666666667,408.4325784,408.4325784,0,437,1798.89866675626,500,123,30.89430894,51.2195122,35.83212578,31.64554428,32.5203252,30.08130081,c(-122.150877, 37.772388)
"680","YES Nature to Neighborhoods",NA,"11/08/2023","11/27/2023",19,"","CA",68912,38.425,14.3933063089421,4171.13172832904,1551.13449396576,15210.3,15149,14259.6428571429,17428.5,1,13857.3498109453,0.017651790223174,785039.34364418,476.353209482401,65.4462061155153,0.128695176967413,18.1951856369783,3.53513790011991,"Urban and Built-up",14.3500003814697,128.4,0.938720345497131,12,63.6445586,63.6445586,0,543,380.390834252985,500,124,98.37398374,97.56097561,54.00994306,45.20519072,72.35772358,69.91869919,c(-122.339648, 37.934844)
"681","YES Nature to Neighborhoods",NA,"11/08/2023","11/27/2023",19,"","CA",68912,38.425,14.3933063089421,4171.13172832904,1551.13449396576,15210.3,15149,14259.6428571429,17428.5,1,13857.3498109453,0.017651790223174,785039.34364418,476.353209482401,65.4462061155153,0.128695176967413,18.1951856369783,3.53513790011991,"Urban and Built-up",14.3500003814697,128.4,0.938720345497131,18,62.4975204,62.4975204,0,401,380.390834252985,500,124,98.37398374,97.56097561,54.00994306,45.20519072,72.35772358,69.91869919,c(-122.339648, 37.934844)
"682","YES Nature to Neighborhoods",NA,"11/08/2023","11/27/2023",19,"","CA",68912,38.425,14.3933063089421,4171.13172832904,1551.13449396576,15210.3,15149,14259.6428571429,17428.5,1,13857.3498109453,0.017651790223174,785039.34364418,476.353209482401,65.4462061155153,0.128695176967413,18.1951856369783,3.53513790011991,"Urban and Built-up",14.3500003814697,128.4,0.938720345497131,14,65.582811,65.582811,0,656,380.390834252985,500,124,98.37398374,97.56097561,54.00994306,45.20519072,72.35772358,69.91869919,c(-122.339648, 37.934844)
"683","YES Nature to Neighborhoods",NA,"11/08/2023","11/27/2023",19,"","CA",68912,38.425,14.3933063089421,4171.13172832904,1551.13449396576,15210.3,15149,14259.6428571429,17428.5,1,13857.3498109453,0.017651790223174,785039.34364418,476.353209482401,65.4462061155153,0.128695176967413,18.1951856369783,3.53513790011991,"Urban and Built-up",14.3500003814697,128.4,0.938720345497131,16.5,47.065137,47.065137,0,442,380.390834252985,500,124,98.37398374,97.56097561,54.00994306,45.20519072,72.35772358,69.91869919,c(-122.339648, 37.934844)
"684","YES Nature to Neighborhoods",NA,"11/08/2023","11/27/2023",19,"","CA",68912,38.425,14.3933063089421,4171.13172832904,1551.13449396576,15210.3,15149,14259.6428571429,17428.5,1,13857.3498109453,0.017651790223174,785039.34364418,476.353209482401,65.4462061155153,0.128695176967413,18.1951856369783,3.53513790011991,"Urban and Built-up",14.3500003814697,128.4,0.938720345497131,17.1666666666667,124.9038609,124.9038609,0,564,380.390834252985,500,124,98.37398374,97.56097561,54.00994306,45.20519072,72.35772358,69.91869919,c(-122.339648, 37.934844)
"685","YES Nature to Neighborhoods",NA,"11/08/2023","11/27/2023",19,"","CA",68912,38.425,14.3933063089421,4171.13172832904,1551.13449396576,15210.3,15149,14259.6428571429,17428.5,1,13857.3498109453,0.017651790223174,785039.34364418,476.353209482401,65.4462061155153,0.128695176967413,18.1951856369783,3.53513790011991,"Urban and Built-up",14.3500003814697,128.4,0.938720345497131,16.8333333333333,83.7639348,83.7639348,0,349,380.390834252985,500,124,98.37398374,97.56097561,54.00994306,45.20519072,72.35772358,69.91869919,c(-122.339648, 37.934844)
"686","YES Nature to Neighborhoods",NA,"11/08/2023","11/27/2023",19,"","CA",68912,38.425,14.3933063089421,4171.13172832904,1551.13449396576,15210.3,15149,14259.6428571429,17428.5,1,13857.3498109453,0.017651790223174,785039.34364418,476.353209482401,65.4462061155153,0.128695176967413,18.1951856369783,3.53513790011991,"Urban and Built-up",14.3500003814697,128.4,0.938720345497131,16,80.5691789,80.5691789,0,455,380.390834252985,500,124,98.37398374,97.56097561,54.00994306,45.20519072,72.35772358,69.91869919,c(-122.339648, 37.934844)
"687","YES Nature to Neighborhoods",NA,"11/08/2023","11/27/2023",19,"","CA",68912,38.425,14.3933063089421,4171.13172832904,1551.13449396576,15210.3,15149,14259.6428571429,17428.5,1,13857.3498109453,0.017651790223174,785039.34364418,476.353209482401,65.4462061155153,0.128695176967413,18.1951856369783,3.53513790011991,"Urban and Built-up",14.3500003814697,128.4,0.938720345497131,14,53.4217845,53.4217845,0,545,380.390834252985,500,124,98.37398374,97.56097561,54.00994306,45.20519072,72.35772358,69.91869919,c(-122.339648, 37.934844)
