"","Name","UWIN.Code","Start.Date","End.Date","Num.Days","Notes","states_abbrev","mean_income","mean_age","mean_percent_white","mean_pop_density","mean_housing_density","mean_daily_visits","median_daily_visits","mean_weekday_visits","mean_weekend_visits","restaurant_count","total_road_length","road_density","road_area","distance_to_road","imp_surf","ndvi","elev","nightlight_avg","nldc_landcover","bio_1","bio_12","human_mod","NatWalkInd","Ac_Total","Ac_Land","Ac_Water","Workers","dist2nearest_camera","buffer_size","X","BURDEN_RESCALED_AV_PCT","BURDEN_RESCALED_MAX_PCT","MAX_POLL_RAW","MEAN_POLL_RAW","OGBURDEN_AV","OGBURDEN_MAX","geometry"
"1","Ahern Home",NA,"01/25/2023","02/01/2023",7,"IOR","CA",179060.5,41.35,63.7734562761709,2050.70866988506,783.184668105247,3378,3316.5,3549.83333333333,2862.5,1,2595.32964317969,0.0132239468719168,196259.835911114,245.684782802612,10.7747747747748,0.276450459850518,212.705532871725,2.12816083914941,"Urban and Built-up",13.9499998092651,119.5,0.741942604382833,5.83333333333333,335.2294505,335.2294505,0,904,476.719897963641,250,1,5.691056911,7.317073171,34.38327414,23.96526226,12.19512195,19.51219512,c(-122.210054, 37.838156)
"2","Ahern Home",NA,"01/25/2023","02/01/2023",7,"IOR","CA",179060.5,41.35,63.7734562761709,2050.70866988506,783.184668105247,3378,3316.5,3549.83333333333,2862.5,1,2595.32964317969,0.0132239468719168,196259.835911114,245.684782802612,10.7747747747748,0.276450459850518,212.705532871725,2.12816083914941,"Urban and Built-up",13.9499998092651,119.5,0.741942604382833,11,168.1078133,168.1078133,0,690,476.719897963641,250,1,5.691056911,7.317073171,34.38327414,23.96526226,12.19512195,19.51219512,c(-122.210054, 37.838156)
"3","Ahern Home",NA,"01/25/2023","02/01/2023",7,"IOR","CA",179060.5,41.35,63.7734562761709,2050.70866988506,783.184668105247,3378,3316.5,3549.83333333333,2862.5,1,2595.32964317969,0.0132239468719168,196259.835911114,245.684782802612,10.7747747747748,0.276450459850518,212.705532871725,2.12816083914941,"Urban and Built-up",13.9499998092651,119.5,0.741942604382833,12.3333333333333,125.670118,125.670118,0,458,476.719897963641,250,1,5.691056911,7.317073171,34.38327414,23.96526226,12.19512195,19.51219512,c(-122.210054, 37.838156)
"4","Ahern Home",NA,"01/25/2023","02/01/2023",7,"IOR","CA",179060.5,41.35,63.7734562761709,2050.70866988506,783.184668105247,3378,3316.5,3549.83333333333,2862.5,1,2595.32964317969,0.0132239468719168,196259.835911114,245.684782802612,10.7747747747748,0.276450459850518,212.705532871725,2.12816083914941,"Urban and Built-up",13.9499998092651,119.5,0.741942604382833,12.5,138.296928,138.296928,0,623,476.719897963641,250,1,5.691056911,7.317073171,34.38327414,23.96526226,12.19512195,19.51219512,c(-122.210054, 37.838156)
"5","Albany Waterfront Trail-Albany Bulb","AWT-AB","11/29/2023","12/13/2023",14,"","CA",105871,34.1,36.4338193452117,669.41837526182,283.467221667584,7833.2,7103,6862.90909090909,10501.5,1,497.670976699333,0.00253577597468543,196259.835911203,29.2830604858375,33.9128440366973,0.101641100990938,3.23593991769083,2.48882713691629,"Urban and Built-up",14.3500003814697,122.9,0.740065306425095,12.5,433.4588664,159.3555313,274.1033351,360,908.651382165591,250,2,89.43089431,90.24390244,60.13210098,52.56645591,88.61788618,83.7398374,c(-122.312563, 37.889749)
"6","Albany Waterfront Trail-Albany Bulb","AWT-AB","11/29/2023","12/13/2023",14,"","CA",105871,34.1,36.4338193452117,669.41837526182,283.467221667584,7833.2,7103,6862.90909090909,10501.5,1,497.670976699333,0.00253577597468543,196259.835911203,29.2830604858375,33.9128440366973,0.101641100990938,3.23593991769083,2.48882713691629,"Urban and Built-up",14.3500003814697,122.9,0.740065306425095,17.8333333333333,677.3675699,273.9024428,403.4651271,798,908.651382165591,250,2,89.43089431,90.24390244,60.13210098,52.56645591,88.61788618,83.7398374,c(-122.312563, 37.889749)
"7","Albe Home",NA,"11/21/2022","12/06/2022",15,"IOR","CA",112471.666666667,47.6,44.2918363608019,2482.09024960177,1013.58230144135,8375.125,8460,8073,9281.5,1,3473.19131095789,0.0176969031632819,196259.835910962,241.280063776794,60.7194570135747,0.143488076162185,46.2050878266643,2.76170764425808,"Urban and Built-up",14.3500003814697,129.85,0.901531100273132,14.3333333333333,110.7437954,110.7437954,0,605,581.992202196402,250,3,92.68292683,96.74796748,46.27273619,38.10089326,57.72357724,54.47154472,c(-122.3209, 37.942801)
"8","Albe Home",NA,"11/21/2022","12/06/2022",15,"IOR","CA",112471.666666667,47.6,44.2918363608019,2482.09024960177,1013.58230144135,8375.125,8460,8073,9281.5,1,3473.19131095789,0.0176969031632819,196259.835910962,241.280063776794,60.7194570135747,0.143488076162185,46.2050878266643,2.76170764425808,"Urban and Built-up",14.3500003814697,129.85,0.901531100273132,13.1666666666667,119.9981846,119.9981846,0,824,581.992202196402,250,3,92.68292683,96.74796748,46.27273619,38.10089326,57.72357724,54.47154472,c(-122.3209, 37.942801)
"9","Albe Home",NA,"11/21/2022","12/06/2022",15,"IOR","CA",112471.666666667,47.6,44.2918363608019,2482.09024960177,1013.58230144135,8375.125,8460,8073,9281.5,1,3473.19131095789,0.0176969031632819,196259.835910962,241.280063776794,60.7194570135747,0.143488076162185,46.2050878266643,2.76170764425808,"Urban and Built-up",14.3500003814697,129.85,0.901531100273132,13.8333333333333,50.8121614,50.8121614,0,399,581.992202196402,250,3,92.68292683,96.74796748,46.27273619,38.10089326,57.72357724,54.47154472,c(-122.3209, 37.942801)
"10","Alexander Home",NA,"01/27/2023","02/03/2023",7,"Sarah (Alison + Hoover) Home","CA",115823.6,44.76,43.6523974115658,2926.7402637518,1233.45107399968,21409.875,21412.5,21328.1666666667,21655,1,4785.33781830479,0.0243826649303514,196259.835911046,149.184301082836,63.6473214285714,0.13129191529951,34.6150182723999,3.27100836282563,"Urban and Built-up",14.3500003814697,129.15,0.927062287926674,18.3333333333333,76.1305216,76.1305216,0,399,488.521859577132,250,4,91.8699187,91.8699187,56.59650758,41.71351875,69.10569106,77.23577236,c(-122.32046, 37.933188)
"11","Alexander Home",NA,"01/27/2023","02/03/2023",7,"Sarah (Alison + Hoover) Home","CA",115823.6,44.76,43.6523974115658,2926.7402637518,1233.45107399968,21409.875,21412.5,21328.1666666667,21655,1,4785.33781830479,0.0243826649303514,196259.835911046,149.184301082836,63.6473214285714,0.13129191529951,34.6150182723999,3.27100836282563,"Urban and Built-up",14.3500003814697,129.15,0.927062287926674,13.3333333333333,81.6008214,81.6008214,0,613,488.521859577132,250,4,91.8699187,91.8699187,56.59650758,41.71351875,69.10569106,77.23577236,c(-122.32046, 37.933188)
"12","Alexander Home",NA,"01/27/2023","02/03/2023",7,"Sarah (Alison + Hoover) Home","CA",115823.6,44.76,43.6523974115658,2926.7402637518,1233.45107399968,21409.875,21412.5,21328.1666666667,21655,1,4785.33781830479,0.0243826649303514,196259.835911046,149.184301082836,63.6473214285714,0.13129191529951,34.6150182723999,3.27100836282563,"Urban and Built-up",14.3500003814697,129.15,0.927062287926674,14.6666666666667,66.0985087,66.0985087,0,351,488.521859577132,250,4,91.8699187,91.8699187,56.59650758,41.71351875,69.10569106,77.23577236,c(-122.32046, 37.933188)
"13","Alexander Home",NA,"01/27/2023","02/03/2023",7,"Sarah (Alison + Hoover) Home","CA",115823.6,44.76,43.6523974115658,2926.7402637518,1233.45107399968,21409.875,21412.5,21328.1666666667,21655,1,4785.33781830479,0.0243826649303514,196259.835911046,149.184301082836,63.6473214285714,0.13129191529951,34.6150182723999,3.27100836282563,"Urban and Built-up",14.3500003814697,129.15,0.927062287926674,18.6666666666667,83.243048,83.243048,0,453,488.521859577132,250,4,91.8699187,91.8699187,56.59650758,41.71351875,69.10569106,77.23577236,c(-122.32046, 37.933188)
"14","Alexander Home",NA,"01/27/2023","02/03/2023",7,"Sarah (Alison + Hoover) Home","CA",115823.6,44.76,43.6523974115658,2926.7402637518,1233.45107399968,21409.875,21412.5,21328.1666666667,21655,1,4785.33781830479,0.0243826649303514,196259.835911046,149.184301082836,63.6473214285714,0.13129191529951,34.6150182723999,3.27100836282563,"Urban and Built-up",14.3500003814697,129.15,0.927062287926674,13.8333333333333,50.8121614,50.8121614,0,399,488.521859577132,250,4,91.8699187,91.8699187,56.59650758,41.71351875,69.10569106,77.23577236,c(-122.32046, 37.933188)
"15","Andrews Home",NA,"01/25/2023","02/11/2023",17,"","CA",173934,44.74,63.620351361051,4079.25551970822,1764.97253849071,9038.16666666667,8973.5,9255.69230769231,8472.6,22,3503.53731776781,0.0178515247478137,196259.835911041,223.172170187678,56.1741071428572,0.14996823058235,80.4857481898684,3.22441305050232,"Urban and Built-up",14.1999998092651,107.55,0.920411318540573,14.6666666666667,58.3934365,58.3934365,0,528,409.360657627075,250,5,54.47154472,36.58536585,35.33385722,32.95785471,37.39837398,26.01626016,c(-122.221358, 37.808965)
"16","Andrews Home",NA,"01/25/2023","02/11/2023",17,"","CA",173934,44.74,63.620351361051,4079.25551970822,1764.97253849071,9038.16666666667,8973.5,9255.69230769231,8472.6,22,3503.53731776781,0.0178515247478137,196259.835911041,223.172170187678,56.1741071428572,0.14996823058235,80.4857481898684,3.22441305050232,"Urban and Built-up",14.1999998092651,107.55,0.920411318540573,15.6666666666667,76.1426295,76.1426295,0,701,409.360657627075,250,5,54.47154472,36.58536585,35.33385722,32.95785471,37.39837398,26.01626016,c(-122.221358, 37.808965)
"17","Andrews Home",NA,"01/25/2023","02/11/2023",17,"","CA",173934,44.74,63.620351361051,4079.25551970822,1764.97253849071,9038.16666666667,8973.5,9255.69230769231,8472.6,22,3503.53731776781,0.0178515247478137,196259.835911041,223.172170187678,56.1741071428572,0.14996823058235,80.4857481898684,3.22441305050232,"Urban and Built-up",14.1999998092651,107.55,0.920411318540573,13.1666666666667,39.6459595,39.6459595,0,440,409.360657627075,250,5,54.47154472,36.58536585,35.33385722,32.95785471,37.39837398,26.01626016,c(-122.221358, 37.808965)
"18","Andrews Home",NA,"01/25/2023","02/11/2023",17,"","CA",173934,44.74,63.620351361051,4079.25551970822,1764.97253849071,9038.16666666667,8973.5,9255.69230769231,8472.6,22,3503.53731776781,0.0178515247478137,196259.835911041,223.172170187678,56.1741071428572,0.14996823058235,80.4857481898684,3.22441305050232,"Urban and Built-up",14.1999998092651,107.55,0.920411318540573,14.8333333333333,80.5266777,80.5266777,0,522,409.360657627075,250,5,54.47154472,36.58536585,35.33385722,32.95785471,37.39837398,26.01626016,c(-122.221358, 37.808965)
"19","Andrews Home",NA,"01/25/2023","02/11/2023",17,"","CA",173934,44.74,63.620351361051,4079.25551970822,1764.97253849071,9038.16666666667,8973.5,9255.69230769231,8472.6,22,3503.53731776781,0.0178515247478137,196259.835911041,223.172170187678,56.1741071428572,0.14996823058235,80.4857481898684,3.22441305050232,"Urban and Built-up",14.1999998092651,107.55,0.920411318540573,14.1666666666667,64.7033821,64.7033821,0,690,409.360657627075,250,5,54.47154472,36.58536585,35.33385722,32.95785471,37.39837398,26.01626016,c(-122.221358, 37.808965)
"20","Bataclan Home",NA,"01/24/2023","02/11/2023",18,"Therese Home","CA",92078.1666666667,40.4166666666667,56.7521697853957,6930.59248778811,4405.37428751698,47398.4736842105,48167,49770.2142857143,40757.6,17,4367.61448663048,0.0222542450744218,196259.835911057,208.524835533386,78.1735159817352,0.0852062279574777,29.6632601371736,3.95681354167426,"Urban and Built-up",14.25,108.9,0.941426664590836,17.3333333333333,46.7960451,46.7960451,0,401,604.576371297946,250,6,72.35772358,74.79674797,54.72614651,41.42096796,68.29268293,71.54471545,c(-122.257263, 37.828543)
"21","Bataclan Home",NA,"01/24/2023","02/11/2023",18,"Therese Home","CA",92078.1666666667,40.4166666666667,56.7521697853957,6930.59248778811,4405.37428751698,47398.4736842105,48167,49770.2142857143,40757.6,17,4367.61448663048,0.0222542450744218,196259.835911057,208.524835533386,78.1735159817352,0.0852062279574777,29.6632601371736,3.95681354167426,"Urban and Built-up",14.25,108.9,0.941426664590836,18,35.8040487,35.8040487,0,482,604.576371297946,250,6,72.35772358,74.79674797,54.72614651,41.42096796,68.29268293,71.54471545,c(-122.257263, 37.828543)
"22","Bataclan Home",NA,"01/24/2023","02/11/2023",18,"Therese Home","CA",92078.1666666667,40.4166666666667,56.7521697853957,6930.59248778811,4405.37428751698,47398.4736842105,48167,49770.2142857143,40757.6,17,4367.61448663048,0.0222542450744218,196259.835911057,208.524835533386,78.1735159817352,0.0852062279574777,29.6632601371736,3.95681354167426,"Urban and Built-up",14.25,108.9,0.941426664590836,13.1666666666667,58.4077683,58.4077683,0,772,604.576371297946,250,6,72.35772358,74.79674797,54.72614651,41.42096796,68.29268293,71.54471545,c(-122.257263, 37.828543)
"23","Bataclan Home",NA,"01/24/2023","02/11/2023",18,"Therese Home","CA",92078.1666666667,40.4166666666667,56.7521697853957,6930.59248778811,4405.37428751698,47398.4736842105,48167,49770.2142857143,40757.6,17,4367.61448663048,0.0222542450744218,196259.835911057,208.524835533386,78.1735159817352,0.0852062279574777,29.6632601371736,3.95681354167426,"Urban and Built-up",14.25,108.9,0.941426664590836,17,65.4874304,65.4874304,0,1163,604.576371297946,250,6,72.35772358,74.79674797,54.72614651,41.42096796,68.29268293,71.54471545,c(-122.257263, 37.828543)
"24","Bataclan Home",NA,"01/24/2023","02/11/2023",18,"Therese Home","CA",92078.1666666667,40.4166666666667,56.7521697853957,6930.59248778811,4405.37428751698,47398.4736842105,48167,49770.2142857143,40757.6,17,4367.61448663048,0.0222542450744218,196259.835911057,208.524835533386,78.1735159817352,0.0852062279574777,29.6632601371736,3.95681354167426,"Urban and Built-up",14.25,108.9,0.941426664590836,17.6666666666667,20.4638336,20.4638336,0,553,604.576371297946,250,6,72.35772358,74.79674797,54.72614651,41.42096796,68.29268293,71.54471545,c(-122.257263, 37.828543)
"25","Bates-Luterman Home",NA,"11/28/2023","12/05/2023",7,"","CA",53448.4,33.08,9.81518902862867,8374.99902854136,2387.0984017265,15974,15117,15410.8333333333,17663.5,1,3465.85997693204,0.0176595479194348,196259.835911075,184.376230220587,69.1964285714286,0.107615101472392,36.4641154184088,3.29771532493937,"Urban and Built-up",14.25,101.7,0.936677396297455,12.1666666666667,54.9767848,54.9767848,0,898,1140.39920502624,250,7,47.15447154,66.66666667,47.93724469,39.66939932,64.22764228,59.3495935,c(-122.2123669, 37.7824258)
"26","Bates-Luterman Home",NA,"11/28/2023","12/05/2023",7,"","CA",53448.4,33.08,9.81518902862867,8374.99902854136,2387.0984017265,15974,15117,15410.8333333333,17663.5,1,3465.85997693204,0.0176595479194348,196259.835911075,184.376230220587,69.1964285714286,0.107615101472392,36.4641154184088,3.29771532493937,"Urban and Built-up",14.25,101.7,0.936677396297455,13.1666666666667,36.6543198,36.6543198,0,507,1140.39920502624,250,7,47.15447154,66.66666667,47.93724469,39.66939932,64.22764228,59.3495935,c(-122.2123669, 37.7824258)
"27","Bates-Luterman Home",NA,"11/28/2023","12/05/2023",7,"","CA",53448.4,33.08,9.81518902862867,8374.99902854136,2387.0984017265,15974,15117,15410.8333333333,17663.5,1,3465.85997693204,0.0176595479194348,196259.835911075,184.376230220587,69.1964285714286,0.107615101472392,36.4641154184088,3.29771532493937,"Urban and Built-up",14.25,101.7,0.936677396297455,12,31.5576352,31.5576352,0,384,1140.39920502624,250,7,47.15447154,66.66666667,47.93724469,39.66939932,64.22764228,59.3495935,c(-122.2123669, 37.7824258)
"28","Bates-Luterman Home",NA,"11/28/2023","12/05/2023",7,"","CA",53448.4,33.08,9.81518902862867,8374.99902854136,2387.0984017265,15974,15117,15410.8333333333,17663.5,1,3465.85997693204,0.0176595479194348,196259.835911075,184.376230220587,69.1964285714286,0.107615101472392,36.4641154184088,3.29771532493937,"Urban and Built-up",14.25,101.7,0.936677396297455,12,61.1864078,61.1864078,0,760,1140.39920502624,250,7,47.15447154,66.66666667,47.93724469,39.66939932,64.22764228,59.3495935,c(-122.2123669, 37.7824258)
"29","Bates-Luterman Home",NA,"11/28/2023","12/05/2023",7,"","CA",53448.4,33.08,9.81518902862867,8374.99902854136,2387.0984017265,15974,15117,15410.8333333333,17663.5,1,3465.85997693204,0.0176595479194348,196259.835911075,184.376230220587,69.1964285714286,0.107615101472392,36.4641154184088,3.29771532493937,"Urban and Built-up",14.25,101.7,0.936677396297455,13.8333333333333,31.7446899,31.7446899,0,423,1140.39920502624,250,7,47.15447154,66.66666667,47.93724469,39.66939932,64.22764228,59.3495935,c(-122.2123669, 37.7824258)
"30","Beery Home","ADH","11/22/2022","12/03/2022",11,"Annaliese and David Home","CA",190327,47.4,68.2328907048008,165.134032587485,60.1283441679575,5465,5465,5465,NA,1,1439.70073226042,0.00733568702723159,196259.835911204,234.020953586655,5.19730941704036,0.324381327758664,295.197289175357,1.07199422754048,"Urban and Built-up",13.75,133.2,0.562704712152481,6.5,3400.4955607,3400.4955607,0,875,1290.14281282517,250,8,44.71544715,12.19512195,33.62227227,33.53048262,43.08943089,12.19512195,c(-122.21029, 37.88741)
"31","Belau Home",NA,"11/30/2023","12/14/2023",14,"","CA",93215.4,40.84,40.8397104949961,5448.43678331018,2304.50977497789,15541.5333333333,15352,14905,17292,1,3801.69444570065,0.0193707205962654,196259.835910989,54.56513472745,66.1704035874439,0.105983431172574,7.53439327596708,2.83236487369625,"Urban and Built-up",14.1999998092651,103.75,0.929176568984985,12.8333333333333,52.1689875,52.1689875,0,516,561.236892201471,250,9,34.14634146,21.13821138,48.6615453,41.81316267,70.73170732,60.16260163,c(-122.2675184, 37.7744075)
"32","Belau Home",NA,"11/30/2023","12/14/2023",14,"","CA",93215.4,40.84,40.8397104949961,5448.43678331018,2304.50977497789,15541.5333333333,15352,14905,17292,1,3801.69444570065,0.0193707205962654,196259.835910989,54.56513472745,66.1704035874439,0.105983431172574,7.53439327596708,2.83236487369625,"Urban and Built-up",14.1999998092651,103.75,0.929176568984985,16.1666666666667,33.0926204,33.0926204,0,422,561.236892201471,250,9,34.14634146,21.13821138,48.6615453,41.81316267,70.73170732,60.16260163,c(-122.2675184, 37.7744075)
"33","Belau Home",NA,"11/30/2023","12/14/2023",14,"","CA",93215.4,40.84,40.8397104949961,5448.43678331018,2304.50977497789,15541.5333333333,15352,14905,17292,1,3801.69444570065,0.0193707205962654,196259.835910989,54.56513472745,66.1704035874439,0.105983431172574,7.53439327596708,2.83236487369625,"Urban and Built-up",14.1999998092651,103.75,0.929176568984985,16.1666666666667,43.7601745,43.7601745,0,569,561.236892201471,250,9,34.14634146,21.13821138,48.6615453,41.81316267,70.73170732,60.16260163,c(-122.2675184, 37.7744075)
"34","Belau Home",NA,"11/30/2023","12/14/2023",14,"","CA",93215.4,40.84,40.8397104949961,5448.43678331018,2304.50977497789,15541.5333333333,15352,14905,17292,1,3801.69444570065,0.0193707205962654,196259.835910989,54.56513472745,66.1704035874439,0.105983431172574,7.53439327596708,2.83236487369625,"Urban and Built-up",14.1999998092651,103.75,0.929176568984985,15.1666666666667,36.7039869,36.7039869,0,363,561.236892201471,250,9,34.14634146,21.13821138,48.6615453,41.81316267,70.73170732,60.16260163,c(-122.2675184, 37.7744075)
"35","Belau Home",NA,"11/30/2023","12/14/2023",14,"","CA",93215.4,40.84,40.8397104949961,5448.43678331018,2304.50977497789,15541.5333333333,15352,14905,17292,1,3801.69444570065,0.0193707205962654,196259.835910989,54.56513472745,66.1704035874439,0.105983431172574,7.53439327596708,2.83236487369625,"Urban and Built-up",14.1999998092651,103.75,0.929176568984985,14.3333333333333,42.1863946,42.1863946,0,712,561.236892201471,250,9,34.14634146,21.13821138,48.6615453,41.81316267,70.73170732,60.16260163,c(-122.2675184, 37.7744075)
"36","Belgum Trail","BET","11/19/2023","12/04/2023",15,"","CA",118194,45.9,34.784889821616,235.995010178032,93.3913902837234,8436,8528,8436,NA,1,789.014645677938,0.00402025530091823,196259.83591085,190.192854684806,1.20091324200913,0.310954510647113,116.723547153903,1.57892556151521,"Urban and Built-up",14.1499998569489,132.625,0.660480638345083,10.5,2208.2724076,2208.2724076,0,966,1102.16682861699,250,10,45.52845528,69.91869919,45.74452348,25.9211051,18.69918699,53.65853659,c(-122.30955, 37.94835)
"37","Belgum Trail","BET","11/19/2023","12/04/2023",15,"","CA",118194,45.9,34.784889821616,235.995010178032,93.3913902837234,8436,8528,8436,NA,1,789.014645677938,0.00402025530091823,196259.83591085,190.192854684806,1.20091324200913,0.310954510647113,116.723547153903,1.57892556151521,"Urban and Built-up",14.1499998569489,132.625,0.660480638345083,9.66666666666667,120.4600145,120.4600145,0,441,1102.16682861699,250,10,45.52845528,69.91869919,45.74452348,25.9211051,18.69918699,53.65853659,c(-122.30955, 37.94835)
"38","Berges Home",NA,"01/28/2023","02/11/2023",14,"","CA",95921.75,42.9,23.934920667235,4831.01094332565,2065.2173573859,28880.4666666667,29033,28023.1,30595.2,1,3942.2062359781,0.0200866683581888,196259.835911064,246.398380139498,68.683257918552,0.130775046207323,18.5643807784059,3.69923705459904,"Urban and Built-up",14.3500003814697,95.8,0.936153382062912,18.6666666666667,142.8314601,142.8314601,0,712,2431.20375409284,250,11,61.78861789,88.61788618,56.54369788,38.28369033,59.3495935,76.42276423,c(-122.157691, 37.729005)
"39","Berges Home",NA,"01/28/2023","02/11/2023",14,"","CA",95921.75,42.9,23.934920667235,4831.01094332565,2065.2173573859,28880.4666666667,29033,28023.1,30595.2,1,3942.2062359781,0.0200866683581888,196259.835911064,246.398380139498,68.683257918552,0.130775046207323,18.5643807784059,3.69923705459904,"Urban and Built-up",14.3500003814697,95.8,0.936153382062912,16.6666666666667,51.5534614,51.5534614,0,773,2431.20375409284,250,11,61.78861789,88.61788618,56.54369788,38.28369033,59.3495935,76.42276423,c(-122.157691, 37.729005)
"40","Berges Home",NA,"01/28/2023","02/11/2023",14,"","CA",95921.75,42.9,23.934920667235,4831.01094332565,2065.2173573859,28880.4666666667,29033,28023.1,30595.2,1,3942.2062359781,0.0200866683581888,196259.835911064,246.398380139498,68.683257918552,0.130775046207323,18.5643807784059,3.69923705459904,"Urban and Built-up",14.3500003814697,95.8,0.936153382062912,16.3333333333333,161.2769809,161.2769809,0,1431,2431.20375409284,250,11,61.78861789,88.61788618,56.54369788,38.28369033,59.3495935,76.42276423,c(-122.157691, 37.729005)
"41","Berges Home",NA,"01/28/2023","02/11/2023",14,"","CA",95921.75,42.9,23.934920667235,4831.01094332565,2065.2173573859,28880.4666666667,29033,28023.1,30595.2,1,3942.2062359781,0.0200866683581888,196259.835911064,246.398380139498,68.683257918552,0.130775046207323,18.5643807784059,3.69923705459904,"Urban and Built-up",14.3500003814697,95.8,0.936153382062912,13.8333333333333,108.6911357,108.6911357,0,1273,2431.20375409284,250,11,61.78861789,88.61788618,56.54369788,38.28369033,59.3495935,76.42276423,c(-122.157691, 37.729005)
"42","Berges Studio",NA,"02/16/2023","03/03/2023",15,"","CA",54248.5,35.25,26.7320678973078,4442.97585084557,1976.34686349892,42079.3125,41369,41555.5833333333,43650.5,1,6037.65956576897,0.0307636024342146,196259.835910961,237.118558360671,81.2991071428572,0.0676432774529701,9.17127575271431,4.31184932568756,"Urban and Built-up",14.25,107.725,0.95480066537857,14.6666666666667,49.306334,49.306334,0,796,1316.9731937742,250,12,78.86178862,78.86178862,55.53451652,51.52211511,83.7398374,74.79674797,c(-122.2727, 37.816316)
"43","Berges Studio",NA,"02/16/2023","03/03/2023",15,"","CA",54248.5,35.25,26.7320678973078,4442.97585084557,1976.34686349892,42079.3125,41369,41555.5833333333,43650.5,1,6037.65956576897,0.0307636024342146,196259.835910961,237.118558360671,81.2991071428572,0.0676432774529701,9.17127575271431,4.31184932568756,"Urban and Built-up",14.25,107.725,0.95480066537857,18.8333333333333,60.9580874,60.9580874,0,757,1316.9731937742,250,12,78.86178862,78.86178862,55.53451652,51.52211511,83.7398374,74.79674797,c(-122.2727, 37.816316)
"44","Berges Studio",NA,"02/16/2023","03/03/2023",15,"","CA",54248.5,35.25,26.7320678973078,4442.97585084557,1976.34686349892,42079.3125,41369,41555.5833333333,43650.5,1,6037.65956576897,0.0307636024342146,196259.835910961,237.118558360671,81.2991071428572,0.0676432774529701,9.17127575271431,4.31184932568756,"Urban and Built-up",14.25,107.725,0.95480066537857,16.1666666666667,64.7120306,64.7120306,0,543,1316.9731937742,250,12,78.86178862,78.86178862,55.53451652,51.52211511,83.7398374,74.79674797,c(-122.2727, 37.816316)
"45","Berges Studio",NA,"02/16/2023","03/03/2023",15,"","CA",54248.5,35.25,26.7320678973078,4442.97585084557,1976.34686349892,42079.3125,41369,41555.5833333333,43650.5,1,6037.65956576897,0.0307636024342146,196259.835910961,237.118558360671,81.2991071428572,0.0676432774529701,9.17127575271431,4.31184932568756,"Urban and Built-up",14.25,107.725,0.95480066537857,15.6666666666667,92.477175,92.477175,0,660,1316.9731937742,250,12,78.86178862,78.86178862,55.53451652,51.52211511,83.7398374,74.79674797,c(-122.2727, 37.816316)
"46","Blake Garden","BG","11/09/2023","11/27/2023",18,"","CA",156154,49.75,67.8176511694825,1814.06655419314,749.064163475559,3302.78947368421,3325,3641.30769230769,2569.33333333333,1,2526.3763632776,0.0128726101881808,196259.83591092,123.278825761983,25.390134529148,0.238484030638614,158.930599964026,1.95999558753866,"Urban and Built-up",14.1499996185303,129.9,0.843423247337341,13,112.8599598,112.8599598,0,416,782.462888361494,250,13,25.20325203,33.33333333,30.64176576,25.57915443,17.88617886,5.691056911,c(-122.28521, 37.91269)
"47","Blake Garden","BG","11/09/2023","11/27/2023",18,"","CA",156154,49.75,67.8176511694825,1814.06655419314,749.064163475559,3302.78947368421,3325,3641.30769230769,2569.33333333333,1,2526.3763632776,0.0128726101881808,196259.83591092,123.278825761983,25.390134529148,0.238484030638614,158.930599964026,1.95999558753866,"Urban and Built-up",14.1499996185303,129.9,0.843423247337341,11.8333333333333,228.8914481,228.8914481,0,890,782.462888361494,250,13,25.20325203,33.33333333,30.64176576,25.57915443,17.88617886,5.691056911,c(-122.28521, 37.91269)
"48","Booker T. Anderson Park","BTA","11/24/2023","12/02/2023",8,"","CA",50952.6666666667,35.4666666666667,9.58228736251441,4262.49799298143,1629.4003393677,12728.1111111111,12600,12105.5,13973.3333333333,1,2422.2163439369,0.0123418850968402,196259.835910889,198.497819486332,45.2669683257919,0.182708277191117,9.49956412387617,3.2041820164209,"Urban and Built-up",14.3500003814697,127.55,0.931463420391083,14.5,91.2369801,91.2369801,0,305,796.27405026789,250,14,79.67479675,81.30081301,56.59650758,53.31889377,90.24390244,77.23577236,c(-122.32587, 37.91948)
"49","Booker T. Anderson Park","BTA","11/24/2023","12/02/2023",8,"","CA",50952.6666666667,35.4666666666667,9.58228736251441,4262.49799298143,1629.4003393677,12728.1111111111,12600,12105.5,13973.3333333333,1,2422.2163439369,0.0123418850968402,196259.835910889,198.497819486332,45.2669683257919,0.182708277191117,9.49956412387617,3.2041820164209,"Urban and Built-up",14.3500003814697,127.55,0.931463420391083,13.8333333333333,98.9222843,98.9222843,0,992,796.27405026789,250,14,79.67479675,81.30081301,56.59650758,53.31889377,90.24390244,77.23577236,c(-122.32587, 37.91948)
"50","Booker T. Anderson Park","BTA","11/24/2023","12/02/2023",8,"","CA",50952.6666666667,35.4666666666667,9.58228736251441,4262.49799298143,1629.4003393677,12728.1111111111,12600,12105.5,13973.3333333333,1,2422.2163439369,0.0123418850968402,196259.835910889,198.497819486332,45.2669683257919,0.182708277191117,9.49956412387617,3.2041820164209,"Urban and Built-up",14.3500003814697,127.55,0.931463420391083,12.3333333333333,156.6764731,156.6764731,0,1126,796.27405026789,250,14,79.67479675,81.30081301,56.59650758,53.31889377,90.24390244,77.23577236,c(-122.32587, 37.91948)
"51","Borozan Home",NA,"11/30/2023","12/14/2023",14,"Mac Home","CA",79628,34.48,22.7611331772208,5333.77146696665,1912.17837077365,12457,12210,12879.3636363636,11295.5,1,4128.16200057317,0.0210341661675731,196259.835911027,243.84668124959,70.5409090909091,0.10947274843384,5.85894799053221,4.11850810922511,"Urban and Built-up",14.1499996185303,109.025,0.947052031755447,17.5,42.4347301,42.4347301,0,462,356.32067577738,250,15,83.7398374,91.05691057,60.30191483,54.50005009,91.05691057,89.43089431,c(-122.2937096, 37.8072335)
"52","Borozan Home",NA,"11/30/2023","12/14/2023",14,"Mac Home","CA",79628,34.48,22.7611331772208,5333.77146696665,1912.17837077365,12457,12210,12879.3636363636,11295.5,1,4128.16200057317,0.0210341661675731,196259.835911027,243.84668124959,70.5409090909091,0.10947274843384,5.85894799053221,4.11850810922511,"Urban and Built-up",14.1499996185303,109.025,0.947052031755447,16,27.8328498,27.8328498,0,459,356.32067577738,250,15,83.7398374,91.05691057,60.30191483,54.50005009,91.05691057,89.43089431,c(-122.2937096, 37.8072335)
"53","Borozan Home",NA,"11/30/2023","12/14/2023",14,"Mac Home","CA",79628,34.48,22.7611331772208,5333.77146696665,1912.17837077365,12457,12210,12879.3636363636,11295.5,1,4128.16200057317,0.0210341661675731,196259.835911027,243.84668124959,70.5409090909091,0.10947274843384,5.85894799053221,4.11850810922511,"Urban and Built-up",14.1499996185303,109.025,0.947052031755447,16.5,105.6873881,105.6873881,0,380,356.32067577738,250,15,83.7398374,91.05691057,60.30191483,54.50005009,91.05691057,89.43089431,c(-122.2937096, 37.8072335)
"54","Borozan Home",NA,"11/30/2023","12/14/2023",14,"Mac Home","CA",79628,34.48,22.7611331772208,5333.77146696665,1912.17837077365,12457,12210,12879.3636363636,11295.5,1,4128.16200057317,0.0210341661675731,196259.835911027,243.84668124959,70.5409090909091,0.10947274843384,5.85894799053221,4.11850810922511,"Urban and Built-up",14.1499996185303,109.025,0.947052031755447,17.3333333333333,179.0185138,179.0185138,0,1039,356.32067577738,250,15,83.7398374,91.05691057,60.30191483,54.50005009,91.05691057,89.43089431,c(-122.2937096, 37.8072335)
"55","Briones 1 South",NA,"11/26/2023","12/11/2023",15,"","CA",182843.5,54.2,62.1446244771306,64.4342143853149,26.3425050530934,914.333333333333,820,914.333333333333,NA,1,355.73829343076,0.00181258835655055,196259.835910978,247.297959695613,0.00904977375565613,0.284537832963833,237.386224608911,0.500315940153953,"Temperate or Subpolar Needleaf Forest",14.1499996185303,121.6,0.394808009266853,4.83333333333333,5344.0188508,5344.0188508,0,955,3339.80619531761,250,16,10.56910569,8.943089431,30.66545583,21.23416899,6.504065041,6.504065041,c(-122.15976, 37.92933)
"56","Briones 1 South",NA,"11/26/2023","12/11/2023",15,"","CA",182843.5,54.2,62.1446244771306,64.4342143853149,26.3425050530934,914.333333333333,820,914.333333333333,NA,1,355.73829343076,0.00181258835655055,196259.835910978,247.297959695613,0.00904977375565613,0.284537832963833,237.386224608911,0.500315940153953,"Temperate or Subpolar Needleaf Forest",14.1499996185303,121.6,0.394808009266853,4,17980.3370117,16534.8341347,1445.502877,977,3339.80619531761,250,16,10.56910569,8.943089431,30.66545583,21.23416899,6.504065041,6.504065041,c(-122.15976, 37.92933)
"57","Briones 2 North",NA,"11/26/2023","12/11/2023",15,"","CA",182843.5,54.2,62.1446244771306,64.4342143853149,26.3425050530934,694.333333333333,680,694.333333333333,NA,1,890.700886269117,0.00453837578195606,196259.835910992,219.916557632873,0.39814814814815,0.279372546520814,269.454929137498,0.559207457982145,"Urban and Built-up",14.3000001907349,119.45,0.406720757484436,4.83333333333333,5344.0188508,5344.0188508,0,955,3339.80619531761,250,17,8.943089431,0.81300813,22.27927363,20.4381594,3.25203252,0.81300813,c(-122.13504, 37.95218)
"58","Briones 2 North",NA,"11/26/2023","12/11/2023",15,"","CA",182843.5,54.2,62.1446244771306,64.4342143853149,26.3425050530934,694.333333333333,680,694.333333333333,NA,1,890.700886269117,0.00453837578195606,196259.835910992,219.916557632873,0.39814814814815,0.279372546520814,269.454929137498,0.559207457982145,"Urban and Built-up",14.3000001907349,119.45,0.406720757484436,4,17980.3370117,16534.8341347,1445.502877,977,3339.80619531761,250,17,8.943089431,0.81300813,22.27927363,20.4381594,3.25203252,0.81300813,c(-122.13504, 37.95218)
"59","Bushrod Community Garden",NA,"01/28/2023","02/11/2023",14,"","CA",118896.666666667,38.4666666666667,49.586957301584,6603.214705853,2744.01453207536,20259.8666666667,20253,21019.6,18740.4,1,2892.29774920802,0.0147370843136712,196259.835911023,126.607647862489,59.4976958525346,0.158953931306689,37.6323999925093,3.40114737916199,"Urban and Built-up",14.25,112.1,0.938188374042511,17.1666666666667,89.6291004,89.6291004,0,1173,954.712446281547,250,18,66.66666667,73.17073171,54.72614651,38.86508836,62.60162602,71.54471545,c(-122.264365, 37.845006)
"60","Bushrod Community Garden",NA,"01/28/2023","02/11/2023",14,"","CA",118896.666666667,38.4666666666667,49.586957301584,6603.214705853,2744.01453207536,20259.8666666667,20253,21019.6,18740.4,1,2892.29774920802,0.0147370843136712,196259.835911023,126.607647862489,59.4976958525346,0.158953931306689,37.6323999925093,3.40114737916199,"Urban and Built-up",14.25,112.1,0.938188374042511,14.1666666666667,33.5509909,33.5509909,0,481,954.712446281547,250,18,66.66666667,73.17073171,54.72614651,38.86508836,62.60162602,71.54471545,c(-122.264365, 37.845006)
"61","Bushrod Community Garden",NA,"01/28/2023","02/11/2023",14,"","CA",118896.666666667,38.4666666666667,49.586957301584,6603.214705853,2744.01453207536,20259.8666666667,20253,21019.6,18740.4,1,2892.29774920802,0.0147370843136712,196259.835911023,126.607647862489,59.4976958525346,0.158953931306689,37.6323999925093,3.40114737916199,"Urban and Built-up",14.25,112.1,0.938188374042511,16.1666666666667,41.1641419,41.1641419,0,602,954.712446281547,250,18,66.66666667,73.17073171,54.72614651,38.86508836,62.60162602,71.54471545,c(-122.264365, 37.845006)
"62","Butterfly Hill","BH","11/09/2023","11/18/2023",9,"IOR","CA",118194,45.9,34.784889821616,235.995010178032,93.3913902837234,5513.1,5462.5,4885.85714285714,6976.66666666667,1,1070.01730268956,0.00545204421334307,196259.835910877,235.684427247373,6.64285714285716,0.276752422729382,114.59266390945,2.13561736450942,"Urban and Built-up",14.25,132.45,0.653989493846893,10.5,2208.2724076,2208.2724076,0,966,1231.39422652807,250,19,46.34146341,71.54471545,40.83739628,27.02265329,20.32520325,44.71544715,c(-122.30917, 37.95944)
"63","Carlen Home",NA,"12/09/2023","12/24/2023",15,"IOR, pilot+","CA",168687,39.7,69.5115728296715,5635.38112550186,2413.70290547811,28038.1875,27807.5,28220.2,27734.8333333333,9,4012.18160157451,0.0204432128609099,196259.835910936,141.847702971265,60.3466666666666,0.139346481215062,60.545225576921,3.36163377454793,"Urban and Built-up",14.25,114.1,0.92812180519104,17.8333333333333,65.9393763,65.9393763,0,803,1062.00011128614,250,20,57.72357724,41.46341463,38.15928234,33.50156958,42.27642276,38.21138211,c(-122.254023, 37.849935)
"64","Carlen Home",NA,"12/09/2023","12/24/2023",15,"IOR, pilot+","CA",168687,39.7,69.5115728296715,5635.38112550186,2413.70290547811,28038.1875,27807.5,28220.2,27734.8333333333,9,4012.18160157451,0.0204432128609099,196259.835910936,141.847702971265,60.3466666666666,0.139346481215062,60.545225576921,3.36163377454793,"Urban and Built-up",14.25,114.1,0.92812180519104,18.1666666666667,49.6905745,49.6905745,0,666,1062.00011128614,250,20,57.72357724,41.46341463,38.15928234,33.50156958,42.27642276,38.21138211,c(-122.254023, 37.849935)
"65","Carlen Home",NA,"12/09/2023","12/24/2023",15,"IOR, pilot+","CA",168687,39.7,69.5115728296715,5635.38112550186,2413.70290547811,28038.1875,27807.5,28220.2,27734.8333333333,9,4012.18160157451,0.0204432128609099,196259.835910936,141.847702971265,60.3466666666666,0.139346481215062,60.545225576921,3.36163377454793,"Urban and Built-up",14.25,114.1,0.92812180519104,17.1666666666667,73.6049125,73.6049125,0,563,1062.00011128614,250,20,57.72357724,41.46341463,38.15928234,33.50156958,42.27642276,38.21138211,c(-122.254023, 37.849935)
"66","Carlen Home",NA,"12/09/2023","12/24/2023",15,"IOR, pilot+","CA",168687,39.7,69.5115728296715,5635.38112550186,2413.70290547811,28038.1875,27807.5,28220.2,27734.8333333333,9,4012.18160157451,0.0204432128609099,196259.835910936,141.847702971265,60.3466666666666,0.139346481215062,60.545225576921,3.36163377454793,"Urban and Built-up",14.25,114.1,0.92812180519104,17.3333333333333,31.2873078,31.2873078,0,355,1062.00011128614,250,20,57.72357724,41.46341463,38.15928234,33.50156958,42.27642276,38.21138211,c(-122.254023, 37.849935)
"67","Carlen Home",NA,"12/09/2023","12/24/2023",15,"IOR, pilot+","CA",168687,39.7,69.5115728296715,5635.38112550186,2413.70290547811,28038.1875,27807.5,28220.2,27734.8333333333,9,4012.18160157451,0.0204432128609099,196259.835910936,141.847702971265,60.3466666666666,0.139346481215062,60.545225576921,3.36163377454793,"Urban and Built-up",14.25,114.1,0.92812180519104,18.3333333333333,71.1818499,71.1818499,0,550,1062.00011128614,250,20,57.72357724,41.46341463,38.15928234,33.50156958,42.27642276,38.21138211,c(-122.254023, 37.849935)
"68","Carquinez",NA,"11/26/2023","12/03/2023",7,"","CA",81771,51.7,63.3443163097199,88.9139049775266,36.9120388810098,1032.75,966.5,1035.2,1028.66666666667,1,1276.0652947915,0.00650191766883121,196259.835910978,155.75554318719,0,0.27466260245406,121.839656359529,0.810683241649687,"Urban and Built-up",14.8000001907349,115.625,0.519329197704792,8.66666666666667,3198.2180181,2729.9071793,468.3108388,609,7202.1564976216,250,21,60.97560976,56.09756098,37.13741402,37.00091344,56.09756098,32.5203252,c(-122.15025, 38.01594)
"69","Chabot Space Center","CSC","11/06/2023","11/20/2023",14,"","CA",152569.5,47.5,67.690040202135,359.304816123691,142.582693491423,9946.33333333333,9937,9946.33333333333,NA,1,679.712873102766,0.00346333150615043,196259.835911083,38.9158988851593,9.60267857142858,0.309227222730852,442.926919958726,1.44351642831533,"Urban and Built-up",13.4499998092651,121.05,0.531116493046284,8.83333333333333,787.4103426,787.4103426,0,705,1265.29604530478,250,22,3.25203252,1.62601626,24.24942461,21.02200429,5.691056911,1.62601626,c(-122.18259, 37.81925)
"70","Chabot Space Center","CSC","11/06/2023","11/20/2023",14,"","CA",152569.5,47.5,67.690040202135,359.304816123691,142.582693491423,9946.33333333333,9937,9946.33333333333,NA,1,679.712873102766,0.00346333150615043,196259.835911083,38.9158988851593,9.60267857142858,0.309227222730852,442.926919958726,1.44351642831533,"Urban and Built-up",13.4499998092651,121.05,0.531116493046284,7.83333333333333,3409.6936111,3409.6936111,0,1153,1265.29604530478,250,22,3.25203252,1.62601626,24.24942461,21.02200429,5.691056911,1.62601626,c(-122.18259, 37.81925)
"71","Chen Home","TCH","11/22/2022","12/03/2022",11,"Retired from UWIN","CA",126124.8,40.14,47.1648200449158,4899.42888481372,2324.51835777723,17674.25,18079,18311.8888888889,15761.3333333333,1,4891.13206561996,0.0249217168806566,196259.835911076,69.3929078598049,43.9357798165137,0.185470481555697,29.4050304427346,3.50636600329219,"Urban and Built-up",14.2750000953674,105.575,0.934484332799911,15.3333333333333,40.5622063,40.5622063,0,788,879.798578668583,250,23,64.22764228,67.4796748,47.54911336,37.72895737,56.91056911,56.91056911,c(-122.239443, 37.808212)
"72","Chen Home","TCH","11/22/2022","12/03/2022",11,"Retired from UWIN","CA",126124.8,40.14,47.1648200449158,4899.42888481372,2324.51835777723,17674.25,18079,18311.8888888889,15761.3333333333,1,4891.13206561996,0.0249217168806566,196259.835911076,69.3929078598049,43.9357798165137,0.185470481555697,29.4050304427346,3.50636600329219,"Urban and Built-up",14.2750000953674,105.575,0.934484332799911,16.3333333333333,93.4240622,93.4240622,0,698,879.798578668583,250,23,64.22764228,67.4796748,47.54911336,37.72895737,56.91056911,56.91056911,c(-122.239443, 37.808212)
"73","Chen Home","TCH","11/22/2022","12/03/2022",11,"Retired from UWIN","CA",126124.8,40.14,47.1648200449158,4899.42888481372,2324.51835777723,17674.25,18079,18311.8888888889,15761.3333333333,1,4891.13206561996,0.0249217168806566,196259.835911076,69.3929078598049,43.9357798165137,0.185470481555697,29.4050304427346,3.50636600329219,"Urban and Built-up",14.2750000953674,105.575,0.934484332799911,14.3333333333333,69.8092094,69.8092094,0,429,879.798578668583,250,23,64.22764228,67.4796748,47.54911336,37.72895737,56.91056911,56.91056911,c(-122.239443, 37.808212)
"74","Chen Home","TCH","11/22/2022","12/03/2022",11,"Retired from UWIN","CA",126124.8,40.14,47.1648200449158,4899.42888481372,2324.51835777723,17674.25,18079,18311.8888888889,15761.3333333333,1,4891.13206561996,0.0249217168806566,196259.835911076,69.3929078598049,43.9357798165137,0.185470481555697,29.4050304427346,3.50636600329219,"Urban and Built-up",14.2750000953674,105.575,0.934484332799911,15.8333333333333,53.1000603,53.1000603,0,613,879.798578668583,250,23,64.22764228,67.4796748,47.54911336,37.72895737,56.91056911,56.91056911,c(-122.239443, 37.808212)
"75","Chen Home","TCH","11/22/2022","12/03/2022",11,"Retired from UWIN","CA",126124.8,40.14,47.1648200449158,4899.42888481372,2324.51835777723,17674.25,18079,18311.8888888889,15761.3333333333,1,4891.13206561996,0.0249217168806566,196259.835911076,69.3929078598049,43.9357798165137,0.185470481555697,29.4050304427346,3.50636600329219,"Urban and Built-up",14.2750000953674,105.575,0.934484332799911,13.8333333333333,80.7799552,80.7799552,0,741,879.798578668583,250,23,64.22764228,67.4796748,47.54911336,37.72895737,56.91056911,56.91056911,c(-122.239443, 37.808212)
"76","Claremont-Clark Kerr Track","CCK","11/07/2023","11/22/2023",15,"","CA",169942.5,32.7333333333333,60.5889842659862,3608.78398060484,1028.17776114638,35702.3125,36387.5,33618.6666666667,41953.25,1,2362.1050537275,0.0120356008796382,196259.835910952,170.35132789202,12.6561085972851,0.25152229084285,152.584972224432,2.7732382759229,"Urban and Built-up",14.1499996185303,120.2,0.814394474029541,10.1666666666667,1703.5911669,1703.5911669,0,1432,1067.81269559317,250,NA,NA,NA,NA,NA,NA,NA,c(-122.24519, 37.86408)
"77","Claremont-Clark Kerr Track","CCK","11/07/2023","11/22/2023",15,"","CA",169942.5,32.7333333333333,60.5889842659862,3608.78398060484,1028.17776114638,35702.3125,36387.5,33618.6666666667,41953.25,1,2362.1050537275,0.0120356008796382,196259.835910952,170.35132789202,12.6561085972851,0.25152229084285,152.584972224432,2.7732382759229,"Urban and Built-up",14.1499996185303,120.2,0.814394474029541,13.5,44.9321698,44.9321698,0,240,1067.81269559317,250,NA,NA,NA,NA,NA,NA,NA,c(-122.24519, 37.86408)
"78","Claremont-Clark Kerr Track","CCK","11/07/2023","11/22/2023",15,"","CA",169942.5,32.7333333333333,60.5889842659862,3608.78398060484,1028.17776114638,35702.3125,36387.5,33618.6666666667,41953.25,1,2362.1050537275,0.0120356008796382,196259.835910952,170.35132789202,12.6561085972851,0.25152229084285,152.584972224432,2.7732382759229,"Urban and Built-up",14.1499996185303,120.2,0.814394474029541,15,75.6501592,75.6501592,0,486,1067.81269559317,250,NA,NA,NA,NA,NA,NA,NA,c(-122.24519, 37.86408)
"79","Cleary Home",NA,"01/26/2023","02/01/2023",6,"","CA",224018.5,45.15,52.2254129031135,588.669331808578,234.520694334949,8054,8054,8054,NA,1,1328.7093578769,0.00677015422797877,196259.83591124,50.32963978415,11.9464285714286,0.28982144899549,373.13461487968,1.55808921331493,"Urban and Built-up",13.6499996185303,125.8,0.645758405327797,9.5,544.445314,544.445314,0,1161,507.998215745077,250,25,26.01626016,15.44715447,34.01873279,26.59387214,19.51219512,16.2601626,c(-122.212138, 37.853646)
"80","Cleary Home",NA,"01/26/2023","02/01/2023",6,"","CA",224018.5,45.15,52.2254129031135,588.669331808578,234.520694334949,8054,8054,8054,NA,1,1328.7093578769,0.00677015422797877,196259.83591124,50.32963978415,11.9464285714286,0.28982144899549,373.13461487968,1.55808921331493,"Urban and Built-up",13.6499996185303,125.8,0.645758405327797,11.5,2958.7697167,2958.283671,0.4860457,961,507.998215745077,250,25,26.01626016,15.44715447,34.01873279,26.59387214,19.51219512,16.2601626,c(-122.212138, 37.853646)
"81","Corica Park Golf Course","CGCN","02/21/2023","02/24/2023",3,"","CA",120169.333333333,51.2333333333333,40.0088711609034,1895.26979291627,784.089873959008,2894.75,2850.5,2894.75,NA,1,3083.56515649026,0.0157116464618289,196259.835911004,42.3856252290108,34.1569506726457,0.174827887625542,3.51969922943549,2.54147797783794,"Urban and Built-up",14.25,100.5,0.759837180376053,15.5,193.0001731,160.7155697,32.2846034,975,1373.73094376958,250,26,16.2601626,72.35772358,61.08829774,36.25024251,52.03252033,96.74796748,c(-122.23578, 37.74646)
"82","Corica Park Golf Course","CGCN","02/21/2023","02/24/2023",3,"","CA",120169.333333333,51.2333333333333,40.0088711609034,1895.26979291627,784.089873959008,2894.75,2850.5,2894.75,NA,1,3083.56515649026,0.0157116464618289,196259.835911004,42.3856252290108,34.1569506726457,0.174827887625542,3.51969922943549,2.54147797783794,"Urban and Built-up",14.25,100.5,0.759837180376053,15.5,1243.6730796,848.9807438,394.6923358,1374,1373.73094376958,250,26,16.2601626,72.35772358,61.08829774,36.25024251,52.03252033,96.74796748,c(-122.23578, 37.74646)
"83","Corica Park Golf Course","CGCN","02/21/2023","02/24/2023",3,"","CA",120169.333333333,51.2333333333333,40.0088711609034,1895.26979291627,784.089873959008,2894.75,2850.5,2894.75,NA,1,3083.56515649026,0.0157116464618289,196259.835911004,42.3856252290108,34.1569506726457,0.174827887625542,3.51969922943549,2.54147797783794,"Urban and Built-up",14.25,100.5,0.759837180376053,16.3333333333333,316.7332742,117.881526,198.8517482,921,1373.73094376958,250,26,16.2601626,72.35772358,61.08829774,36.25024251,52.03252033,96.74796748,c(-122.23578, 37.74646)
"84","Crown Memorial State Beach","CMSB","11/30/2023","12/14/2023",14,"","CA",91424.4,40.38,43.672205456824,5451.84767900258,2570.83018310734,12075.1333333333,11790,11599.7272727273,13382.5,10,3148.38060942437,0.016041899733636,196259.835911016,205.470816782659,38.4375,0.174893394585104,4.21368310070763,2.77241291008349,"Temperate or Subpolar Needleaf Forest",14.1499996185303,104.55,0.936160326004028,15.1666666666667,30.0090595,30.0090595,0,466,917.162186870245,250,27,26.82926829,17.07317073,47.771755,39.23386891,63.41463415,57.72357724,c(-122.27603, 37.76965)
"85","Crown Memorial State Beach","CMSB","11/30/2023","12/14/2023",14,"","CA",91424.4,40.38,43.672205456824,5451.84767900258,2570.83018310734,12075.1333333333,11790,11599.7272727273,13382.5,10,3148.38060942437,0.016041899733636,196259.835911016,205.470816782659,38.4375,0.174893394585104,4.21368310070763,2.77241291008349,"Temperate or Subpolar Needleaf Forest",14.1499996185303,104.55,0.936160326004028,12.8333333333333,76.9531175,76.9531175,0,1112,917.162186870245,250,27,26.82926829,17.07317073,47.771755,39.23386891,63.41463415,57.72357724,c(-122.27603, 37.76965)
"86","Crown Memorial State Beach","CMSB","11/30/2023","12/14/2023",14,"","CA",91424.4,40.38,43.672205456824,5451.84767900258,2570.83018310734,12075.1333333333,11790,11599.7272727273,13382.5,10,3148.38060942437,0.016041899733636,196259.835911016,205.470816782659,38.4375,0.174893394585104,4.21368310070763,2.77241291008349,"Temperate or Subpolar Needleaf Forest",14.1499996185303,104.55,0.936160326004028,16.8333333333333,33.9280655,33.9280655,0,443,917.162186870245,250,27,26.82926829,17.07317073,47.771755,39.23386891,63.41463415,57.72357724,c(-122.27603, 37.76965)
"87","Crown Memorial State Beach","CMSB","11/30/2023","12/14/2023",14,"","CA",91424.4,40.38,43.672205456824,5451.84767900258,2570.83018310734,12075.1333333333,11790,11599.7272727273,13382.5,10,3148.38060942437,0.016041899733636,196259.835911016,205.470816782659,38.4375,0.174893394585104,4.21368310070763,2.77241291008349,"Temperate or Subpolar Needleaf Forest",14.1499996185303,104.55,0.936160326004028,15.1666666666667,36.9822215,36.9822215,0,521,917.162186870245,250,27,26.82926829,17.07317073,47.771755,39.23386891,63.41463415,57.72357724,c(-122.27603, 37.76965)
"88","Crown Memorial State Beach","CMSB","11/30/2023","12/14/2023",14,"","CA",91424.4,40.38,43.672205456824,5451.84767900258,2570.83018310734,12075.1333333333,11790,11599.7272727273,13382.5,10,3148.38060942437,0.016041899733636,196259.835911016,205.470816782659,38.4375,0.174893394585104,4.21368310070763,2.77241291008349,"Temperate or Subpolar Needleaf Forest",14.1499996185303,104.55,0.936160326004028,15.6666666666667,345.9946091,98.0428554,247.9517537,266,917.162186870245,250,27,26.82926829,17.07317073,47.771755,39.23386891,63.41463415,57.72357724,c(-122.27603, 37.76965)
"89","Dunn Home",NA,"11/22/2022","12/03/2022",11,"","CA",102956,32.6,40.930964207307,6386.45048206786,2238.32195719715,22514.25,23020,22816.7777777778,21606.6666666667,1,4746.60235683338,0.0241852966746808,196259.83591107,171.958062124843,72.6444444444444,0.0989229555551746,28.1283934549852,3.80070116729187,"Temperate or Subpolar Needleaf Forest",14.25,110.3,0.94803574681282,12.5,50.5732157,50.5732157,0,488,1074.8315255875,250,28,85.36585366,75.6097561,54.72614651,47.37691772,76.42276423,71.54471545,c(-122.269, 37.836047)
"90","Dunn Home",NA,"11/22/2022","12/03/2022",11,"","CA",102956,32.6,40.930964207307,6386.45048206786,2238.32195719715,22514.25,23020,22816.7777777778,21606.6666666667,1,4746.60235683338,0.0241852966746808,196259.83591107,171.958062124843,72.6444444444444,0.0989229555551746,28.1283934549852,3.80070116729187,"Temperate or Subpolar Needleaf Forest",14.25,110.3,0.94803574681282,14,35.8218399,35.8218399,0,427,1074.8315255875,250,28,85.36585366,75.6097561,54.72614651,47.37691772,76.42276423,71.54471545,c(-122.269, 37.836047)
"91","Dunn Home",NA,"11/22/2022","12/03/2022",11,"","CA",102956,32.6,40.930964207307,6386.45048206786,2238.32195719715,22514.25,23020,22816.7777777778,21606.6666666667,1,4746.60235683338,0.0241852966746808,196259.83591107,171.958062124843,72.6444444444444,0.0989229555551746,28.1283934549852,3.80070116729187,"Temperate or Subpolar Needleaf Forest",14.25,110.3,0.94803574681282,14.6666666666667,60.8923588,60.8923588,0,675,1074.8315255875,250,28,85.36585366,75.6097561,54.72614651,47.37691772,76.42276423,71.54471545,c(-122.269, 37.836047)
"92","Dwyer Home",NA,"12/06/2023","12/20/2023",14,"","CA",83104,32.75,25.0038419977182,3840.4560909232,1632.8514157882,12536.6,12379,12820.4545454545,11756,1,5006.74374834881,0.025510791472468,196259.835911098,119.224540391974,72.2760180995475,0.103793867376292,5.48846107743992,4.0321609804554,"Urban and Built-up",14.1499996185303,109.333333333333,0.945740520954132,16.1666666666667,175.0177177,175.0177177,0,926,356.32067577738,250,29,90.24390244,92.68292683,60.30191483,56.45885128,93.49593496,89.43089431,c(-122.2944294, 37.8103926)
"93","Dwyer Home",NA,"12/06/2023","12/20/2023",14,"","CA",83104,32.75,25.0038419977182,3840.4560909232,1632.8514157882,12536.6,12379,12820.4545454545,11756,1,5006.74374834881,0.025510791472468,196259.835911098,119.224540391974,72.2760180995475,0.103793867376292,5.48846107743992,4.0321609804554,"Urban and Built-up",14.1499996185303,109.333333333333,0.945740520954132,16.6666666666667,38.5473529,38.5473529,0,590,356.32067577738,250,29,90.24390244,92.68292683,60.30191483,56.45885128,93.49593496,89.43089431,c(-122.2944294, 37.8103926)
"94","Dwyer Home",NA,"12/06/2023","12/20/2023",14,"","CA",83104,32.75,25.0038419977182,3840.4560909232,1632.8514157882,12536.6,12379,12820.4545454545,11756,1,5006.74374834881,0.025510791472468,196259.835911098,119.224540391974,72.2760180995475,0.103793867376292,5.48846107743992,4.0321609804554,"Urban and Built-up",14.1499996185303,109.333333333333,0.945740520954132,17.5,42.4347301,42.4347301,0,462,356.32067577738,250,29,90.24390244,92.68292683,60.30191483,56.45885128,93.49593496,89.43089431,c(-122.2944294, 37.8103926)
"95","Dwyer Home",NA,"12/06/2023","12/20/2023",14,"","CA",83104,32.75,25.0038419977182,3840.4560909232,1632.8514157882,12536.6,12379,12820.4545454545,11756,1,5006.74374834881,0.025510791472468,196259.835911098,119.224540391974,72.2760180995475,0.103793867376292,5.48846107743992,4.0321609804554,"Urban and Built-up",14.1499996185303,109.333333333333,0.945740520954132,16,27.8328498,27.8328498,0,459,356.32067577738,250,29,90.24390244,92.68292683,60.30191483,56.45885128,93.49593496,89.43089431,c(-122.2944294, 37.8103926)
"96","Dwyer Home",NA,"12/06/2023","12/20/2023",14,"","CA",83104,32.75,25.0038419977182,3840.4560909232,1632.8514157882,12536.6,12379,12820.4545454545,11756,1,5006.74374834881,0.025510791472468,196259.835911098,119.224540391974,72.2760180995475,0.103793867376292,5.48846107743992,4.0321609804554,"Urban and Built-up",14.1499996185303,109.333333333333,0.945740520954132,17.3333333333333,179.0185138,179.0185138,0,1039,356.32067577738,250,29,90.24390244,92.68292683,60.30191483,56.45885128,93.49593496,89.43089431,c(-122.2944294, 37.8103926)
"97","Ehara-Brown Home",NA,"01/27/2023","02/10/2023",14,"Alison (Hoover)","CA",68128.5,35.65,34.8801919709263,4568.67898886544,1962.36147318606,16125.6,15945,16168,16009,1,2915.72778634739,0.0148564670545646,196259.835911091,143.618404629921,59.3571428571429,0.136835522273676,30.6424014423833,3.24063540182495,"Urban and Built-up",14.3500003814697,126.6,0.935802400112152,14.3333333333333,96.2271646,96.2271646,0,851,600.661715009413,250,30,84.55284553,76.42276423,56.59650758,50.10686565,80.48780488,77.23577236,c(-122.313391, 37.913202)
"98","Ehara-Brown Home",NA,"01/27/2023","02/10/2023",14,"Alison (Hoover)","CA",68128.5,35.65,34.8801919709263,4568.67898886544,1962.36147318606,16125.6,15945,16168,16009,1,2915.72778634739,0.0148564670545646,196259.835911091,143.618404629921,59.3571428571429,0.136835522273676,30.6424014423833,3.24063540182495,"Urban and Built-up",14.3500003814697,126.6,0.935802400112152,17.5,87.3370008,87.3370008,0,701,600.661715009413,250,30,84.55284553,76.42276423,56.59650758,50.10686565,80.48780488,77.23577236,c(-122.313391, 37.913202)
"99","Emerson Home",NA,"11/27/2022","12/11/2022",14,"","CA",119464,36.65,53.8200676615914,9653.84605616012,5303.88433836304,23212.8,23389,24168,21302.4,1,2996.22582377067,0.0152666275800289,196259.835910991,167.58105671147,57.1928251121076,0.15067710234361,39.9926660406681,3.52620479102317,"Urban and Built-up",14.25,107.6,0.93478599190712,15.3333333333333,40.4307491,40.4307491,0,782,1065.12978142131,250,31,59.3495935,65.85365854,45.16063125,38.67160619,61.78861789,52.84552846,c(-122.248616, 37.819377)
"100","Emerson Home",NA,"11/27/2022","12/11/2022",14,"","CA",119464,36.65,53.8200676615914,9653.84605616012,5303.88433836304,23212.8,23389,24168,21302.4,1,2996.22582377067,0.0152666275800289,196259.835910991,167.58105671147,57.1928251121076,0.15067710234361,39.9926660406681,3.52620479102317,"Urban and Built-up",14.25,107.6,0.93478599190712,17.5,31.5267477,31.5267477,0,418,1065.12978142131,250,31,59.3495935,65.85365854,45.16063125,38.67160619,61.78861789,52.84552846,c(-122.248616, 37.819377)
"101","Emerson Home",NA,"11/27/2022","12/11/2022",14,"","CA",119464,36.65,53.8200676615914,9653.84605616012,5303.88433836304,23212.8,23389,24168,21302.4,1,2996.22582377067,0.0152666275800289,196259.835910991,167.58105671147,57.1928251121076,0.15067710234361,39.9926660406681,3.52620479102317,"Urban and Built-up",14.25,107.6,0.93478599190712,15.8333333333333,49.8880074,49.8880074,0,986,1065.12978142131,250,31,59.3495935,65.85365854,45.16063125,38.67160619,61.78861789,52.84552846,c(-122.248616, 37.819377)
"102","Emerson Home",NA,"11/27/2022","12/11/2022",14,"","CA",119464,36.65,53.8200676615914,9653.84605616012,5303.88433836304,23212.8,23389,24168,21302.4,1,2996.22582377067,0.0152666275800289,196259.835910991,167.58105671147,57.1928251121076,0.15067710234361,39.9926660406681,3.52620479102317,"Urban and Built-up",14.25,107.6,0.93478599190712,13.1666666666667,32.2744723,32.2744723,0,1116,1065.12978142131,250,31,59.3495935,65.85365854,45.16063125,38.67160619,61.78861789,52.84552846,c(-122.248616, 37.819377)
"103","Emerson Home",NA,"11/27/2022","12/11/2022",14,"","CA",119464,36.65,53.8200676615914,9653.84605616012,5303.88433836304,23212.8,23389,24168,21302.4,1,2996.22582377067,0.0152666275800289,196259.835910991,167.58105671147,57.1928251121076,0.15067710234361,39.9926660406681,3.52620479102317,"Urban and Built-up",14.25,107.6,0.93478599190712,17.5,70.2937725,70.2937725,0,603,1065.12978142131,250,31,59.3495935,65.85365854,45.16063125,38.67160619,61.78861789,52.84552846,c(-122.248616, 37.819377)
"104","Estien Home",NA,"02/20/2023","03/07/2023",15,"","CA",88358.8,34.0166666666667,43.4635248176637,7238.9262886751,2822.05809783266,16524,16568,15788.5833333333,18730.25,9,4268.1321284967,0.0217473540048838,196259.835910989,80.2913791203217,66.7013574660634,0.117740496809474,32.210552265959,3.51730848928586,"Urban and Built-up",14.3000001907349,112.65,0.942283481359482,18.8333333333333,40.8562553,40.8562553,0,495,472.91913415724,250,32,65.85365854,49.59349593,49.5336294,41.01319168,66.66666667,61.78861789,c(-122.271772, 37.85129)
"105","Estien Home",NA,"02/20/2023","03/07/2023",15,"","CA",88358.8,34.0166666666667,43.4635248176637,7238.9262886751,2822.05809783266,16524,16568,15788.5833333333,18730.25,9,4268.1321284967,0.0217473540048838,196259.835910989,80.2913791203217,66.7013574660634,0.117740496809474,32.210552265959,3.51730848928586,"Urban and Built-up",14.3000001907349,112.65,0.942283481359482,18.8333333333333,64.0997168,64.0997168,0,577,472.91913415724,250,32,65.85365854,49.59349593,49.5336294,41.01319168,66.66666667,61.78861789,c(-122.271772, 37.85129)
"106","Estien Home",NA,"02/20/2023","03/07/2023",15,"","CA",88358.8,34.0166666666667,43.4635248176637,7238.9262886751,2822.05809783266,16524,16568,15788.5833333333,18730.25,9,4268.1321284967,0.0217473540048838,196259.835910989,80.2913791203217,66.7013574660634,0.117740496809474,32.210552265959,3.51730848928586,"Urban and Built-up",14.3000001907349,112.65,0.942283481359482,15.1666666666667,34.7748772,34.7748772,0,427,472.91913415724,250,32,65.85365854,49.59349593,49.5336294,41.01319168,66.66666667,61.78861789,c(-122.271772, 37.85129)
"107","Estien Home",NA,"02/20/2023","03/07/2023",15,"","CA",88358.8,34.0166666666667,43.4635248176637,7238.9262886751,2822.05809783266,16524,16568,15788.5833333333,18730.25,9,4268.1321284967,0.0217473540048838,196259.835910989,80.2913791203217,66.7013574660634,0.117740496809474,32.210552265959,3.51730848928586,"Urban and Built-up",14.3000001907349,112.65,0.942283481359482,13.3333333333333,21.6738823,21.6738823,0,343,472.91913415724,250,32,65.85365854,49.59349593,49.5336294,41.01319168,66.66666667,61.78861789,c(-122.271772, 37.85129)
"108","Estien Home",NA,"02/20/2023","03/07/2023",15,"","CA",88358.8,34.0166666666667,43.4635248176637,7238.9262886751,2822.05809783266,16524,16568,15788.5833333333,18730.25,9,4268.1321284967,0.0217473540048838,196259.835910989,80.2913791203217,66.7013574660634,0.117740496809474,32.210552265959,3.51730848928586,"Urban and Built-up",14.3000001907349,112.65,0.942283481359482,14,28.1056482,28.1056482,0,533,472.91913415724,250,32,65.85365854,49.59349593,49.5336294,41.01319168,66.66666667,61.78861789,c(-122.271772, 37.85129)
"109","Fahrer Home",NA,"01/26/2023","02/02/2023",7,"","CA",156404,38.55,67.7162856298425,1805.2710505567,783.185408527293,9133,9986.5,10007.5,6509.5,1,2233.88013371414,0.0113822582361014,196259.835911022,48.0523455671309,25.6742081447964,0.227453590370715,67.3043612896556,2.3509669272102,"Urban and Built-up",14.6833330790202,84.1333333333333,0.793412894010544,6.66666666666667,634.0089329,634.0089329,0,1111,9837.21438106801,250,33,38.21138211,42.27642276,30.92653848,27.31647855,21.13821138,7.317073171,c(-122.039567, 37.905962)
"110","Fahrer Home",NA,"01/26/2023","02/02/2023",7,"","CA",156404,38.55,67.7162856298425,1805.2710505567,783.185408527293,9133,9986.5,10007.5,6509.5,1,2233.88013371414,0.0113822582361014,196259.835911022,48.0523455671309,25.6742081447964,0.227453590370715,67.3043612896556,2.3509669272102,"Urban and Built-up",14.6833330790202,84.1333333333333,0.793412894010544,11.3333333333333,212.849469,209.0508007,3.7986683,919,9837.21438106801,250,33,38.21138211,42.27642276,30.92653848,27.31647855,21.13821138,7.317073171,c(-122.039567, 37.905962)
"111","Foothill Lot","FL","11/07/2023","11/22/2023",15,"","CA",NA,21.6,41.7624521072797,595.538556431486,17.2361458448235,52762,62356,54961.9166666667,46162.25,1,1289.71399795593,0.00657146171537881,196259.83591104,193.468755912692,15.662100456621,0.250720668854679,191.857969204885,3.23740809693661,"Urban and Built-up",13.9249997138977,124.45,0.716037154197693,13.5,419.8940648,419.8940648,0,253,582.074104635211,250,34,18.69918699,39.83739837,35.36863185,33.45657095,40.6504065,27.64227642,c(-122.24882, 37.87326)
"112","Fortmann Home","LFH","11/23/2022","12/07/2022",14,"","CA",201719.25,43.925,64.9556996644699,3666.65370332333,1584.18661299984,5579.2,5396,5815.36363636364,4929.75,1,2913.07990746284,0.0148429753542843,196259.835910999,180.078297124861,40.1872146118721,0.19453192808601,92.4016996398008,3.05633198125491,"Urban and Built-up",14.1499996185303,108.8,0.893137380480766,11.6666666666667,168.7352002,168.7352002,0,499,409.360657627075,250,35,43.90243902,36.58536585,35.33385722,31.6896452,34.14634146,26.01626016,c(-122.219098, 37.812188)
"113","Fortmann Home","LFH","11/23/2022","12/07/2022",14,"","CA",201719.25,43.925,64.9556996644699,3666.65370332333,1584.18661299984,5579.2,5396,5815.36363636364,4929.75,1,2913.07990746284,0.0148429753542843,196259.835910999,180.078297124861,40.1872146118721,0.19453192808601,92.4016996398008,3.05633198125491,"Urban and Built-up",14.1499996185303,108.8,0.893137380480766,13.1666666666667,39.6459595,39.6459595,0,440,409.360657627075,250,35,43.90243902,36.58536585,35.33385722,31.6896452,34.14634146,26.01626016,c(-122.219098, 37.812188)
"114","Fortmann Home","LFH","11/23/2022","12/07/2022",14,"","CA",201719.25,43.925,64.9556996644699,3666.65370332333,1584.18661299984,5579.2,5396,5815.36363636364,4929.75,1,2913.07990746284,0.0148429753542843,196259.835910999,180.078297124861,40.1872146118721,0.19453192808601,92.4016996398008,3.05633198125491,"Urban and Built-up",14.1499996185303,108.8,0.893137380480766,14.8333333333333,80.5266777,80.5266777,0,522,409.360657627075,250,35,43.90243902,36.58536585,35.33385722,31.6896452,34.14634146,26.01626016,c(-122.219098, 37.812188)
"115","Fortmann Home","LFH","11/23/2022","12/07/2022",14,"","CA",201719.25,43.925,64.9556996644699,3666.65370332333,1584.18661299984,5579.2,5396,5815.36363636364,4929.75,1,2913.07990746284,0.0148429753542843,196259.835910999,180.078297124861,40.1872146118721,0.19453192808601,92.4016996398008,3.05633198125491,"Urban and Built-up",14.1499996185303,108.8,0.893137380480766,14.1666666666667,64.7033821,64.7033821,0,690,409.360657627075,250,35,43.90243902,36.58536585,35.33385722,31.6896452,34.14634146,26.01626016,c(-122.219098, 37.812188)
"116","Frey Home",NA,"02/16/2023","02/24/2023",8,"","CA",131775.5,44.4,61.811583185906,3533.26416445125,1323.70804361664,24225.6666666667,22259,24292.2857142857,23992.5,1,3264.40056696972,0.0166330546024157,196259.835911055,83.5099730745477,55.3835616438356,0.150492064390101,6.054044929783,2.80028390158761,"Urban and Built-up",14.25,100.15,0.88120847940445,13,51.3199519,51.3199519,0,416,310.234618831539,250,36,49.59349593,65.04065041,62.31199359,45.39014777,73.17073171,99.18699187,c(-122.232617, 37.761961)
"117","Frey Home",NA,"02/16/2023","02/24/2023",8,"","CA",131775.5,44.4,61.811583185906,3533.26416445125,1323.70804361664,24225.6666666667,22259,24292.2857142857,23992.5,1,3264.40056696972,0.0166330546024157,196259.835911055,83.5099730745477,55.3835616438356,0.150492064390101,6.054044929783,2.80028390158761,"Urban and Built-up",14.25,100.15,0.88120847940445,15.3333333333333,146.3805574,111.9637281,34.4168293,891,310.234618831539,250,36,49.59349593,65.04065041,62.31199359,45.39014777,73.17073171,99.18699187,c(-122.232617, 37.761961)
"118","Frey Home",NA,"02/16/2023","02/24/2023",8,"","CA",131775.5,44.4,61.811583185906,3533.26416445125,1323.70804361664,24225.6666666667,22259,24292.2857142857,23992.5,1,3264.40056696972,0.0166330546024157,196259.835911055,83.5099730745477,55.3835616438356,0.150492064390101,6.054044929783,2.80028390158761,"Urban and Built-up",14.25,100.15,0.88120847940445,16.1666666666667,71.4964082,71.4964082,0,562,310.234618831539,250,36,49.59349593,65.04065041,62.31199359,45.39014777,73.17073171,99.18699187,c(-122.232617, 37.761961)
"119","Fuller Home",NA,"01/25/2023","02/01/2023",7,"","CA",182396.666666667,50.2666666666667,63.568396293207,1347.16469745598,552.409752314672,5439.75,5239.5,5587.83333333333,4995.5,1,3520.84590711647,0.0179397169613073,196259.835911028,207.40047231917,24.5720720720721,0.239753552782331,200.074790838993,2.42804226712383,"Urban and Built-up",13.9499998092651,112.4,0.783604443073273,13.8333333333333,149.9630132,149.9630132,0,466,1006.76562758051,250,37,21.95121951,48.7804878,35.31514288,25.41496357,16.2601626,25.20325203,c(-122.202889, 37.813369)
"120","Fuller Home",NA,"01/25/2023","02/01/2023",7,"","CA",182396.666666667,50.2666666666667,63.568396293207,1347.16469745598,552.409752314672,5439.75,5239.5,5587.83333333333,4995.5,1,3520.84590711647,0.0179397169613073,196259.835911028,207.40047231917,24.5720720720721,0.239753552782331,200.074790838993,2.42804226712383,"Urban and Built-up",13.9499998092651,112.4,0.783604443073273,12,146.5984996,146.5984996,0,595,1006.76562758051,250,37,21.95121951,48.7804878,35.31514288,25.41496357,16.2601626,25.20325203,c(-122.202889, 37.813369)
"121","Fuller Home",NA,"01/25/2023","02/01/2023",7,"","CA",182396.666666667,50.2666666666667,63.568396293207,1347.16469745598,552.409752314672,5439.75,5239.5,5587.83333333333,4995.5,1,3520.84590711647,0.0179397169613073,196259.835911028,207.40047231917,24.5720720720721,0.239753552782331,200.074790838993,2.42804226712383,"Urban and Built-up",13.9499998092651,112.4,0.783604443073273,8.83333333333333,787.4103426,787.4103426,0,705,1006.76562758051,250,37,21.95121951,48.7804878,35.31514288,25.41496357,16.2601626,25.20325203,c(-122.202889, 37.813369)
"122","Getz Home",NA,"11/09/2023","11/13/2023",4,"","CA",110001.333333333,40.1333333333333,59.6290589543514,6609.02076703312,2617.44185760301,45125,33856,53194,33021.5,1,4030.49790725137,0.0205365396773186,196259.835911053,219.027101178535,43.4125560538117,0.181234216477739,137.232768220722,2.54868164880304,"Urban and Built-up",14.1499996185303,122.7,0.870533347129822,12,125.1697405,125.1697405,0,487,646.143917277475,250,38,20.32520325,21.95121951,37.23613114,30.71184917,30.08130081,33.33333333,c(-122.260315, 37.879796)
"123","Getz Home",NA,"11/09/2023","11/13/2023",4,"","CA",110001.333333333,40.1333333333333,59.6290589543514,6609.02076703312,2617.44185760301,45125,33856,53194,33021.5,1,4030.49790725137,0.0205365396773186,196259.835911053,219.027101178535,43.4125560538117,0.181234216477739,137.232768220722,2.54868164880304,"Urban and Built-up",14.1499996185303,122.7,0.870533347129822,14.5,28.8103774,28.8103774,0,506,646.143917277475,250,38,20.32520325,21.95121951,37.23613114,30.71184917,30.08130081,33.33333333,c(-122.260315, 37.879796)
"124","Getz Home",NA,"11/09/2023","11/13/2023",4,"","CA",110001.333333333,40.1333333333333,59.6290589543514,6609.02076703312,2617.44185760301,45125,33856,53194,33021.5,1,4030.49790725137,0.0205365396773186,196259.835911053,219.027101178535,43.4125560538117,0.181234216477739,137.232768220722,2.54868164880304,"Urban and Built-up",14.1499996185303,122.7,0.870533347129822,15.3333333333333,54.4895036,54.4895036,0,310,646.143917277475,250,38,20.32520325,21.95121951,37.23613114,30.71184917,30.08130081,33.33333333,c(-122.260315, 37.879796)
"125","Getz Home",NA,"11/09/2023","11/13/2023",4,"","CA",110001.333333333,40.1333333333333,59.6290589543514,6609.02076703312,2617.44185760301,45125,33856,53194,33021.5,1,4030.49790725137,0.0205365396773186,196259.835911053,219.027101178535,43.4125560538117,0.181234216477739,137.232768220722,2.54868164880304,"Urban and Built-up",14.1499996185303,122.7,0.870533347129822,15.3333333333333,45.2254775,45.2254775,0,280,646.143917277475,250,38,20.32520325,21.95121951,37.23613114,30.71184917,30.08130081,33.33333333,c(-122.260315, 37.879796)
"126","Getz Home",NA,"11/09/2023","11/13/2023",4,"","CA",110001.333333333,40.1333333333333,59.6290589543514,6609.02076703312,2617.44185760301,45125,33856,53194,33021.5,1,4030.49790725137,0.0205365396773186,196259.835911053,219.027101178535,43.4125560538117,0.181234216477739,137.232768220722,2.54868164880304,"Urban and Built-up",14.1499996185303,122.7,0.870533347129822,15.3333333333333,38.377101,38.377101,0,326,646.143917277475,250,38,20.32520325,21.95121951,37.23613114,30.71184917,30.08130081,33.33333333,c(-122.260315, 37.879796)
"127","Getz Home",NA,"11/09/2023","11/13/2023",4,"","CA",110001.333333333,40.1333333333333,59.6290589543514,6609.02076703312,2617.44185760301,45125,33856,53194,33021.5,1,4030.49790725137,0.0205365396773186,196259.835911053,219.027101178535,43.4125560538117,0.181234216477739,137.232768220722,2.54868164880304,"Urban and Built-up",14.1499996185303,122.7,0.870533347129822,16.8333333333333,46.5615472,46.5615472,0,561,646.143917277475,250,38,20.32520325,21.95121951,37.23613114,30.71184917,30.08130081,33.33333333,c(-122.260315, 37.879796)
"128","Gunther-Murphy Home",NA,"02/16/2023","03/03/2023",15,"","CA",234875.5,47,62.3438246660759,2934.79695401354,1066.77145093759,11516.5,11581,11311.5833333333,12131.25,1,3704.54364278731,0.0188757094674474,196259.835911126,209.360508489905,43.0810810810811,0.188149463307273,45.2942267435902,2.75405696641842,"Temperate or Subpolar Needleaf Forest",14.25,109.225,0.858052834868431,18.3333333333333,152.8012038,152.8012038,0,974,1065.12978142131,250,39,31.70731707,46.34146341,40.13721943,34.70553882,47.15447154,43.90243902,c(-122.241171, 37.826941)
"129","Gunther-Murphy Home",NA,"02/16/2023","03/03/2023",15,"","CA",234875.5,47,62.3438246660759,2934.79695401354,1066.77145093759,11516.5,11581,11311.5833333333,12131.25,1,3704.54364278731,0.0188757094674474,196259.835911126,209.360508489905,43.0810810810811,0.188149463307273,45.2942267435902,2.75405696641842,"Temperate or Subpolar Needleaf Forest",14.25,109.225,0.858052834868431,14.8333333333333,112.5192089,112.5192089,0,775,1065.12978142131,250,39,31.70731707,46.34146341,40.13721943,34.70553882,47.15447154,43.90243902,c(-122.241171, 37.826941)
"130","Hamilton Home",NA,"01/24/2023","02/09/2023",16,"","CA",203953,48.7,52.1184510250569,555.106595019248,204.023471048959,4537,4537,4537,NA,1,1566.61833405661,0.00798236851052365,196259.835911013,84.7833928622059,17.9414414414415,0.275455625947341,202.889181576135,1.48802495589643,"Temperate or Subpolar Needleaf Forest",14.1249997615814,102.025,0.595264822244644,6.83333333333333,853.3430472,853.3430472,0,1102,3541.09356219568,250,40,0,0,20.33424694,20.08911244,1.62601626,0,c(-122.05723, 37.724943)
"131","Harley Home",NA,"02/16/2023","02/23/2023",7,"","CA",195231.333333333,42.9,66.944881624532,2065.49298633632,806.246421955536,14722.5,14712,14375.1666666667,15764.5,1,2463.31016268574,0.0125512698573899,196259.835910978,188.959196113887,28.4311926605505,0.256578821705067,86.420342763265,2.69156174693107,"Urban and Built-up",14.1999998092651,113.875,0.856629699468613,14.5,121.637446,121.637446,0,607,697.037348118815,250,41,48.7804878,27.64227642,36.63747821,32.74203374,36.58536585,31.70731707,c(-122.241592, 37.841392)
"132","Harley Home",NA,"02/16/2023","02/23/2023",7,"","CA",195231.333333333,42.9,66.944881624532,2065.49298633632,806.246421955536,14722.5,14712,14375.1666666667,15764.5,1,2463.31016268574,0.0125512698573899,196259.835910978,188.959196113887,28.4311926605505,0.256578821705067,86.420342763265,2.69156174693107,"Urban and Built-up",14.1999998092651,113.875,0.856629699468613,12.6666666666667,465.3552757,465.3552757,0,590,697.037348118815,250,41,48.7804878,27.64227642,36.63747821,32.74203374,36.58536585,31.70731707,c(-122.241592, 37.841392)
"133","Herman Home",NA,"11/10/2023","11/18/2023",8,"","CA",79077,34.2833333333333,44.3912670968905,6244.52091383985,2508.9928056968,20565.6666666667,19606,20751.6666666667,20193.6666666667,1,3869.58609627562,0.0197166479749312,196259.835911035,118.27229210561,61.4162895927602,0.137763384317749,32.5612697241441,3.40975156627819,"Urban and Built-up",14.3500003814697,113.5,0.940763145685196,13.6666666666667,61.2711631,61.2711631,0,742,472.91913415724,250,42,63.41463415,57.72357724,49.5336294,40.41692514,65.04065041,61.78861789,c(-122.2730761, 37.8554234)
"134","Herman Home",NA,"11/10/2023","11/18/2023",8,"","CA",79077,34.2833333333333,44.3912670968905,6244.52091383985,2508.9928056968,20565.6666666667,19606,20751.6666666667,20193.6666666667,1,3869.58609627562,0.0197166479749312,196259.835911035,118.27229210561,61.4162895927602,0.137763384317749,32.5612697241441,3.40975156627819,"Urban and Built-up",14.3500003814697,113.5,0.940763145685196,18.8333333333333,64.0997168,64.0997168,0,577,472.91913415724,250,42,63.41463415,57.72357724,49.5336294,40.41692514,65.04065041,61.78861789,c(-122.2730761, 37.8554234)
"135","Herman Home",NA,"11/10/2023","11/18/2023",8,"","CA",79077,34.2833333333333,44.3912670968905,6244.52091383985,2508.9928056968,20565.6666666667,19606,20751.6666666667,20193.6666666667,1,3869.58609627562,0.0197166479749312,196259.835911035,118.27229210561,61.4162895927602,0.137763384317749,32.5612697241441,3.40975156627819,"Urban and Built-up",14.3500003814697,113.5,0.940763145685196,15.1666666666667,34.7748772,34.7748772,0,427,472.91913415724,250,42,63.41463415,57.72357724,49.5336294,40.41692514,65.04065041,61.78861789,c(-122.2730761, 37.8554234)
"136","Herman Home",NA,"11/10/2023","11/18/2023",8,"","CA",79077,34.2833333333333,44.3912670968905,6244.52091383985,2508.9928056968,20565.6666666667,19606,20751.6666666667,20193.6666666667,1,3869.58609627562,0.0197166479749312,196259.835911035,118.27229210561,61.4162895927602,0.137763384317749,32.5612697241441,3.40975156627819,"Urban and Built-up",14.3500003814697,113.5,0.940763145685196,14.8333333333333,49.4587947,49.4587947,0,599,472.91913415724,250,42,63.41463415,57.72357724,49.5336294,40.41692514,65.04065041,61.78861789,c(-122.2730761, 37.8554234)
"137","Herman Home",NA,"11/10/2023","11/18/2023",8,"","CA",79077,34.2833333333333,44.3912670968905,6244.52091383985,2508.9928056968,20565.6666666667,19606,20751.6666666667,20193.6666666667,1,3869.58609627562,0.0197166479749312,196259.835911035,118.27229210561,61.4162895927602,0.137763384317749,32.5612697241441,3.40975156627819,"Urban and Built-up",14.3500003814697,113.5,0.940763145685196,19.1666666666667,48.9544636,48.9544636,0,395,472.91913415724,250,42,63.41463415,57.72357724,49.5336294,40.41692514,65.04065041,61.78861789,c(-122.2730761, 37.8554234)
"138","Herman Home",NA,"11/10/2023","11/18/2023",8,"","CA",79077,34.2833333333333,44.3912670968905,6244.52091383985,2508.9928056968,20565.6666666667,19606,20751.6666666667,20193.6666666667,1,3869.58609627562,0.0197166479749312,196259.835911035,118.27229210561,61.4162895927602,0.137763384317749,32.5612697241441,3.40975156627819,"Urban and Built-up",14.3500003814697,113.5,0.940763145685196,18.1666666666667,45.4458907,45.4458907,0,498,472.91913415724,250,42,63.41463415,57.72357724,49.5336294,40.41692514,65.04065041,61.78861789,c(-122.2730761, 37.8554234)
"139","Hilltop Lake Park","HLP","11/09/2023","11/23/2023",14,"","CA",80724.5,39.8,12.3398690351786,1604.43538686086,748.910792153436,17384.2666666667,17922,17537.8181818182,16962,1,2352.27328540946,0.0119855052078794,196259.835911052,159.755487129804,50.4663677130045,0.172227871792952,44.307665160208,3.64874194095189,"Urban and Built-up",14.4000000953674,129.15,0.880247990290324,16,173.4572812,167.0771592,6.380122,160,394.974675863384,250,43,70.73170732,83.7398374,51.87585032,38.38672356,60.16260163,65.85365854,c(-122.33052, 37.98424)
"140","Hilltop Lake Park","HLP","11/09/2023","11/23/2023",14,"","CA",80724.5,39.8,12.3398690351786,1604.43538686086,748.910792153436,17384.2666666667,17922,17537.8181818182,16962,1,2352.27328540946,0.0119855052078794,196259.835911052,159.755487129804,50.4663677130045,0.172227871792952,44.307665160208,3.64874194095189,"Urban and Built-up",14.4000000953674,129.15,0.880247990290324,18.1666666666667,254.4361519,254.4361519,0,754,394.974675863384,250,43,70.73170732,83.7398374,51.87585032,38.38672356,60.16260163,65.85365854,c(-122.33052, 37.98424)
"141","Hirooka Home",NA,"01/25/2023","02/01/2023",7,"","CA",203127,47.4333333333333,65.7843530678068,1468.68988731658,560.048680635115,11197.625,11221.5,11505.8333333333,10273,1,1242.02056492253,0.00632845003236085,196259.835911068,247.999669616194,10.4684684684685,0.287220686270251,201.02727392948,2.54008067837243,"Urban and Built-up",13.9499998092651,115.5,0.728422701358795,17.6666666666667,266.6448687,266.6448687,0,997,1006.76562758051,250,44,15.44715447,13.82113821,30.58372507,25.52581661,17.07317073,4.87804878,c(-122.203413, 37.82243)
"142","Hirooka Home",NA,"01/25/2023","02/01/2023",7,"","CA",203127,47.4333333333333,65.7843530678068,1468.68988731658,560.048680635115,11197.625,11221.5,11505.8333333333,10273,1,1242.02056492253,0.00632845003236085,196259.835911068,247.999669616194,10.4684684684685,0.287220686270251,201.02727392948,2.54008067837243,"Urban and Built-up",13.9499998092651,115.5,0.728422701358795,6.5,150.4498002,150.4498002,0,548,1006.76562758051,250,44,15.44715447,13.82113821,30.58372507,25.52581661,17.07317073,4.87804878,c(-122.203413, 37.82243)
"143","Hirooka Home",NA,"01/25/2023","02/01/2023",7,"","CA",203127,47.4333333333333,65.7843530678068,1468.68988731658,560.048680635115,11197.625,11221.5,11505.8333333333,10273,1,1242.02056492253,0.00632845003236085,196259.835911068,247.999669616194,10.4684684684685,0.287220686270251,201.02727392948,2.54008067837243,"Urban and Built-up",13.9499998092651,115.5,0.728422701358795,8.83333333333333,787.4103426,787.4103426,0,705,1006.76562758051,250,44,15.44715447,13.82113821,30.58372507,25.52581661,17.07317073,4.87804878,c(-122.203413, 37.82243)
"144","Hoover Home",NA,"11/21/2022","12/02/2022",11,"","CA",161718.666666667,48,62.7359646372569,2109.68383950538,973.422861772226,12278.5,11576.5,12784.9,9746.5,1,2978.91575235687,0.0151784278150011,196259.835910855,122.70980329781,56.9058295964126,0.144317327092238,52.0371966828081,2.51879628524186,"Urban and Built-up",14.25,127.7,0.893882364034653,11.5,77.5296018,77.5296018,0,487,411.493166665083,250,45,27.64227642,28.45528455,44.1290947,30.96189056,30.89430894,52.03252033,c(-122.29124, 37.906637)
"145","Hoover Home",NA,"11/21/2022","12/02/2022",11,"","CA",161718.666666667,48,62.7359646372569,2109.68383950538,973.422861772226,12278.5,11576.5,12784.9,9746.5,1,2978.91575235687,0.0151784278150011,196259.835910855,122.70980329781,56.9058295964126,0.144317327092238,52.0371966828081,2.51879628524186,"Urban and Built-up",14.25,127.7,0.893882364034653,14.8333333333333,87.0958312,87.0958312,0,452,411.493166665083,250,45,27.64227642,28.45528455,44.1290947,30.96189056,30.89430894,52.03252033,c(-122.29124, 37.906637)
"146","Hoover Home",NA,"11/21/2022","12/02/2022",11,"","CA",161718.666666667,48,62.7359646372569,2109.68383950538,973.422861772226,12278.5,11576.5,12784.9,9746.5,1,2978.91575235687,0.0151784278150011,196259.835910855,122.70980329781,56.9058295964126,0.144317327092238,52.0371966828081,2.51879628524186,"Urban and Built-up",14.25,127.7,0.893882364034653,11.8333333333333,228.8914481,228.8914481,0,890,411.493166665083,250,45,27.64227642,28.45528455,44.1290947,30.96189056,30.89430894,52.03252033,c(-122.29124, 37.906637)
"147","Huckleberry Botanic Regional Preserve","HBRP","11/06/2023","11/20/2023",14,"","CA",205927.25,43.1,65.4869455159722,1349.67925117667,507.858746726402,10270.3333333333,9663,10270.3333333333,NA,1,888.769064526491,0.00452853259761829,196259.835911069,248.169811914792,4.04888888888889,0.319312308589328,375.222951487106,1.62046471650036,"Urban and Built-up",13.4499998092651,126.5,0.598259061574936,5.83333333333333,335.2294505,335.2294505,0,904,1449.47673366082,250,46,22.76422764,4.06504065,31.4845626,28.05828384,24.3902439,8.943089431,c(-122.19529, 37.84394)
"148","Huckleberry Botanic Regional Preserve","HBRP","11/06/2023","11/20/2023",14,"","CA",205927.25,43.1,65.4869455159722,1349.67925117667,507.858746726402,10270.3333333333,9663,10270.3333333333,NA,1,888.769064526491,0.00452853259761829,196259.835911069,248.169811914792,4.04888888888889,0.319312308589328,375.222951487106,1.62046471650036,"Urban and Built-up",13.4499998092651,126.5,0.598259061574936,12.3333333333333,125.670118,125.670118,0,458,1449.47673366082,250,46,22.76422764,4.06504065,31.4845626,28.05828384,24.3902439,8.943089431,c(-122.19529, 37.84394)
"149","Huckleberry Botanic Regional Preserve","HBRP","11/06/2023","11/20/2023",14,"","CA",205927.25,43.1,65.4869455159722,1349.67925117667,507.858746726402,10270.3333333333,9663,10270.3333333333,NA,1,888.769064526491,0.00452853259761829,196259.835911069,248.169811914792,4.04888888888889,0.319312308589328,375.222951487106,1.62046471650036,"Urban and Built-up",13.4499998092651,126.5,0.598259061574936,14.6666666666667,198.5317537,198.5317537,0,769,1449.47673366082,250,46,22.76422764,4.06504065,31.4845626,28.05828384,24.3902439,8.943089431,c(-122.19529, 37.84394)
"150","Huckleberry Botanic Regional Preserve","HBRP","11/06/2023","11/20/2023",14,"","CA",205927.25,43.1,65.4869455159722,1349.67925117667,507.858746726402,10270.3333333333,9663,10270.3333333333,NA,1,888.769064526491,0.00452853259761829,196259.835911069,248.169811914792,4.04888888888889,0.319312308589328,375.222951487106,1.62046471650036,"Urban and Built-up",13.4499998092651,126.5,0.598259061574936,11.5,2958.7697167,2958.283671,0.4860457,961,1449.47673366082,250,46,22.76422764,4.06504065,31.4845626,28.05828384,24.3902439,8.943089431,c(-122.19529, 37.84394)
"151","Huntsinger Home","LHH","11/21/2022","12/02/2022",11,"IOR (2)","CA",139544.5,50.75,48.9668540980425,1186.70542601638,574.288922714025,3589.75,3359.5,3665.8,3209.5,1,1161.27046262709,0.00591700516428588,196259.835910967,163.877661035988,26.45,0.236887509838413,138.728039019036,2.14550361814336,"Urban and Built-up",14.0500001907349,131.5,0.831469058990479,12.5,402.8095708,402.8095708,0,930,967.770809066389,250,47,53.65853659,62.60162602,49.44739478,29.37104315,27.64227642,60.97560976,c(-122.30608, 37.92895)
"152","Huntsinger Home","LHH","11/21/2022","12/02/2022",11,"IOR (2)","CA",139544.5,50.75,48.9668540980425,1186.70542601638,574.288922714025,3589.75,3359.5,3665.8,3209.5,1,1161.27046262709,0.00591700516428588,196259.835910967,163.877661035988,26.45,0.236887509838413,138.728039019036,2.14550361814336,"Urban and Built-up",14.0500001907349,131.5,0.831469058990479,11.3333333333333,109.0392996,109.0392996,0,389,967.770809066389,250,47,53.65853659,62.60162602,49.44739478,29.37104315,27.64227642,60.97560976,c(-122.30608, 37.92895)
"153","Jean Sweeney Park","JSP","11/30/2023","12/14/2023",14,"","CA",100978,37.5333333333333,38.2092106961878,4455.47604912279,1729.81275584138,10926.0666666667,10926,10531.0909090909,12012.25,1,3489.62078453434,0.0177806160304476,196259.835911124,186.669795331343,68.8597285067873,0.120046008743709,4.3774596712643,3.36226465666688,"Urban and Built-up",14.25,103.4,0.88923579454422,12.8333333333333,52.1689875,52.1689875,0,516,561.236892201471,250,48,47.96747967,59.3495935,55.06907241,46.44264356,74.79674797,73.98373984,c(-122.26488, 37.77901)
"154","Jean Sweeney Park","JSP","11/30/2023","12/14/2023",14,"","CA",100978,37.5333333333333,38.2092106961878,4455.47604912279,1729.81275584138,10926.0666666667,10926,10531.0909090909,12012.25,1,3489.62078453434,0.0177806160304476,196259.835911124,186.669795331343,68.8597285067873,0.120046008743709,4.3774596712643,3.36226465666688,"Urban and Built-up",14.25,103.4,0.88923579454422,16.1666666666667,43.7601745,43.7601745,0,569,561.236892201471,250,48,47.96747967,59.3495935,55.06907241,46.44264356,74.79674797,73.98373984,c(-122.26488, 37.77901)
"155","Jean Sweeney Park","JSP","11/30/2023","12/14/2023",14,"","CA",100978,37.5333333333333,38.2092106961878,4455.47604912279,1729.81275584138,10926.0666666667,10926,10531.0909090909,12012.25,1,3489.62078453434,0.0177806160304476,196259.835911124,186.669795331343,68.8597285067873,0.120046008743709,4.3774596712643,3.36226465666688,"Urban and Built-up",14.25,103.4,0.88923579454422,18.8333333333333,500.3804652,287.5369266,212.8435386,758,561.236892201471,250,48,47.96747967,59.3495935,55.06907241,46.44264356,74.79674797,73.98373984,c(-122.26488, 37.77901)
"156","John Herbert Davis Park",NA,"12/04/2023","12/11/2023",7,"","CA",54378.5,29.3,4.90679659092542,6429.76431648376,1854.42272830137,16858.75,15551.5,15612.6666666667,20597,1,3363.15110581402,0.0171362168433713,196259.835910921,163.968991812967,59.1809954751131,0.147262892690238,12.450091056104,3.33033878868615,"Urban and Built-up",14.3500003814697,129,0.919444054365158,15.6666666666667,104.2198612,104.2198612,0,856,1064.11904416131,250,49,100,100,58.43533063,52.32013441,86.99186992,82.11382114,c(-122.3527913, 37.9613339)
"157","John Herbert Davis Park",NA,"12/04/2023","12/11/2023",7,"","CA",54378.5,29.3,4.90679659092542,6429.76431648376,1854.42272830137,16858.75,15551.5,15612.6666666667,20597,1,3363.15110581402,0.0171362168433713,196259.835910921,163.968991812967,59.1809954751131,0.147262892690238,12.450091056104,3.33033878868615,"Urban and Built-up",14.3500003814697,129,0.919444054365158,17,58.1777182,58.1777182,0,757,1064.11904416131,250,49,100,100,58.43533063,52.32013441,86.99186992,82.11382114,c(-122.3527913, 37.9613339)
"158","Johns Home",NA,"11/23/2022","12/03/2022",10,"Wilson Sherman #1 (LOUISE)","CA",223269.5,46.7,58.436921904481,1205.84129468461,432.154871800552,2130.18181818182,2167,2138.125,2109,1,2415.21389800592,0.0123062056319058,196259.835911086,194.556860280231,8.72727272727273,0.273797795211775,275.492724922673,1.88603552250035,"Urban and Built-up",13.8499999046326,121.1,0.703519761562347,9.5,544.445314,544.445314,0,1161,476.719897963641,250,50,6.504065041,3.25203252,34.38327414,22.92905925,10.56910569,19.51219512,c(-122.21216, 37.842113)
"159","Johns Home",NA,"11/23/2022","12/03/2022",10,"Wilson Sherman #1 (LOUISE)","CA",223269.5,46.7,58.436921904481,1205.84129468461,432.154871800552,2130.18181818182,2167,2138.125,2109,1,2415.21389800592,0.0123062056319058,196259.835911086,194.556860280231,8.72727272727273,0.273797795211775,275.492724922673,1.88603552250035,"Urban and Built-up",13.8499999046326,121.1,0.703519761562347,5.83333333333333,335.2294505,335.2294505,0,904,476.719897963641,250,50,6.504065041,3.25203252,34.38327414,22.92905925,10.56910569,19.51219512,c(-122.21216, 37.842113)
"160","Kennedy Grove","KG","11/19/2023","12/04/2023",15,"","CA",138785.5,44.7,36.8946528742731,136.398573937793,55.6940944377832,5763.33333333333,5626,5763.33333333333,NA,1,860.605934471921,0.00438503339451649,196259.835910968,90.2320681853433,2.22119815668203,0.296720859256482,73.3663264724443,1.38598176342293,"Urban and Built-up",14.4499998092651,137.6,0.464820504188538,8.66666666666667,1690.0696078,1690.0696078,0,858,2501.79548540458,250,NA,NA,NA,NA,NA,NA,NA,c(-122.26331, 37.94629)
"161","Kennedy Grove","KG","11/19/2023","12/04/2023",15,"","CA",138785.5,44.7,36.8946528742731,136.398573937793,55.6940944377832,5763.33333333333,5626,5763.33333333333,NA,1,860.605934471921,0.00438503339451649,196259.835910968,90.2320681853433,2.22119815668203,0.296720859256482,73.3663264724443,1.38598176342293,"Urban and Built-up",14.4499998092651,137.6,0.464820504188538,4,17980.3370117,16534.8341347,1445.502877,977,2501.79548540458,250,NA,NA,NA,NA,NA,NA,NA,c(-122.26331, 37.94629)
"162","Lake Chabot Dumpster",NA,"12/01/2023","12/13/2023",12,"","CA",189479.5,41.7,50.1698275281554,1706.18043051786,548.915571209402,2451.23076923077,2310,2186.11111111111,3047.75,1,833.102322058261,0.0042448946224333,196259.835911003,187.260097027901,7.52232142857143,0.260353712268814,135.85313533567,1.78052304130203,"Temperate or Subpolar Needleaf Forest",14.2166665395101,99.9666666666667,0.6946080327034,6.33333333333333,638.256829,519.1907056,119.0661234,622,180.386897681789,250,52,4.06504065,43.90243902,38.52314613,21.69967565,8.943089431,39.83739837,c(-122.0984222, 37.7184218)
"163","Lake Chabot Dumpster",NA,"12/01/2023","12/13/2023",12,"","CA",189479.5,41.7,50.1698275281554,1706.18043051786,548.915571209402,2451.23076923077,2310,2186.11111111111,3047.75,1,833.102322058261,0.0042448946224333,196259.835911003,187.260097027901,7.52232142857143,0.260353712268814,135.85313533567,1.78052304130203,"Temperate or Subpolar Needleaf Forest",14.2166665395101,99.9666666666667,0.6946080327034,12.6666666666667,82.6831194,82.6831194,0,538,180.386897681789,250,52,4.06504065,43.90243902,38.52314613,21.69967565,8.943089431,39.83739837,c(-122.0984222, 37.7184218)
"164","Lake Chabot Valley",NA,"12/01/2023","12/15/2023",14,"","CA",189479.5,41.7,50.1698275281554,1706.18043051786,548.915571209402,2437,2375,2234,2995.25,1,1175.06644313013,0.0059872996309955,196259.83591116,100.937192238367,17.1936936936937,0.229093030464532,150.543504281478,1.78052304130203,"Temperate or Subpolar Needleaf Forest",14.1499996185303,100.5,0.76269793510437,6.33333333333333,638.256829,519.1907056,119.0661234,622,180.386897681789,250,53,1.62601626,43.90243902,38.52314613,20.64746895,4.06504065,39.83739837,c(-122.0967834, 37.7193948)
"165","Lake Chabot Valley",NA,"12/01/2023","12/15/2023",14,"","CA",189479.5,41.7,50.1698275281554,1706.18043051786,548.915571209402,2437,2375,2234,2995.25,1,1175.06644313013,0.0059872996309955,196259.83591116,100.937192238367,17.1936936936937,0.229093030464532,150.543504281478,1.78052304130203,"Temperate or Subpolar Needleaf Forest",14.1499996185303,100.5,0.76269793510437,12.6666666666667,82.6831194,82.6831194,0,538,180.386897681789,250,53,1.62601626,43.90243902,38.52314613,20.64746895,4.06504065,39.83739837,c(-122.0967834, 37.7193948)
"166","Lawrence Hall of Science","LHS","11/07/2023","11/22/2023",15,"","CA",211703,39,59.3075444237912,965.68981057943,337.322179663703,19347.5,22448,19967.6666666667,17487,1,1650.61550898858,0.00841035814243848,196259.835911103,240.379373338084,33.8454545454545,0.185768655138377,310.188146605528,3.33750791699724,"Urban and Built-up",13.6499996185303,127.5,0.685577511787415,10.1666666666667,1703.5911669,1703.5911669,0,1432,641.938471830868,250,54,30.08130081,47.96747967,35.36863185,33.00206485,38.21138211,27.64227642,c(-122.24732, 37.87892)
"167","Lawrence Hall of Science","LHS","11/07/2023","11/22/2023",15,"","CA",211703,39,59.3075444237912,965.68981057943,337.322179663703,19347.5,22448,19967.6666666667,17487,1,1650.61550898858,0.00841035814243848,196259.835911103,240.379373338084,33.8454545454545,0.185768655138377,310.188146605528,3.33750791699724,"Urban and Built-up",13.6499996185303,127.5,0.685577511787415,11.1666666666667,104.6159625,104.6159625,0,406,641.938471830868,250,54,30.08130081,47.96747967,35.36863185,33.00206485,38.21138211,27.64227642,c(-122.24732, 37.87892)
"168","Lawrence Hall of Science","LHS","11/07/2023","11/22/2023",15,"","CA",211703,39,59.3075444237912,965.68981057943,337.322179663703,19347.5,22448,19967.6666666667,17487,1,1650.61550898858,0.00841035814243848,196259.835911103,240.379373338084,33.8454545454545,0.185768655138377,310.188146605528,3.33750791699724,"Urban and Built-up",13.6499996185303,127.5,0.685577511787415,13.5,419.8940648,419.8940648,0,253,641.938471830868,250,54,30.08130081,47.96747967,35.36863185,33.00206485,38.21138211,27.64227642,c(-122.24732, 37.87892)
"169","Leadingham Home",NA,"02/10/2023","02/16/2023",6,"","CA",85442.5,36.425,38.5571422525464,5762.5998698715,2578.70360167769,18342.8571428571,18797,19805.2,14687,1,4139.16087809544,0.0210902085945615,196259.835910907,165.923249842836,68.0941704035874,0.109481020608287,14.1887143452962,3.52035137557915,"Urban and Built-up",14.25,112.25,0.936195135116577,14.1666666666667,37.3842532,37.3842532,0,542,471.976339060089,250,55,67.4796748,94.30894309,60.13210098,47.94051512,77.23577236,83.7398374,c(-122.282517, 37.845393)
"170","Leadingham Home",NA,"02/10/2023","02/16/2023",6,"","CA",85442.5,36.425,38.5571422525464,5762.5998698715,2578.70360167769,18342.8571428571,18797,19805.2,14687,1,4139.16087809544,0.0210902085945615,196259.835910907,165.923249842836,68.0941704035874,0.109481020608287,14.1887143452962,3.52035137557915,"Urban and Built-up",14.25,112.25,0.936195135116577,16.8333333333333,62.7928049,62.7928049,0,717,471.976339060089,250,55,67.4796748,94.30894309,60.13210098,47.94051512,77.23577236,83.7398374,c(-122.282517, 37.845393)
"171","Leadingham Home",NA,"02/10/2023","02/16/2023",6,"","CA",85442.5,36.425,38.5571422525464,5762.5998698715,2578.70360167769,18342.8571428571,18797,19805.2,14687,1,4139.16087809544,0.0210902085945615,196259.835910907,165.923249842836,68.0941704035874,0.109481020608287,14.1887143452962,3.52035137557915,"Urban and Built-up",14.25,112.25,0.936195135116577,15,52.155397,52.155397,0,627,471.976339060089,250,55,67.4796748,94.30894309,60.13210098,47.94051512,77.23577236,83.7398374,c(-122.282517, 37.845393)
"172","Leadingham Home",NA,"02/10/2023","02/16/2023",6,"","CA",85442.5,36.425,38.5571422525464,5762.5998698715,2578.70360167769,18342.8571428571,18797,19805.2,14687,1,4139.16087809544,0.0210902085945615,196259.835910907,165.923249842836,68.0941704035874,0.109481020608287,14.1887143452962,3.52035137557915,"Urban and Built-up",14.25,112.25,0.936195135116577,16.6666666666667,57.0877601,57.0877601,0,717,471.976339060089,250,55,67.4796748,94.30894309,60.13210098,47.94051512,77.23577236,83.7398374,c(-122.282517, 37.845393)
"173","Lerman Home",NA,"01/24/2023","01/28/2023",4,"","CA",122357.333333333,51.5,33.6277729008384,1204.39927176111,504.38444137122,1902.6,1683,1841,2149,1,2582.24171594983,0.0131572601391631,196259.83591095,235.197001336784,47.0769230769231,0.163239431945426,121.372260873309,2.07299389768697,"Urban and Built-up",14.25,97.95,0.780945688486099,11,289.4971709,289.4971709,0,844,2581.25996392161,250,56,58.53658537,63.41463415,42.51147919,36.4439522,52.84552846,50.40650407,c(-122.128669, 37.725922)
"174","Lerman Home",NA,"01/24/2023","01/28/2023",4,"","CA",122357.333333333,51.5,33.6277729008384,1204.39927176111,504.38444137122,1902.6,1683,1841,2149,1,2582.24171594983,0.0131572601391631,196259.83591095,235.197001336784,47.0769230769231,0.163239431945426,121.372260873309,2.07299389768697,"Urban and Built-up",14.25,97.95,0.780945688486099,11.8333333333333,119.0920689,119.0920689,0,369,2581.25996392161,250,56,58.53658537,63.41463415,42.51147919,36.4439522,52.84552846,50.40650407,c(-122.128669, 37.725922)
"175","Lerman Home",NA,"01/24/2023","01/28/2023",4,"","CA",122357.333333333,51.5,33.6277729008384,1204.39927176111,504.38444137122,1902.6,1683,1841,2149,1,2582.24171594983,0.0131572601391631,196259.83591095,235.197001336784,47.0769230769231,0.163239431945426,121.372260873309,2.07299389768697,"Urban and Built-up",14.25,97.95,0.780945688486099,8.5,547.5674225,547.5674225,0,695,2581.25996392161,250,56,58.53658537,63.41463415,42.51147919,36.4439522,52.84552846,50.40650407,c(-122.128669, 37.725922)
"176","Lim Home",NA,"11/28/2023","12/05/2023",7,"","CA",97276,34.5,44.5390645903815,4620.64590571813,2324.98127068711,43467.875,44752.5,45643.1666666667,36942,1,5603.21145106837,0.0285499650249751,196259.835911069,215.341972994484,63.6666666666667,0.135644313927517,23.0714667735209,4.20014987997234,"Urban and Built-up",14.25,108.1,0.954484075307846,17.3333333333333,46.7960451,46.7960451,0,401,604.576371297946,250,57,76.42276423,82.92682927,55.53451652,45.95082268,73.98373984,74.79674797,c(-122.261902, 37.8245268)
"177","Lim Home",NA,"11/28/2023","12/05/2023",7,"","CA",97276,34.5,44.5390645903815,4620.64590571813,2324.98127068711,43467.875,44752.5,45643.1666666667,36942,1,5603.21145106837,0.0285499650249751,196259.835911069,215.341972994484,63.6666666666667,0.135644313927517,23.0714667735209,4.20014987997234,"Urban and Built-up",14.25,108.1,0.954484075307846,15,109.9760557,109.9760557,0,592,604.576371297946,250,57,76.42276423,82.92682927,55.53451652,45.95082268,73.98373984,74.79674797,c(-122.261902, 37.8245268)
"178","Lim Home",NA,"11/28/2023","12/05/2023",7,"","CA",97276,34.5,44.5390645903815,4620.64590571813,2324.98127068711,43467.875,44752.5,45643.1666666667,36942,1,5603.21145106837,0.0285499650249751,196259.835911069,215.341972994484,63.6666666666667,0.135644313927517,23.0714667735209,4.20014987997234,"Urban and Built-up",14.25,108.1,0.954484075307846,16.1666666666667,50.9814249,50.9814249,0,602,604.576371297946,250,57,76.42276423,82.92682927,55.53451652,45.95082268,73.98373984,74.79674797,c(-122.261902, 37.8245268)
"179","Lim Home",NA,"11/28/2023","12/05/2023",7,"","CA",97276,34.5,44.5390645903815,4620.64590571813,2324.98127068711,43467.875,44752.5,45643.1666666667,36942,1,5603.21145106837,0.0285499650249751,196259.835911069,215.341972994484,63.6666666666667,0.135644313927517,23.0714667735209,4.20014987997234,"Urban and Built-up",14.25,108.1,0.954484075307846,15.6666666666667,45.2165819,45.2165819,0,795,604.576371297946,250,57,76.42276423,82.92682927,55.53451652,45.95082268,73.98373984,74.79674797,c(-122.261902, 37.8245268)
"180","Maness Home",NA,"01/24/2023","01/31/2023",7,"IOR","CA",77295.25,35.94,22.4910154414013,5818.44875920477,2085.64426775202,12525.625,12288.5,11970.8333333333,14190,1,3799.91379712883,0.0193616476824778,196259.835910956,153.294301197545,68.4772727272727,0.112495694399371,46.6243570422038,3.44289894643344,"Urban and Built-up",14.25,103.65,0.935094580054283,14.5,38.7460213,38.7460213,0,625,945.994840709723,250,58,65.04065041,68.29268293,41.23618129,34.78474582,47.96747967,47.96747967,c(-122.200324, 37.786196)
"181","Maness Home",NA,"01/24/2023","01/31/2023",7,"IOR","CA",77295.25,35.94,22.4910154414013,5818.44875920477,2085.64426775202,12525.625,12288.5,11970.8333333333,14190,1,3799.91379712883,0.0193616476824778,196259.835910956,153.294301197545,68.4772727272727,0.112495694399371,46.6243570422038,3.44289894643344,"Urban and Built-up",14.25,103.65,0.935094580054283,15.6666666666667,41.5179891,41.5179891,0,468,945.994840709723,250,58,65.04065041,68.29268293,41.23618129,34.78474582,47.96747967,47.96747967,c(-122.200324, 37.786196)
"182","Maness Home",NA,"01/24/2023","01/31/2023",7,"IOR","CA",77295.25,35.94,22.4910154414013,5818.44875920477,2085.64426775202,12525.625,12288.5,11970.8333333333,14190,1,3799.91379712883,0.0193616476824778,196259.835910956,153.294301197545,68.4772727272727,0.112495694399371,46.6243570422038,3.44289894643344,"Urban and Built-up",14.25,103.65,0.935094580054283,14,59.4579433,59.4579433,0,537,945.994840709723,250,58,65.04065041,68.29268293,41.23618129,34.78474582,47.96747967,47.96747967,c(-122.200324, 37.786196)
"183","Maness Home",NA,"01/24/2023","01/31/2023",7,"IOR","CA",77295.25,35.94,22.4910154414013,5818.44875920477,2085.64426775202,12525.625,12288.5,11970.8333333333,14190,1,3799.91379712883,0.0193616476824778,196259.835910956,153.294301197545,68.4772727272727,0.112495694399371,46.6243570422038,3.44289894643344,"Urban and Built-up",14.25,103.65,0.935094580054283,15.1666666666667,50.8665234,50.8665234,0,368,945.994840709723,250,58,65.04065041,68.29268293,41.23618129,34.78474582,47.96747967,47.96747967,c(-122.200324, 37.786196)
"184","Maness Home",NA,"01/24/2023","01/31/2023",7,"IOR","CA",77295.25,35.94,22.4910154414013,5818.44875920477,2085.64426775202,12525.625,12288.5,11970.8333333333,14190,1,3799.91379712883,0.0193616476824778,196259.835910956,153.294301197545,68.4772727272727,0.112495694399371,46.6243570422038,3.44289894643344,"Urban and Built-up",14.25,103.65,0.935094580054283,14.1666666666667,45.7347506,45.7347506,0,561,945.994840709723,250,58,65.04065041,68.29268293,41.23618129,34.78474582,47.96747967,47.96747967,c(-122.200324, 37.786196)
"185","Marcus Home",NA,"01/27/2023","02/03/2023",7,"","CA",93686.6666666667,38.3,13.2194871582042,1846.22148182128,782.862978782511,13675.25,13463,13694.5,13617.5,1,2548.91940809259,0.0129874734494774,196259.835910976,162.296252177247,54.8018018018018,0.164781932543784,54.7102525675072,3.32964695984182,"Urban and Built-up",14.4166666666667,128.9,0.892295598983765,11,3721.2251832,2459.3638139,1261.8613693,2692,394.974675863384,250,59,69.91869919,83.7398374,51.87585032,41.80509134,69.91869919,65.85365854,c(-122.334858, 37.985175)
"186","Marcus Home",NA,"01/27/2023","02/03/2023",7,"","CA",93686.6666666667,38.3,13.2194871582042,1846.22148182128,782.862978782511,13675.25,13463,13694.5,13617.5,1,2548.91940809259,0.0129874734494774,196259.835910976,162.296252177247,54.8018018018018,0.164781932543784,54.7102525675072,3.32964695984182,"Urban and Built-up",14.4166666666667,128.9,0.892295598983765,16,173.4572812,167.0771592,6.380122,160,394.974675863384,250,59,69.91869919,83.7398374,51.87585032,41.80509134,69.91869919,65.85365854,c(-122.334858, 37.985175)
"187","Marcus Home",NA,"01/27/2023","02/03/2023",7,"","CA",93686.6666666667,38.3,13.2194871582042,1846.22148182128,782.862978782511,13675.25,13463,13694.5,13617.5,1,2548.91940809259,0.0129874734494774,196259.835910976,162.296252177247,54.8018018018018,0.164781932543784,54.7102525675072,3.32964695984182,"Urban and Built-up",14.4166666666667,128.9,0.892295598983765,18.1666666666667,254.4361519,254.4361519,0,754,394.974675863384,250,59,69.91869919,83.7398374,51.87585032,41.80509134,69.91869919,65.85365854,c(-122.334858, 37.985175)
"188","Marina Bay Park","MBP","11/24/2023","12/11/2023",17,"","CA",118711,45.9,47.4766844194945,822.571803040321,480.001806400797,5146.83333333333,5001,5460.25,4520,1,3615.47227269976,0.0184218653598598,196259.835910953,229.281543782213,54.914798206278,0.159850781738273,4.0305473118574,3.80660675406539,"Urban and Built-up",14.3000001907349,127.95,0.865957647562027,14.6666666666667,1878.5320365,490.0877618,1388.4442747,1722,1775.7334989535,250,60,62.60162602,34.14634146,51.30386555,51.30386555,82.11382114,65.04065041,c(-122.34515, 37.91472)
"189","Mason Home","BMH","11/23/2022","12/07/2022",14,"Retired from UWIN","CA",126793.2,43.98,50.9623676655986,4155.27482277866,1913.65096902701,12062.3333333333,12095,12281.8181818182,11458.75,1,2653.48475255562,0.0135202637882336,196259.835911256,181.944296676238,57.2511627906977,0.157516726404807,64.229564637739,3.57175350603552,"Urban and Built-up",14.25,106.3,0.929300263524055,13.5,93.4635982,93.4635982,0,676,698.792370749403,250,61,56.09756098,55.28455285,39.06558591,33.22367853,39.02439024,42.27642276,c(-122.218344, 37.803141)
"190","Mason Home","BMH","11/23/2022","12/07/2022",14,"Retired from UWIN","CA",126793.2,43.98,50.9623676655986,4155.27482277866,1913.65096902701,12062.3333333333,12095,12281.8181818182,11458.75,1,2653.48475255562,0.0135202637882336,196259.835911256,181.944296676238,57.2511627906977,0.157516726404807,64.229564637739,3.57175350603552,"Urban and Built-up",14.25,106.3,0.929300263524055,14.6666666666667,58.3934365,58.3934365,0,528,698.792370749403,250,61,56.09756098,55.28455285,39.06558591,33.22367853,39.02439024,42.27642276,c(-122.218344, 37.803141)
"191","Mason Home","BMH","11/23/2022","12/07/2022",14,"Retired from UWIN","CA",126793.2,43.98,50.9623676655986,4155.27482277866,1913.65096902701,12062.3333333333,12095,12281.8181818182,11458.75,1,2653.48475255562,0.0135202637882336,196259.835911256,181.944296676238,57.2511627906977,0.157516726404807,64.229564637739,3.57175350603552,"Urban and Built-up",14.25,106.3,0.929300263524055,17,59.0858107,59.0858107,0,612,698.792370749403,250,61,56.09756098,55.28455285,39.06558591,33.22367853,39.02439024,42.27642276,c(-122.218344, 37.803141)
"192","Mason Home","BMH","11/23/2022","12/07/2022",14,"Retired from UWIN","CA",126793.2,43.98,50.9623676655986,4155.27482277866,1913.65096902701,12062.3333333333,12095,12281.8181818182,11458.75,1,2653.48475255562,0.0135202637882336,196259.835911256,181.944296676238,57.2511627906977,0.157516726404807,64.229564637739,3.57175350603552,"Urban and Built-up",14.25,106.3,0.929300263524055,15.5,56.2419368,56.2419368,0,578,698.792370749403,250,61,56.09756098,55.28455285,39.06558591,33.22367853,39.02439024,42.27642276,c(-122.218344, 37.803141)
"193","Mason Home","BMH","11/23/2022","12/07/2022",14,"Retired from UWIN","CA",126793.2,43.98,50.9623676655986,4155.27482277866,1913.65096902701,12062.3333333333,12095,12281.8181818182,11458.75,1,2653.48475255562,0.0135202637882336,196259.835911256,181.944296676238,57.2511627906977,0.157516726404807,64.229564637739,3.57175350603552,"Urban and Built-up",14.25,106.3,0.929300263524055,15.6666666666667,76.1426295,76.1426295,0,701,698.792370749403,250,61,56.09756098,55.28455285,39.06558591,33.22367853,39.02439024,42.27642276,c(-122.218344, 37.803141)
"194","McKinley Park",NA,"11/30/2023","12/07/2023",7,"Failed site","CA",85648,40.3666666666667,37.8670556428121,4700.81313800998,1796.71822405193,30427.75,29288,29489.6666666667,33242,1,3376.3586538214,0.0172035130782048,196259.835911011,44.3806415429522,67.375,0.122967208971186,6.71963731751187,3.54643646153905,"Urban and Built-up",14.25,101.5,0.891668051481247,18.3333333333333,51.0184899,51.0184899,0,482,1409.21361771363,250,62,55.28455285,64.22764228,59.45572381,46.47651102,75.6097561,82.92682927,c(-122.24444, 37.7706)
"195","McKinley Park",NA,"11/30/2023","12/07/2023",7,"Failed site","CA",85648,40.3666666666667,37.8670556428121,4700.81313800998,1796.71822405193,30427.75,29288,29489.6666666667,33242,1,3376.3586538214,0.0172035130782048,196259.835911011,44.3806415429522,67.375,0.122967208971186,6.71963731751187,3.54643646153905,"Urban and Built-up",14.25,101.5,0.891668051481247,15.1666666666667,62.4824473,62.4824473,0,877,1409.21361771363,250,62,55.28455285,64.22764228,59.45572381,46.47651102,75.6097561,82.92682927,c(-122.24444, 37.7706)
"196","McKinley Park",NA,"11/30/2023","12/07/2023",7,"Failed site","CA",85648,40.3666666666667,37.8670556428121,4700.81313800998,1796.71822405193,30427.75,29288,29489.6666666667,33242,1,3376.3586538214,0.0172035130782048,196259.835911011,44.3806415429522,67.375,0.122967208971186,6.71963731751187,3.54643646153905,"Urban and Built-up",14.25,101.5,0.891668051481247,18.5,109.289859,109.289859,0,358,1409.21361771363,250,62,55.28455285,64.22764228,59.45572381,46.47651102,75.6097561,82.92682927,c(-122.24444, 37.7706)
"197","McLaughlin Eastshore State Park","MESP","11/29/2023","12/13/2023",14,"","CA",144168.5,38,40.8092910139131,414.468751334812,190.781476773508,14548.6,13653,13282.3636363636,18030.75,1,3133.7793939464,0.0159675023643869,196259.835911208,173.900616324774,19.4272727272727,0.112060726126644,2.85137046046977,3.32277950020211,"Urban and Built-up",14.3000001907349,119.15,0.777172803878784,19.5,2268.6782265,819.5938821,1449.0843444,556,1359.22967719528,250,63,82.92682927,70.73170732,60.13210098,58.38493484,95.12195122,83.7398374,c(-122.30742, 37.87153)
"198","McLaughlin Eastshore State Park","MESP","11/29/2023","12/13/2023",14,"","CA",144168.5,38,40.8092910139131,414.468751334812,190.781476773508,14548.6,13653,13282.3636363636,18030.75,1,3133.7793939464,0.0159675023643869,196259.835911208,173.900616324774,19.4272727272727,0.112060726126644,2.85137046046977,3.32277950020211,"Urban and Built-up",14.3000001907349,119.15,0.777172803878784,18.3333333333333,297.204467,297.204467,0,483,1359.22967719528,250,63,82.92682927,70.73170732,60.13210098,58.38493484,95.12195122,83.7398374,c(-122.30742, 37.87153)
"199","Merrill Home",NA,"01/26/2023","02/10/2023",15,"IOR","CA",175929.333333333,43.8666666666667,63.0197529664402,2278.85203102577,818.941963910592,3861.5,3793.5,3989.33333333333,3478,1,3453.28052912899,0.0175954520347866,196259.835911108,247.581951857156,38.5810810810811,0.208259135723798,119.303950367552,2.45942312457285,"Urban and Built-up",14.0999999046326,115.675,0.867839634418488,15.8333333333333,105.3990224,105.3990224,0,625,697.037348118815,250,64,42.27642276,18.69918699,34.38327414,32.17710731,35.77235772,19.51219512,c(-122.233913, 37.839858)
"200","Merrill Home",NA,"01/26/2023","02/10/2023",15,"IOR","CA",175929.333333333,43.8666666666667,63.0197529664402,2278.85203102577,818.941963910592,3861.5,3793.5,3989.33333333333,3478,1,3453.28052912899,0.0175954520347866,196259.835911108,247.581951857156,38.5810810810811,0.208259135723798,119.303950367552,2.45942312457285,"Urban and Built-up",14.0999999046326,115.675,0.867839634418488,15.5,102.3483258,102.3483258,0,543,697.037348118815,250,64,42.27642276,18.69918699,34.38327414,32.17710731,35.77235772,19.51219512,c(-122.233913, 37.839858)
"201","Merrill Home",NA,"01/26/2023","02/10/2023",15,"IOR","CA",175929.333333333,43.8666666666667,63.0197529664402,2278.85203102577,818.941963910592,3861.5,3793.5,3989.33333333333,3478,1,3453.28052912899,0.0175954520347866,196259.835911108,247.581951857156,38.5810810810811,0.208259135723798,119.303950367552,2.45942312457285,"Urban and Built-up",14.0999999046326,115.675,0.867839634418488,12.6666666666667,465.3552757,465.3552757,0,590,697.037348118815,250,64,42.27642276,18.69918699,34.38327414,32.17710731,35.77235772,19.51219512,c(-122.233913, 37.839858)
"202","Metropolitan Golf Links",NA,"12/01/2023","12/15/2023",14,"","CA",85331,33.3,13.3640552995392,243.893090503755,75.9787735389152,18828,18962,18593.0909090909,19474,1,1810.1435376124,0.00922319907794389,196259.83591107,112.100515563983,72.0045045045045,0.221492476880692,4.99120154489582,3.48658420876518,"Urban and Built-up",14.3500003814697,97.25,0.858341097831726,13.5,1173.7650302,831.3644906,342.4005396,960,1438.76775247848,250,65,93.49593496,79.67479675,61.08829774,61.03340788,100,96.74796748,c(-122.1930927, 37.7197482)
"203","Metropolitan Golf Links",NA,"12/01/2023","12/15/2023",14,"","CA",85331,33.3,13.3640552995392,243.893090503755,75.9787735389152,18828,18962,18593.0909090909,19474,1,1810.1435376124,0.00922319907794389,196259.83591107,112.100515563983,72.0045045045045,0.221492476880692,4.99120154489582,3.48658420876518,"Urban and Built-up",14.3500003814697,97.25,0.858341097831726,3.66666666666667,3284.5456154,2631.9503147,652.5953007,0,1438.76775247848,250,65,93.49593496,79.67479675,61.08829774,61.03340788,100,96.74796748,c(-122.1930927, 37.7197482)
"204","Middleton Home",NA,"02/20/2023","02/26/2023",6,"","CA",110875.333333333,39.4333333333333,68.2385981310163,5216.78871556024,2487.09341462545,22022.1428571429,21769,22203.2,21569.5,1,3031.36447927535,0.0154456690805026,196259.83591102,180.392981810708,46.8090909090909,0.182744840238571,99.4414120080336,2.78075676437447,"Urban and Built-up",14.1749999523163,123.425,0.8929004073143,15.3333333333333,54.4895036,54.4895036,0,310,646.143917277475,250,66,14.63414634,26.82926829,38.20798876,27.71950304,21.95121951,39.02439024,c(-122.266458, 37.882987)
"205","Middleton Home",NA,"02/20/2023","02/26/2023",6,"","CA",110875.333333333,39.4333333333333,68.2385981310163,5216.78871556024,2487.09341462545,22022.1428571429,21769,22203.2,21569.5,1,3031.36447927535,0.0154456690805026,196259.83591102,180.392981810708,46.8090909090909,0.182744840238571,99.4414120080336,2.78075676437447,"Urban and Built-up",14.1749999523163,123.425,0.8929004073143,17,71.2245982,71.2245982,0,618,646.143917277475,250,66,14.63414634,26.82926829,38.20798876,27.71950304,21.95121951,39.02439024,c(-122.266458, 37.882987)
"206","Middleton Home",NA,"02/20/2023","02/26/2023",6,"","CA",110875.333333333,39.4333333333333,68.2385981310163,5216.78871556024,2487.09341462545,22022.1428571429,21769,22203.2,21569.5,1,3031.36447927535,0.0154456690805026,196259.83591102,180.392981810708,46.8090909090909,0.182744840238571,99.4414120080336,2.78075676437447,"Urban and Built-up",14.1749999523163,123.425,0.8929004073143,19.3333333333333,35.6098281,35.6098281,0,315,646.143917277475,250,66,14.63414634,26.82926829,38.20798876,27.71950304,21.95121951,39.02439024,c(-122.266458, 37.882987)
"207","Miller Knox-Crest Trail","MK-CT","11/24/2023","12/02/2023",8,"IOR","CA",136250,56.3,65.2542372881356,348.5553639117,189.88040443155,1708.33333333333,1652,1907.5,1310,1,1880.83553014705,0.00958339499988549,196259.835910919,197.207681952883,45.0266666666667,0.173649496304023,24.6958296750531,3.60526149442598,"Urban and Built-up",NA,131.025,0.88798326253891,8.33333333333333,2078.9439741,1135.9130167,943.0309574,931,1277.49029666734,250,67,86.99186992,52.03252033,60.52621317,60.52621317,96.74796748,91.8699187,c(-122.37392, 37.91637)
"208","Miller Knox-Pickleweed","MK-PW","11/24/2023","12/02/2023",8,"","CA",136250,56.3,65.2542372881356,348.5553639117,189.88040443155,7100,7100,7100,NA,1,1180.44372483229,0.00601469841933394,196259.835910943,126.756167970082,19.8968609865471,0.136270688041395,5.72315950008729,1.34814035469907,"Temperate or Subpolar Needleaf Forest",NA,132.8,NA,8.33333333333333,2078.9439741,1135.9130167,943.0309574,931,1277.49029666734,250,68,86.99186992,52.03252033,60.52621317,60.52621317,96.74796748,91.8699187,c(-122.38757, 37.91243)
"209","Mira Vista Park","MVP","11/19/2023","12/04/2023",15,"","CA",106075,48.3333333333333,48.1113706047214,2679.48086741053,1118.33232051101,18714.0625,18574,18264.1818181818,19703.8,1,3095.77834345766,0.0157738761427538,196259.835911023,217.232835396128,57.0630630630631,0.161473927135785,47.0239346677607,2.92294452256356,"Temperate or Subpolar Needleaf Forest",14.3500003814697,129.6,0.926953881978989,18.3333333333333,76.1305216,76.1305216,0,399,488.521859577132,250,69,95.12195122,86.17886179,50.43312182,40.59100214,65.85365854,63.41463415,c(-122.3211, 37.93756)
"210","Mira Vista Park","MVP","11/19/2023","12/04/2023",15,"","CA",106075,48.3333333333333,48.1113706047214,2679.48086741053,1118.33232051101,18714.0625,18574,18264.1818181818,19703.8,1,3095.77834345766,0.0157738761427538,196259.835911023,217.232835396128,57.0630630630631,0.161473927135785,47.0239346677607,2.92294452256356,"Temperate or Subpolar Needleaf Forest",14.3500003814697,129.6,0.926953881978989,14.6666666666667,66.0985087,66.0985087,0,351,488.521859577132,250,69,95.12195122,86.17886179,50.43312182,40.59100214,65.85365854,63.41463415,c(-122.3211, 37.93756)
"211","Mira Vista Park","MVP","11/19/2023","12/04/2023",15,"","CA",106075,48.3333333333333,48.1113706047214,2679.48086741053,1118.33232051101,18714.0625,18574,18264.1818181818,19703.8,1,3095.77834345766,0.0157738761427538,196259.835911023,217.232835396128,57.0630630630631,0.161473927135785,47.0239346677607,2.92294452256356,"Temperate or Subpolar Needleaf Forest",14.3500003814697,129.6,0.926953881978989,13.8333333333333,50.8121614,50.8121614,0,399,488.521859577132,250,69,95.12195122,86.17886179,50.43312182,40.59100214,65.85365854,63.41463415,c(-122.3211, 37.93756)
"212","Mirmalek Home",NA,"11/23/2022","12/07/2022",14,"","CA",203774,49.7,57.649608569491,1580.33484187202,628.488820785722,3720.2,3664,3580.09090909091,4105.5,1,3778.34676651706,0.0192517574926942,196259.835911131,220.762392589744,35.847533632287,0.205918488872305,159.61088625112,2.57641452989972,"Urban and Built-up",14,119.25,0.83075213432312,9.5,544.445314,544.445314,0,1161,504.102549711032,250,70,28.45528455,19.51219512,34.38327414,27.72027739,22.76422764,19.51219512,c(-122.226323, 37.844884)
"213","Mirmalek Home",NA,"11/23/2022","12/07/2022",14,"","CA",203774,49.7,57.649608569491,1580.33484187202,628.488820785722,3720.2,3664,3580.09090909091,4105.5,1,3778.34676651706,0.0192517574926942,196259.835911131,220.762392589744,35.847533632287,0.205918488872305,159.61088625112,2.57641452989972,"Urban and Built-up",14,119.25,0.83075213432312,15.5,102.3483258,102.3483258,0,543,504.102549711032,250,70,28.45528455,19.51219512,34.38327414,27.72027739,22.76422764,19.51219512,c(-122.226323, 37.844884)
"214","Mirmalek Home",NA,"11/23/2022","12/07/2022",14,"","CA",203774,49.7,57.649608569491,1580.33484187202,628.488820785722,3720.2,3664,3580.09090909091,4105.5,1,3778.34676651706,0.0192517574926942,196259.835911131,220.762392589744,35.847533632287,0.205918488872305,159.61088625112,2.57641452989972,"Urban and Built-up",14,119.25,0.83075213432312,11.6666666666667,251.2329946,244.9882834,6.2447112,616,504.102549711032,250,70,28.45528455,19.51219512,34.38327414,27.72027739,22.76422764,19.51219512,c(-122.226323, 37.844884)
"215","Monarch Bay Golf Club",NA,"11/28/2023","12/05/2023",7,"IOR","CA",92622,39.75,24.9642361620767,1554.35915138781,547.215180368729,8825.75,8404,7933.16666666667,11503.5,1,2012.14063740928,0.0102524320784681,196259.835911045,47.4578660188227,27.6651583710407,0.275060397554164,3.35069287206469,2.02135016453488,"Urban and Built-up",14.3500003814697,99,0.701546430587769,14.1666666666667,682.0266404,141.1316592,540.8949812,432,1569.3788958838,250,71,56.91056911,69.10569106,61.00003949,43.30442354,71.54471545,95.93495935,c(-122.185248, 37.694999)
"216","Monarch Bay Golf Club",NA,"11/28/2023","12/05/2023",7,"IOR","CA",92622,39.75,24.9642361620767,1554.35915138781,547.215180368729,8825.75,8404,7933.16666666667,11503.5,1,2012.14063740928,0.0102524320784681,196259.835911045,47.4578660188227,27.6651583710407,0.275060397554164,3.35069287206469,2.02135016453488,"Urban and Built-up",14.3500003814697,99,0.701546430587769,13.3333333333333,296.3040346,296.3040346,0,1305,1569.3788958838,250,71,56.91056911,69.10569106,61.00003949,43.30442354,71.54471545,95.93495935,c(-122.185248, 37.694999)
"217","Morello-Frosch Home",NA,"11/22/2022","12/03/2022",11,"","CA",78208.5,37.52,43.8413127996046,6114.33920393853,2870.55292560631,20952.1666666667,22322.5,20328.2222222222,22824,4,5117.5198034179,0.0260752271582287,196259.835911072,35.809893678594,63.7321428571429,0.136723531694577,16.8336638316455,3.53850746162893,"Urban and Built-up",14.3000001907349,116.575,0.918669551610947,14.8333333333333,38.9417245,38.9417245,0,365,1550.99922500511,250,72,78.04878049,73.98373984,60.13210098,50.29299012,81.30081301,83.7398374,c(-122.291413, 37.865678)
"218","Morello-Frosch Home",NA,"11/22/2022","12/03/2022",11,"","CA",78208.5,37.52,43.8413127996046,6114.33920393853,2870.55292560631,20952.1666666667,22322.5,20328.2222222222,22824,4,5117.5198034179,0.0260752271582287,196259.835911072,35.809893678594,63.7321428571429,0.136723531694577,16.8336638316455,3.53850746162893,"Urban and Built-up",14.3000001907349,116.575,0.918669551610947,17.3333333333333,68.182303,68.182303,0,757,1550.99922500511,250,72,78.04878049,73.98373984,60.13210098,50.29299012,81.30081301,83.7398374,c(-122.291413, 37.865678)
"219","Morello-Frosch Home",NA,"11/22/2022","12/03/2022",11,"","CA",78208.5,37.52,43.8413127996046,6114.33920393853,2870.55292560631,20952.1666666667,22322.5,20328.2222222222,22824,4,5117.5198034179,0.0260752271582287,196259.835911072,35.809893678594,63.7321428571429,0.136723531694577,16.8336638316455,3.53850746162893,"Urban and Built-up",14.3000001907349,116.575,0.918669551610947,15.5,39.8134933,39.8134933,0,396,1550.99922500511,250,72,78.04878049,73.98373984,60.13210098,50.29299012,81.30081301,83.7398374,c(-122.291413, 37.865678)
"220","Morello-Frosch Home",NA,"11/22/2022","12/03/2022",11,"","CA",78208.5,37.52,43.8413127996046,6114.33920393853,2870.55292560631,20952.1666666667,22322.5,20328.2222222222,22824,4,5117.5198034179,0.0260752271582287,196259.835911072,35.809893678594,63.7321428571429,0.136723531694577,16.8336638316455,3.53850746162893,"Urban and Built-up",14.3000001907349,116.575,0.918669551610947,16.1666666666667,57.9417377,57.9417377,0,694,1550.99922500511,250,72,78.04878049,73.98373984,60.13210098,50.29299012,81.30081301,83.7398374,c(-122.291413, 37.865678)
"221","Morello-Frosch Home",NA,"11/22/2022","12/03/2022",11,"","CA",78208.5,37.52,43.8413127996046,6114.33920393853,2870.55292560631,20952.1666666667,22322.5,20328.2222222222,22824,4,5117.5198034179,0.0260752271582287,196259.835911072,35.809893678594,63.7321428571429,0.136723531694577,16.8336638316455,3.53850746162893,"Urban and Built-up",14.3000001907349,116.575,0.918669551610947,15,54.9281061,54.9281061,0,676,1550.99922500511,250,72,78.04878049,73.98373984,60.13210098,50.29299012,81.30081301,83.7398374,c(-122.291413, 37.865678)
"222","Neumann Home",NA,"11/06/2023","11/22/2023",16,"","CA",118350.6,40.3166666666667,60.1616123277901,6801.17285352217,3137.07161475397,36643.2941176471,37433,36232.5384615385,37978.25,1,3490.86808108729,0.0177869713631554,196259.835911043,169.20851731685,56.1261261261261,0.156899450381226,53.102257912114,2.87638154843891,"Urban and Built-up",14.3000001907349,120.3,0.934234499931335,11,39.4381484,39.4381484,0,422,412.638026727045,250,73,36.58536585,32.5203252,42.70250638,35.08540885,48.7804878,51.2195122,c(-122.275755, 37.878494)
"223","Neumann Home",NA,"11/06/2023","11/22/2023",16,"","CA",118350.6,40.3166666666667,60.1616123277901,6801.17285352217,3137.07161475397,36643.2941176471,37433,36232.5384615385,37978.25,1,3490.86808108729,0.0177869713631554,196259.835911043,169.20851731685,56.1261261261261,0.156899450381226,53.102257912114,2.87638154843891,"Urban and Built-up",14.3000001907349,120.3,0.934234499931335,16.6666666666667,34.9569899,34.9569899,0,529,412.638026727045,250,73,36.58536585,32.5203252,42.70250638,35.08540885,48.7804878,51.2195122,c(-122.275755, 37.878494)
"224","Neumann Home",NA,"11/06/2023","11/22/2023",16,"","CA",118350.6,40.3166666666667,60.1616123277901,6801.17285352217,3137.07161475397,36643.2941176471,37433,36232.5384615385,37978.25,1,3490.86808108729,0.0177869713631554,196259.835911043,169.20851731685,56.1261261261261,0.156899450381226,53.102257912114,2.87638154843891,"Urban and Built-up",14.3000001907349,120.3,0.934234499931335,19.3333333333333,35.6098281,35.6098281,0,315,412.638026727045,250,73,36.58536585,32.5203252,42.70250638,35.08540885,48.7804878,51.2195122,c(-122.275755, 37.878494)
"225","Neumann Home",NA,"11/06/2023","11/22/2023",16,"","CA",118350.6,40.3166666666667,60.1616123277901,6801.17285352217,3137.07161475397,36643.2941176471,37433,36232.5384615385,37978.25,1,3490.86808108729,0.0177869713631554,196259.835911043,169.20851731685,56.1261261261261,0.156899450381226,53.102257912114,2.87638154843891,"Urban and Built-up",14.3000001907349,120.3,0.934234499931335,15,68.2512439,68.2512439,0,477,412.638026727045,250,73,36.58536585,32.5203252,42.70250638,35.08540885,48.7804878,51.2195122,c(-122.275755, 37.878494)
"226","Neumann Home",NA,"11/06/2023","11/22/2023",16,"","CA",118350.6,40.3166666666667,60.1616123277901,6801.17285352217,3137.07161475397,36643.2941176471,37433,36232.5384615385,37978.25,1,3490.86808108729,0.0177869713631554,196259.835911043,169.20851731685,56.1261261261261,0.156899450381226,53.102257912114,2.87638154843891,"Urban and Built-up",14.3000001907349,120.3,0.934234499931335,15.5,62.3354228,62.3354228,0,493,412.638026727045,250,73,36.58536585,32.5203252,42.70250638,35.08540885,48.7804878,51.2195122,c(-122.275755, 37.878494)
"227","Neumann Home",NA,"11/06/2023","11/22/2023",16,"","CA",118350.6,40.3166666666667,60.1616123277901,6801.17285352217,3137.07161475397,36643.2941176471,37433,36232.5384615385,37978.25,1,3490.86808108729,0.0177869713631554,196259.835911043,169.20851731685,56.1261261261261,0.156899450381226,53.102257912114,2.87638154843891,"Urban and Built-up",14.3000001907349,120.3,0.934234499931335,16.1666666666667,40.2234322,40.2234322,0,538,412.638026727045,250,73,36.58536585,32.5203252,42.70250638,35.08540885,48.7804878,51.2195122,c(-122.275755, 37.878494)
"228","Nicholl Park",NA,"11/27/2023","12/11/2023",14,"","CA",80878,37.6,8.90238239197076,3193.62215952808,1085.88075507291,15306.4,15219,14769.2727272727,16783.5,1,2679.95139357636,0.013655118894493,196259.835910851,156.567809089398,51.0648148148148,0.16624789600412,15.2939742261713,3.37073226963036,"Urban and Built-up",14.3500003814697,128.375,0.933800578117371,14.1666666666667,90.2703249,90.2703249,0,697,380.390834252985,250,74,99.18699187,98.37398374,56.59650758,48.06415558,78.04878049,77.23577236,c(-122.3403681, 37.9314647)
"229","Nicholl Park",NA,"11/27/2023","12/11/2023",14,"","CA",80878,37.6,8.90238239197076,3193.62215952808,1085.88075507291,15306.4,15219,14769.2727272727,16783.5,1,2679.95139357636,0.013655118894493,196259.835910851,156.567809089398,51.0648148148148,0.16624789600412,15.2939742261713,3.37073226963036,"Urban and Built-up",14.3500003814697,128.375,0.933800578117371,16.8333333333333,83.7639348,83.7639348,0,349,380.390834252985,250,74,99.18699187,98.37398374,56.59650758,48.06415558,78.04878049,77.23577236,c(-122.3403681, 37.9314647)
"230","Nicholl Park",NA,"11/27/2023","12/11/2023",14,"","CA",80878,37.6,8.90238239197076,3193.62215952808,1085.88075507291,15306.4,15219,14769.2727272727,16783.5,1,2679.95139357636,0.013655118894493,196259.835910851,156.567809089398,51.0648148148148,0.16624789600412,15.2939742261713,3.37073226963036,"Urban and Built-up",14.3500003814697,128.375,0.933800578117371,16,80.5691789,80.5691789,0,455,380.390834252985,250,74,99.18699187,98.37398374,56.59650758,48.06415558,78.04878049,77.23577236,c(-122.3403681, 37.9314647)
"231","North Richmond Ballpark","NRB","11/08/2023","11/22/2023",14,"","CA",62270,34.25,4.42049843776909,1862.40807329965,552.505421764248,7182.6,7215,7027.45454545455,7609.25,1,3029.61456753994,0.0154367527796884,196259.835910975,137.133015070687,58.0044843049327,0.195256648992493,6.01912843015857,3.06311789789661,"Urban and Built-up",14.3500003814697,130.5,0.902412116527557,11.5,1552.7326633,1213.844156,338.8885073,874,991.851895671353,250,75,94.30894309,99.18699187,60.52621317,57.4118888,94.30894309,91.8699187,c(-122.36488, 37.96078)
"232","North Richmond Ballpark","NRB","11/08/2023","11/22/2023",14,"","CA",62270,34.25,4.42049843776909,1862.40807329965,552.505421764248,7182.6,7215,7027.45454545455,7609.25,1,3029.61456753994,0.0154367527796884,196259.835910975,137.133015070687,58.0044843049327,0.195256648992493,6.01912843015857,3.06311789789661,"Urban and Built-up",14.3500003814697,130.5,0.902412116527557,13.1666666666667,171.062388,171.062388,0,805,991.851895671353,250,75,94.30894309,99.18699187,60.52621317,57.4118888,94.30894309,91.8699187,c(-122.36488, 37.96078)
"233","Ochoa Home",NA,"12/08/2023","12/22/2023",14,"","CA",119939,36.8,30.2250803858521,2952.22786712826,883.670496407468,7329,7151,6778.72727272727,8842.25,1,2093.63317373376,0.0106676598602844,196259.835910998,243.15931706774,48.6805555555556,0.166573029352011,15.2684039936137,2.16305872011718,"Urban and Built-up",14.6999998092651,124.3,0.82755172252655,14.5,183.2824714,157.4763358,25.8061356,670,3219.41693639084,250,76,71.54471545,60.97560976,42.25086926,38.27008345,58.53658537,49.59349593,c(-122.2953581, 38.0093192)
"234","Osborne Home",NA,"12/01/2023","12/15/2023",14,"","CA",121994,51.6,23.3012896868895,860.844394525032,319.210101177429,8565,8565,8565,NA,1,2902.33056167814,0.01478820436289,196259.835910934,14.7221120849639,38.2107623318385,0.206680527548439,145.186226094952,2.29695349685469,"Urban and Built-up",14.0500001907349,103.1,0.634088099002838,10.1666666666667,465.8610894,465.8610894,0,602,966.264620565635,250,77,32.5203252,10.56910569,37.48539346,33.99515574,45.52845528,34.95934959,c(-122.1263676, 37.7533085)
"235","Osborne Home",NA,"12/01/2023","12/15/2023",14,"","CA",121994,51.6,23.3012896868895,860.844394525032,319.210101177429,8565,8565,8565,NA,1,2902.33056167814,0.01478820436289,196259.835910934,14.7221120849639,38.2107623318385,0.206680527548439,145.186226094952,2.29695349685469,"Urban and Built-up",14.0500001907349,103.1,0.634088099002838,12.8333333333333,157.7241771,157.7241771,0,396,966.264620565635,250,77,32.5203252,10.56910569,37.48539346,33.99515574,45.52845528,34.95934959,c(-122.1263676, 37.7533085)
"236","Osborne Home",NA,"12/01/2023","12/15/2023",14,"","CA",121994,51.6,23.3012896868895,860.844394525032,319.210101177429,8565,8565,8565,NA,1,2902.33056167814,0.01478820436289,196259.835910934,14.7221120849639,38.2107623318385,0.206680527548439,145.186226094952,2.29695349685469,"Urban and Built-up",14.0500001907349,103.1,0.634088099002838,8.83333333333333,384.5310896,384.5310896,0,5,966.264620565635,250,77,32.5203252,10.56910569,37.48539346,33.99515574,45.52845528,34.95934959,c(-122.1263676, 37.7533085)
"237","Osborne Home",NA,"12/01/2023","12/15/2023",14,"","CA",121994,51.6,23.3012896868895,860.844394525032,319.210101177429,8565,8565,8565,NA,1,2902.33056167814,0.01478820436289,196259.835910934,14.7221120849639,38.2107623318385,0.206680527548439,145.186226094952,2.29695349685469,"Urban and Built-up",14.0500001907349,103.1,0.634088099002838,6,609.8899961,609.8899961,0,971,966.264620565635,250,77,32.5203252,10.56910569,37.48539346,33.99515574,45.52845528,34.95934959,c(-122.1263676, 37.7533085)
"238","Oyster Bay Regional Shoreline","OBRS","11/30/2023","12/14/2023",14,"","CA",85331,33.3,13.3640552995392,487.786181007511,151.95754707783,4420.8,4532,4759.27272727273,3490,1,NA,NA,196259.835911003,278.099123724227,6.28506787330317,0.19602631053253,12.4644815831473,3.04196488739004,"Urban and Built-up",14.3500003814697,98.55,0.696087867021561,13.5,1173.7650302,831.3644906,342.4005396,960,1438.76775247848,250,78,97.56097561,79.67479675,61.08829774,61.00135599,99.18699187,96.74796748,c(-122.194922, 37.706867)
"239","OZ Cali Trail",NA,"02/17/2023","02/24/2023",7,"","CA",113750,52.6,18.8294517224648,495.331974084812,163.928813318174,4727.25,4267.5,4222.5,6241.5,1,NA,NA,196259.835911057,260.246282263239,7.13513513513514,0.246200243664961,185.205431331288,1.93430565404922,"Urban and Built-up",14.0500001907349,101.5,0.704402893781662,8.83333333333333,384.5310896,384.5310896,0,5,832.299941069998,250,NA,NA,NA,NA,NA,NA,NA,c(-122.137289, 37.752537)
"240","OZ Cali Trail",NA,"02/17/2023","02/24/2023",7,"","CA",113750,52.6,18.8294517224648,495.331974084812,163.928813318174,4727.25,4267.5,4222.5,6241.5,1,NA,NA,196259.835911057,260.246282263239,7.13513513513514,0.246200243664961,185.205431331288,1.93430565404922,"Urban and Built-up",14.0500001907349,101.5,0.704402893781662,6,609.8899961,609.8899961,0,971,832.299941069998,250,NA,NA,NA,NA,NA,NA,NA,c(-122.137289, 37.752537)
"241","OZ Creek",NA,"02/17/2023","03/11/2023",22,"","CA",162153,31.4,19.0733736762481,1311.97153926037,450.439039332413,7099.17391304348,7256,7534.5,6104.14285714286,1,783.893833786929,0.00399416329962816,196259.835911042,186.399374631791,14.3227272727273,0.297152836407515,81.1758666992187,2.77251059113563,"Urban and Built-up",14.25,100.2,0.764095604419708,12.1666666666667,95.3739283,95.3739283,0,317,428.094479075636,250,80,50.40650407,40.6504065,37.48539346,36.53529895,53.65853659,34.95934959,c(-122.14673, 37.752737)
"242","OZ Creek",NA,"02/17/2023","03/11/2023",22,"","CA",162153,31.4,19.0733736762481,1311.97153926037,450.439039332413,7099.17391304348,7256,7534.5,6104.14285714286,1,783.893833786929,0.00399416329962816,196259.835911042,186.399374631791,14.3227272727273,0.297152836407515,81.1758666992187,2.77251059113563,"Urban and Built-up",14.25,100.2,0.764095604419708,8.83333333333333,384.5310896,384.5310896,0,5,428.094479075636,250,80,50.40650407,40.6504065,37.48539346,36.53529895,53.65853659,34.95934959,c(-122.14673, 37.752737)
"243","OZ SEKI Gate",NA,"02/17/2023","03/11/2023",22,"","CA",113750,52.6,18.8294517224648,495.331974084812,163.928813318174,12380.347826087,12619,12910.625,11168.2857142857,1,900.238964577606,0.00458697501910266,196259.835911144,186.166566585999,33.7123287671233,0.237657808994909,86.098906649076,2.845885613973,"Urban and Built-up",14.25,99.3,0.761401176452637,8.83333333333333,384.5310896,384.5310896,0,5,428.094479075636,250,81,51.2195122,47.15447154,37.48539346,36.77394489,55.28455285,34.95934959,c(-122.146167, 37.748906)
"244","OZ SEKI Gate",NA,"02/17/2023","03/11/2023",22,"","CA",113750,52.6,18.8294517224648,495.331974084812,163.928813318174,12380.347826087,12619,12910.625,11168.2857142857,1,900.238964577606,0.00458697501910266,196259.835911144,186.166566585999,33.7123287671233,0.237657808994909,86.098906649076,2.845885613973,"Urban and Built-up",14.25,99.3,0.761401176452637,6,609.8899961,609.8899961,0,971,428.094479075636,250,81,51.2195122,47.15447154,37.48539346,36.77394489,55.28455285,34.95934959,c(-122.146167, 37.748906)
"245","Phoenixx Home",NA,"01/27/2023","02/03/2023",7,"","CA",95864,50.55,36.0864373029633,1195.16214583008,507.450171396336,4191,4104.5,4228.5,4078.5,1,2643.86537889212,0.013471250328018,196259.835910948,156.22374494406,30.5044642857143,0.23214594432628,96.378751358896,2.27379264221286,"Urban and Built-up",14.4499998092651,131.7,0.822781965136528,12.1666666666667,464.9142022,464.9142022,0,890,1588.95534929165,250,82,69.10569106,58.53658537,40.8486294,38.53451849,60.97560976,45.52845528,c(-122.291056, 37.980515)
"246","Phoenixx Home",NA,"01/27/2023","02/03/2023",7,"","CA",95864,50.55,36.0864373029633,1195.16214583008,507.450171396336,4191,4104.5,4228.5,4078.5,1,2643.86537889212,0.013471250328018,196259.835910948,156.22374494406,30.5044642857143,0.23214594432628,96.378751358896,2.27379264221286,"Urban and Built-up",14.4499998092651,131.7,0.822781965136528,12.1666666666667,126.4835712,126.4835712,0,573,1588.95534929165,250,82,69.10569106,58.53658537,40.8486294,38.53451849,60.97560976,45.52845528,c(-122.291056, 37.980515)
"247","Picone Home",NA,"11/23/2022","12/07/2022",14,"","CA",72615.8,33.1166666666667,9.93358692210887,3817.91795576463,1448.45123582626,8781.2,8935,8790.27272727273,8756.25,1,3267.83053837082,0.0166505312877802,196259.835911007,190.44019074359,68.7162162162162,0.112323775169956,22.5474202696361,3.42065814321278,"Urban and Built-up",14.3000001907349,99.4,0.906391561031342,11.5,186.6057193,186.6057193,0,381,1798.89866675626,250,83,52.03252033,56.91056911,35.83212578,30.6057035,29.26829268,30.08130081,c(-122.16558, 37.761143)
"248","Picone Home",NA,"11/23/2022","12/07/2022",14,"","CA",72615.8,33.1166666666667,9.93358692210887,3817.91795576463,1448.45123582626,8781.2,8935,8790.27272727273,8756.25,1,3267.83053837082,0.0166505312877802,196259.835911007,190.44019074359,68.7162162162162,0.112323775169956,22.5474202696361,3.42065814321278,"Urban and Built-up",14.3000001907349,99.4,0.906391561031342,12.6666666666667,48.1106171,48.1106171,0,405,1798.89866675626,250,83,52.03252033,56.91056911,35.83212578,30.6057035,29.26829268,30.08130081,c(-122.16558, 37.761143)
"249","Picone Home",NA,"11/23/2022","12/07/2022",14,"","CA",72615.8,33.1166666666667,9.93358692210887,3817.91795576463,1448.45123582626,8781.2,8935,8790.27272727273,8756.25,1,3267.83053837082,0.0166505312877802,196259.835911007,190.44019074359,68.7162162162162,0.112323775169956,22.5474202696361,3.42065814321278,"Urban and Built-up",14.3000001907349,99.4,0.906391561031342,14,56.1552047,56.1552047,0,568,1798.89866675626,250,83,52.03252033,56.91056911,35.83212578,30.6057035,29.26829268,30.08130081,c(-122.16558, 37.761143)
"250","Picone Home",NA,"11/23/2022","12/07/2022",14,"","CA",72615.8,33.1166666666667,9.93358692210887,3817.91795576463,1448.45123582626,8781.2,8935,8790.27272727273,8756.25,1,3267.83053837082,0.0166505312877802,196259.835911007,190.44019074359,68.7162162162162,0.112323775169956,22.5474202696361,3.42065814321278,"Urban and Built-up",14.3000001907349,99.4,0.906391561031342,11.1666666666667,60.8547996,60.8547996,0,352,1798.89866675626,250,83,52.03252033,56.91056911,35.83212578,30.6057035,29.26829268,30.08130081,c(-122.16558, 37.761143)
"251","Picone Home",NA,"11/23/2022","12/07/2022",14,"","CA",72615.8,33.1166666666667,9.93358692210887,3817.91795576463,1448.45123582626,8781.2,8935,8790.27272727273,8756.25,1,3267.83053837082,0.0166505312877802,196259.835911007,190.44019074359,68.7162162162162,0.112323775169956,22.5474202696361,3.42065814321278,"Urban and Built-up",14.3000001907349,99.4,0.906391561031342,13.3333333333333,159.8381176,159.8381176,0,738,1798.89866675626,250,83,52.03252033,56.91056911,35.83212578,30.6057035,29.26829268,30.08130081,c(-122.16558, 37.761143)
"252","Picone Home",NA,"11/23/2022","12/07/2022",14,"","CA",72615.8,33.1166666666667,9.93358692210887,3817.91795576463,1448.45123582626,8781.2,8935,8790.27272727273,8756.25,1,3267.83053837082,0.0166505312877802,196259.835911007,190.44019074359,68.7162162162162,0.112323775169956,22.5474202696361,3.42065814321278,"Urban and Built-up",14.3000001907349,99.4,0.906391561031342,13.6666666666667,43.9711979,43.9711979,0,400,1798.89866675626,250,83,52.03252033,56.91056911,35.83212578,30.6057035,29.26829268,30.08130081,c(-122.16558, 37.761143)
"253","Point Isabel Regional Shoreline","PIRS","11/24/2023","12/02/2023",8,"","CA",94833,46,50.2966101694915,573.289810241531,422.051291987406,13626.1111111111,14075,12191.1666666667,16496,5,534.002897973217,0.00272089750556693,196259.835911001,28.1247765740827,59.8878923766816,0.0607802853179845,3.57059447872013,3.12598084248177,"Temperate or Subpolar Needleaf Forest",14.3166669209798,124.966666666667,0.575869828462601,14.1666666666667,985.9201044,567.9798593,417.9402451,750,1319.22151078428,250,84,75.6097561,78.04878049,56.59650758,52.46078264,87.80487805,77.23577236,c(-122.32326, 37.89808)
"254","Point Molate Beach Park","PMBP","11/24/2023","12/02/2023",8,"","CA",107870,46.2,51.8557794273595,118.239006766146,67.9742409834698,1494,1494,1494,NA,1,1017.35824557252,0.00518373125530495,196259.835910932,12.0137579334374,19.8045454545454,0.119614149003443,24.2257616792926,1.71180548824953,"Temperate or Subpolar Needleaf Forest",NA,138.2,NA,10,4753.2687265,3046.313046,1706.9556805,864,3625.46821920173,250,85,86.99186992,52.03252033,60.52621317,60.52621317,96.74796748,91.8699187,c(-122.410266, 37.940785)
"255","Point Pinole East","PPE","11/08/2023","11/22/2023",14,"","CA",60100,38,3.42146189735614,153.463126397578,52.049577036512,2565.26666666667,2526,2768.63636363636,2006,1,956.416797001125,0.00487321714380176,196259.835910983,110.801096146225,30.0829493087557,0.217816125890343,10.7088035820122,3.29117874681459,"Urban and Built-up",NA,129.3,NA,11,3721.2251832,2459.3638139,1261.8613693,2692,958.508159360208,250,86,73.17073171,30.08130081,51.87585032,51.87585032,84.55284553,65.85365854,c(-122.35264, 38.00112)
"256","Point Pinole South","PPS","11/09/2023","11/15/2023",6,"","CA",60100,35.9,16.8838470382911,1512.66122111653,26.024788518256,2004.57142857143,1891,2147,1648.5,1,1835.20763030067,0.00935090779925305,196259.83591104,119.181089099699,20.5294117647059,0.204812534626134,12.2823113090161,3.1201574153828,"Urban and Built-up",NA,129.75,NA,11,3721.2251832,2459.3638139,1261.8613693,2692,958.508159360208,250,87,73.17073171,30.08130081,51.87585032,51.87585032,84.55284553,65.85365854,c(-122.35696, 37.99319)
"257","Point Pinole West","PPW","11/08/2023","11/22/2023",14,"","CA",60100,38,3.42146189735614,153.463126397578,52.049577036512,1075,1075,1075,NA,1,1193.01018145377,0.0060787281101936,196259.835910934,178.910939656037,0,0.249840025673274,12.8204927784975,0.666807051645489,"Urban and Built-up",NA,130.9,NA,11,3721.2251832,2459.3638139,1261.8613693,2692,1184.38730516924,250,88,73.17073171,30.08130081,51.87585032,51.87585032,84.55284553,65.85365854,c(-122.36557, 38.00415)
"258","Rifle Range Road Trailhead","RRR","11/19/2023","12/11/2023",22,"","CA",151858.333333333,45.3,45.3146427304689,984.500042955922,430.355725838822,5478.25,5468.5,5478.25,NA,1,1445.90535326847,0.00736730134597784,196259.835910996,234.589981678521,5.10313901345292,0.332739779104789,169.611888093768,1.52511022941903,"Urban and Built-up",14.0499998728434,133.533333333333,0.618913739919662,12.5,402.8095708,402.8095708,0,930,967.770809066389,250,89,37.39837398,45.52845528,33.35097919,25.11595866,14.63414634,11.38211382,c(-122.29759, 37.9345)
"259","Rifle Range Road Trailhead","RRR","11/19/2023","12/11/2023",22,"","CA",151858.333333333,45.3,45.3146427304689,984.500042955922,430.355725838822,5478.25,5468.5,5478.25,NA,1,1445.90535326847,0.00736730134597784,196259.835910996,234.589981678521,5.10313901345292,0.332739779104789,169.611888093768,1.52511022941903,"Urban and Built-up",14.0499998728434,133.533333333333,0.618913739919662,17.6666666666667,169.0166471,169.0166471,0,542,967.770809066389,250,89,37.39837398,45.52845528,33.35097919,25.11595866,14.63414634,11.38211382,c(-122.29759, 37.9345)
"260","Rifle Range Road Trailhead","RRR","11/19/2023","12/11/2023",22,"","CA",151858.333333333,45.3,45.3146427304689,984.500042955922,430.355725838822,5478.25,5468.5,5478.25,NA,1,1445.90535326847,0.00736730134597784,196259.835910996,234.589981678521,5.10313901345292,0.332739779104789,169.611888093768,1.52511022941903,"Urban and Built-up",14.0499998728434,133.533333333333,0.618913739919662,10.5,2208.2724076,2208.2724076,0,966,967.770809066389,250,89,37.39837398,45.52845528,33.35097919,25.11595866,14.63414634,11.38211382,c(-122.29759, 37.9345)
"261","Roberts Regional-Graham Trail","RR-GT","11/06/2023","11/13/2023",7,"","CA",163752,48.55,58.9988422505263,274.259449857225,107.215231135383,8566,8566,8566,NA,1,259.891842692345,0.00132422327515959,196259.835910997,182.608420122097,1.57777777777777,0.334882490849546,398.639895246963,1.09638511349342,"Urban and Built-up",13.5749998092651,117.625,0.538268824418386,8.83333333333333,787.4103426,787.4103426,0,705,1392.47796553475,250,90,2.43902439,11.38211382,28.7144566,21.27916939,7.317073171,4.06504065,c(-122.17278, 37.80941)
"262","Roberts Regional-Graham Trail","RR-GT","11/06/2023","11/13/2023",7,"","CA",163752,48.55,58.9988422505263,274.259449857225,107.215231135383,8566,8566,8566,NA,1,259.891842692345,0.00132422327515959,196259.835910997,182.608420122097,1.57777777777777,0.334882490849546,398.639895246963,1.09638511349342,"Urban and Built-up",13.5749998092651,117.625,0.538268824418386,5.5,20001.5524954,19136.5757331,864.9767623,1180,1392.47796553475,250,90,2.43902439,11.38211382,28.7144566,21.27916939,7.317073171,4.06504065,c(-122.17278, 37.80941)
"263","Rokoff Home",NA,"02/09/2023","02/24/2023",15,"","CA",97357.2,40.14,25.9306271940146,5271.86930544667,2063.97475958078,11529.3125,11468,11368.3333333333,12012.25,1,3436.66659607562,0.0175107992938139,196259.835911071,184.989629641242,64.6742081447964,0.126965775525002,49.0390068834478,3.28576350629888,"Urban and Built-up",14.25,101.25,0.932967007160187,12.6666666666667,46.2647801,46.2647801,0,457,945.994840709723,250,91,52.84552846,61.78861789,47.86423727,35.74235838,50.40650407,58.53658537,c(-122.198793, 37.77776)
"264","Rokoff Home",NA,"02/09/2023","02/24/2023",15,"","CA",97357.2,40.14,25.9306271940146,5271.86930544667,2063.97475958078,11529.3125,11468,11368.3333333333,12012.25,1,3436.66659607562,0.0175107992938139,196259.835911071,184.989629641242,64.6742081447964,0.126965775525002,49.0390068834478,3.28576350629888,"Urban and Built-up",14.25,101.25,0.932967007160187,12.3333333333333,50.7538458,50.7538458,0,487,945.994840709723,250,91,52.84552846,61.78861789,47.86423727,35.74235838,50.40650407,58.53658537,c(-122.198793, 37.77776)
"265","Rokoff Home",NA,"02/09/2023","02/24/2023",15,"","CA",97357.2,40.14,25.9306271940146,5271.86930544667,2063.97475958078,11529.3125,11468,11368.3333333333,12012.25,1,3436.66659607562,0.0175107992938139,196259.835911071,184.989629641242,64.6742081447964,0.126965775525002,49.0390068834478,3.28576350629888,"Urban and Built-up",14.25,101.25,0.932967007160187,14,59.4579433,59.4579433,0,537,945.994840709723,250,91,52.84552846,61.78861789,47.86423727,35.74235838,50.40650407,58.53658537,c(-122.198793, 37.77776)
"266","Rokoff Home",NA,"02/09/2023","02/24/2023",15,"","CA",97357.2,40.14,25.9306271940146,5271.86930544667,2063.97475958078,11529.3125,11468,11368.3333333333,12012.25,1,3436.66659607562,0.0175107992938139,196259.835911071,184.989629641242,64.6742081447964,0.126965775525002,49.0390068834478,3.28576350629888,"Urban and Built-up",14.25,101.25,0.932967007160187,13.8333333333333,50.1556167,50.1556167,0,466,945.994840709723,250,91,52.84552846,61.78861789,47.86423727,35.74235838,50.40650407,58.53658537,c(-122.198793, 37.77776)
"267","Rokoff Home",NA,"02/09/2023","02/24/2023",15,"","CA",97357.2,40.14,25.9306271940146,5271.86930544667,2063.97475958078,11529.3125,11468,11368.3333333333,12012.25,1,3436.66659607562,0.0175107992938139,196259.835911071,184.989629641242,64.6742081447964,0.126965775525002,49.0390068834478,3.28576350629888,"Urban and Built-up",14.25,101.25,0.932967007160187,13.3333333333333,51.7546008,51.7546008,0,502,945.994840709723,250,91,52.84552846,61.78861789,47.86423727,35.74235838,50.40650407,58.53658537,c(-122.198793, 37.77776)
"268","Scharnagl Home","ASH","11/23/2022","12/03/2022",10,"Retired from UWIN","CA",164040.6,44.4,63.3710910810826,1717.71015646627,696.836136167236,9212.54545454545,8962,9223.5,9183.33333333333,1,5715.62889527502,0.0291227640578669,196259.835911113,83.4061110105763,29.8235294117647,0.216777788768384,206.88392266295,2.55282409773049,"Urban and Built-up",13.9499998092651,116.925,0.830656409263611,12.5,138.296928,138.296928,0,623,940.064157931755,250,92,13.00813008,8.130081301,34.38327414,28.08323082,25.20325203,19.51219512,c(-122.217325, 37.831654)
"269","Scharnagl Home","ASH","11/23/2022","12/03/2022",10,"Retired from UWIN","CA",164040.6,44.4,63.3710910810826,1717.71015646627,696.836136167236,9212.54545454545,8962,9223.5,9183.33333333333,1,5715.62889527502,0.0291227640578669,196259.835911113,83.4061110105763,29.8235294117647,0.216777788768384,206.88392266295,2.55282409773049,"Urban and Built-up",13.9499998092651,116.925,0.830656409263611,17.6666666666667,266.6448687,266.6448687,0,997,940.064157931755,250,92,13.00813008,8.130081301,34.38327414,28.08323082,25.20325203,19.51219512,c(-122.217325, 37.831654)
"270","Scharnagl Home","ASH","11/23/2022","12/03/2022",10,"Retired from UWIN","CA",164040.6,44.4,63.3710910810826,1717.71015646627,696.836136167236,9212.54545454545,8962,9223.5,9183.33333333333,1,5715.62889527502,0.0291227640578669,196259.835911113,83.4061110105763,29.8235294117647,0.216777788768384,206.88392266295,2.55282409773049,"Urban and Built-up",13.9499998092651,116.925,0.830656409263611,15.5,102.3483258,102.3483258,0,543,940.064157931755,250,92,13.00813008,8.130081301,34.38327414,28.08323082,25.20325203,19.51219512,c(-122.217325, 37.831654)
"271","Scharnagl Home","ASH","11/23/2022","12/03/2022",10,"Retired from UWIN","CA",164040.6,44.4,63.3710910810826,1717.71015646627,696.836136167236,9212.54545454545,8962,9223.5,9183.33333333333,1,5715.62889527502,0.0291227640578669,196259.835911113,83.4061110105763,29.8235294117647,0.216777788768384,206.88392266295,2.55282409773049,"Urban and Built-up",13.9499998092651,116.925,0.830656409263611,10.5,270.0971028,268.8267617,1.2703411,872,940.064157931755,250,92,13.00813008,8.130081301,34.38327414,28.08323082,25.20325203,19.51219512,c(-122.217325, 37.831654)
"272","Scharnagl Home","ASH","11/23/2022","12/03/2022",10,"Retired from UWIN","CA",164040.6,44.4,63.3710910810826,1717.71015646627,696.836136167236,9212.54545454545,8962,9223.5,9183.33333333333,1,5715.62889527502,0.0291227640578669,196259.835911113,83.4061110105763,29.8235294117647,0.216777788768384,206.88392266295,2.55282409773049,"Urban and Built-up",13.9499998092651,116.925,0.830656409263611,12.6666666666667,465.3552757,465.3552757,0,590,940.064157931755,250,92,13.00813008,8.130081301,34.38327414,28.08323082,25.20325203,19.51219512,c(-122.217325, 37.831654)
"273","Schell Home","CSH","11/21/2022","12/02/2022",11,"","CA",120368,41.2,27.8276481149013,1449.03964511629,621.016990764126,4174.75,4032,4316.4,3466.5,1,1096.97807121561,0.00558941704054658,196259.835910962,209.245502528145,35.7247706422019,0.209601873734766,51.3970933196209,2.46275652033971,"Urban and Built-up",14.4749999046326,133.55,0.82026045024395,12.3333333333333,224.4028766,224.4028766,0,716,1588.95534929165,250,93,39.83739837,50.40650407,40.8486294,25.07091916,13.82113821,45.52845528,c(-122.290044, 37.966222)
"274","Scott Home",NA,"11/27/2022","12/11/2022",14,"","CA",197507.25,55.05,70.0644746658222,2377.22177909123,1051.4894015772,3661,3753,3747,3489,1,3474.08885727245,0.0177014764184694,196259.835911068,22.675521476567,39.8968609865471,0.206261103698939,163.652500541255,2.14880438897814,"Urban and Built-up",14.0750000476837,128.025,0.875012844800949,11.6666666666667,63.4851791,63.1123052,0.3728739,301,1129.37156077281,250,94,21.13821138,20.32520325,31.43515873,21.92927807,9.756097561,8.130081301,c(-122.275291, 37.90107)
"275","Scott Home",NA,"11/27/2022","12/11/2022",14,"","CA",197507.25,55.05,70.0644746658222,2377.22177909123,1051.4894015772,3661,3753,3747,3489,1,3474.08885727245,0.0177014764184694,196259.835911068,22.675521476567,39.8968609865471,0.206261103698939,163.652500541255,2.14880438897814,"Urban and Built-up",14.0750000476837,128.025,0.875012844800949,14.6666666666667,71.4287028,71.4287028,0,326,1129.37156077281,250,94,21.13821138,20.32520325,31.43515873,21.92927807,9.756097561,8.130081301,c(-122.275291, 37.90107)
"276","Scott Home",NA,"11/27/2022","12/11/2022",14,"","CA",197507.25,55.05,70.0644746658222,2377.22177909123,1051.4894015772,3661,3753,3747,3489,1,3474.08885727245,0.0177014764184694,196259.835911068,22.675521476567,39.8968609865471,0.206261103698939,163.652500541255,2.14880438897814,"Urban and Built-up",14.0750000476837,128.025,0.875012844800949,13.1666666666667,76.9975955,76.9975955,0,350,1129.37156077281,250,94,21.13821138,20.32520325,31.43515873,21.92927807,9.756097561,8.130081301,c(-122.275291, 37.90107)
"277","Scott Home",NA,"11/27/2022","12/11/2022",14,"","CA",197507.25,55.05,70.0644746658222,2377.22177909123,1051.4894015772,3661,3753,3747,3489,1,3474.08885727245,0.0177014764184694,196259.835911068,22.675521476567,39.8968609865471,0.206261103698939,163.652500541255,2.14880438897814,"Urban and Built-up",14.0750000476837,128.025,0.875012844800949,11.8333333333333,228.8914481,228.8914481,0,890,1129.37156077281,250,94,21.13821138,20.32520325,31.43515873,21.92927807,9.756097561,8.130081301,c(-122.275291, 37.90107)
"278","Shannon Home",NA,"11/21/2022","12/06/2022",15,"","CA",52919,33.2666666666667,19.9762011634323,4022.31258078104,1630.72850305801,10049.5,9767,9897.91666666667,10504.25,1,3951.00365476701,0.0201314937232444,196259.835910987,234.203434952346,61.6860986547085,0.122077633359829,12.7364101929772,3.12227758739507,"Urban and Built-up",14.3500003814697,126.5,0.916061699390411,12.3333333333333,156.6764731,156.6764731,0,1126,600.661715009413,250,95,81.30081301,76.42276423,56.59650758,52.96412455,89.43089431,77.23577236,c(-122.320163, 37.91391)
"279","Shannon Home",NA,"11/21/2022","12/06/2022",15,"","CA",52919,33.2666666666667,19.9762011634323,4022.31258078104,1630.72850305801,10049.5,9767,9897.91666666667,10504.25,1,3951.00365476701,0.0201314937232444,196259.835910987,234.203434952346,61.6860986547085,0.122077633359829,12.7364101929772,3.12227758739507,"Urban and Built-up",14.3500003814697,126.5,0.916061699390411,14.5,141.4407813,141.4407813,0,733,600.661715009413,250,95,81.30081301,76.42276423,56.59650758,52.96412455,89.43089431,77.23577236,c(-122.320163, 37.91391)
"280","Shannon Home",NA,"11/21/2022","12/06/2022",15,"","CA",52919,33.2666666666667,19.9762011634323,4022.31258078104,1630.72850305801,10049.5,9767,9897.91666666667,10504.25,1,3951.00365476701,0.0201314937232444,196259.835910987,234.203434952346,61.6860986547085,0.122077633359829,12.7364101929772,3.12227758739507,"Urban and Built-up",14.3500003814697,126.5,0.916061699390411,14.3333333333333,96.2271646,96.2271646,0,851,600.661715009413,250,95,81.30081301,76.42276423,56.59650758,52.96412455,89.43089431,77.23577236,c(-122.320163, 37.91391)
"281","Sherman Home",NA,"11/22/2022","12/02/2022",10,"Wilson Sherman #2","CA",186190.333333333,51.8333333333333,72.4671740260569,2517.71871924094,1050.93586995504,4074,3987,4029.77777777778,4273,1,3224.70288581774,0.016430783562257,196259.835911002,246.941502084594,25.7443946188341,0.219775958485333,302.426569311338,1.83101099997203,"Urban and Built-up",13.8500001430511,128.875,0.739448994398117,14.1666666666667,119.7463897,118.8481812,0.8982085,457,855.756102391557,250,96,12.19512195,38.21138211,33.62227227,20.09189324,2.43902439,12.19512195,c(-122.257487, 37.892485)
"282","Sherman Home",NA,"11/22/2022","12/02/2022",10,"Wilson Sherman #2","CA",186190.333333333,51.8333333333333,72.4671740260569,2517.71871924094,1050.93586995504,4074,3987,4029.77777777778,4273,1,3224.70288581774,0.016430783562257,196259.835911002,246.941502084594,25.7443946188341,0.219775958485333,302.426569311338,1.83101099997203,"Urban and Built-up",13.8500001430511,128.875,0.739448994398117,14.6666666666667,110.1416127,110.1416127,0,481,855.756102391557,250,96,12.19512195,38.21138211,33.62227227,20.09189324,2.43902439,12.19512195,c(-122.257487, 37.892485)
"283","Sherman Home",NA,"11/22/2022","12/02/2022",10,"Wilson Sherman #2","CA",186190.333333333,51.8333333333333,72.4671740260569,2517.71871924094,1050.93586995504,4074,3987,4029.77777777778,4273,1,3224.70288581774,0.016430783562257,196259.835911002,246.941502084594,25.7443946188341,0.219775958485333,302.426569311338,1.83101099997203,"Urban and Built-up",13.8500001430511,128.875,0.739448994398117,14,164.0667399,164.0667399,0,527,855.756102391557,250,96,12.19512195,38.21138211,33.62227227,20.09189324,2.43902439,12.19512195,c(-122.257487, 37.892485)
"284","Sherrer Home",NA,"02/09/2023","02/24/2023",15,"","CA",170144.666666667,45.8333333333333,38.1162758045353,3298.92615516973,1171.40024698325,5468.0625,5464,5459.75,5493,1,3262.07446203889,0.0166212024324645,196259.835910994,18.6251712123077,37.3466666666666,0.149819672314234,3.48732851047552,2.72414394656217,"Urban and Built-up",NA,101.85,NA,13.8333333333333,264.9092383,179.8781747,85.0310636,1144,1373.73094376958,250,97,7.317073171,4.87804878,38.98745264,31.30182149,31.70731707,41.46341463,c(-122.249759, 37.740986)
"285","Sherrer Home",NA,"02/09/2023","02/24/2023",15,"","CA",170144.666666667,45.8333333333333,38.1162758045353,3298.92615516973,1171.40024698325,5468.0625,5464,5459.75,5493,1,3262.07446203889,0.0166212024324645,196259.835910994,18.6251712123077,37.3466666666666,0.149819672314234,3.48732851047552,2.72414394656217,"Urban and Built-up",NA,101.85,NA,17.6666666666667,211.5326731,211.5326731,0,1288,1373.73094376958,250,97,7.317073171,4.87804878,38.98745264,31.30182149,31.70731707,41.46341463,c(-122.249759, 37.740986)
"286","Sherrer Home",NA,"02/09/2023","02/24/2023",15,"","CA",170144.666666667,45.8333333333333,38.1162758045353,3298.92615516973,1171.40024698325,5468.0625,5464,5459.75,5493,1,3262.07446203889,0.0166212024324645,196259.835910994,18.6251712123077,37.3466666666666,0.149819672314234,3.48732851047552,2.72414394656217,"Urban and Built-up",NA,101.85,NA,15.5,193.0001731,160.7155697,32.2846034,975,1373.73094376958,250,97,7.317073171,4.87804878,38.98745264,31.30182149,31.70731707,41.46341463,c(-122.249759, 37.740986)
"287","Shunick Home",NA,"02/17/2023","02/23/2023",6,"IOR","CA",203697.666666667,41.3666666666667,63.5065254532126,2241.49164827046,780.388043663197,3540.85714285714,3525,3343.2,4035,1,1556.24757873041,0.0079295265457971,196259.835911045,210.307202826568,23.5656108597285,0.211990702708763,185.86034462407,2.34175957619953,"Temperate or Subpolar Needleaf Forest",14,114.85,0.794014573097229,15.8333333333333,105.3990224,105.3990224,0,625,891.603322570102,250,98,23.57723577,29.26829268,35.0516685,32.06961585,34.95934959,24.3902439,c(-122.227752, 37.833482)
"288","Shunick Home",NA,"02/17/2023","02/23/2023",6,"IOR","CA",203697.666666667,41.3666666666667,63.5065254532126,2241.49164827046,780.388043663197,3540.85714285714,3525,3343.2,4035,1,1556.24757873041,0.0079295265457971,196259.835911045,210.307202826568,23.5656108597285,0.211990702708763,185.86034462407,2.34175957619953,"Temperate or Subpolar Needleaf Forest",14,114.85,0.794014573097229,14,122.4642426,122.4642426,0,500,891.603322570102,250,98,23.57723577,29.26829268,35.0516685,32.06961585,34.95934959,24.3902439,c(-122.227752, 37.833482)
"289","Shunick Home",NA,"02/17/2023","02/23/2023",6,"IOR","CA",203697.666666667,41.3666666666667,63.5065254532126,2241.49164827046,780.388043663197,3540.85714285714,3525,3343.2,4035,1,1556.24757873041,0.0079295265457971,196259.835911045,210.307202826568,23.5656108597285,0.211990702708763,185.86034462407,2.34175957619953,"Temperate or Subpolar Needleaf Forest",14,114.85,0.794014573097229,12.6666666666667,465.3552757,465.3552757,0,590,891.603322570102,250,98,23.57723577,29.26829268,35.0516685,32.06961585,34.95934959,24.3902439,c(-122.227752, 37.833482)
"290","Sibley Volcanic Regional Preserve","SVR","11/06/2023","11/20/2023",14,"","CA",198036,40.9,51.7133956386293,246.366539093404,102.474198144648,NA,NA,NA,NA,1,502.527924660765,0.00256052351377995,196259.835911022,65.2404694697624,0.542986425339367,0.323896995508898,334.195458009669,1.1934631207139,"Temperate or Subpolar Needleaf Forest",13.5999999046326,126.6,0.590132236480713,11.5,2958.7697167,2958.283671,0.4860457,961,507.998215745077,250,99,29.26829268,15.44715447,34.01873279,29.15872212,26.82926829,16.2601626,c(-122.2071, 37.85588)
"291","Skyline Gate Staging Area","SKSA","11/06/2023","11/20/2023",14,"","CA",150892.333333333,49.3333333333333,65.5030748561006,1209.52416265901,451.028453277048,2315.33333333333,2399,2307,2338.25,1,1598.39554496949,0.0081442824893343,196259.835910989,86.4309643817375,2.21719457013575,0.298693084044894,367.860100308755,1.61816136923596,"Temperate or Subpolar Needleaf Forest",13.5500001907349,123.65,0.605294167995453,6,89.3073762,89.3073762,0,391,1265.29604530478,250,100,0.81300813,2.43902439,31.4845626,19.91680298,0.81300813,8.943089431,c(-122.18439, 37.83056)
"292","Skyline Gate Staging Area","SKSA","11/06/2023","11/20/2023",14,"","CA",150892.333333333,49.3333333333333,65.5030748561006,1209.52416265901,451.028453277048,2315.33333333333,2399,2307,2338.25,1,1598.39554496949,0.0081442824893343,196259.835910989,86.4309643817375,2.21719457013575,0.298693084044894,367.860100308755,1.61816136923596,"Temperate or Subpolar Needleaf Forest",13.5500001907349,123.65,0.605294167995453,7.83333333333333,3409.6936111,3409.6936111,0,1153,1265.29604530478,250,100,0.81300813,2.43902439,31.4845626,19.91680298,0.81300813,8.943089431,c(-122.18439, 37.83056)
"293","Skyline Gate Staging Area","SKSA","11/06/2023","11/20/2023",14,"","CA",150892.333333333,49.3333333333333,65.5030748561006,1209.52416265901,451.028453277048,2315.33333333333,2399,2307,2338.25,1,1598.39554496949,0.0081442824893343,196259.835910989,86.4309643817375,2.21719457013575,0.298693084044894,367.860100308755,1.61816136923596,"Temperate or Subpolar Needleaf Forest",13.5500001907349,123.65,0.605294167995453,10.3333333333333,165.7914979,165.7914979,0,557,1265.29604530478,250,100,0.81300813,2.43902439,31.4845626,19.91680298,0.81300813,8.943089431,c(-122.18439, 37.83056)
"294","Sobrante Ridge Regional Preserve","SRRP","11/09/2023","11/18/2023",9,"","CA",128750,41.6,29.2966360856269,445.179559518177,138.576271627926,NA,NA,NA,NA,1,716.6639252161,0.00365160768574533,196259.835911103,164.597729847227,8.10360360360361,0.303335343476881,162.721808268612,1.3729940202213,"Urban and Built-up",14.3166669209798,133.133333333333,0.628132343292236,9.83333333333333,943.039853,943.039853,0,863,2501.79548540458,250,101,4.87804878,34.95934959,40.8486294,15.32905257,0,45.52845528,c(-122.26092, 37.96875)
"295","Squire Home",NA,"11/28/2023","12/05/2023",7,"","CA",186063,45.45,64.0892418727678,3934.7667469202,1707.27910593457,11293.25,11870,12502.8333333333,7664.5,1,3116.06155219113,0.0158772248928383,196259.83591104,135.867058796406,42.2545454545455,0.190178004614863,42.8711561977415,3.57939992051307,"Urban and Built-up",14.25,106.45,0.929963141679764,16.3333333333333,93.4240622,93.4240622,0,698,740.741136396437,250,102,60.16260163,54.47154472,41.72079078,35.93759344,51.2195122,48.7804878,c(-122.229514, 37.807332)
"296","Squire Home",NA,"11/28/2023","12/05/2023",7,"","CA",186063,45.45,64.0892418727678,3934.7667469202,1707.27910593457,11293.25,11870,12502.8333333333,7664.5,1,3116.06155219113,0.0158772248928383,196259.83591104,135.867058796406,42.2545454545455,0.190178004614863,42.8711561977415,3.57939992051307,"Urban and Built-up",14.25,106.45,0.929963141679764,14.8333333333333,80.5266777,80.5266777,0,522,740.741136396437,250,102,60.16260163,54.47154472,41.72079078,35.93759344,51.2195122,48.7804878,c(-122.229514, 37.807332)
"297","Squire Home",NA,"11/28/2023","12/05/2023",7,"","CA",186063,45.45,64.0892418727678,3934.7667469202,1707.27910593457,11293.25,11870,12502.8333333333,7664.5,1,3116.06155219113,0.0158772248928383,196259.83591104,135.867058796406,42.2545454545455,0.190178004614863,42.8711561977415,3.57939992051307,"Urban and Built-up",14.25,106.45,0.929963141679764,15,49.0673883,49.0673883,0,357,740.741136396437,250,102,60.16260163,54.47154472,41.72079078,35.93759344,51.2195122,48.7804878,c(-122.229514, 37.807332)
"298","Squire Home",NA,"11/28/2023","12/05/2023",7,"","CA",186063,45.45,64.0892418727678,3934.7667469202,1707.27910593457,11293.25,11870,12502.8333333333,7664.5,1,3116.06155219113,0.0158772248928383,196259.83591104,135.867058796406,42.2545454545455,0.190178004614863,42.8711561977415,3.57939992051307,"Urban and Built-up",14.25,106.45,0.929963141679764,14.1666666666667,64.7033821,64.7033821,0,690,740.741136396437,250,102,60.16260163,54.47154472,41.72079078,35.93759344,51.2195122,48.7804878,c(-122.229514, 37.807332)
"299","Sunset View Cemetery","SVC","02/21/2023","03/07/2023",14,"","CA",165312.5,47.1,63.6134229871005,1858.29102159927,828.977283677496,6038.6,6600,6497.90909090909,4775.5,1,2290.48907224698,0.0116706969697411,196259.835910879,212.008156700557,24.009009009009,0.255270444348125,82.537582222742,2.06654219526902,"Urban and Built-up",14.25,126.9,0.877008080482483,14.8333333333333,87.0958312,87.0958312,0,452,411.493166665083,250,103,19.51219512,22.76422764,39.54378808,27.8813398,23.57723577,43.08943089,c(-122.2867, 37.90574)
"300","Sunset View Cemetery","SVC","02/21/2023","03/07/2023",14,"","CA",165312.5,47.1,63.6134229871005,1858.29102159927,828.977283677496,6038.6,6600,6497.90909090909,4775.5,1,2290.48907224698,0.0116706969697411,196259.835910879,212.008156700557,24.009009009009,0.255270444348125,82.537582222742,2.06654219526902,"Urban and Built-up",14.25,126.9,0.877008080482483,11.8333333333333,228.8914481,228.8914481,0,890,411.493166665083,250,103,19.51219512,22.76422764,39.54378808,27.8813398,23.57723577,43.08943089,c(-122.2867, 37.90574)
"301","Tarvin Home","BTH","11/21/2022","12/06/2022",15,"Retired from UWIN","CA",160920.333333333,48.3666666666667,54.540526009951,2636.3684067716,1190.16210211482,6779.875,6655.5,6848.33333333333,6574.5,1,3516.5547789095,0.0179178524357068,196259.83591101,214.566453041296,55.1552511415525,0.158349102336192,103.623592921666,2.25087343783869,"Urban and Built-up",14.1499996185303,131,0.860849877198537,17.6666666666667,169.0166471,169.0166471,0,542,693.521928878175,250,104,77.23577236,85.36585366,50.43312182,33.43920268,39.83739837,63.41463415,c(-122.313254, 37.935731)
"302","Tarvin Home","BTH","11/21/2022","12/06/2022",15,"Retired from UWIN","CA",160920.333333333,48.3666666666667,54.540526009951,2636.3684067716,1190.16210211482,6779.875,6655.5,6848.33333333333,6574.5,1,3516.5547789095,0.0179178524357068,196259.83591101,214.566453041296,55.1552511415525,0.158349102336192,103.623592921666,2.25087343783869,"Urban and Built-up",14.1499996185303,131,0.860849877198537,13.3333333333333,81.6008214,81.6008214,0,613,693.521928878175,250,104,77.23577236,85.36585366,50.43312182,33.43920268,39.83739837,63.41463415,c(-122.313254, 37.935731)
"303","Tarvin Home","BTH","11/21/2022","12/06/2022",15,"Retired from UWIN","CA",160920.333333333,48.3666666666667,54.540526009951,2636.3684067716,1190.16210211482,6779.875,6655.5,6848.33333333333,6574.5,1,3516.5547789095,0.0179178524357068,196259.83591101,214.566453041296,55.1552511415525,0.158349102336192,103.623592921666,2.25087343783869,"Urban and Built-up",14.1499996185303,131,0.860849877198537,14.6666666666667,66.0985087,66.0985087,0,351,693.521928878175,250,104,77.23577236,85.36585366,50.43312182,33.43920268,39.83739837,63.41463415,c(-122.313254, 37.935731)
"304","Temescal Regional Recreation Area","TRRA","11/06/2023","11/13/2023",7,"","CA",211583.5,48.5,65.5918384953844,2005.6894924679,799.798039938396,4994.375,4741,4988.33333333333,5012.5,1,1413.33022500487,0.00720132175003725,196259.835911034,212.658104437221,24.6919642857143,0.198552356070058,144.185614853763,2.43798019538483,"Urban and Built-up",14.0500001907349,118.1,0.837976634502411,14.6666666666667,84.9114672,84.9114672,0,431,504.102549711032,250,105,41.46341463,24.3902439,34.38327414,29.67977055,28.45528455,19.51219512,c(-122.231721, 37.846402)
"305","Temescal Regional Recreation Area","TRRA","11/06/2023","11/13/2023",7,"","CA",211583.5,48.5,65.5918384953844,2005.6894924679,799.798039938396,4994.375,4741,4988.33333333333,5012.5,1,1413.33022500487,0.00720132175003725,196259.835911034,212.658104437221,24.6919642857143,0.198552356070058,144.185614853763,2.43798019538483,"Urban and Built-up",14.0500001907349,118.1,0.837976634502411,11.6666666666667,251.2329946,244.9882834,6.2447112,616,504.102549711032,250,105,41.46341463,24.3902439,34.38327414,29.67977055,28.45528455,19.51219512,c(-122.231721, 37.846402)
"306","The Dog Social Club",NA,"02/16/2023","03/03/2023",15,"","CA",56237.6666666667,32.1,20.9106208373072,5445.34784736251,1902.94410725775,12871.3125,12797,12338.1666666667,14470.75,1,4775.70957112878,0.0243336062570202,196259.835911128,154.877996079355,78.4241071428572,0.0772612922149826,5.44496907118155,4.04384472841108,"Urban and Built-up",14.1499996185303,108.7,0.947144344449043,17.5,42.4347301,42.4347301,0,462,468.917780262029,250,NA,NA,NA,NA,NA,NA,NA,c(-122.289412, 37.811808)
"307","The Dog Social Club",NA,"02/16/2023","03/03/2023",15,"","CA",56237.6666666667,32.1,20.9106208373072,5445.34784736251,1902.94410725775,12871.3125,12797,12338.1666666667,14470.75,1,4775.70957112878,0.0243336062570202,196259.835911128,154.877996079355,78.4241071428572,0.0772612922149826,5.44496907118155,4.04384472841108,"Urban and Built-up",14.1499996185303,108.7,0.947144344449043,17.3333333333333,179.0185138,179.0185138,0,1039,468.917780262029,250,NA,NA,NA,NA,NA,NA,NA,c(-122.289412, 37.811808)
"308","Tilden Nature Area-Jewel Lake","TNA-JL","11/10/2023","11/24/2023",14,"","CA",133942.333333333,50.2,50.4378700588615,666.603201028482,289.373775241694,9513.5,9513.5,9513.5,NA,1,666.648255892756,0.00339676354460613,196259.835910968,105.897857384802,0.00448430493273542,0.324486985215528,175.147279812179,0.993251773010283,"Urban and Built-up",13.9499998092651,133.4,0.61535370349884,10.5,2208.2724076,2208.2724076,0,966,1251.27116510437,250,107,9.756097561,17.88617886,26.29784164,21.43893119,8.130081301,3.25203252,c(-122.26971, 37.91272)
"309","Tilden Nature Area-Jewel Lake","TNA-JL","11/10/2023","11/24/2023",14,"","CA",133942.333333333,50.2,50.4378700588615,666.603201028482,289.373775241694,9513.5,9513.5,9513.5,NA,1,666.648255892756,0.00339676354460613,196259.835910968,105.897857384802,0.00448430493273542,0.324486985215528,175.147279812179,0.993251773010283,"Urban and Built-up",13.9499998092651,133.4,0.61535370349884,12.6666666666667,155.1370401,155.1370401,0,510,1251.27116510437,250,107,9.756097561,17.88617886,26.29784164,21.43893119,8.130081301,3.25203252,c(-122.26971, 37.91272)
"310","Tilden Nature Area-Jewel Lake","TNA-JL","11/10/2023","11/24/2023",14,"","CA",133942.333333333,50.2,50.4378700588615,666.603201028482,289.373775241694,9513.5,9513.5,9513.5,NA,1,666.648255892756,0.00339676354460613,196259.835910968,105.897857384802,0.00448430493273542,0.324486985215528,175.147279812179,0.993251773010283,"Urban and Built-up",13.9499998092651,133.4,0.61535370349884,4,17980.3370117,16534.8341347,1445.502877,977,1251.27116510437,250,107,9.756097561,17.88617886,26.29784164,21.43893119,8.130081301,3.25203252,c(-122.26971, 37.91272)
"311","Tilden Nature Area-Loop Road Parking","TNA-LR","11/10/2023","11/16/2023",6,"","CA",179258,51.1,49.6062992125984,25.3885827431097,9.60896883885119,8353,8353,8353,NA,1,1369.42784722144,0.00697762657787063,196259.835911045,70.377216122888,1.05022831050228,0.330316560917671,194.199487490346,1.25550324715483,"Urban and Built-up",13.9499998092651,132.4,0.603510737419128,4,17980.3370117,16534.8341347,1445.502877,977,1079.3753268483,250,108,8.130081301,25.20325203,33.62227227,20.76941577,4.87804878,12.19512195,c(-122.260249, 37.9043)
"312","Tilden Regional Park-Arroyo Pkwy","TRP-AP","11/10/2023","11/24/2023",14,"IOR","CA",190327,47.4,68.2328907048008,165.134032587485,60.1283441679575,7441.5,7441.5,7441.5,NA,1,853.287126341052,0.00434774197369542,196259.835911051,44.4578854258464,0.865470852017938,0.298621083862015,365.903335115803,0.895879734614028,"Urban and Built-up",13.5499999523163,133.825,0.453686952590942,6.5,3400.4955607,3400.4955607,0,875,1259.87723248736,250,109,43.08943089,23.57723577,34.01873279,33.49542758,41.46341463,16.2601626,c(-122.234301, 37.889562)
"313","Tilden Regional Park-Lake Anza","TRP-LA","11/10/2023","11/24/2023",14,"IOR","CA",179258,51.1,49.6062992125984,25.3885827431097,9.60896883885119,10512.5,10512.5,10512.5,NA,1,NA,NA,196259.835910924,256.62108636085,1.58558558558558,0.287436077605078,256.167049767836,0.935901088450796,"Urban and Built-up",13.75,132.25,0.592302903532982,4,17980.3370117,16534.8341347,1445.502877,977,855.756102391557,250,110,17.07317073,26.01626016,33.62227227,25.22249332,15.44715447,12.19512195,c(-122.24945, 37.89683)
"314","Tilden Regional Park-Nimitz Way","TRP-NW","11/10/2023","11/24/2023",14,"","CA",179258,51.1,49.6062992125984,25.3885827431097,9.60896883885119,3177,3177,3177,NA,1,2565.77931815289,0.013073379513659,196259.835910996,118.475393944111,0,0.279801396089109,295.070652660761,0.765197352546824,"Urban and Built-up",13.8499999046326,134.4,0.39167132973671,4,17980.3370117,16534.8341347,1445.502877,977,989.45198254345,250,111,13.82113821,14.63414634,33.62227227,24.12595925,13.00813008,12.19512195,c(-122.2481, 37.90568)
"315","Tilden Regional Park-Seaview Trail","TRP-ST","11/10/2023","11/24/2023",14,"","CA",190327,47.4,68.2328907048008,165.134032587485,60.1283441679575,8244,8244,8244,NA,1,1396.02390360747,0.0071131410924014,196259.835911138,203.855830160338,5.81447963800905,0.27811825346488,519.785359891734,1.23826920005874,"Urban and Built-up",13.375,133.05,0.481294885277748,6.5,3400.4955607,3400.4955607,0,875,1259.87723248736,250,112,40.6504065,9.756097561,34.01873279,33.70708212,44.71544715,16.2601626,c(-122.2234, 37.8822)
"316","Tudor Home",NA,"01/26/2023","02/02/2023",7,"IOR","CA",242590,51.2,68.2047146536951,837.18899413778,317.134523691138,4010.25,4271.5,4457.33333333333,2669,1,1031.87104026788,0.00525767809535575,196259.835911096,208.473809754039,13.2027027027027,0.29013454933468,198.683773172313,1.39680804471593,"Temperate or Subpolar Needleaf Forest",14.0500001907349,123.9,0.703984171152115,8.83333333333333,369.8825074,369.8825074,0,468,3594.94133848676,250,113,33.33333333,13.00813008,31.4845626,28.75086223,26.01626016,8.943089431,c(-122.170592, 37.879725)
"317","Tudor Home",NA,"01/26/2023","02/02/2023",7,"IOR","CA",242590,51.2,68.2047146536951,837.18899413778,317.134523691138,4010.25,4271.5,4457.33333333333,2669,1,1031.87104026788,0.00525767809535575,196259.835911096,208.473809754039,13.2027027027027,0.29013454933468,198.683773172313,1.39680804471593,"Temperate or Subpolar Needleaf Forest",14.0500001907349,123.9,0.703984171152115,8.33333333333333,482.6189172,482.6189172,0,617,3594.94133848676,250,113,33.33333333,13.00813008,31.4845626,28.75086223,26.01626016,8.943089431,c(-122.170592, 37.879725)
"318","UC Gill Tract","UCGT","11/29/2023","12/06/2023",7,"","CA",91747.5,34.76,42.5278570853827,4799.72761624824,1926.34382560711,27643.125,26676.5,26134.8333333333,32168,4,4171.30101753231,0.0212539717979992,196259.835910999,20.5519917892322,65.4618834080717,0.114142268283691,13.0209171230143,3.53498808203454,"Temperate or Subpolar Needleaf Forest",14.3500003814697,121.2,0.927003473043442,17.8333333333333,677.3675699,273.9024428,403.4651271,798,732.414340096621,250,114,82.11382114,86.99186992,60.13210098,48.74952354,78.86178862,83.7398374,c(-122.29775, 37.885859)
"319","UC Gill Tract","UCGT","11/29/2023","12/06/2023",7,"","CA",91747.5,34.76,42.5278570853827,4799.72761624824,1926.34382560711,27643.125,26676.5,26134.8333333333,32168,4,4171.30101753231,0.0212539717979992,196259.835910999,20.5519917892322,65.4618834080717,0.114142268283691,13.0209171230143,3.53498808203454,"Temperate or Subpolar Needleaf Forest",14.3500003814697,121.2,0.927003473043442,18.1666666666667,45.0695574,45.0695574,0,441,732.414340096621,250,114,82.11382114,86.99186992,60.13210098,48.74952354,78.86178862,83.7398374,c(-122.29775, 37.885859)
"320","UC Gill Tract","UCGT","11/29/2023","12/06/2023",7,"","CA",91747.5,34.76,42.5278570853827,4799.72761624824,1926.34382560711,27643.125,26676.5,26134.8333333333,32168,4,4171.30101753231,0.0212539717979992,196259.835910999,20.5519917892322,65.4618834080717,0.114142268283691,13.0209171230143,3.53498808203454,"Temperate or Subpolar Needleaf Forest",14.3500003814697,121.2,0.927003473043442,13.6666666666667,57.7976784,57.7976784,0,678,732.414340096621,250,114,82.11382114,86.99186992,60.13210098,48.74952354,78.86178862,83.7398374,c(-122.29775, 37.885859)
"321","UC Gill Tract","UCGT","11/29/2023","12/06/2023",7,"","CA",91747.5,34.76,42.5278570853827,4799.72761624824,1926.34382560711,27643.125,26676.5,26134.8333333333,32168,4,4171.30101753231,0.0212539717979992,196259.835910999,20.5519917892322,65.4618834080717,0.114142268283691,13.0209171230143,3.53498808203454,"Temperate or Subpolar Needleaf Forest",14.3500003814697,121.2,0.927003473043442,16.6666666666667,60.974396,60.974396,0,645,732.414340096621,250,114,82.11382114,86.99186992,60.13210098,48.74952354,78.86178862,83.7398374,c(-122.29775, 37.885859)
"322","UCB Women's Faculty Club","UCB-WC","11/07/2023","11/13/2023",6,"IOR","CA",NA,21.6,41.7624521072797,595.538556431486,17.2361458448235,76280.2857142857,76317,75209.6,78957,1,3478.94389006818,0.0177262141992528,196259.835910977,156.101939442387,47.8206278026906,0.163474106770266,106.096896066412,3.91499416015596,"Temperate or Subpolar Needleaf Forest",14.1499996185303,121.5,0.874577820301056,13.5,419.8940648,419.8940648,0,253,582.074104635211,250,115,35.77235772,43.08943089,37.23613114,33.6455077,43.90243902,33.33333333,c(-122.255292, 37.872173)
"323","University Village Community Garden",NA,"11/29/2023","12/13/2023",14,"","CA",105250,32.9,33.6736235129882,7846.33202818801,3127.99734016959,22470.2666666667,20992,20810.1818181818,27035.5,1,2442.50843895527,0.0124452791250757,196259.835911106,247.059355270354,59.0859728506787,0.149509538635012,4.91431669936036,3.47907208225763,"Urban and Built-up",14.3500003814697,121.2,0.836739003658295,17.8333333333333,677.3675699,273.9024428,403.4651271,798,732.414340096621,250,116,91.05691057,86.99186992,60.13210098,54.69091342,92.68292683,83.7398374,c(-122.305614, 37.883692)
"324","University Village Community Garden",NA,"11/29/2023","12/13/2023",14,"","CA",105250,32.9,33.6736235129882,7846.33202818801,3127.99734016959,22470.2666666667,20992,20810.1818181818,27035.5,1,2442.50843895527,0.0124452791250757,196259.835911106,247.059355270354,59.0859728506787,0.149509538635012,4.91431669936036,3.47907208225763,"Urban and Built-up",14.3500003814697,121.2,0.836739003658295,18.3333333333333,297.204467,297.204467,0,483,732.414340096621,250,116,91.05691057,86.99186992,60.13210098,54.69091342,92.68292683,83.7398374,c(-122.305614, 37.883692)
"325","Urban Tilth's Edible Forest",NA,"11/29/2023","12/13/2023",14,"","CA",67742,32.125,5.22983472375177,6036.22186834365,2144.38653229648,19302.3333333333,19598,19931.6363636364,17571.75,1,4006.2523601333,0.020413001679829,196259.835910956,102.231889791384,68.8642533936652,0.099588239984771,8.54924149567637,3.77446989127225,"Urban and Built-up",14.3000001907349,129.1,0.938711861769358,13.5,43.6020305,43.6020305,0,471,1193.11629760361,250,117,96.74796748,93.49593496,54.02401108,51.37274467,82.92682927,70.73170732,c(-122.3539389, 37.931366)
"326","Urban Tilth's Edible Forest",NA,"11/29/2023","12/13/2023",14,"","CA",67742,32.125,5.22983472375177,6036.22186834365,2144.38653229648,19302.3333333333,19598,19931.6363636364,17571.75,1,4006.2523601333,0.020413001679829,196259.835910956,102.231889791384,68.8642533936652,0.099588239984771,8.54924149567637,3.77446989127225,"Urban and Built-up",14.3000001907349,129.1,0.938711861769358,16,103.0251327,103.0251327,0,563,1193.11629760361,250,117,96.74796748,93.49593496,54.02401108,51.37274467,82.92682927,70.73170732,c(-122.3539389, 37.931366)
"327","Urban Tilth's Edible Forest",NA,"11/29/2023","12/13/2023",14,"","CA",67742,32.125,5.22983472375177,6036.22186834365,2144.38653229648,19302.3333333333,19598,19931.6363636364,17571.75,1,4006.2523601333,0.020413001679829,196259.835910956,102.231889791384,68.8642533936652,0.099588239984771,8.54924149567637,3.77446989127225,"Urban and Built-up",14.3000001907349,129.1,0.938711861769358,16,31.0236521,31.0236521,0,422,1193.11629760361,250,117,96.74796748,93.49593496,54.02401108,51.37274467,82.92682927,70.73170732,c(-122.3539389, 37.931366)
"328","Urban Tilth's Edible Forest",NA,"11/29/2023","12/13/2023",14,"","CA",67742,32.125,5.22983472375177,6036.22186834365,2144.38653229648,19302.3333333333,19598,19931.6363636364,17571.75,1,4006.2523601333,0.020413001679829,196259.835910956,102.231889791384,68.8642533936652,0.099588239984771,8.54924149567637,3.77446989127225,"Urban and Built-up",14.3000001907349,129.1,0.938711861769358,14.6666666666667,67.8000393,67.8000393,0,579,1193.11629760361,250,117,96.74796748,93.49593496,54.02401108,51.37274467,82.92682927,70.73170732,c(-122.3539389, 37.931366)
"329","Wakefield Home",NA,"01/26/2023","02/09/2023",14,"","CA",98772,41.7333333333333,51.4284223024182,5206.34486445889,2298.18967382391,24149.8666666667,23775,23557.5454545455,25778.75,1,3405.47236952993,0.0173518557870992,196259.835911145,94.2221994507858,56.2669683257919,0.14851921931955,7.41723375648033,2.80874905302959,"Urban and Built-up",14.25,100.266666666667,0.877503752708435,16.1666666666667,71.4964082,71.4964082,0,562,310.234618831539,250,118,24.3902439,60.16260163,62.31199359,41.41887667,67.4796748,99.18699187,c(-122.23532, 37.76017)
"330","Wakefield Home",NA,"01/26/2023","02/09/2023",14,"","CA",98772,41.7333333333333,51.4284223024182,5206.34486445889,2298.18967382391,24149.8666666667,23775,23557.5454545455,25778.75,1,3405.47236952993,0.0173518557870992,196259.835911145,94.2221994507858,56.2669683257919,0.14851921931955,7.41723375648033,2.80874905302959,"Urban and Built-up",14.25,100.266666666667,0.877503752708435,16.3333333333333,49.1343524,49.1343524,0,690,310.234618831539,250,118,24.3902439,60.16260163,62.31199359,41.41887667,67.4796748,99.18699187,c(-122.23532, 37.76017)
"331","Wakefield Home",NA,"01/26/2023","02/09/2023",14,"","CA",98772,41.7333333333333,51.4284223024182,5206.34486445889,2298.18967382391,24149.8666666667,23775,23557.5454545455,25778.75,1,3405.47236952993,0.0173518557870992,196259.835911145,94.2221994507858,56.2669683257919,0.14851921931955,7.41723375648033,2.80874905302959,"Urban and Built-up",14.25,100.266666666667,0.877503752708435,19.8333333333333,46.2815829,46.2815829,0,581,310.234618831539,250,118,24.3902439,60.16260163,62.31199359,41.41887667,67.4796748,99.18699187,c(-122.23532, 37.76017)
"332","Wildcat Canyon Regional Park","WCRP","11/19/2023","12/04/2023",15,"","CA",104329.25,42.625,39.8254535640071,2599.93391283168,990.470328915321,8655.1875,8322.5,8280.09090909091,9480.4,1,1498.14085629611,0.00763345617477791,196259.835911051,227.336153777911,12.6787330316742,0.290931846329989,74.3154386556373,2.28616806327081,"Urban and Built-up",14.25,130.6,0.782500743865967,14.3333333333333,110.7437954,110.7437954,0,605,1102.16682861699,250,119,86.17886179,95.93495935,46.27273619,34.30835863,46.34146341,54.47154472,c(-122.32061, 37.95303)
"333","Wildcat Canyon Regional Park","WCRP","11/19/2023","12/04/2023",15,"","CA",104329.25,42.625,39.8254535640071,2599.93391283168,990.470328915321,8655.1875,8322.5,8280.09090909091,9480.4,1,1498.14085629611,0.00763345617477791,196259.835911051,227.336153777911,12.6787330316742,0.290931846329989,74.3154386556373,2.28616806327081,"Urban and Built-up",14.25,130.6,0.782500743865967,9.66666666666667,120.4600145,120.4600145,0,441,1102.16682861699,250,119,86.17886179,95.93495935,46.27273619,34.30835863,46.34146341,54.47154472,c(-122.32061, 37.95303)
"334","Wildcat Canyon Regional Park","WCRP","11/19/2023","12/04/2023",15,"","CA",104329.25,42.625,39.8254535640071,2599.93391283168,990.470328915321,8655.1875,8322.5,8280.09090909091,9480.4,1,1498.14085629611,0.00763345617477791,196259.835911051,227.336153777911,12.6787330316742,0.290931846329989,74.3154386556373,2.28616806327081,"Urban and Built-up",14.25,130.6,0.782500743865967,5.5,88.0034295,88.0034295,0,432,1102.16682861699,250,119,86.17886179,95.93495935,46.27273619,34.30835863,46.34146341,54.47154472,c(-122.32061, 37.95303)
"335","Wildcat Canyon Regional Park","WCRP","11/19/2023","12/04/2023",15,"","CA",104329.25,42.625,39.8254535640071,2599.93391283168,990.470328915321,8655.1875,8322.5,8280.09090909091,9480.4,1,1498.14085629611,0.00763345617477791,196259.835911051,227.336153777911,12.6787330316742,0.290931846329989,74.3154386556373,2.28616806327081,"Urban and Built-up",14.25,130.6,0.782500743865967,14,74.3244677,74.3244677,0,450,1102.16682861699,250,119,86.17886179,95.93495935,46.27273619,34.30835863,46.34146341,54.47154472,c(-122.32061, 37.95303)
"336","Wildcat Marsh Staging Area","WMSA","11/08/2023","11/22/2023",14,"Wildcat Creek Trailhead (WCT)","CA",62270,34.25,4.42049843776909,1862.40807329965,552.505421764248,2893,2391,2107.27272727273,5053.75,1,966.14802625261,0.00492280054025375,196259.835910965,166.89031327107,44.9733333333333,0.152515639357114,3.28462749877662,2.9005453285616,"Urban and Built-up",14.3250002861023,131.85,0.844663769006729,11.5,1552.7326633,1213.844156,338.8885073,874,991.851895671353,250,120,95.93495935,82.11382114,60.52621317,58.72763007,95.93495935,91.8699187,c(-122.3759, 37.95885)
"337","Wildcat Marsh Staging Area","WMSA","11/08/2023","11/22/2023",14,"Wildcat Creek Trailhead (WCT)","CA",62270,34.25,4.42049843776909,1862.40807329965,552.505421764248,2893,2391,2107.27272727273,5053.75,1,966.14802625261,0.00492280054025375,196259.835910965,166.89031327107,44.9733333333333,0.152515639357114,3.28462749877662,2.9005453285616,"Urban and Built-up",14.3250002861023,131.85,0.844663769006729,13.1666666666667,171.062388,171.062388,0,805,991.851895671353,250,120,95.93495935,82.11382114,60.52621317,58.72763007,95.93495935,91.8699187,c(-122.3759, 37.95885)
"338","Wilkinson Home",NA,"11/22/2022","12/04/2022",12,"","CA",104679.5,37.175,40.2054775461864,4571.54409602735,2133.80587098712,30086.2307692308,31129,30017.8888888889,30240,6,3434.89212000239,0.0175017578306735,196259.835911019,59.0413964091133,72.912037037037,0.111789605798869,9.01869346878745,3.76453134115952,"Urban and Built-up",14.25,112,0.926502883434296,18.5,62.3159019,62.3159019,0,498,471.976339060089,250,121,68.29268293,95.12195122,60.13210098,49.37530031,79.67479675,83.7398374,c(-122.28681, 37.842845)
"339","Wilkinson Home",NA,"11/22/2022","12/04/2022",12,"","CA",104679.5,37.175,40.2054775461864,4571.54409602735,2133.80587098712,30086.2307692308,31129,30017.8888888889,30240,6,3434.89212000239,0.0175017578306735,196259.835911019,59.0413964091133,72.912037037037,0.111789605798869,9.01869346878745,3.76453134115952,"Urban and Built-up",14.25,112,0.926502883434296,18.5,55.7423006,55.7423006,0,660,471.976339060089,250,121,68.29268293,95.12195122,60.13210098,49.37530031,79.67479675,83.7398374,c(-122.28681, 37.842845)
"340","Wilkinson Home",NA,"11/22/2022","12/04/2022",12,"","CA",104679.5,37.175,40.2054775461864,4571.54409602735,2133.80587098712,30086.2307692308,31129,30017.8888888889,30240,6,3434.89212000239,0.0175017578306735,196259.835911019,59.0413964091133,72.912037037037,0.111789605798869,9.01869346878745,3.76453134115952,"Urban and Built-up",14.25,112,0.926502883434296,15,52.155397,52.155397,0,627,471.976339060089,250,121,68.29268293,95.12195122,60.13210098,49.37530031,79.67479675,83.7398374,c(-122.28681, 37.842845)
"341","Wilkinson Home",NA,"11/22/2022","12/04/2022",12,"","CA",104679.5,37.175,40.2054775461864,4571.54409602735,2133.80587098712,30086.2307692308,31129,30017.8888888889,30240,6,3434.89212000239,0.0175017578306735,196259.835911019,59.0413964091133,72.912037037037,0.111789605798869,9.01869346878745,3.76453134115952,"Urban and Built-up",14.25,112,0.926502883434296,16.6666666666667,57.0877601,57.0877601,0,717,471.976339060089,250,121,68.29268293,95.12195122,60.13210098,49.37530031,79.67479675,83.7398374,c(-122.28681, 37.842845)
"342","Williams Home",NA,"02/20/2023","03/07/2023",15,"","CA",87574.2,31.5,50.6294423713992,7625.54413348338,3578.93732523419,57983.625,57871,59995.3333333333,51948.5,1,3861.8627210576,0.0196772951690821,196259.835911063,115.827418509542,58.1382488479263,0.155203904073828,57.5130669013002,3.18011554605005,"Urban and Built-up",14.3000001907349,119,0.929601773619652,11,39.4381484,39.4381484,0,422,412.638026727045,250,122,34.95934959,35.77235772,46.5442526,35.30352731,49.59349593,56.09756098,c(-122.273254, 37.875349)
"343","Williams Home",NA,"02/20/2023","03/07/2023",15,"","CA",87574.2,31.5,50.6294423713992,7625.54413348338,3578.93732523419,57983.625,57871,59995.3333333333,51948.5,1,3861.8627210576,0.0196772951690821,196259.835911063,115.827418509542,58.1382488479263,0.155203904073828,57.5130669013002,3.18011554605005,"Urban and Built-up",14.3000001907349,119,0.929601773619652,15.1666666666667,59.7937522,59.7937522,0,622,412.638026727045,250,122,34.95934959,35.77235772,46.5442526,35.30352731,49.59349593,56.09756098,c(-122.273254, 37.875349)
"344","Williams Home",NA,"02/20/2023","03/07/2023",15,"","CA",87574.2,31.5,50.6294423713992,7625.54413348338,3578.93732523419,57983.625,57871,59995.3333333333,51948.5,1,3861.8627210576,0.0196772951690821,196259.835911063,115.827418509542,58.1382488479263,0.155203904073828,57.5130669013002,3.18011554605005,"Urban and Built-up",14.3000001907349,119,0.929601773619652,13,39.1557131,39.1557131,0,503,412.638026727045,250,122,34.95934959,35.77235772,46.5442526,35.30352731,49.59349593,56.09756098,c(-122.273254, 37.875349)
"345","Williams Home",NA,"02/20/2023","03/07/2023",15,"","CA",87574.2,31.5,50.6294423713992,7625.54413348338,3578.93732523419,57983.625,57871,59995.3333333333,51948.5,1,3861.8627210576,0.0196772951690821,196259.835911063,115.827418509542,58.1382488479263,0.155203904073828,57.5130669013002,3.18011554605005,"Urban and Built-up",14.3000001907349,119,0.929601773619652,17,30.2863057,30.2863057,0,353,412.638026727045,250,122,34.95934959,35.77235772,46.5442526,35.30352731,49.59349593,56.09756098,c(-122.273254, 37.875349)
"346","Williams Home",NA,"02/20/2023","03/07/2023",15,"","CA",87574.2,31.5,50.6294423713992,7625.54413348338,3578.93732523419,57983.625,57871,59995.3333333333,51948.5,1,3861.8627210576,0.0196772951690821,196259.835911063,115.827418509542,58.1382488479263,0.155203904073828,57.5130669013002,3.18011554605005,"Urban and Built-up",14.3000001907349,119,0.929601773619652,16.1666666666667,40.2234322,40.2234322,0,538,412.638026727045,250,122,34.95934959,35.77235772,46.5442526,35.30352731,49.59349593,56.09756098,c(-122.273254, 37.875349)
"347","Wolff Home",NA,"11/23/2022","12/07/2022",14,"","CA",106132.5,40.95,29.3190409838851,869.556719077668,468.770705456217,2096.33333333333,2097,2141,1973.5,1,2170.14842111567,0.011057526931289,196259.835910949,221.522260534213,34.8206278026906,0.223023065363639,138.678347951061,2.72129542785223,"Urban and Built-up",14.1499996185303,104.9,0.775475725531578,12.5,351.6124276,351.6124276,0,349,1798.89866675626,250,123,30.89430894,51.2195122,35.83212578,31.64554428,32.5203252,30.08130081,c(-122.150877, 37.772388)
"348","Wolff Home",NA,"11/23/2022","12/07/2022",14,"","CA",106132.5,40.95,29.3190409838851,869.556719077668,468.770705456217,2096.33333333333,2097,2141,1973.5,1,2170.14842111567,0.011057526931289,196259.835910949,221.522260534213,34.8206278026906,0.223023065363639,138.678347951061,2.72129542785223,"Urban and Built-up",14.1499996185303,104.9,0.775475725531578,6.16666666666667,757.1952017,757.1952017,0,1489,1798.89866675626,250,123,30.89430894,51.2195122,35.83212578,31.64554428,32.5203252,30.08130081,c(-122.150877, 37.772388)
"349","Wolff Home",NA,"11/23/2022","12/07/2022",14,"","CA",106132.5,40.95,29.3190409838851,869.556719077668,468.770705456217,2096.33333333333,2097,2141,1973.5,1,2170.14842111567,0.011057526931289,196259.835910949,221.522260534213,34.8206278026906,0.223023065363639,138.678347951061,2.72129542785223,"Urban and Built-up",14.1499996185303,104.9,0.775475725531578,8.16666666666667,408.4325784,408.4325784,0,437,1798.89866675626,250,123,30.89430894,51.2195122,35.83212578,31.64554428,32.5203252,30.08130081,c(-122.150877, 37.772388)
"350","YES Nature to Neighborhoods",NA,"11/08/2023","11/27/2023",19,"","CA",65933.8,39.16,11.9907757202968,3970.48869066495,1580.13922177994,15210.3,15149,14259.6428571429,17428.5,1,3466.14434195807,0.0176609968405836,196259.835911025,25.9604598811515,63.1255605381166,0.138070177940693,18.5592157742504,3.46352398618127,"Urban and Built-up",14.3500003814697,128.366666666667,0.934106667836507,18,62.4975204,62.4975204,0,401,380.390834252985,250,124,98.37398374,97.56097561,54.00994306,45.20519072,72.35772358,69.91869919,c(-122.339648, 37.934844)
"351","YES Nature to Neighborhoods",NA,"11/08/2023","11/27/2023",19,"","CA",65933.8,39.16,11.9907757202968,3970.48869066495,1580.13922177994,15210.3,15149,14259.6428571429,17428.5,1,3466.14434195807,0.0176609968405836,196259.835911025,25.9604598811515,63.1255605381166,0.138070177940693,18.5592157742504,3.46352398618127,"Urban and Built-up",14.3500003814697,128.366666666667,0.934106667836507,16.5,47.065137,47.065137,0,442,380.390834252985,250,124,98.37398374,97.56097561,54.00994306,45.20519072,72.35772358,69.91869919,c(-122.339648, 37.934844)
"352","YES Nature to Neighborhoods",NA,"11/08/2023","11/27/2023",19,"","CA",65933.8,39.16,11.9907757202968,3970.48869066495,1580.13922177994,15210.3,15149,14259.6428571429,17428.5,1,3466.14434195807,0.0176609968405836,196259.835911025,25.9604598811515,63.1255605381166,0.138070177940693,18.5592157742504,3.46352398618127,"Urban and Built-up",14.3500003814697,128.366666666667,0.934106667836507,16.8333333333333,83.7639348,83.7639348,0,349,380.390834252985,250,124,98.37398374,97.56097561,54.00994306,45.20519072,72.35772358,69.91869919,c(-122.339648, 37.934844)
"353","YES Nature to Neighborhoods",NA,"11/08/2023","11/27/2023",19,"","CA",65933.8,39.16,11.9907757202968,3970.48869066495,1580.13922177994,15210.3,15149,14259.6428571429,17428.5,1,3466.14434195807,0.0176609968405836,196259.835911025,25.9604598811515,63.1255605381166,0.138070177940693,18.5592157742504,3.46352398618127,"Urban and Built-up",14.3500003814697,128.366666666667,0.934106667836507,16,80.5691789,80.5691789,0,455,380.390834252985,250,124,98.37398374,97.56097561,54.00994306,45.20519072,72.35772358,69.91869919,c(-122.339648, 37.934844)
"354","YES Nature to Neighborhoods",NA,"11/08/2023","11/27/2023",19,"","CA",65933.8,39.16,11.9907757202968,3970.48869066495,1580.13922177994,15210.3,15149,14259.6428571429,17428.5,1,3466.14434195807,0.0176609968405836,196259.835911025,25.9604598811515,63.1255605381166,0.138070177940693,18.5592157742504,3.46352398618127,"Urban and Built-up",14.3500003814697,128.366666666667,0.934106667836507,14,53.4217845,53.4217845,0,545,380.390834252985,250,124,98.37398374,97.56097561,54.00994306,45.20519072,72.35772358,69.91869919,c(-122.339648, 37.934844)
